timestamp,record_type,task_id,task_name,model_name,cpu_power_mw,gpu_power_mw,ane_power_mw,current_token
2026-06-26T15:12:50.117,timeseries,1,User List,mlx-community/DeepSeek-R1-Distill-Qwen-14B-4bit,361.0,17978.0,0.0,0
2026-06-26T15:12:50.175,timeseries,1,User List,mlx-community/DeepSeek-R1-Distill-Qwen-14B-4bit,375.0,20385.0,0.0,0
2026-06-26T15:12:50.234,timeseries,1,User List,mlx-community/DeepSeek-R1-Distill-Qwen-14B-4bit,248.0,20331.0,0.0,0
2026-06-26T15:12:50.295,timeseries,1,User List,mlx-community/DeepSeek-R1-Distill-Qwen-14B-4bit,209.0,19701.0,0.0,0
2026-06-26T15:12:50.357,timeseries,1,User List,mlx-community/DeepSeek-R1-Distill-Qwen-14B-4bit,810.0,19447.0,0.0,0
2026-06-26T15:12:50.419,timeseries,1,User List,mlx-community/DeepSeek-R1-Distill-Qwen-14B-4bit,329.0,21749.0,0.0,0
2026-06-26T15:12:50.481,timeseries,1,User List,mlx-community/DeepSeek-R1-Distill-Qwen-14B-4bit,162.0,18580.0,0.0,0
2026-06-26T15:12:50.542,timeseries,1,User List,mlx-community/DeepSeek-R1-Distill-Qwen-14B-4bit,905.0,21194.0,0.0,0
2026-06-26T15:12:50.604,timeseries,1,User List,mlx-community/DeepSeek-R1-Distill-Qwen-14B-4bit,211.0,18803.0,0.0,0
2026-06-26T15:12:50.665,timeseries,1,User List,mlx-community/DeepSeek-R1-Distill-Qwen-14B-4bit,451.0,18629.0,0.0,0
2026-06-26T15:12:50.726,timeseries,1,User List,mlx-community/DeepSeek-R1-Distill-Qwen-14B-4bit,130.0,21219.0,0.0,0
2026-06-26T15:12:50.787,timeseries,1,User List,mlx-community/DeepSeek-R1-Distill-Qwen-14B-4bit,131.0,18774.0,0.0,0
2026-06-26T15:12:50.850,timeseries,1,User List,mlx-community/DeepSeek-R1-Distill-Qwen-14B-4bit,162.0,18777.0,0.0,0
2026-06-26T15:12:50.912,timeseries,1,User List,mlx-community/DeepSeek-R1-Distill-Qwen-14B-4bit,630.0,12055.0,0.0,0
2026-06-26T15:12:50.973,timeseries,1,User List,mlx-community/DeepSeek-R1-Distill-Qwen-14B-4bit,583.0,9941.0,0.0,0
2026-06-26T15:12:51.035,timeseries,1,User List,mlx-community/DeepSeek-R1-Distill-Qwen-14B-4bit,1139.0,7492.0,0.0,0
2026-06-26T15:12:51.096,timeseries,1,User List,mlx-community/DeepSeek-R1-Distill-Qwen-14B-4bit,5105.0,739.0,0.0,0
2026-06-26T15:12:51.157,timeseries,1,User List,mlx-community/DeepSeek-R1-Distill-Qwen-14B-4bit,179.0,1381.0,0.0,0
2026-06-26T15:12:51.219,timeseries,1,User List,mlx-community/DeepSeek-R1-Distill-Qwen-14B-4bit,212.0,1160.0,0.0,0
2026-06-26T15:12:51.280,timeseries,1,User List,mlx-community/DeepSeek-R1-Distill-Qwen-14B-4bit,114.0,1189.0,0.0,0
2026-06-26T15:12:51.341,timeseries,1,User List,mlx-community/DeepSeek-R1-Distill-Qwen-14B-4bit,668.0,1319.0,0.0,0
2026-06-26T15:12:51.403,timeseries,1,User List,mlx-community/DeepSeek-R1-Distill-Qwen-14B-4bit,114.0,996.0,0.0,0
2026-06-26T15:12:51.463,timeseries,1,User List,mlx-community/DeepSeek-R1-Distill-Qwen-14B-4bit,163.0,963.0,0.0,0
2026-06-26T15:12:51.524,timeseries,1,User List,mlx-community/DeepSeek-R1-Distill-Qwen-14B-4bit,49.0,1092.0,0.0,0
2026-06-26T15:12:51.584,timeseries,1,User List,mlx-community/DeepSeek-R1-Distill-Qwen-14B-4bit,812.0,978.0,0.0,0
2026-06-26T15:12:51.644,timeseries,1,User List,mlx-community/DeepSeek-R1-Distill-Qwen-14B-4bit,33.0,971.0,0.0,0
2026-06-26T15:12:51.704,timeseries,1,User List,mlx-community/DeepSeek-R1-Distill-Qwen-14B-4bit,349.0,965.0,0.0,0
2026-06-26T15:12:51.764,timeseries,1,User List,mlx-community/DeepSeek-R1-Distill-Qwen-14B-4bit,66.0,1108.0,0.0,0
2026-06-26T15:12:51.824,timeseries,1,User List,mlx-community/DeepSeek-R1-Distill-Qwen-14B-4bit,34.0,972.0,0.0,0
2026-06-26T15:12:51.883,timeseries,1,User List,mlx-community/DeepSeek-R1-Distill-Qwen-14B-4bit,50.0,961.0,0.0,0
2026-06-26T15:12:51.944,timeseries,1,User List,mlx-community/DeepSeek-R1-Distill-Qwen-14B-4bit,17.0,980.0,0.0,0
2026-06-26T15:12:52.004,timeseries,1,User List,mlx-community/DeepSeek-R1-Distill-Qwen-14B-4bit,134.0,968.0,0.0,0
2026-06-26T15:12:52.064,timeseries,1,User List,mlx-community/DeepSeek-R1-Distill-Qwen-14B-4bit,727.0,1090.0,0.0,0
2026-06-26T15:12:52.124,timeseries,1,User List,mlx-community/DeepSeek-R1-Distill-Qwen-14B-4bit,33.0,966.0,0.0,0
2026-06-26T15:12:52.184,timeseries,1,User List,mlx-community/DeepSeek-R1-Distill-Qwen-14B-4bit,33.0,961.0,0.0,0
2026-06-26T15:12:52.244,timeseries,1,User List,mlx-community/DeepSeek-R1-Distill-Qwen-14B-4bit,3549.0,980.0,0.0,0
2026-06-26T15:12:52.305,timeseries,1,User List,mlx-community/DeepSeek-R1-Distill-Qwen-14B-4bit,199.0,961.0,0.0,0
2026-06-26T15:12:52.365,timeseries,1,User List,mlx-community/DeepSeek-R1-Distill-Qwen-14B-4bit,497.0,1093.0,0.0,0
2026-06-26T15:12:52.425,timeseries,1,User List,mlx-community/DeepSeek-R1-Distill-Qwen-14B-4bit,33.0,971.0,0.0,0
2026-06-26T15:12:52.485,timeseries,1,User List,mlx-community/DeepSeek-R1-Distill-Qwen-14B-4bit,149.0,959.0,0.0,0
2026-06-26T15:12:52.545,timeseries,1,User List,mlx-community/DeepSeek-R1-Distill-Qwen-14B-4bit,50.0,962.0,0.0,0
2026-06-26T15:12:52.605,timeseries,1,User List,mlx-community/DeepSeek-R1-Distill-Qwen-14B-4bit,50.0,965.0,0.0,0
2026-06-26T15:12:52.666,timeseries,1,User List,mlx-community/DeepSeek-R1-Distill-Qwen-14B-4bit,50.0,1101.0,0.0,0
2026-06-26T15:12:52.726,timeseries,1,User List,mlx-community/DeepSeek-R1-Distill-Qwen-14B-4bit,232.0,960.0,0.0,0
2026-06-26T15:12:52.787,timeseries,1,User List,mlx-community/DeepSeek-R1-Distill-Qwen-14B-4bit,165.0,959.0,0.0,0
2026-06-26T15:12:52.847,timeseries,1,User List,mlx-community/DeepSeek-R1-Distill-Qwen-14B-4bit,33.0,961.0,0.0,0
2026-06-26T15:12:52.907,timeseries,1,User List,mlx-community/DeepSeek-R1-Distill-Qwen-14B-4bit,33.0,1087.0,0.0,0
2026-06-26T15:12:52.967,timeseries,1,User List,mlx-community/DeepSeek-R1-Distill-Qwen-14B-4bit,100.0,966.0,0.0,0
2026-06-26T15:12:53.027,timeseries,1,User List,mlx-community/DeepSeek-R1-Distill-Qwen-14B-4bit,116.0,961.0,0.0,0
2026-06-26T15:12:53.086,timeseries,1,User List,mlx-community/DeepSeek-R1-Distill-Qwen-14B-4bit,50.0,973.0,0.0,0
2026-06-26T15:12:53.146,timeseries,1,User List,mlx-community/DeepSeek-R1-Distill-Qwen-14B-4bit,51.0,978.0,0.0,0
2026-06-26T15:12:53.205,timeseries,1,User List,mlx-community/DeepSeek-R1-Distill-Qwen-14B-4bit,2649.0,1114.0,0.0,0
2026-06-26T15:12:53.265,timeseries,1,User List,mlx-community/DeepSeek-R1-Distill-Qwen-14B-4bit,101.0,978.0,0.0,0
2026-06-26T15:12:53.325,timeseries,1,User List,mlx-community/DeepSeek-R1-Distill-Qwen-14B-4bit,815.0,964.0,0.0,0
2026-06-26T15:12:53.385,timeseries,1,User List,mlx-community/DeepSeek-R1-Distill-Qwen-14B-4bit,50.0,958.0,0.0,0
2026-06-26T15:12:53.445,timeseries,1,User List,mlx-community/DeepSeek-R1-Distill-Qwen-14B-4bit,34.0,981.0,0.0,0
2026-06-26T15:12:53.505,timeseries,1,User List,mlx-community/DeepSeek-R1-Distill-Qwen-14B-4bit,133.0,965.0,0.0,0
2026-06-26T15:12:53.565,timeseries,1,User List,mlx-community/DeepSeek-R1-Distill-Qwen-14B-4bit,50.0,1092.0,0.0,0
2026-06-26T15:12:53.625,timeseries,1,User List,mlx-community/DeepSeek-R1-Distill-Qwen-14B-4bit,50.0,966.0,0.0,0
2026-06-26T15:12:53.686,timeseries,1,User List,mlx-community/DeepSeek-R1-Distill-Qwen-14B-4bit,33.0,962.0,0.0,0
2026-06-26T15:12:53.746,timeseries,1,User List,mlx-community/DeepSeek-R1-Distill-Qwen-14B-4bit,50.0,967.0,0.0,0
2026-06-26T15:12:53.806,timeseries,1,User List,mlx-community/DeepSeek-R1-Distill-Qwen-14B-4bit,347.0,1091.0,0.0,0
2026-06-26T15:12:53.866,timeseries,1,User List,mlx-community/DeepSeek-R1-Distill-Qwen-14B-4bit,67.0,974.0,0.0,0
2026-06-26T15:12:53.926,timeseries,1,User List,mlx-community/DeepSeek-R1-Distill-Qwen-14B-4bit,33.0,964.0,0.0,0
2026-06-26T15:12:53.985,timeseries,1,User List,mlx-community/DeepSeek-R1-Distill-Qwen-14B-4bit,33.0,962.0,0.0,0
2026-06-26T15:12:54.046,timeseries,1,User List,mlx-community/DeepSeek-R1-Distill-Qwen-14B-4bit,118.0,978.0,0.0,0
2026-06-26T15:12:54.106,timeseries,1,User List,mlx-community/DeepSeek-R1-Distill-Qwen-14B-4bit,50.0,1098.0,0.0,0
2026-06-26T15:12:54.166,timeseries,1,User List,mlx-community/DeepSeek-R1-Distill-Qwen-14B-4bit,50.0,961.0,0.0,0
2026-06-26T15:12:54.226,timeseries,1,User List,mlx-community/DeepSeek-R1-Distill-Qwen-14B-4bit,17.0,968.0,0.0,0
2026-06-26T15:12:54.286,timeseries,1,User List,mlx-community/DeepSeek-R1-Distill-Qwen-14B-4bit,133.0,961.0,0.0,0
2026-06-26T15:12:54.346,timeseries,1,User List,mlx-community/DeepSeek-R1-Distill-Qwen-14B-4bit,771.0,973.0,0.0,0
2026-06-26T15:12:54.406,timeseries,1,User List,mlx-community/DeepSeek-R1-Distill-Qwen-14B-4bit,33.0,1101.0,0.0,0
2026-06-26T15:12:54.465,timeseries,1,User List,mlx-community/DeepSeek-R1-Distill-Qwen-14B-4bit,50.0,960.0,0.0,0
2026-06-26T15:12:54.526,timeseries,1,User List,mlx-community/DeepSeek-R1-Distill-Qwen-14B-4bit,34.0,956.0,0.0,0
2026-06-26T15:12:54.586,timeseries,1,User List,mlx-community/DeepSeek-R1-Distill-Qwen-14B-4bit,134.0,953.0,0.0,0
2026-06-26T15:12:54.646,timeseries,1,User List,mlx-community/DeepSeek-R1-Distill-Qwen-14B-4bit,33.0,957.0,0.0,0
2026-06-26T15:12:54.706,timeseries,1,User List,mlx-community/DeepSeek-R1-Distill-Qwen-14B-4bit,50.0,1101.0,0.0,0
2026-06-26T15:12:54.767,timeseries,1,User List,mlx-community/DeepSeek-R1-Distill-Qwen-14B-4bit,50.0,943.0,0.0,0
2026-06-26T15:12:54.827,timeseries,1,User List,mlx-community/DeepSeek-R1-Distill-Qwen-14B-4bit,333.0,967.0,0.0,0
2026-06-26T15:12:54.887,timeseries,1,User List,mlx-community/DeepSeek-R1-Distill-Qwen-14B-4bit,33.0,957.0,0.0,0
2026-06-26T15:12:54.948,timeseries,1,User List,mlx-community/DeepSeek-R1-Distill-Qwen-14B-4bit,50.0,1098.0,0.0,0
2026-06-26T15:12:55.008,timeseries,1,User List,mlx-community/DeepSeek-R1-Distill-Qwen-14B-4bit,33.0,945.0,0.0,0
2026-06-26T15:12:55.068,timeseries,1,User List,mlx-community/DeepSeek-R1-Distill-Qwen-14B-4bit,149.0,946.0,0.0,0
2026-06-26T15:12:55.128,timeseries,1,User List,mlx-community/DeepSeek-R1-Distill-Qwen-14B-4bit,50.0,943.0,0.0,0
2026-06-26T15:12:55.188,timeseries,1,User List,mlx-community/DeepSeek-R1-Distill-Qwen-14B-4bit,50.0,950.0,0.0,0
2026-06-26T15:12:55.249,timeseries,1,User List,mlx-community/DeepSeek-R1-Distill-Qwen-14B-4bit,17.0,1095.0,0.0,0
2026-06-26T15:12:55.309,timeseries,1,User List,mlx-community/DeepSeek-R1-Distill-Qwen-14B-4bit,1033.0,950.0,0.0,0
2026-06-26T15:12:55.370,timeseries,1,User List,mlx-community/DeepSeek-R1-Distill-Qwen-14B-4bit,330.0,941.0,0.0,0
2026-06-26T15:12:55.430,timeseries,1,User List,mlx-community/DeepSeek-R1-Distill-Qwen-14B-4bit,50.0,947.0,0.0,0
2026-06-26T15:12:55.490,timeseries,1,User List,mlx-community/DeepSeek-R1-Distill-Qwen-14B-4bit,50.0,1090.0,0.0,0
2026-06-26T15:12:55.551,timeseries,1,User List,mlx-community/DeepSeek-R1-Distill-Qwen-14B-4bit,17.0,948.0,0.0,0
2026-06-26T15:12:55.611,timeseries,1,User List,mlx-community/DeepSeek-R1-Distill-Qwen-14B-4bit,132.0,942.0,0.0,0
2026-06-26T15:12:55.671,timeseries,1,User List,mlx-community/DeepSeek-R1-Distill-Qwen-14B-4bit,50.0,946.0,0.0,0
2026-06-26T15:12:55.731,timeseries,1,User List,mlx-community/DeepSeek-R1-Distill-Qwen-14B-4bit,50.0,1095.0,0.0,0
2026-06-26T15:12:55.791,timeseries,1,User List,mlx-community/DeepSeek-R1-Distill-Qwen-14B-4bit,17.0,949.0,0.0,0
2026-06-26T15:12:55.852,timeseries,1,User List,mlx-community/DeepSeek-R1-Distill-Qwen-14B-4bit,298.0,945.0,0.0,0
2026-06-26T15:12:55.912,timeseries,1,User List,mlx-community/DeepSeek-R1-Distill-Qwen-14B-4bit,100.0,947.0,0.0,0
2026-06-26T15:12:55.972,timeseries,1,User List,mlx-community/DeepSeek-R1-Distill-Qwen-14B-4bit,33.0,941.0,0.0,0
2026-06-26T15:12:56.032,timeseries,1,User List,mlx-community/DeepSeek-R1-Distill-Qwen-14B-4bit,50.0,1102.0,0.0,0
2026-06-26T15:12:56.093,timeseries,1,User List,mlx-community/DeepSeek-R1-Distill-Qwen-14B-4bit,50.0,945.0,0.0,0
2026-06-26T15:12:56.149,timeseries,1,User List,mlx-community/DeepSeek-R1-Distill-Qwen-14B-4bit,116.0,947.0,0.0,0
2026-06-26T15:12:56.204,timeseries,1,User List,mlx-community/DeepSeek-R1-Distill-Qwen-14B-4bit,198.0,942.0,0.0,0
2026-06-26T15:12:56.260,timeseries,1,User List,mlx-community/DeepSeek-R1-Distill-Qwen-14B-4bit,270.0,1024.0,0.0,0
2026-06-26T15:12:56.315,timeseries,1,User List,mlx-community/DeepSeek-R1-Distill-Qwen-14B-4bit,1065.0,884.0,0.0,0
2026-06-26T15:12:56.370,timeseries,1,User List,mlx-community/DeepSeek-R1-Distill-Qwen-14B-4bit,378.0,1025.0,0.0,0
2026-06-26T15:12:56.426,timeseries,1,User List,mlx-community/DeepSeek-R1-Distill-Qwen-14B-4bit,270.0,1027.0,0.0,0
2026-06-26T15:12:56.481,timeseries,1,User List,mlx-community/DeepSeek-R1-Distill-Qwen-14B-4bit,289.0,885.0,0.0,0
2026-06-26T15:12:56.537,timeseries,1,User List,mlx-community/DeepSeek-R1-Distill-Qwen-14B-4bit,271.0,1028.0,0.0,0
2026-06-26T15:12:56.592,timeseries,1,User List,mlx-community/DeepSeek-R1-Distill-Qwen-14B-4bit,270.0,883.0,0.0,0
2026-06-26T15:12:56.648,timeseries,1,User List,mlx-community/DeepSeek-R1-Distill-Qwen-14B-4bit,360.0,1026.0,0.0,0
2026-06-26T15:12:56.703,timeseries,1,User List,mlx-community/DeepSeek-R1-Distill-Qwen-14B-4bit,270.0,1027.0,0.0,0
2026-06-26T15:12:56.759,timeseries,1,User List,mlx-community/DeepSeek-R1-Distill-Qwen-14B-4bit,252.0,882.0,0.0,0
2026-06-26T15:12:56.815,timeseries,1,User List,mlx-community/DeepSeek-R1-Distill-Qwen-14B-4bit,289.0,1028.0,0.0,0
2026-06-26T15:12:56.870,timeseries,1,User List,mlx-community/DeepSeek-R1-Distill-Qwen-14B-4bit,450.0,1027.0,0.0,0
2026-06-26T15:12:56.926,timeseries,1,User List,mlx-community/DeepSeek-R1-Distill-Qwen-14B-4bit,414.0,882.0,0.0,0
2026-06-26T15:12:56.981,timeseries,1,User List,mlx-community/DeepSeek-R1-Distill-Qwen-14B-4bit,270.0,1026.0,0.0,0
2026-06-26T15:12:57.037,timeseries,1,User List,mlx-community/DeepSeek-R1-Distill-Qwen-14B-4bit,306.0,1026.0,0.0,0
2026-06-26T15:12:57.094,timeseries,1,User List,mlx-community/DeepSeek-R1-Distill-Qwen-14B-4bit,270.0,880.0,0.0,0
2026-06-26T15:12:57.150,timeseries,1,User List,mlx-community/DeepSeek-R1-Distill-Qwen-14B-4bit,5025.0,5223.0,0.0,0
2026-06-26T15:12:57.207,timeseries,1,User List,mlx-community/DeepSeek-R1-Distill-Qwen-14B-4bit,4223.0,9074.0,0.0,0
2026-06-26T15:12:57.264,timeseries,1,User List,mlx-community/DeepSeek-R1-Distill-Qwen-14B-4bit,2026.0,8887.0,0.0,0
2026-06-26T15:12:57.325,timeseries,1,User List,mlx-community/DeepSeek-R1-Distill-Qwen-14B-4bit,5256.0,9295.0,0.0,0
2026-06-26T15:12:57.387,timeseries,1,User List,mlx-community/DeepSeek-R1-Distill-Qwen-14B-4bit,1393.0,9398.0,0.0,0
2026-06-26T15:12:57.452,timeseries,1,User List,mlx-community/DeepSeek-R1-Distill-Qwen-14B-4bit,865.0,8939.0,0.0,0
2026-06-26T15:12:57.515,timeseries,1,User List,mlx-community/DeepSeek-R1-Distill-Qwen-14B-4bit,517.0,10125.0,0.0,0
2026-06-26T15:12:57.577,timeseries,1,User List,mlx-community/DeepSeek-R1-Distill-Qwen-14B-4bit,666.0,9571.0,0.0,0
2026-06-26T15:12:57.643,timeseries,1,User List,mlx-community/DeepSeek-R1-Distill-Qwen-14B-4bit,619.0,8591.0,0.0,0
2026-06-26T15:12:57.708,timeseries,1,User List,mlx-community/DeepSeek-R1-Distill-Qwen-14B-4bit,416.0,9995.0,0.0,0
2026-06-26T15:12:57.772,timeseries,1,User List,mlx-community/DeepSeek-R1-Distill-Qwen-14B-4bit,441.0,9417.0,0.0,0
2026-06-26T15:12:57.836,timeseries,1,User List,mlx-community/DeepSeek-R1-Distill-Qwen-14B-4bit,478.0,9505.0,0.0,0
2026-06-26T15:12:57.901,timeseries,1,User List,mlx-community/DeepSeek-R1-Distill-Qwen-14B-4bit,433.0,8401.0,0.0,0
2026-06-26T15:12:57.963,timeseries,1,User List,mlx-community/DeepSeek-R1-Distill-Qwen-14B-4bit,452.0,9554.0,0.0,0
2026-06-26T15:12:58.026,timeseries,1,User List,mlx-community/DeepSeek-R1-Distill-Qwen-14B-4bit,390.0,9701.0,0.0,0
2026-06-26T15:12:58.091,timeseries,1,User List,mlx-community/DeepSeek-R1-Distill-Qwen-14B-4bit,497.0,8688.0,0.0,0
2026-06-26T15:12:58.152,timeseries,1,User List,mlx-community/DeepSeek-R1-Distill-Qwen-14B-4bit,300.0,9791.0,0.0,0
2026-06-26T15:12:58.214,timeseries,1,User List,mlx-community/DeepSeek-R1-Distill-Qwen-14B-4bit,332.0,8533.0,0.0,0
2026-06-26T15:12:58.277,timeseries,1,User List,mlx-community/DeepSeek-R1-Distill-Qwen-14B-4bit,382.0,9823.0,0.0,0
2026-06-26T15:12:58.341,timeseries,1,User List,mlx-community/DeepSeek-R1-Distill-Qwen-14B-4bit,516.0,8642.0,0.0,0
2026-06-26T15:12:58.403,timeseries,1,User List,mlx-community/DeepSeek-R1-Distill-Qwen-14B-4bit,909.0,9803.0,0.0,0
2026-06-26T15:12:58.468,timeseries,1,User List,mlx-community/DeepSeek-R1-Distill-Qwen-14B-4bit,472.0,8542.0,0.0,0
2026-06-26T15:12:58.530,timeseries,1,User List,mlx-community/DeepSeek-R1-Distill-Qwen-14B-4bit,274.0,10014.0,0.0,0
2026-06-26T15:12:58.594,timeseries,1,User List,mlx-community/DeepSeek-R1-Distill-Qwen-14B-4bit,449.0,9519.0,0.0,0
2026-06-26T15:12:58.656,timeseries,1,User List,mlx-community/DeepSeek-R1-Distill-Qwen-14B-4bit,272.0,8772.0,0.0,0
2026-06-26T15:12:58.719,timeseries,1,User List,mlx-community/DeepSeek-R1-Distill-Qwen-14B-4bit,649.0,9693.0,0.0,0
2026-06-26T15:12:58.781,timeseries,1,User List,mlx-community/DeepSeek-R1-Distill-Qwen-14B-4bit,304.0,8714.0,0.0,0
2026-06-26T15:12:58.845,timeseries,1,User List,mlx-community/DeepSeek-R1-Distill-Qwen-14B-4bit,347.0,9854.0,0.0,0
2026-06-26T15:12:58.910,timeseries,1,User List,mlx-community/DeepSeek-R1-Distill-Qwen-14B-4bit,403.0,8732.0,0.0,0
2026-06-26T15:12:58.974,timeseries,1,User List,mlx-community/DeepSeek-R1-Distill-Qwen-14B-4bit,299.0,9779.0,0.0,0
2026-06-26T15:12:59.037,timeseries,1,User List,mlx-community/DeepSeek-R1-Distill-Qwen-14B-4bit,311.0,9657.0,0.0,0
2026-06-26T15:12:59.099,timeseries,1,User List,mlx-community/DeepSeek-R1-Distill-Qwen-14B-4bit,428.0,8309.0,0.0,0
2026-06-26T15:12:59.163,timeseries,1,User List,mlx-community/DeepSeek-R1-Distill-Qwen-14B-4bit,383.0,9940.0,0.0,0
2026-06-26T15:12:59.231,timeseries,1,User List,mlx-community/DeepSeek-R1-Distill-Qwen-14B-4bit,417.0,10107.0,0.0,0
2026-06-26T15:12:59.293,timeseries,1,User List,mlx-community/DeepSeek-R1-Distill-Qwen-14B-4bit,490.0,9810.0,0.0,0
2026-06-26T15:12:59.357,timeseries,1,User List,mlx-community/DeepSeek-R1-Distill-Qwen-14B-4bit,711.0,7969.0,0.0,0
2026-06-26T15:12:59.420,timeseries,1,User List,mlx-community/DeepSeek-R1-Distill-Qwen-14B-4bit,443.0,9848.0,0.0,0
2026-06-26T15:12:59.486,timeseries,1,User List,mlx-community/DeepSeek-R1-Distill-Qwen-14B-4bit,422.0,8506.0,0.0,0
2026-06-26T15:12:59.552,timeseries,1,User List,mlx-community/DeepSeek-R1-Distill-Qwen-14B-4bit,510.0,9995.0,0.0,0
2026-06-26T15:12:59.617,timeseries,1,User List,mlx-community/DeepSeek-R1-Distill-Qwen-14B-4bit,528.0,9479.0,0.0,0
2026-06-26T15:12:59.680,timeseries,1,User List,mlx-community/DeepSeek-R1-Distill-Qwen-14B-4bit,458.0,9556.0,0.0,0
2026-06-26T15:12:59.742,timeseries,1,User List,mlx-community/DeepSeek-R1-Distill-Qwen-14B-4bit,427.0,9578.0,0.0,0
2026-06-26T15:12:59.807,timeseries,1,User List,mlx-community/DeepSeek-R1-Distill-Qwen-14B-4bit,418.0,8751.0,0.0,0
2026-06-26T15:12:59.870,timeseries,1,User List,mlx-community/DeepSeek-R1-Distill-Qwen-14B-4bit,381.0,9918.0,0.0,0
2026-06-26T15:12:59.931,timeseries,1,User List,mlx-community/DeepSeek-R1-Distill-Qwen-14B-4bit,377.0,8586.0,0.0,0
2026-06-26T15:12:59.992,timeseries,1,User List,mlx-community/DeepSeek-R1-Distill-Qwen-14B-4bit,348.0,9892.0,0.0,0
2026-06-26T15:13:00.056,timeseries,1,User List,mlx-community/DeepSeek-R1-Distill-Qwen-14B-4bit,592.0,8887.0,0.0,0
2026-06-26T15:13:00.119,timeseries,1,User List,mlx-community/DeepSeek-R1-Distill-Qwen-14B-4bit,518.0,10206.0,0.0,0
2026-06-26T15:13:00.180,timeseries,1,User List,mlx-community/DeepSeek-R1-Distill-Qwen-14B-4bit,388.0,8519.0,0.0,0
2026-06-26T15:13:00.245,timeseries,1,User List,mlx-community/DeepSeek-R1-Distill-Qwen-14B-4bit,384.0,10034.0,0.0,0
2026-06-26T15:13:00.310,timeseries,1,User List,mlx-community/DeepSeek-R1-Distill-Qwen-14B-4bit,359.0,8872.0,0.0,0
2026-06-26T15:13:00.373,timeseries,1,User List,mlx-community/DeepSeek-R1-Distill-Qwen-14B-4bit,494.0,9600.0,0.0,0
2026-06-26T15:13:00.436,timeseries,1,User List,mlx-community/DeepSeek-R1-Distill-Qwen-14B-4bit,359.0,9771.0,0.0,0
2026-06-26T15:13:00.498,timeseries,1,User List,mlx-community/DeepSeek-R1-Distill-Qwen-14B-4bit,330.0,8624.0,0.0,0
2026-06-26T15:13:00.561,timeseries,1,User List,mlx-community/DeepSeek-R1-Distill-Qwen-14B-4bit,458.0,9771.0,0.0,0
2026-06-26T15:13:00.624,timeseries,1,User List,mlx-community/DeepSeek-R1-Distill-Qwen-14B-4bit,395.0,9058.0,0.0,0
2026-06-26T15:13:00.688,timeseries,1,User List,mlx-community/DeepSeek-R1-Distill-Qwen-14B-4bit,343.0,9741.0,0.0,0
2026-06-26T15:13:00.750,timeseries,1,User List,mlx-community/DeepSeek-R1-Distill-Qwen-14B-4bit,393.0,9827.0,0.0,0
2026-06-26T15:13:00.814,timeseries,1,User List,mlx-community/DeepSeek-R1-Distill-Qwen-14B-4bit,379.0,8649.0,0.0,0
2026-06-26T15:13:00.877,timeseries,1,User List,mlx-community/DeepSeek-R1-Distill-Qwen-14B-4bit,448.0,9983.0,0.0,0
2026-06-26T15:13:00.941,timeseries,1,User List,mlx-community/DeepSeek-R1-Distill-Qwen-14B-4bit,443.0,8773.0,0.0,0
2026-06-26T15:13:01.004,timeseries,1,User List,mlx-community/DeepSeek-R1-Distill-Qwen-14B-4bit,423.0,9862.0,0.0,0
2026-06-26T15:13:01.069,timeseries,1,User List,mlx-community/DeepSeek-R1-Distill-Qwen-14B-4bit,563.0,8556.0,0.0,0
2026-06-26T15:13:01.131,timeseries,1,User List,mlx-community/DeepSeek-R1-Distill-Qwen-14B-4bit,471.0,10257.0,0.0,0
2026-06-26T15:13:01.194,timeseries,1,User List,mlx-community/DeepSeek-R1-Distill-Qwen-14B-4bit,439.0,9572.0,0.0,0
2026-06-26T15:13:01.259,timeseries,1,User List,mlx-community/DeepSeek-R1-Distill-Qwen-14B-4bit,449.0,8933.0,0.0,0
2026-06-26T15:13:01.322,timeseries,1,User List,mlx-community/DeepSeek-R1-Distill-Qwen-14B-4bit,444.0,9927.0,0.0,0
2026-06-26T15:13:01.387,timeseries,1,User List,mlx-community/DeepSeek-R1-Distill-Qwen-14B-4bit,513.0,9717.0,0.0,0
2026-06-26T15:13:01.451,timeseries,1,User List,mlx-community/DeepSeek-R1-Distill-Qwen-14B-4bit,1098.0,8484.0,0.0,0
2026-06-26T15:13:01.514,timeseries,1,User List,mlx-community/DeepSeek-R1-Distill-Qwen-14B-4bit,449.0,9730.0,0.0,0
2026-06-26T15:13:01.576,timeseries,1,User List,mlx-community/DeepSeek-R1-Distill-Qwen-14B-4bit,531.0,9706.0,0.0,0
2026-06-26T15:13:01.642,timeseries,1,User List,mlx-community/DeepSeek-R1-Distill-Qwen-14B-4bit,498.0,8797.0,0.0,0
2026-06-26T15:13:01.706,timeseries,1,User List,mlx-community/DeepSeek-R1-Distill-Qwen-14B-4bit,316.0,9834.0,0.0,0
2026-06-26T15:13:01.770,timeseries,1,User List,mlx-community/DeepSeek-R1-Distill-Qwen-14B-4bit,768.0,9588.0,0.0,0
2026-06-26T15:13:01.833,timeseries,1,User List,mlx-community/DeepSeek-R1-Distill-Qwen-14B-4bit,405.0,8510.0,0.0,0
2026-06-26T15:13:01.897,timeseries,1,User List,mlx-community/DeepSeek-R1-Distill-Qwen-14B-4bit,593.0,9703.0,0.0,0
2026-06-26T15:13:01.961,timeseries,1,User List,mlx-community/DeepSeek-R1-Distill-Qwen-14B-4bit,349.0,9908.0,0.0,0
2026-06-26T15:13:02.024,timeseries,1,User List,mlx-community/DeepSeek-R1-Distill-Qwen-14B-4bit,329.0,8661.0,0.0,0
2026-06-26T15:13:02.086,timeseries,1,User List,mlx-community/DeepSeek-R1-Distill-Qwen-14B-4bit,449.0,9654.0,0.0,0
2026-06-26T15:13:02.148,timeseries,1,User List,mlx-community/DeepSeek-R1-Distill-Qwen-14B-4bit,428.0,8741.0,0.0,0
2026-06-26T15:13:02.212,timeseries,1,User List,mlx-community/DeepSeek-R1-Distill-Qwen-14B-4bit,391.0,10161.0,0.0,0
2026-06-26T15:13:02.277,timeseries,1,User List,mlx-community/DeepSeek-R1-Distill-Qwen-14B-4bit,337.0,8765.0,0.0,0
2026-06-26T15:13:02.341,timeseries,1,User List,mlx-community/DeepSeek-R1-Distill-Qwen-14B-4bit,412.0,9804.0,0.0,0
2026-06-26T15:13:02.405,timeseries,1,User List,mlx-community/DeepSeek-R1-Distill-Qwen-14B-4bit,351.0,9539.0,0.0,0
2026-06-26T15:13:02.468,timeseries,1,User List,mlx-community/DeepSeek-R1-Distill-Qwen-14B-4bit,405.0,9624.0,0.0,0
2026-06-26T15:13:02.531,timeseries,1,User List,mlx-community/DeepSeek-R1-Distill-Qwen-14B-4bit,1819.0,8593.0,0.0,0
2026-06-26T15:13:02.596,timeseries,1,User List,mlx-community/DeepSeek-R1-Distill-Qwen-14B-4bit,1259.0,10011.0,0.0,0
2026-06-26T15:13:02.659,timeseries,1,User List,mlx-community/DeepSeek-R1-Distill-Qwen-14B-4bit,508.0,9935.0,0.0,0
2026-06-26T15:13:02.723,timeseries,1,User List,mlx-community/DeepSeek-R1-Distill-Qwen-14B-4bit,515.0,8241.0,0.0,0
2026-06-26T15:13:02.788,timeseries,1,User List,mlx-community/DeepSeek-R1-Distill-Qwen-14B-4bit,802.0,9991.0,0.0,0
2026-06-26T15:13:02.851,timeseries,1,User List,mlx-community/DeepSeek-R1-Distill-Qwen-14B-4bit,1299.0,9830.0,0.0,0
2026-06-26T15:13:02.915,timeseries,1,User List,mlx-community/DeepSeek-R1-Distill-Qwen-14B-4bit,906.0,8537.0,0.0,0
2026-06-26T15:13:02.978,timeseries,1,User List,mlx-community/DeepSeek-R1-Distill-Qwen-14B-4bit,1193.0,9954.0,0.0,0
2026-06-26T15:13:03.041,timeseries,1,User List,mlx-community/DeepSeek-R1-Distill-Qwen-14B-4bit,577.0,8499.0,0.0,0
2026-06-26T15:13:03.106,timeseries,1,User List,mlx-community/DeepSeek-R1-Distill-Qwen-14B-4bit,507.0,10084.0,0.0,0
2026-06-26T15:13:03.169,timeseries,1,User List,mlx-community/DeepSeek-R1-Distill-Qwen-14B-4bit,459.0,9944.0,0.0,0
2026-06-26T15:13:03.233,timeseries,1,User List,mlx-community/DeepSeek-R1-Distill-Qwen-14B-4bit,1949.0,8522.0,0.0,0
2026-06-26T15:13:03.296,timeseries,1,User List,mlx-community/DeepSeek-R1-Distill-Qwen-14B-4bit,1202.0,9886.0,0.0,0
2026-06-26T15:13:03.359,timeseries,1,User List,mlx-community/DeepSeek-R1-Distill-Qwen-14B-4bit,490.0,8647.0,0.0,0
2026-06-26T15:13:03.424,timeseries,1,User List,mlx-community/DeepSeek-R1-Distill-Qwen-14B-4bit,272.0,10084.0,0.0,0
2026-06-26T15:13:03.487,timeseries,1,User List,mlx-community/DeepSeek-R1-Distill-Qwen-14B-4bit,281.0,9753.0,0.0,0
2026-06-26T15:13:03.550,timeseries,1,User List,mlx-community/DeepSeek-R1-Distill-Qwen-14B-4bit,371.0,8500.0,0.0,0
2026-06-26T15:13:03.613,timeseries,1,User List,mlx-community/DeepSeek-R1-Distill-Qwen-14B-4bit,361.0,9884.0,0.0,0
2026-06-26T15:13:03.676,timeseries,1,User List,mlx-community/DeepSeek-R1-Distill-Qwen-14B-4bit,289.0,10101.0,0.0,0
2026-06-26T15:13:03.740,timeseries,1,User List,mlx-community/DeepSeek-R1-Distill-Qwen-14B-4bit,315.0,8675.0,0.0,0
2026-06-26T15:13:03.806,timeseries,1,User List,mlx-community/DeepSeek-R1-Distill-Qwen-14B-4bit,299.0,9936.0,0.0,0
2026-06-26T15:13:03.870,timeseries,1,User List,mlx-community/DeepSeek-R1-Distill-Qwen-14B-4bit,267.0,9801.0,0.0,0
2026-06-26T15:13:03.934,timeseries,1,User List,mlx-community/DeepSeek-R1-Distill-Qwen-14B-4bit,259.0,8437.0,0.0,0
2026-06-26T15:13:03.995,timeseries,1,User List,mlx-community/DeepSeek-R1-Distill-Qwen-14B-4bit,280.0,9756.0,0.0,0
2026-06-26T15:13:04.059,timeseries,1,User List,mlx-community/DeepSeek-R1-Distill-Qwen-14B-4bit,393.0,8592.0,0.0,0
2026-06-26T15:13:04.124,timeseries,1,User List,mlx-community/DeepSeek-R1-Distill-Qwen-14B-4bit,307.0,10179.0,0.0,0
2026-06-26T15:13:04.193,timeseries,1,User List,mlx-community/DeepSeek-R1-Distill-Qwen-14B-4bit,235.0,9876.0,0.0,0
2026-06-26T15:13:04.256,timeseries,1,User List,mlx-community/DeepSeek-R1-Distill-Qwen-14B-4bit,737.0,9423.0,0.0,0
2026-06-26T15:13:04.321,timeseries,1,User List,mlx-community/DeepSeek-R1-Distill-Qwen-14B-4bit,511.0,9039.0,0.0,0
2026-06-26T15:13:04.387,timeseries,1,User List,mlx-community/DeepSeek-R1-Distill-Qwen-14B-4bit,379.0,9903.0,0.0,0
2026-06-26T15:13:04.451,timeseries,1,User List,mlx-community/DeepSeek-R1-Distill-Qwen-14B-4bit,231.0,8484.0,0.0,0
2026-06-26T15:13:04.512,timeseries,1,User List,mlx-community/DeepSeek-R1-Distill-Qwen-14B-4bit,243.0,9535.0,0.0,0
2026-06-26T15:13:04.576,timeseries,1,User List,mlx-community/DeepSeek-R1-Distill-Qwen-14B-4bit,375.0,9864.0,0.0,0
2026-06-26T15:13:04.640,timeseries,1,User List,mlx-community/DeepSeek-R1-Distill-Qwen-14B-4bit,374.0,9010.0,0.0,0
2026-06-26T15:13:04.705,timeseries,1,User List,mlx-community/DeepSeek-R1-Distill-Qwen-14B-4bit,329.0,9809.0,0.0,0
2026-06-26T15:13:04.768,timeseries,1,User List,mlx-community/DeepSeek-R1-Distill-Qwen-14B-4bit,250.0,9854.0,0.0,0
2026-06-26T15:13:04.831,timeseries,1,User List,mlx-community/DeepSeek-R1-Distill-Qwen-14B-4bit,234.0,8579.0,0.0,0
2026-06-26T15:13:04.894,timeseries,1,User List,mlx-community/DeepSeek-R1-Distill-Qwen-14B-4bit,282.0,9870.0,0.0,0
2026-06-26T15:13:04.959,timeseries,1,User List,mlx-community/DeepSeek-R1-Distill-Qwen-14B-4bit,275.0,8886.0,0.0,0
2026-06-26T15:13:05.022,timeseries,1,User List,mlx-community/DeepSeek-R1-Distill-Qwen-14B-4bit,266.0,9878.0,0.0,0
2026-06-26T15:13:05.086,timeseries,1,User List,mlx-community/DeepSeek-R1-Distill-Qwen-14B-4bit,418.0,9710.0,0.0,0
2026-06-26T15:13:05.148,timeseries,1,User List,mlx-community/DeepSeek-R1-Distill-Qwen-14B-4bit,286.0,8761.0,0.0,0
2026-06-26T15:13:05.213,timeseries,1,User List,mlx-community/DeepSeek-R1-Distill-Qwen-14B-4bit,280.0,9786.0,0.0,0
2026-06-26T15:13:05.274,timeseries,1,User List,mlx-community/DeepSeek-R1-Distill-Qwen-14B-4bit,369.0,9995.0,0.0,0
2026-06-26T15:13:05.337,timeseries,1,User List,mlx-community/DeepSeek-R1-Distill-Qwen-14B-4bit,652.0,8526.0,0.0,0
2026-06-26T15:13:05.400,timeseries,1,User List,mlx-community/DeepSeek-R1-Distill-Qwen-14B-4bit,457.0,8951.0,0.0,0
2026-06-26T15:13:05.467,timeseries,1,User List,mlx-community/DeepSeek-R1-Distill-Qwen-14B-4bit,300.0,9984.0,0.0,0
2026-06-26T15:13:05.529,timeseries,1,User List,mlx-community/DeepSeek-R1-Distill-Qwen-14B-4bit,287.0,9963.0,0.0,0
2026-06-26T15:13:05.594,timeseries,1,User List,mlx-community/DeepSeek-R1-Distill-Qwen-14B-4bit,463.0,9486.0,0.0,0
2026-06-26T15:13:05.657,timeseries,1,User List,mlx-community/DeepSeek-R1-Distill-Qwen-14B-4bit,336.0,8853.0,0.0,0
2026-06-26T15:13:05.721,timeseries,1,User List,mlx-community/DeepSeek-R1-Distill-Qwen-14B-4bit,311.0,9809.0,0.0,0
2026-06-26T15:13:05.784,timeseries,1,User List,mlx-community/DeepSeek-R1-Distill-Qwen-14B-4bit,286.0,10009.0,0.0,0
2026-06-26T15:13:05.848,timeseries,1,User List,mlx-community/DeepSeek-R1-Distill-Qwen-14B-4bit,264.0,8555.0,0.0,0
2026-06-26T15:13:05.911,timeseries,1,User List,mlx-community/DeepSeek-R1-Distill-Qwen-14B-4bit,285.0,10062.0,0.0,0
2026-06-26T15:13:05.975,timeseries,1,User List,mlx-community/DeepSeek-R1-Distill-Qwen-14B-4bit,267.0,8684.0,0.0,0
2026-06-26T15:13:06.039,timeseries,1,User List,mlx-community/DeepSeek-R1-Distill-Qwen-14B-4bit,300.0,9953.0,0.0,0
2026-06-26T15:13:06.103,timeseries,1,User List,mlx-community/DeepSeek-R1-Distill-Qwen-14B-4bit,373.0,9769.0,0.0,0
2026-06-26T15:13:06.167,timeseries,1,User List,mlx-community/DeepSeek-R1-Distill-Qwen-14B-4bit,254.0,8804.0,0.0,0
2026-06-26T15:13:06.231,timeseries,1,User List,mlx-community/DeepSeek-R1-Distill-Qwen-14B-4bit,249.0,9821.0,0.0,0
2026-06-26T15:13:06.294,timeseries,1,User List,mlx-community/DeepSeek-R1-Distill-Qwen-14B-4bit,235.0,9848.0,0.0,0
2026-06-26T15:13:06.358,timeseries,1,User List,mlx-community/DeepSeek-R1-Distill-Qwen-14B-4bit,406.0,8529.0,0.0,0
2026-06-26T15:13:06.422,timeseries,1,User List,mlx-community/DeepSeek-R1-Distill-Qwen-14B-4bit,330.0,9913.0,0.0,0
2026-06-26T15:13:06.487,timeseries,1,User List,mlx-community/DeepSeek-R1-Distill-Qwen-14B-4bit,296.0,9855.0,0.0,0
2026-06-26T15:13:06.548,timeseries,1,User List,mlx-community/DeepSeek-R1-Distill-Qwen-14B-4bit,405.0,8569.0,0.0,0
2026-06-26T15:13:06.612,timeseries,1,User List,mlx-community/DeepSeek-R1-Distill-Qwen-14B-4bit,409.0,9938.0,0.0,0
2026-06-26T15:13:06.677,timeseries,1,User List,mlx-community/DeepSeek-R1-Distill-Qwen-14B-4bit,257.0,8873.0,0.0,0
2026-06-26T15:13:06.741,timeseries,1,User List,mlx-community/DeepSeek-R1-Distill-Qwen-14B-4bit,267.0,9910.0,0.0,0
2026-06-26T15:13:06.805,timeseries,1,User List,mlx-community/DeepSeek-R1-Distill-Qwen-14B-4bit,247.0,9740.0,0.0,0
2026-06-26T15:13:06.869,timeseries,1,User List,mlx-community/DeepSeek-R1-Distill-Qwen-14B-4bit,314.0,9848.0,0.0,0
2026-06-26T15:13:06.933,timeseries,1,User List,mlx-community/DeepSeek-R1-Distill-Qwen-14B-4bit,251.0,8759.0,0.0,0
2026-06-26T15:13:06.996,timeseries,1,User List,mlx-community/DeepSeek-R1-Distill-Qwen-14B-4bit,266.0,9863.0,0.0,0
2026-06-26T15:13:07.059,timeseries,1,User List,mlx-community/DeepSeek-R1-Distill-Qwen-14B-4bit,340.0,9723.0,0.0,0
2026-06-26T15:13:07.124,timeseries,1,User List,mlx-community/DeepSeek-R1-Distill-Qwen-14B-4bit,351.0,8903.0,0.0,0
2026-06-26T15:13:07.189,timeseries,1,User List,mlx-community/DeepSeek-R1-Distill-Qwen-14B-4bit,269.0,9907.0,0.0,0
2026-06-26T15:13:07.254,timeseries,1,User List,mlx-community/DeepSeek-R1-Distill-Qwen-14B-4bit,276.0,9754.0,0.0,0
2026-06-26T15:13:07.314,timeseries,1,User List,mlx-community/DeepSeek-R1-Distill-Qwen-14B-4bit,278.0,8532.0,0.0,0
2026-06-26T15:13:07.378,timeseries,1,User List,mlx-community/DeepSeek-R1-Distill-Qwen-14B-4bit,433.0,9756.0,0.0,0
2026-06-26T15:13:07.442,timeseries,1,User List,mlx-community/DeepSeek-R1-Distill-Qwen-14B-4bit,282.0,9184.0,0.0,0
2026-06-26T15:13:07.504,timeseries,1,User List,mlx-community/DeepSeek-R1-Distill-Qwen-14B-4bit,219.0,9924.0,0.0,0
2026-06-26T15:13:07.567,timeseries,1,User List,mlx-community/DeepSeek-R1-Distill-Qwen-14B-4bit,517.0,9832.0,0.0,0
2026-06-26T15:13:07.631,timeseries,1,User List,mlx-community/DeepSeek-R1-Distill-Qwen-14B-4bit,2213.0,8867.0,0.0,0
2026-06-26T15:13:07.695,timeseries,1,User List,mlx-community/DeepSeek-R1-Distill-Qwen-14B-4bit,526.0,10115.0,0.0,0
2026-06-26T15:13:07.758,timeseries,1,User List,mlx-community/DeepSeek-R1-Distill-Qwen-14B-4bit,443.0,8733.0,0.0,0
2026-06-26T15:13:07.821,timeseries,1,User List,mlx-community/DeepSeek-R1-Distill-Qwen-14B-4bit,341.0,9851.0,0.0,0
2026-06-26T15:13:07.884,timeseries,1,User List,mlx-community/DeepSeek-R1-Distill-Qwen-14B-4bit,613.0,10004.0,0.0,0
2026-06-26T15:13:07.948,timeseries,1,User List,mlx-community/DeepSeek-R1-Distill-Qwen-14B-4bit,612.0,8940.0,0.0,0
2026-06-26T15:13:08.012,timeseries,1,User List,mlx-community/DeepSeek-R1-Distill-Qwen-14B-4bit,583.0,9966.0,0.0,0
2026-06-26T15:13:08.077,timeseries,1,User List,mlx-community/DeepSeek-R1-Distill-Qwen-14B-4bit,1245.0,8609.0,0.0,0
2026-06-26T15:13:08.142,timeseries,1,User List,mlx-community/DeepSeek-R1-Distill-Qwen-14B-4bit,642.0,10007.0,0.0,0
2026-06-26T15:13:08.206,timeseries,1,User List,mlx-community/DeepSeek-R1-Distill-Qwen-14B-4bit,716.0,9674.0,0.0,0
2026-06-26T15:13:08.272,timeseries,1,User List,mlx-community/DeepSeek-R1-Distill-Qwen-14B-4bit,573.0,9856.0,0.0,0
2026-06-26T15:13:08.336,timeseries,1,User List,mlx-community/DeepSeek-R1-Distill-Qwen-14B-4bit,950.0,9824.0,0.0,0
2026-06-26T15:13:08.399,timeseries,1,User List,mlx-community/DeepSeek-R1-Distill-Qwen-14B-4bit,1284.0,8499.0,0.0,0
2026-06-26T15:13:08.464,timeseries,1,User List,mlx-community/DeepSeek-R1-Distill-Qwen-14B-4bit,1322.0,9845.0,0.0,0
2026-06-26T15:13:08.527,timeseries,1,User List,mlx-community/DeepSeek-R1-Distill-Qwen-14B-4bit,677.0,9941.0,0.0,0
2026-06-26T15:13:08.590,timeseries,1,User List,mlx-community/DeepSeek-R1-Distill-Qwen-14B-4bit,4232.0,8542.0,0.0,0
2026-06-26T15:13:08.652,timeseries,1,User List,mlx-community/DeepSeek-R1-Distill-Qwen-14B-4bit,567.0,10084.0,0.0,0
2026-06-26T15:13:08.718,timeseries,1,User List,mlx-community/DeepSeek-R1-Distill-Qwen-14B-4bit,394.0,8758.0,0.0,0
2026-06-26T15:13:08.782,timeseries,1,User List,mlx-community/DeepSeek-R1-Distill-Qwen-14B-4bit,260.0,10260.0,0.0,0
2026-06-26T15:13:08.846,timeseries,1,User List,mlx-community/DeepSeek-R1-Distill-Qwen-14B-4bit,229.0,9647.0,0.0,0
2026-06-26T15:13:08.910,timeseries,1,User List,mlx-community/DeepSeek-R1-Distill-Qwen-14B-4bit,234.0,8660.0,0.0,0
2026-06-26T15:13:08.974,timeseries,1,User List,mlx-community/DeepSeek-R1-Distill-Qwen-14B-4bit,299.0,9936.0,0.0,0
2026-06-26T15:13:09.037,timeseries,1,User List,mlx-community/DeepSeek-R1-Distill-Qwen-14B-4bit,297.0,9851.0,0.0,0
2026-06-26T15:13:09.100,timeseries,1,User List,mlx-community/DeepSeek-R1-Distill-Qwen-14B-4bit,356.0,8560.0,0.0,0
2026-06-26T15:13:09.163,timeseries,1,User List,mlx-community/DeepSeek-R1-Distill-Qwen-14B-4bit,252.0,10076.0,0.0,0
2026-06-26T15:13:09.229,timeseries,1,User List,mlx-community/DeepSeek-R1-Distill-Qwen-14B-4bit,284.0,10018.0,0.0,0
2026-06-26T15:13:09.290,timeseries,1,User List,mlx-community/DeepSeek-R1-Distill-Qwen-14B-4bit,285.0,8772.0,0.0,0
2026-06-26T15:13:09.355,timeseries,1,User List,mlx-community/DeepSeek-R1-Distill-Qwen-14B-4bit,747.0,9738.0,0.0,0
2026-06-26T15:13:09.419,timeseries,1,User List,mlx-community/DeepSeek-R1-Distill-Qwen-14B-4bit,323.0,10280.0,0.0,0
2026-06-26T15:13:09.483,timeseries,1,User List,mlx-community/DeepSeek-R1-Distill-Qwen-14B-4bit,381.0,8292.0,0.0,0
2026-06-26T15:13:09.545,timeseries,1,User List,mlx-community/DeepSeek-R1-Distill-Qwen-14B-4bit,331.0,9950.0,0.0,0
2026-06-26T15:13:09.611,timeseries,1,User List,mlx-community/DeepSeek-R1-Distill-Qwen-14B-4bit,420.0,8634.0,0.0,0
2026-06-26T15:13:09.675,timeseries,1,User List,mlx-community/DeepSeek-R1-Distill-Qwen-14B-4bit,338.0,10196.0,0.0,0
2026-06-26T15:13:09.738,timeseries,1,User List,mlx-community/DeepSeek-R1-Distill-Qwen-14B-4bit,394.0,9574.0,0.0,0
2026-06-26T15:13:09.803,timeseries,1,User List,mlx-community/DeepSeek-R1-Distill-Qwen-14B-4bit,330.0,9956.0,0.0,0
2026-06-26T15:13:09.866,timeseries,1,User List,mlx-community/DeepSeek-R1-Distill-Qwen-14B-4bit,253.0,8814.0,0.0,0
2026-06-26T15:13:09.930,timeseries,1,User List,mlx-community/DeepSeek-R1-Distill-Qwen-14B-4bit,232.0,9813.0,0.0,0
2026-06-26T15:13:09.991,timeseries,1,User List,mlx-community/DeepSeek-R1-Distill-Qwen-14B-4bit,282.0,9933.0,0.0,0
2026-06-26T15:13:10.056,timeseries,1,User List,mlx-community/DeepSeek-R1-Distill-Qwen-14B-4bit,393.0,8738.0,0.0,0
2026-06-26T15:13:10.119,timeseries,1,User List,mlx-community/DeepSeek-R1-Distill-Qwen-14B-4bit,357.0,10309.0,0.0,0
2026-06-26T15:13:10.184,timeseries,1,User List,mlx-community/DeepSeek-R1-Distill-Qwen-14B-4bit,324.0,8585.0,0.0,0
2026-06-26T15:13:10.249,timeseries,1,User List,mlx-community/DeepSeek-R1-Distill-Qwen-14B-4bit,270.0,10032.0,0.0,0
2026-06-26T15:13:10.313,timeseries,1,User List,mlx-community/DeepSeek-R1-Distill-Qwen-14B-4bit,232.0,9821.0,0.0,0
2026-06-26T15:13:10.378,timeseries,1,User List,mlx-community/DeepSeek-R1-Distill-Qwen-14B-4bit,355.0,9781.0,0.0,0
2026-06-26T15:13:10.443,timeseries,1,User List,mlx-community/DeepSeek-R1-Distill-Qwen-14B-4bit,250.0,8679.0,0.0,0
2026-06-26T15:13:10.505,timeseries,1,User List,mlx-community/DeepSeek-R1-Distill-Qwen-14B-4bit,262.0,9730.0,0.0,0
2026-06-26T15:13:10.569,timeseries,1,User List,mlx-community/DeepSeek-R1-Distill-Qwen-14B-4bit,368.0,9710.0,0.0,0
2026-06-26T15:13:10.633,timeseries,1,User List,mlx-community/DeepSeek-R1-Distill-Qwen-14B-4bit,324.0,9065.0,0.0,0
2026-06-26T15:13:10.697,timeseries,1,User List,mlx-community/DeepSeek-R1-Distill-Qwen-14B-4bit,219.0,9951.0,0.0,0
2026-06-26T15:13:10.761,timeseries,1,User List,mlx-community/DeepSeek-R1-Distill-Qwen-14B-4bit,264.0,9832.0,0.0,0
2026-06-26T15:13:10.824,timeseries,1,User List,mlx-community/DeepSeek-R1-Distill-Qwen-14B-4bit,267.0,8713.0,0.0,0
2026-06-26T15:13:10.887,timeseries,1,User List,mlx-community/DeepSeek-R1-Distill-Qwen-14B-4bit,282.0,9949.0,0.0,0
2026-06-26T15:13:10.951,timeseries,1,User List,mlx-community/DeepSeek-R1-Distill-Qwen-14B-4bit,300.0,8836.0,0.0,0
2026-06-26T15:13:11.014,timeseries,1,User List,mlx-community/DeepSeek-R1-Distill-Qwen-14B-4bit,285.0,10107.0,0.0,0
2026-06-26T15:13:11.077,timeseries,1,User List,mlx-community/DeepSeek-R1-Distill-Qwen-14B-4bit,347.0,9935.0,0.0,0
2026-06-26T15:13:11.140,timeseries,1,User List,mlx-community/DeepSeek-R1-Distill-Qwen-14B-4bit,317.0,8910.0,0.0,0
2026-06-26T15:13:11.204,timeseries,1,User List,mlx-community/DeepSeek-R1-Distill-Qwen-14B-4bit,318.0,10072.0,0.0,0
2026-06-26T15:13:11.268,timeseries,1,User List,mlx-community/DeepSeek-R1-Distill-Qwen-14B-4bit,300.0,8814.0,0.0,0
2026-06-26T15:13:11.330,timeseries,1,User List,mlx-community/DeepSeek-R1-Distill-Qwen-14B-4bit,360.0,9826.0,0.0,0
2026-06-26T15:13:11.394,timeseries,1,User List,mlx-community/DeepSeek-R1-Distill-Qwen-14B-4bit,374.0,9925.0,0.0,0
2026-06-26T15:13:11.458,timeseries,1,User List,mlx-community/DeepSeek-R1-Distill-Qwen-14B-4bit,320.0,8907.0,0.0,0
2026-06-26T15:13:11.520,timeseries,1,User List,mlx-community/DeepSeek-R1-Distill-Qwen-14B-4bit,312.0,9923.0,0.0,0
2026-06-26T15:13:11.583,timeseries,1,User List,mlx-community/DeepSeek-R1-Distill-Qwen-14B-4bit,487.0,8632.0,0.0,0
2026-06-26T15:13:11.646,timeseries,1,User List,mlx-community/DeepSeek-R1-Distill-Qwen-14B-4bit,320.0,10252.0,0.0,0
2026-06-26T15:13:11.710,timeseries,1,User List,mlx-community/DeepSeek-R1-Distill-Qwen-14B-4bit,317.0,10063.0,0.0,0
2026-06-26T15:13:11.773,timeseries,1,User List,mlx-community/DeepSeek-R1-Distill-Qwen-14B-4bit,367.0,8884.0,0.0,0
2026-06-26T15:13:11.836,timeseries,1,User List,mlx-community/DeepSeek-R1-Distill-Qwen-14B-4bit,394.0,9966.0,0.0,0
2026-06-26T15:13:11.899,timeseries,1,User List,mlx-community/DeepSeek-R1-Distill-Qwen-14B-4bit,285.0,8840.0,0.0,0
2026-06-26T15:13:11.962,timeseries,1,User List,mlx-community/DeepSeek-R1-Distill-Qwen-14B-4bit,331.0,10078.0,0.0,0
2026-06-26T15:13:12.025,timeseries,1,User List,mlx-community/DeepSeek-R1-Distill-Qwen-14B-4bit,272.0,8909.0,0.0,0
2026-06-26T15:13:12.092,timeseries,1,User List,mlx-community/DeepSeek-R1-Distill-Qwen-14B-4bit,411.0,10024.0,0.0,0
2026-06-26T15:13:12.158,timeseries,1,User List,mlx-community/DeepSeek-R1-Distill-Qwen-14B-4bit,634.0,9920.0,0.0,0
2026-06-26T15:13:12.222,timeseries,1,User List,mlx-community/DeepSeek-R1-Distill-Qwen-14B-4bit,683.0,9393.0,0.0,0
2026-06-26T15:13:12.286,timeseries,1,User List,mlx-community/DeepSeek-R1-Distill-Qwen-14B-4bit,409.0,9619.0,0.0,0
2026-06-26T15:13:12.352,timeseries,1,User List,mlx-community/DeepSeek-R1-Distill-Qwen-14B-4bit,519.0,8626.0,0.0,0
2026-06-26T15:13:12.416,timeseries,1,User List,mlx-community/DeepSeek-R1-Distill-Qwen-14B-4bit,296.0,9882.0,0.0,0
2026-06-26T15:13:12.480,timeseries,1,User List,mlx-community/DeepSeek-R1-Distill-Qwen-14B-4bit,244.0,9711.0,0.0,0
2026-06-26T15:13:12.541,timeseries,1,User List,mlx-community/DeepSeek-R1-Distill-Qwen-14B-4bit,262.0,9784.0,0.0,0
2026-06-26T15:13:12.606,timeseries,1,User List,mlx-community/DeepSeek-R1-Distill-Qwen-14B-4bit,454.0,8710.0,0.0,0
2026-06-26T15:13:12.669,timeseries,1,User List,mlx-community/DeepSeek-R1-Distill-Qwen-14B-4bit,294.0,10399.0,0.0,0
2026-06-26T15:13:12.734,timeseries,1,User List,mlx-community/DeepSeek-R1-Distill-Qwen-14B-4bit,311.0,8639.0,0.0,0
2026-06-26T15:13:12.798,timeseries,1,User List,mlx-community/DeepSeek-R1-Distill-Qwen-14B-4bit,1971.0,9919.0,0.0,0
2026-06-26T15:13:12.864,timeseries,1,User List,mlx-community/DeepSeek-R1-Distill-Qwen-14B-4bit,524.0,9809.0,0.0,0
2026-06-26T15:13:12.930,timeseries,1,User List,mlx-community/DeepSeek-R1-Distill-Qwen-14B-4bit,420.0,9943.0,0.0,0
2026-06-26T15:13:12.995,timeseries,1,User List,mlx-community/DeepSeek-R1-Distill-Qwen-14B-4bit,338.0,9733.0,0.0,0
2026-06-26T15:13:13.060,timeseries,1,User List,mlx-community/DeepSeek-R1-Distill-Qwen-14B-4bit,915.0,8369.0,0.0,0
2026-06-26T15:13:13.124,timeseries,1,User List,mlx-community/DeepSeek-R1-Distill-Qwen-14B-4bit,735.0,9828.0,0.0,0
2026-06-26T15:13:13.189,timeseries,1,User List,mlx-community/DeepSeek-R1-Distill-Qwen-14B-4bit,666.0,9863.0,0.0,0
2026-06-26T15:13:13.254,timeseries,1,User List,mlx-community/DeepSeek-R1-Distill-Qwen-14B-4bit,714.0,9939.0,0.0,0
2026-06-26T15:13:13.315,timeseries,1,User List,mlx-community/DeepSeek-R1-Distill-Qwen-14B-4bit,2838.0,8575.0,0.0,0
2026-06-26T15:13:13.378,timeseries,1,User List,mlx-community/DeepSeek-R1-Distill-Qwen-14B-4bit,553.0,9788.0,0.0,0
2026-06-26T15:13:13.442,timeseries,1,User List,mlx-community/DeepSeek-R1-Distill-Qwen-14B-4bit,263.0,9180.0,0.0,0
2026-06-26T15:13:13.503,timeseries,1,User List,mlx-community/DeepSeek-R1-Distill-Qwen-14B-4bit,344.0,9933.0,0.0,0
2026-06-26T15:13:13.566,timeseries,1,User List,mlx-community/DeepSeek-R1-Distill-Qwen-14B-4bit,473.0,8731.0,0.0,0
2026-06-26T15:13:13.630,timeseries,1,User List,mlx-community/DeepSeek-R1-Distill-Qwen-14B-4bit,342.0,10444.0,0.0,0
2026-06-26T15:13:13.692,timeseries,1,User List,mlx-community/DeepSeek-R1-Distill-Qwen-14B-4bit,300.0,10048.0,0.0,0
2026-06-26T15:13:13.756,timeseries,1,User List,mlx-community/DeepSeek-R1-Distill-Qwen-14B-4bit,367.0,8828.0,0.0,0
2026-06-26T15:13:13.821,timeseries,1,User List,mlx-community/DeepSeek-R1-Distill-Qwen-14B-4bit,254.0,10090.0,0.0,0
2026-06-26T15:13:13.884,timeseries,1,User List,mlx-community/DeepSeek-R1-Distill-Qwen-14B-4bit,282.0,8745.0,0.0,0
2026-06-26T15:13:13.949,timeseries,1,User List,mlx-community/DeepSeek-R1-Distill-Qwen-14B-4bit,248.0,9869.0,0.0,0
2026-06-26T15:13:14.011,timeseries,1,User List,mlx-community/DeepSeek-R1-Distill-Qwen-14B-4bit,236.0,10024.0,0.0,0
2026-06-26T15:13:14.075,timeseries,1,User List,mlx-community/DeepSeek-R1-Distill-Qwen-14B-4bit,373.0,8584.0,0.0,0
2026-06-26T15:13:14.140,timeseries,1,User List,mlx-community/DeepSeek-R1-Distill-Qwen-14B-4bit,723.0,10256.0,0.0,0
2026-06-26T15:13:14.205,timeseries,1,User List,mlx-community/DeepSeek-R1-Distill-Qwen-14B-4bit,1741.0,9820.0,0.0,0
2026-06-26T15:13:14.269,timeseries,1,User List,mlx-community/DeepSeek-R1-Distill-Qwen-14B-4bit,621.0,9681.0,0.0,0
2026-06-26T15:13:14.334,timeseries,1,User List,mlx-community/DeepSeek-R1-Distill-Qwen-14B-4bit,639.0,8572.0,0.0,0
2026-06-26T15:13:14.398,timeseries,1,User List,mlx-community/DeepSeek-R1-Distill-Qwen-14B-4bit,417.0,9861.0,0.0,0
2026-06-26T15:13:14.462,timeseries,1,User List,mlx-community/DeepSeek-R1-Distill-Qwen-14B-4bit,295.0,9896.0,0.0,0
2026-06-26T15:13:14.523,timeseries,1,User List,mlx-community/DeepSeek-R1-Distill-Qwen-14B-4bit,283.0,8764.0,0.0,0
2026-06-26T15:13:14.590,timeseries,1,User List,mlx-community/DeepSeek-R1-Distill-Qwen-14B-4bit,442.0,9995.0,0.0,0
2026-06-26T15:13:14.654,timeseries,1,User List,mlx-community/DeepSeek-R1-Distill-Qwen-14B-4bit,466.0,10291.0,0.0,0
2026-06-26T15:13:14.718,timeseries,1,User List,mlx-community/DeepSeek-R1-Distill-Qwen-14B-4bit,387.0,8341.0,0.0,0
2026-06-26T15:13:14.780,timeseries,1,User List,mlx-community/DeepSeek-R1-Distill-Qwen-14B-4bit,299.0,10025.0,0.0,0
2026-06-26T15:13:14.845,timeseries,1,User List,mlx-community/DeepSeek-R1-Distill-Qwen-14B-4bit,282.0,9968.0,0.0,0
2026-06-26T15:13:14.907,timeseries,1,User List,mlx-community/DeepSeek-R1-Distill-Qwen-14B-4bit,366.0,8825.0,0.0,0
2026-06-26T15:13:14.974,timeseries,1,User List,mlx-community/DeepSeek-R1-Distill-Qwen-14B-4bit,434.0,9900.0,0.0,0
2026-06-26T15:13:15.038,timeseries,1,User List,mlx-community/DeepSeek-R1-Distill-Qwen-14B-4bit,464.0,10187.0,0.0,0
2026-06-26T15:13:15.104,timeseries,1,User List,mlx-community/DeepSeek-R1-Distill-Qwen-14B-4bit,615.0,9591.0,0.0,0
2026-06-26T15:13:15.166,timeseries,1,User List,mlx-community/DeepSeek-R1-Distill-Qwen-14B-4bit,450.0,8575.0,0.0,0
2026-06-26T15:13:15.231,timeseries,1,User List,mlx-community/DeepSeek-R1-Distill-Qwen-14B-4bit,616.0,9730.0,0.0,0
2026-06-26T15:13:15.295,timeseries,1,User List,mlx-community/DeepSeek-R1-Distill-Qwen-14B-4bit,365.0,10170.0,0.0,0
2026-06-26T15:13:15.359,timeseries,1,User List,mlx-community/DeepSeek-R1-Distill-Qwen-14B-4bit,663.0,8526.0,0.0,0
2026-06-26T15:13:15.425,timeseries,1,User List,mlx-community/DeepSeek-R1-Distill-Qwen-14B-4bit,453.0,9948.0,0.0,0
2026-06-26T15:13:15.489,timeseries,1,User List,mlx-community/DeepSeek-R1-Distill-Qwen-14B-4bit,501.0,10111.0,0.0,0
2026-06-26T15:13:15.553,timeseries,1,User List,mlx-community/DeepSeek-R1-Distill-Qwen-14B-4bit,517.0,9702.0,0.0,0
2026-06-26T15:13:15.616,timeseries,1,User List,mlx-community/DeepSeek-R1-Distill-Qwen-14B-4bit,577.0,8849.0,0.0,0
2026-06-26T15:13:15.679,timeseries,1,User List,mlx-community/DeepSeek-R1-Distill-Qwen-14B-4bit,359.0,10020.0,0.0,0
2026-06-26T15:13:15.742,timeseries,1,User List,mlx-community/DeepSeek-R1-Distill-Qwen-14B-4bit,368.0,8933.0,0.0,0
2026-06-26T15:13:15.806,timeseries,1,User List,mlx-community/DeepSeek-R1-Distill-Qwen-14B-4bit,332.0,10125.0,0.0,0
2026-06-26T15:13:15.869,timeseries,1,User List,mlx-community/DeepSeek-R1-Distill-Qwen-14B-4bit,417.0,10243.0,0.0,0
2026-06-26T15:13:15.932,timeseries,1,User List,mlx-community/DeepSeek-R1-Distill-Qwen-14B-4bit,404.0,8742.0,0.0,0
2026-06-26T15:13:15.994,timeseries,1,User List,mlx-community/DeepSeek-R1-Distill-Qwen-14B-4bit,393.0,10070.0,0.0,0
2026-06-26T15:13:16.058,timeseries,1,User List,mlx-community/DeepSeek-R1-Distill-Qwen-14B-4bit,575.0,8940.0,0.0,0
2026-06-26T15:13:16.123,timeseries,1,User List,mlx-community/DeepSeek-R1-Distill-Qwen-14B-4bit,480.0,10315.0,0.0,0
2026-06-26T15:13:16.188,timeseries,1,User List,mlx-community/DeepSeek-R1-Distill-Qwen-14B-4bit,406.0,10018.0,0.0,0
2026-06-26T15:13:16.250,timeseries,1,User List,mlx-community/DeepSeek-R1-Distill-Qwen-14B-4bit,368.0,9842.0,0.0,0
2026-06-26T15:13:16.313,timeseries,1,User List,mlx-community/DeepSeek-R1-Distill-Qwen-14B-4bit,402.0,8664.0,0.0,0
2026-06-26T15:13:16.377,timeseries,1,User List,mlx-community/DeepSeek-R1-Distill-Qwen-14B-4bit,500.0,10297.0,0.0,0
2026-06-26T15:13:16.440,timeseries,1,User List,mlx-community/DeepSeek-R1-Distill-Qwen-14B-4bit,316.0,8853.0,0.0,0
2026-06-26T15:13:16.502,timeseries,1,User List,mlx-community/DeepSeek-R1-Distill-Qwen-14B-4bit,345.0,10041.0,0.0,0
2026-06-26T15:13:16.568,timeseries,1,User List,mlx-community/DeepSeek-R1-Distill-Qwen-14B-4bit,474.0,8774.0,0.0,0
2026-06-26T15:13:16.630,timeseries,1,User List,mlx-community/DeepSeek-R1-Distill-Qwen-14B-4bit,423.0,10532.0,0.0,0
2026-06-26T15:13:16.694,timeseries,1,User List,mlx-community/DeepSeek-R1-Distill-Qwen-14B-4bit,397.0,9781.0,0.0,0
2026-06-26T15:13:16.758,timeseries,1,User List,mlx-community/DeepSeek-R1-Distill-Qwen-14B-4bit,356.0,9091.0,0.0,0
2026-06-26T15:13:16.822,timeseries,1,User List,mlx-community/DeepSeek-R1-Distill-Qwen-14B-4bit,526.0,9628.0,0.0,0
2026-06-26T15:13:16.887,timeseries,1,User List,mlx-community/DeepSeek-R1-Distill-Qwen-14B-4bit,371.0,9893.0,0.0,0
2026-06-26T15:13:16.950,timeseries,1,User List,mlx-community/DeepSeek-R1-Distill-Qwen-14B-4bit,330.0,8813.0,0.0,0
2026-06-26T15:13:17.013,timeseries,1,User List,mlx-community/DeepSeek-R1-Distill-Qwen-14B-4bit,331.0,10080.0,0.0,0
2026-06-26T15:13:17.076,timeseries,1,User List,mlx-community/DeepSeek-R1-Distill-Qwen-14B-4bit,619.0,9864.0,0.0,0
2026-06-26T15:13:17.141,timeseries,1,User List,mlx-community/DeepSeek-R1-Distill-Qwen-14B-4bit,478.0,9013.0,0.0,0
2026-06-26T15:13:17.203,timeseries,1,User List,mlx-community/DeepSeek-R1-Distill-Qwen-14B-4bit,410.0,10097.0,0.0,0
2026-06-26T15:13:17.268,timeseries,1,User List,mlx-community/DeepSeek-R1-Distill-Qwen-14B-4bit,483.0,8733.0,0.0,0
2026-06-26T15:13:17.331,timeseries,1,User List,mlx-community/DeepSeek-R1-Distill-Qwen-14B-4bit,529.0,10235.0,0.0,0
2026-06-26T15:13:17.395,timeseries,1,User List,mlx-community/DeepSeek-R1-Distill-Qwen-14B-4bit,535.0,9884.0,0.0,0
2026-06-26T15:13:17.460,timeseries,1,User List,mlx-community/DeepSeek-R1-Distill-Qwen-14B-4bit,453.0,9193.0,0.0,0
2026-06-26T15:13:17.523,timeseries,1,User List,mlx-community/DeepSeek-R1-Distill-Qwen-14B-4bit,448.0,9936.0,0.0,0
2026-06-26T15:13:17.589,timeseries,1,User List,mlx-community/DeepSeek-R1-Distill-Qwen-14B-4bit,572.0,9938.0,0.0,0
2026-06-26T15:13:17.652,timeseries,1,User List,mlx-community/DeepSeek-R1-Distill-Qwen-14B-4bit,1126.0,10041.0,0.0,0
2026-06-26T15:13:17.716,timeseries,1,User List,mlx-community/DeepSeek-R1-Distill-Qwen-14B-4bit,471.0,8563.0,0.0,0
2026-06-26T15:13:17.780,timeseries,1,User List,mlx-community/DeepSeek-R1-Distill-Qwen-14B-4bit,360.0,10012.0,0.0,0
2026-06-26T15:13:17.844,timeseries,1,User List,mlx-community/DeepSeek-R1-Distill-Qwen-14B-4bit,301.0,10124.0,0.0,0
2026-06-26T15:13:17.908,timeseries,1,User List,mlx-community/DeepSeek-R1-Distill-Qwen-14B-4bit,512.0,8556.0,0.0,0
2026-06-26T15:13:17.972,timeseries,1,User List,mlx-community/DeepSeek-R1-Distill-Qwen-14B-4bit,2289.0,9859.0,0.0,0
2026-06-26T15:13:18.034,timeseries,1,User List,mlx-community/DeepSeek-R1-Distill-Qwen-14B-4bit,581.0,10049.0,0.0,0
2026-06-26T15:13:18.095,timeseries,1,User List,mlx-community/DeepSeek-R1-Distill-Qwen-14B-4bit,875.0,8823.0,0.0,0
2026-06-26T15:13:18.159,timeseries,1,User List,mlx-community/DeepSeek-R1-Distill-Qwen-14B-4bit,420.0,9073.0,0.0,0
2026-06-26T15:13:18.223,timeseries,1,User List,mlx-community/DeepSeek-R1-Distill-Qwen-14B-4bit,443.0,10555.0,0.0,0
2026-06-26T15:13:18.287,timeseries,1,User List,mlx-community/DeepSeek-R1-Distill-Qwen-14B-4bit,580.0,10134.0,0.0,0
2026-06-26T15:13:18.350,timeseries,1,User List,mlx-community/DeepSeek-R1-Distill-Qwen-14B-4bit,1104.0,8695.0,0.0,0
2026-06-26T15:13:18.414,timeseries,1,User List,mlx-community/DeepSeek-R1-Distill-Qwen-14B-4bit,919.0,9935.0,0.0,0
2026-06-26T15:13:18.478,timeseries,1,User List,mlx-community/DeepSeek-R1-Distill-Qwen-14B-4bit,1651.0,10207.0,0.0,0
2026-06-26T15:13:18.542,timeseries,1,User List,mlx-community/DeepSeek-R1-Distill-Qwen-14B-4bit,1278.0,8792.0,0.0,0
2026-06-26T15:13:18.608,timeseries,1,User List,mlx-community/DeepSeek-R1-Distill-Qwen-14B-4bit,720.0,10099.0,0.0,0
2026-06-26T15:13:18.675,timeseries,1,User List,mlx-community/DeepSeek-R1-Distill-Qwen-14B-4bit,773.0,10069.0,0.0,0
2026-06-26T15:13:18.739,timeseries,1,User List,mlx-community/DeepSeek-R1-Distill-Qwen-14B-4bit,1046.0,9472.0,0.0,0
2026-06-26T15:13:18.805,timeseries,1,User List,mlx-community/DeepSeek-R1-Distill-Qwen-14B-4bit,823.0,9594.0,0.0,0
2026-06-26T15:13:18.870,timeseries,1,User List,mlx-community/DeepSeek-R1-Distill-Qwen-14B-4bit,857.0,9993.0,0.0,0
2026-06-26T15:13:18.936,timeseries,1,User List,mlx-community/DeepSeek-R1-Distill-Qwen-14B-4bit,704.0,8643.0,0.0,0
2026-06-26T15:13:19.001,timeseries,1,User List,mlx-community/DeepSeek-R1-Distill-Qwen-14B-4bit,548.0,9747.0,0.0,0
2026-06-26T15:13:19.067,timeseries,1,User List,mlx-community/DeepSeek-R1-Distill-Qwen-14B-4bit,1094.0,9740.0,0.0,0
2026-06-26T15:13:19.132,timeseries,1,User List,mlx-community/DeepSeek-R1-Distill-Qwen-14B-4bit,615.0,9967.0,0.0,0
2026-06-26T15:13:19.196,timeseries,1,User List,mlx-community/DeepSeek-R1-Distill-Qwen-14B-4bit,689.0,9842.0,0.0,0
2026-06-26T15:13:19.261,timeseries,1,User List,mlx-community/DeepSeek-R1-Distill-Qwen-14B-4bit,581.0,9879.0,0.0,0
2026-06-26T15:13:19.326,timeseries,1,User List,mlx-community/DeepSeek-R1-Distill-Qwen-14B-4bit,906.0,8733.0,0.0,0
2026-06-26T15:13:19.391,timeseries,1,User List,mlx-community/DeepSeek-R1-Distill-Qwen-14B-4bit,589.0,9993.0,0.0,0
2026-06-26T15:13:19.456,timeseries,1,User List,mlx-community/DeepSeek-R1-Distill-Qwen-14B-4bit,626.0,9842.0,0.0,0
2026-06-26T15:13:19.521,timeseries,1,User List,mlx-community/DeepSeek-R1-Distill-Qwen-14B-4bit,552.0,9891.0,0.0,0
2026-06-26T15:13:19.586,timeseries,1,User List,mlx-community/DeepSeek-R1-Distill-Qwen-14B-4bit,1244.0,9937.0,0.0,0
2026-06-26T15:13:19.649,timeseries,1,User List,mlx-community/DeepSeek-R1-Distill-Qwen-14B-4bit,511.0,8725.0,0.0,0
2026-06-26T15:13:19.712,timeseries,1,User List,mlx-community/DeepSeek-R1-Distill-Qwen-14B-4bit,1223.0,9780.0,0.0,0
2026-06-26T15:13:19.776,timeseries,1,User List,mlx-community/DeepSeek-R1-Distill-Qwen-14B-4bit,707.0,9130.0,0.0,0
2026-06-26T15:13:19.840,timeseries,1,User List,mlx-community/DeepSeek-R1-Distill-Qwen-14B-4bit,693.0,10131.0,0.0,0
2026-06-26T15:13:19.904,timeseries,1,User List,mlx-community/DeepSeek-R1-Distill-Qwen-14B-4bit,500.0,10080.0,0.0,0
2026-06-26T15:13:19.967,timeseries,1,User List,mlx-community/DeepSeek-R1-Distill-Qwen-14B-4bit,940.0,8880.0,0.0,0
2026-06-26T15:13:20.030,timeseries,1,User List,mlx-community/DeepSeek-R1-Distill-Qwen-14B-4bit,592.0,10044.0,0.0,0
2026-06-26T15:13:20.095,timeseries,1,User List,mlx-community/DeepSeek-R1-Distill-Qwen-14B-4bit,1368.0,10279.0,0.0,0
2026-06-26T15:13:20.158,timeseries,1,User List,mlx-community/DeepSeek-R1-Distill-Qwen-14B-4bit,648.0,8923.0,0.0,0
2026-06-26T15:13:20.222,timeseries,1,User List,mlx-community/DeepSeek-R1-Distill-Qwen-14B-4bit,588.0,9971.0,0.0,0
2026-06-26T15:13:20.285,timeseries,1,User List,mlx-community/DeepSeek-R1-Distill-Qwen-14B-4bit,603.0,10245.0,0.0,0
2026-06-26T15:13:20.348,timeseries,1,User List,mlx-community/DeepSeek-R1-Distill-Qwen-14B-4bit,1092.0,8797.0,0.0,0
2026-06-26T15:13:20.413,timeseries,1,User List,mlx-community/DeepSeek-R1-Distill-Qwen-14B-4bit,716.0,10273.0,0.0,0
2026-06-26T15:13:20.476,timeseries,1,User List,mlx-community/DeepSeek-R1-Distill-Qwen-14B-4bit,537.0,10166.0,0.0,0
2026-06-26T15:13:20.540,timeseries,1,User List,mlx-community/DeepSeek-R1-Distill-Qwen-14B-4bit,1188.0,8719.0,0.0,0
2026-06-26T15:13:20.604,timeseries,1,User List,mlx-community/DeepSeek-R1-Distill-Qwen-14B-4bit,681.0,10270.0,0.0,0
2026-06-26T15:13:20.667,timeseries,1,User List,mlx-community/DeepSeek-R1-Distill-Qwen-14B-4bit,752.0,8950.0,0.0,0
2026-06-26T15:13:20.730,timeseries,1,User List,mlx-community/DeepSeek-R1-Distill-Qwen-14B-4bit,625.0,10065.0,0.0,0
2026-06-26T15:13:20.794,timeseries,1,User List,mlx-community/DeepSeek-R1-Distill-Qwen-14B-4bit,696.0,10182.0,0.0,0
2026-06-26T15:13:20.856,timeseries,1,User List,mlx-community/DeepSeek-R1-Distill-Qwen-14B-4bit,749.0,8988.0,0.0,0
2026-06-26T15:13:20.919,timeseries,1,User List,mlx-community/DeepSeek-R1-Distill-Qwen-14B-4bit,733.0,10060.0,0.0,0
2026-06-26T15:13:20.982,timeseries,1,User List,mlx-community/DeepSeek-R1-Distill-Qwen-14B-4bit,1109.0,9125.0,0.0,0
2026-06-26T15:13:21.045,timeseries,1,User List,mlx-community/DeepSeek-R1-Distill-Qwen-14B-4bit,1231.0,10167.0,0.0,0
2026-06-26T15:13:21.109,timeseries,1,User List,mlx-community/DeepSeek-R1-Distill-Qwen-14B-4bit,739.0,9129.0,0.0,0
2026-06-26T15:13:21.173,timeseries,1,User List,mlx-community/DeepSeek-R1-Distill-Qwen-14B-4bit,742.0,10163.0,0.0,0
2026-06-26T15:13:21.236,timeseries,1,User List,mlx-community/DeepSeek-R1-Distill-Qwen-14B-4bit,786.0,10130.0,0.0,0
2026-06-26T15:13:21.300,timeseries,1,User List,mlx-community/DeepSeek-R1-Distill-Qwen-14B-4bit,500.0,8851.0,0.0,0
2026-06-26T15:13:21.364,timeseries,1,User List,mlx-community/DeepSeek-R1-Distill-Qwen-14B-4bit,1082.0,10260.0,0.0,0
2026-06-26T15:13:21.426,timeseries,1,User List,mlx-community/DeepSeek-R1-Distill-Qwen-14B-4bit,647.0,9951.0,0.0,0
2026-06-26T15:13:21.491,timeseries,1,User List,mlx-community/DeepSeek-R1-Distill-Qwen-14B-4bit,777.0,8974.0,0.0,0
2026-06-26T15:13:21.555,timeseries,1,User List,mlx-community/DeepSeek-R1-Distill-Qwen-14B-4bit,1317.0,10357.0,0.0,0
2026-06-26T15:13:21.617,timeseries,1,User List,mlx-community/DeepSeek-R1-Distill-Qwen-14B-4bit,879.0,10073.0,0.0,0
2026-06-26T15:13:21.680,timeseries,1,User List,mlx-community/DeepSeek-R1-Distill-Qwen-14B-4bit,694.0,8771.0,0.0,0
2026-06-26T15:13:21.743,timeseries,1,User List,mlx-community/DeepSeek-R1-Distill-Qwen-14B-4bit,800.0,10579.0,0.0,0
2026-06-26T15:13:21.805,timeseries,1,User List,mlx-community/DeepSeek-R1-Distill-Qwen-14B-4bit,587.0,9017.0,0.0,0
2026-06-26T15:13:21.867,timeseries,1,User List,mlx-community/DeepSeek-R1-Distill-Qwen-14B-4bit,695.0,10240.0,0.0,0
2026-06-26T15:13:21.936,timeseries,1,User List,mlx-community/DeepSeek-R1-Distill-Qwen-14B-4bit,671.0,9291.0,0.0,0
2026-06-26T15:13:22.000,timeseries,1,User List,mlx-community/DeepSeek-R1-Distill-Qwen-14B-4bit,988.0,10232.0,0.0,0
2026-06-26T15:13:22.064,timeseries,1,User List,mlx-community/DeepSeek-R1-Distill-Qwen-14B-4bit,2939.0,9166.0,0.0,0
2026-06-26T15:13:22.128,timeseries,1,User List,mlx-community/DeepSeek-R1-Distill-Qwen-14B-4bit,809.0,10009.0,0.0,0
2026-06-26T15:13:22.192,timeseries,1,User List,mlx-community/DeepSeek-R1-Distill-Qwen-14B-4bit,905.0,8801.0,0.0,0
2026-06-26T15:13:22.257,timeseries,1,User List,mlx-community/DeepSeek-R1-Distill-Qwen-14B-4bit,733.0,10090.0,0.0,0
2026-06-26T15:13:22.321,timeseries,1,User List,mlx-community/DeepSeek-R1-Distill-Qwen-14B-4bit,1024.0,10125.0,0.0,0
2026-06-26T15:13:22.385,timeseries,1,User List,mlx-community/DeepSeek-R1-Distill-Qwen-14B-4bit,552.0,9978.0,0.0,0
2026-06-26T15:13:22.448,timeseries,1,User List,mlx-community/DeepSeek-R1-Distill-Qwen-14B-4bit,656.0,8878.0,0.0,0
2026-06-26T15:13:22.512,timeseries,1,User List,mlx-community/DeepSeek-R1-Distill-Qwen-14B-4bit,667.0,10332.0,0.0,0
2026-06-26T15:13:22.576,timeseries,1,User List,mlx-community/DeepSeek-R1-Distill-Qwen-14B-4bit,1263.0,8953.0,0.0,0
2026-06-26T15:13:22.640,timeseries,1,User List,mlx-community/DeepSeek-R1-Distill-Qwen-14B-4bit,480.0,10040.0,0.0,0
2026-06-26T15:13:22.705,timeseries,1,User List,mlx-community/DeepSeek-R1-Distill-Qwen-14B-4bit,596.0,10159.0,0.0,0
2026-06-26T15:13:22.771,timeseries,1,User List,mlx-community/DeepSeek-R1-Distill-Qwen-14B-4bit,654.0,10156.0,0.0,0
2026-06-26T15:13:22.835,timeseries,1,User List,mlx-community/DeepSeek-R1-Distill-Qwen-14B-4bit,604.0,8810.0,0.0,0
2026-06-26T15:13:22.900,timeseries,1,User List,mlx-community/DeepSeek-R1-Distill-Qwen-14B-4bit,591.0,9810.0,0.0,0
2026-06-26T15:13:22.966,timeseries,1,User List,mlx-community/DeepSeek-R1-Distill-Qwen-14B-4bit,420.0,10132.0,0.0,0
2026-06-26T15:13:23.030,timeseries,1,User List,mlx-community/DeepSeek-R1-Distill-Qwen-14B-4bit,847.0,9931.0,0.0,0
2026-06-26T15:13:23.098,timeseries,1,User List,mlx-community/DeepSeek-R1-Distill-Qwen-14B-4bit,3690.0,9780.0,0.0,0
2026-06-26T15:13:23.161,timeseries,1,User List,mlx-community/DeepSeek-R1-Distill-Qwen-14B-4bit,1005.0,9975.0,0.0,0
2026-06-26T15:13:23.225,timeseries,1,User List,mlx-community/DeepSeek-R1-Distill-Qwen-14B-4bit,470.0,8246.0,0.0,0
2026-06-26T15:13:23.290,timeseries,1,User List,mlx-community/DeepSeek-R1-Distill-Qwen-14B-4bit,319.0,10372.0,0.0,0
2026-06-26T15:13:23.353,timeseries,1,User List,mlx-community/DeepSeek-R1-Distill-Qwen-14B-4bit,1371.0,9847.0,0.0,0
2026-06-26T15:13:23.416,timeseries,1,User List,mlx-community/DeepSeek-R1-Distill-Qwen-14B-4bit,622.0,8755.0,0.0,0
2026-06-26T15:13:23.480,timeseries,1,User List,mlx-community/DeepSeek-R1-Distill-Qwen-14B-4bit,754.0,9991.0,0.0,0
2026-06-26T15:13:23.542,timeseries,1,User List,mlx-community/DeepSeek-R1-Distill-Qwen-14B-4bit,443.0,10221.0,0.0,0
2026-06-26T15:13:23.606,timeseries,1,User List,mlx-community/DeepSeek-R1-Distill-Qwen-14B-4bit,583.0,8875.0,0.0,0
2026-06-26T15:13:23.672,timeseries,1,User List,mlx-community/DeepSeek-R1-Distill-Qwen-14B-4bit,275.0,10515.0,0.0,0
2026-06-26T15:13:23.738,timeseries,1,User List,mlx-community/DeepSeek-R1-Distill-Qwen-14B-4bit,204.0,10160.0,0.0,0
2026-06-26T15:13:23.805,timeseries,1,User List,mlx-community/DeepSeek-R1-Distill-Qwen-14B-4bit,227.0,9804.0,0.0,0
2026-06-26T15:13:23.869,timeseries,1,User List,mlx-community/DeepSeek-R1-Distill-Qwen-14B-4bit,271.0,9731.0,0.0,0
2026-06-26T15:13:23.935,timeseries,1,User List,mlx-community/DeepSeek-R1-Distill-Qwen-14B-4bit,241.0,8530.0,0.0,0
2026-06-26T15:13:23.997,timeseries,1,User List,mlx-community/DeepSeek-R1-Distill-Qwen-14B-4bit,217.0,9998.0,0.0,0
2026-06-26T15:13:24.061,timeseries,1,User List,mlx-community/DeepSeek-R1-Distill-Qwen-14B-4bit,325.0,9956.0,0.0,0
2026-06-26T15:13:24.126,timeseries,1,User List,mlx-community/DeepSeek-R1-Distill-Qwen-14B-4bit,442.0,8976.0,0.0,0
2026-06-26T15:13:24.190,timeseries,1,User List,mlx-community/DeepSeek-R1-Distill-Qwen-14B-4bit,220.0,10144.0,0.0,0
2026-06-26T15:13:24.256,timeseries,1,User List,mlx-community/DeepSeek-R1-Distill-Qwen-14B-4bit,231.0,9978.0,0.0,0
2026-06-26T15:13:24.321,timeseries,1,User List,mlx-community/DeepSeek-R1-Distill-Qwen-14B-4bit,217.0,9983.0,0.0,0
2026-06-26T15:13:24.387,timeseries,1,User List,mlx-community/DeepSeek-R1-Distill-Qwen-14B-4bit,351.0,9805.0,0.0,0
2026-06-26T15:13:24.450,timeseries,1,User List,mlx-community/DeepSeek-R1-Distill-Qwen-14B-4bit,229.0,8670.0,0.0,0
2026-06-26T15:13:24.512,timeseries,1,User List,mlx-community/DeepSeek-R1-Distill-Qwen-14B-4bit,445.0,9853.0,0.0,0
2026-06-26T15:13:24.577,timeseries,1,User List,mlx-community/DeepSeek-R1-Distill-Qwen-14B-4bit,595.0,8829.0,0.0,0
2026-06-26T15:13:24.640,timeseries,1,User List,mlx-community/DeepSeek-R1-Distill-Qwen-14B-4bit,371.0,10527.0,0.0,0
2026-06-26T15:13:24.705,timeseries,1,User List,mlx-community/DeepSeek-R1-Distill-Qwen-14B-4bit,373.0,10033.0,0.0,0
2026-06-26T15:13:24.767,timeseries,1,User List,mlx-community/DeepSeek-R1-Distill-Qwen-14B-4bit,267.0,10175.0,0.0,0
2026-06-26T15:13:24.830,timeseries,1,User List,mlx-community/DeepSeek-R1-Distill-Qwen-14B-4bit,296.0,8821.0,0.0,0
2026-06-26T15:13:24.894,timeseries,1,User List,mlx-community/DeepSeek-R1-Distill-Qwen-14B-4bit,285.0,10256.0,0.0,0
2026-06-26T15:13:24.959,timeseries,1,User List,mlx-community/DeepSeek-R1-Distill-Qwen-14B-4bit,304.0,9072.0,0.0,0
2026-06-26T15:13:25.021,timeseries,1,User List,mlx-community/DeepSeek-R1-Distill-Qwen-14B-4bit,379.0,10185.0,0.0,0
2026-06-26T15:13:25.083,timeseries,1,User List,mlx-community/DeepSeek-R1-Distill-Qwen-14B-4bit,485.0,9753.0,0.0,0
2026-06-26T15:13:25.147,timeseries,1,User List,mlx-community/DeepSeek-R1-Distill-Qwen-14B-4bit,374.0,9250.0,0.0,0
2026-06-26T15:13:25.212,timeseries,1,User List,mlx-community/DeepSeek-R1-Distill-Qwen-14B-4bit,323.0,10420.0,0.0,0
2026-06-26T15:13:25.274,timeseries,1,User List,mlx-community/DeepSeek-R1-Distill-Qwen-14B-4bit,265.0,8842.0,0.0,0
2026-06-26T15:13:25.337,timeseries,1,User List,mlx-community/DeepSeek-R1-Distill-Qwen-14B-4bit,464.0,9898.0,0.0,0
2026-06-26T15:13:25.401,timeseries,1,User List,mlx-community/DeepSeek-R1-Distill-Qwen-14B-4bit,385.0,9103.0,0.0,0
2026-06-26T15:13:25.465,timeseries,1,User List,mlx-community/DeepSeek-R1-Distill-Qwen-14B-4bit,271.0,10323.0,0.0,0
2026-06-26T15:13:25.527,timeseries,1,User List,mlx-community/DeepSeek-R1-Distill-Qwen-14B-4bit,281.0,10106.0,0.0,0
2026-06-26T15:13:25.593,timeseries,1,User List,mlx-community/DeepSeek-R1-Distill-Qwen-14B-4bit,438.0,8822.0,0.0,0
2026-06-26T15:13:25.657,timeseries,1,User List,mlx-community/DeepSeek-R1-Distill-Qwen-14B-4bit,304.0,10408.0,0.0,0
2026-06-26T15:13:25.721,timeseries,1,User List,mlx-community/DeepSeek-R1-Distill-Qwen-14B-4bit,304.0,9862.0,0.0,0
2026-06-26T15:13:25.785,timeseries,1,User List,mlx-community/DeepSeek-R1-Distill-Qwen-14B-4bit,266.0,10112.0,0.0,0
2026-06-26T15:13:25.849,timeseries,1,User List,mlx-community/DeepSeek-R1-Distill-Qwen-14B-4bit,265.0,8840.0,0.0,0
2026-06-26T15:13:25.911,timeseries,1,User List,mlx-community/DeepSeek-R1-Distill-Qwen-14B-4bit,298.0,10153.0,0.0,0
2026-06-26T15:13:25.976,timeseries,1,User List,mlx-community/DeepSeek-R1-Distill-Qwen-14B-4bit,285.0,9017.0,0.0,0
2026-06-26T15:13:26.038,timeseries,1,User List,mlx-community/DeepSeek-R1-Distill-Qwen-14B-4bit,285.0,10234.0,0.0,0
2026-06-26T15:13:26.101,timeseries,1,User List,mlx-community/DeepSeek-R1-Distill-Qwen-14B-4bit,447.0,9981.0,0.0,0
2026-06-26T15:13:26.168,timeseries,1,User List,mlx-community/DeepSeek-R1-Distill-Qwen-14B-4bit,386.0,9060.0,0.0,0
2026-06-26T15:13:26.230,timeseries,1,User List,mlx-community/DeepSeek-R1-Distill-Qwen-14B-4bit,490.0,10327.0,0.0,0
2026-06-26T15:13:26.293,timeseries,1,User List,mlx-community/DeepSeek-R1-Distill-Qwen-14B-4bit,420.0,9731.0,0.0,0
2026-06-26T15:13:26.356,timeseries,1,User List,mlx-community/DeepSeek-R1-Distill-Qwen-14B-4bit,612.0,9051.0,0.0,0
2026-06-26T15:13:26.419,timeseries,1,User List,mlx-community/DeepSeek-R1-Distill-Qwen-14B-4bit,383.0,10380.0,0.0,0
2026-06-26T15:13:26.482,timeseries,1,User List,mlx-community/DeepSeek-R1-Distill-Qwen-14B-4bit,350.0,9032.0,0.0,0
2026-06-26T15:13:26.545,timeseries,1,User List,mlx-community/DeepSeek-R1-Distill-Qwen-14B-4bit,444.0,10270.0,0.0,0
2026-06-26T15:13:26.608,timeseries,1,User List,mlx-community/DeepSeek-R1-Distill-Qwen-14B-4bit,510.0,9078.0,0.0,0
2026-06-26T15:13:26.675,timeseries,1,User List,mlx-community/DeepSeek-R1-Distill-Qwen-14B-4bit,446.0,10372.0,0.0,0
2026-06-26T15:13:26.740,timeseries,1,User List,mlx-community/DeepSeek-R1-Distill-Qwen-14B-4bit,422.0,10129.0,0.0,0
2026-06-26T15:13:26.801,timeseries,1,User List,mlx-community/DeepSeek-R1-Distill-Qwen-14B-4bit,1337.0,9526.0,0.0,0
2026-06-26T15:13:26.863,timeseries,1,User List,mlx-community/DeepSeek-R1-Distill-Qwen-14B-4bit,593.0,8845.0,0.0,0
2026-06-26T15:13:26.928,timeseries,1,User List,mlx-community/DeepSeek-R1-Distill-Qwen-14B-4bit,451.0,10398.0,0.0,0
2026-06-26T15:13:26.991,timeseries,1,User List,mlx-community/DeepSeek-R1-Distill-Qwen-14B-4bit,341.0,9171.0,0.0,0
2026-06-26T15:13:27.055,timeseries,1,User List,mlx-community/DeepSeek-R1-Distill-Qwen-14B-4bit,425.0,9759.0,0.0,0
2026-06-26T15:13:27.118,timeseries,1,User List,mlx-community/DeepSeek-R1-Distill-Qwen-14B-4bit,385.0,10451.0,0.0,0
2026-06-26T15:13:27.183,timeseries,1,User List,mlx-community/DeepSeek-R1-Distill-Qwen-14B-4bit,376.0,8838.0,0.0,0
2026-06-26T15:13:27.248,timeseries,1,User List,mlx-community/DeepSeek-R1-Distill-Qwen-14B-4bit,300.0,10195.0,0.0,0
2026-06-26T15:13:27.312,timeseries,1,User List,mlx-community/DeepSeek-R1-Distill-Qwen-14B-4bit,261.0,9942.0,0.0,0
2026-06-26T15:13:27.377,timeseries,1,User List,mlx-community/DeepSeek-R1-Distill-Qwen-14B-4bit,401.0,8723.0,0.0,0
2026-06-26T15:13:27.442,timeseries,1,User List,mlx-community/DeepSeek-R1-Distill-Qwen-14B-4bit,294.0,9993.0,0.0,0
2026-06-26T15:13:27.504,timeseries,1,User List,mlx-community/DeepSeek-R1-Distill-Qwen-14B-4bit,291.0,9889.0,0.0,0
2026-06-26T15:13:27.568,timeseries,1,User List,mlx-community/DeepSeek-R1-Distill-Qwen-14B-4bit,405.0,8826.0,0.0,0
2026-06-26T15:13:27.630,timeseries,1,User List,mlx-community/DeepSeek-R1-Distill-Qwen-14B-4bit,321.0,10446.0,0.0,0
2026-06-26T15:13:27.695,timeseries,1,User List,mlx-community/DeepSeek-R1-Distill-Qwen-14B-4bit,267.0,10188.0,0.0,0
2026-06-26T15:13:27.760,timeseries,1,User List,mlx-community/DeepSeek-R1-Distill-Qwen-14B-4bit,255.0,9003.0,0.0,0
2026-06-26T15:13:27.823,timeseries,1,User List,mlx-community/DeepSeek-R1-Distill-Qwen-14B-4bit,249.0,10117.0,0.0,0
2026-06-26T15:13:27.888,timeseries,1,User List,mlx-community/DeepSeek-R1-Distill-Qwen-14B-4bit,339.0,10009.0,0.0,0
2026-06-26T15:13:27.951,timeseries,1,User List,mlx-community/DeepSeek-R1-Distill-Qwen-14B-4bit,284.0,10181.0,0.0,0
2026-06-26T15:13:28.014,timeseries,1,User List,mlx-community/DeepSeek-R1-Distill-Qwen-14B-4bit,324.0,8822.0,0.0,0
2026-06-26T15:13:28.078,timeseries,1,User List,mlx-community/DeepSeek-R1-Distill-Qwen-14B-4bit,395.0,10181.0,0.0,0
2026-06-26T15:13:28.144,timeseries,1,User List,mlx-community/DeepSeek-R1-Distill-Qwen-14B-4bit,337.0,9119.0,0.0,0
2026-06-26T15:13:28.207,timeseries,1,User List,mlx-community/DeepSeek-R1-Distill-Qwen-14B-4bit,280.0,10072.0,0.0,0
2026-06-26T15:13:28.274,timeseries,1,User List,mlx-community/DeepSeek-R1-Distill-Qwen-14B-4bit,1545.0,9648.0,0.0,0
2026-06-26T15:13:28.337,timeseries,1,User List,mlx-community/DeepSeek-R1-Distill-Qwen-14B-4bit,1667.0,10146.0,0.0,0
2026-06-26T15:13:28.401,timeseries,1,User List,mlx-community/DeepSeek-R1-Distill-Qwen-14B-4bit,932.0,8296.0,0.0,0
2026-06-26T15:13:28.466,timeseries,1,User List,mlx-community/DeepSeek-R1-Distill-Qwen-14B-4bit,967.0,10391.0,0.0,0
2026-06-26T15:13:28.528,timeseries,1,User List,mlx-community/DeepSeek-R1-Distill-Qwen-14B-4bit,394.0,10240.0,0.0,0
2026-06-26T15:13:28.593,timeseries,1,User List,mlx-community/DeepSeek-R1-Distill-Qwen-14B-4bit,626.0,8671.0,0.0,0
2026-06-26T15:13:28.657,timeseries,1,User List,mlx-community/DeepSeek-R1-Distill-Qwen-14B-4bit,286.0,10353.0,0.0,0
2026-06-26T15:13:28.722,timeseries,1,User List,mlx-community/DeepSeek-R1-Distill-Qwen-14B-4bit,249.0,10066.0,0.0,0
2026-06-26T15:13:28.786,timeseries,1,User List,mlx-community/DeepSeek-R1-Distill-Qwen-14B-4bit,294.0,10003.0,0.0,0
2026-06-26T15:13:28.850,timeseries,1,User List,mlx-community/DeepSeek-R1-Distill-Qwen-14B-4bit,249.0,8814.0,0.0,0
2026-06-26T15:13:28.917,timeseries,1,User List,mlx-community/DeepSeek-R1-Distill-Qwen-14B-4bit,249.0,10111.0,0.0,0
2026-06-26T15:13:28.981,timeseries,1,User List,mlx-community/DeepSeek-R1-Distill-Qwen-14B-4bit,733.0,9852.0,0.0,0
2026-06-26T15:13:29.044,timeseries,1,User List,mlx-community/DeepSeek-R1-Distill-Qwen-14B-4bit,585.0,9679.0,0.0,0
2026-06-26T15:13:29.109,timeseries,1,User List,mlx-community/DeepSeek-R1-Distill-Qwen-14B-4bit,608.0,8819.0,0.0,0
2026-06-26T15:13:29.174,timeseries,1,User List,mlx-community/DeepSeek-R1-Distill-Qwen-14B-4bit,331.0,10220.0,0.0,0
2026-06-26T15:13:29.237,timeseries,1,User List,mlx-community/DeepSeek-R1-Distill-Qwen-14B-4bit,277.0,9995.0,0.0,0
2026-06-26T15:13:29.299,timeseries,1,User List,mlx-community/DeepSeek-R1-Distill-Qwen-14B-4bit,264.0,8830.0,0.0,0
2026-06-26T15:13:29.366,timeseries,1,User List,mlx-community/DeepSeek-R1-Distill-Qwen-14B-4bit,489.0,10156.0,0.0,0
2026-06-26T15:13:29.431,timeseries,1,User List,mlx-community/DeepSeek-R1-Distill-Qwen-14B-4bit,273.0,10327.0,0.0,0
2026-06-26T15:13:29.492,timeseries,1,User List,mlx-community/DeepSeek-R1-Distill-Qwen-14B-4bit,224.0,9767.0,0.0,0
2026-06-26T15:13:29.556,timeseries,1,User List,mlx-community/DeepSeek-R1-Distill-Qwen-14B-4bit,312.0,8803.0,0.0,0
2026-06-26T15:13:29.619,timeseries,1,User List,mlx-community/DeepSeek-R1-Distill-Qwen-14B-4bit,757.0,10407.0,0.0,0
2026-06-26T15:13:29.683,timeseries,1,User List,mlx-community/DeepSeek-R1-Distill-Qwen-14B-4bit,332.0,8972.0,0.0,0
2026-06-26T15:13:29.746,timeseries,1,User List,mlx-community/DeepSeek-R1-Distill-Qwen-14B-4bit,330.0,10216.0,0.0,0
2026-06-26T15:13:29.810,timeseries,1,User List,mlx-community/DeepSeek-R1-Distill-Qwen-14B-4bit,317.0,10297.0,0.0,0
2026-06-26T15:13:29.873,timeseries,1,User List,mlx-community/DeepSeek-R1-Distill-Qwen-14B-4bit,333.0,8978.0,0.0,0
2026-06-26T15:13:29.937,timeseries,1,User List,mlx-community/DeepSeek-R1-Distill-Qwen-14B-4bit,250.0,10146.0,0.0,0
2026-06-26T15:13:29.999,timeseries,1,User List,mlx-community/DeepSeek-R1-Distill-Qwen-14B-4bit,269.0,9042.0,0.0,0
2026-06-26T15:13:30.062,timeseries,1,User List,mlx-community/DeepSeek-R1-Distill-Qwen-14B-4bit,404.0,10030.0,0.0,0
2026-06-26T15:13:30.125,timeseries,1,User List,mlx-community/DeepSeek-R1-Distill-Qwen-14B-4bit,388.0,9259.0,0.0,0
2026-06-26T15:13:30.189,timeseries,1,User List,mlx-community/DeepSeek-R1-Distill-Qwen-14B-4bit,412.0,10259.0,0.0,0
2026-06-26T15:13:30.253,timeseries,1,User List,mlx-community/DeepSeek-R1-Distill-Qwen-14B-4bit,269.0,10292.0,0.0,0
2026-06-26T15:13:30.317,timeseries,1,User List,mlx-community/DeepSeek-R1-Distill-Qwen-14B-4bit,377.0,8897.0,0.0,0
2026-06-26T15:13:30.379,timeseries,1,User List,mlx-community/DeepSeek-R1-Distill-Qwen-14B-4bit,628.0,10180.0,0.0,0
2026-06-26T15:13:30.442,timeseries,1,User List,mlx-community/DeepSeek-R1-Distill-Qwen-14B-4bit,436.0,8921.0,0.0,0
2026-06-26T15:13:30.505,timeseries,1,User List,mlx-community/DeepSeek-R1-Distill-Qwen-14B-4bit,371.0,10522.0,0.0,0
2026-06-26T15:13:30.568,timeseries,1,User List,mlx-community/DeepSeek-R1-Distill-Qwen-14B-4bit,472.0,10215.0,0.0,0
2026-06-26T15:13:30.630,timeseries,1,User List,mlx-community/DeepSeek-R1-Distill-Qwen-14B-4bit,419.0,9243.0,0.0,0
2026-06-26T15:13:30.694,timeseries,1,User List,mlx-community/DeepSeek-R1-Distill-Qwen-14B-4bit,334.0,10379.0,0.0,0
2026-06-26T15:13:30.756,timeseries,1,User List,mlx-community/DeepSeek-R1-Distill-Qwen-14B-4bit,288.0,9123.0,0.0,0
2026-06-26T15:13:30.820,timeseries,1,User List,mlx-community/DeepSeek-R1-Distill-Qwen-14B-4bit,469.0,9935.0,0.0,0
2026-06-26T15:13:30.883,timeseries,1,User List,mlx-community/DeepSeek-R1-Distill-Qwen-14B-4bit,3381.0,9053.0,0.0,0
2026-06-26T15:13:30.947,timeseries,1,User List,mlx-community/DeepSeek-R1-Distill-Qwen-14B-4bit,7132.0,10274.0,0.0,0
2026-06-26T15:13:31.011,timeseries,1,User List,mlx-community/DeepSeek-R1-Distill-Qwen-14B-4bit,7163.0,10359.0,0.0,0
2026-06-26T15:13:31.074,timeseries,1,User List,mlx-community/DeepSeek-R1-Distill-Qwen-14B-4bit,6902.0,8993.0,0.0,0
2026-06-26T15:13:31.137,timeseries,1,User List,mlx-community/DeepSeek-R1-Distill-Qwen-14B-4bit,4431.0,10012.0,0.0,0
2026-06-26T15:13:31.199,timeseries,1,User List,mlx-community/DeepSeek-R1-Distill-Qwen-14B-4bit,4494.0,9115.0,0.0,0
2026-06-26T15:13:31.261,timeseries,1,User List,mlx-community/DeepSeek-R1-Distill-Qwen-14B-4bit,415.0,10492.0,0.0,0
2026-06-26T15:13:31.324,timeseries,1,User List,mlx-community/DeepSeek-R1-Distill-Qwen-14B-4bit,722.0,9180.0,0.0,0
2026-06-26T15:13:31.386,timeseries,1,User List,mlx-community/DeepSeek-R1-Distill-Qwen-14B-4bit,624.0,10543.0,0.0,0
2026-06-26T15:13:31.450,timeseries,1,User List,mlx-community/DeepSeek-R1-Distill-Qwen-14B-4bit,637.0,9205.0,0.0,0
2026-06-26T15:13:31.511,timeseries,1,User List,mlx-community/DeepSeek-R1-Distill-Qwen-14B-4bit,420.0,10623.0,0.0,0
2026-06-26T15:13:31.577,timeseries,1,User List,mlx-community/DeepSeek-R1-Distill-Qwen-14B-4bit,551.0,8996.0,0.0,0
2026-06-26T15:13:31.641,timeseries,1,User List,mlx-community/DeepSeek-R1-Distill-Qwen-14B-4bit,441.0,10707.0,0.0,0
2026-06-26T15:13:31.705,timeseries,1,User List,mlx-community/DeepSeek-R1-Distill-Qwen-14B-4bit,669.0,9882.0,0.0,0
2026-06-26T15:13:31.769,timeseries,1,User List,mlx-community/DeepSeek-R1-Distill-Qwen-14B-4bit,1239.0,10130.0,0.0,0
2026-06-26T15:13:31.831,timeseries,1,User List,mlx-community/DeepSeek-R1-Distill-Qwen-14B-4bit,514.0,8933.0,0.0,0
2026-06-26T15:13:31.894,timeseries,1,User List,mlx-community/DeepSeek-R1-Distill-Qwen-14B-4bit,484.0,10104.0,0.0,0
2026-06-26T15:13:31.957,timeseries,1,User List,mlx-community/DeepSeek-R1-Distill-Qwen-14B-4bit,324.0,9211.0,0.0,0
2026-06-26T15:13:32.018,timeseries,1,User List,mlx-community/DeepSeek-R1-Distill-Qwen-14B-4bit,316.0,10308.0,0.0,0
2026-06-26T15:13:32.081,timeseries,1,User List,mlx-community/DeepSeek-R1-Distill-Qwen-14B-4bit,525.0,9090.0,0.0,0
2026-06-26T15:13:32.144,timeseries,1,User List,mlx-community/DeepSeek-R1-Distill-Qwen-14B-4bit,404.0,10529.0,0.0,0
2026-06-26T15:13:32.209,timeseries,1,User List,mlx-community/DeepSeek-R1-Distill-Qwen-14B-4bit,319.0,9052.0,0.0,0
2026-06-26T15:13:32.272,timeseries,1,User List,mlx-community/DeepSeek-R1-Distill-Qwen-14B-4bit,252.0,10256.0,0.0,0
2026-06-26T15:13:32.336,timeseries,1,User List,mlx-community/DeepSeek-R1-Distill-Qwen-14B-4bit,325.0,10074.0,0.0,0
2026-06-26T15:13:32.399,timeseries,1,User List,mlx-community/DeepSeek-R1-Distill-Qwen-14B-4bit,302.0,9065.0,0.0,0
2026-06-26T15:13:32.463,timeseries,1,User List,mlx-community/DeepSeek-R1-Distill-Qwen-14B-4bit,282.0,10212.0,0.0,0
2026-06-26T15:13:32.528,timeseries,1,User List,mlx-community/DeepSeek-R1-Distill-Qwen-14B-4bit,256.0,10410.0,0.0,0
2026-06-26T15:13:32.592,timeseries,1,User List,mlx-community/DeepSeek-R1-Distill-Qwen-14B-4bit,416.0,8769.0,0.0,0
2026-06-26T15:13:32.655,timeseries,1,User List,mlx-community/DeepSeek-R1-Distill-Qwen-14B-4bit,353.0,10073.0,0.0,0
2026-06-26T15:13:32.720,timeseries,1,User List,mlx-community/DeepSeek-R1-Distill-Qwen-14B-4bit,315.0,10231.0,0.0,0
2026-06-26T15:13:32.783,timeseries,1,User List,mlx-community/DeepSeek-R1-Distill-Qwen-14B-4bit,302.0,9080.0,0.0,0
2026-06-26T15:13:32.846,timeseries,1,User List,mlx-community/DeepSeek-R1-Distill-Qwen-14B-4bit,275.0,9963.0,0.0,0
2026-06-26T15:13:32.911,timeseries,1,User List,mlx-community/DeepSeek-R1-Distill-Qwen-14B-4bit,347.0,10322.0,0.0,0
2026-06-26T15:13:32.975,timeseries,1,User List,mlx-community/DeepSeek-R1-Distill-Qwen-14B-4bit,302.0,9098.0,0.0,0
2026-06-26T15:13:33.040,timeseries,1,User List,mlx-community/DeepSeek-R1-Distill-Qwen-14B-4bit,296.0,10128.0,0.0,0
2026-06-26T15:13:33.105,timeseries,1,User List,mlx-community/DeepSeek-R1-Distill-Qwen-14B-4bit,467.0,10078.0,0.0,0
2026-06-26T15:13:33.171,timeseries,1,User List,mlx-community/DeepSeek-R1-Distill-Qwen-14B-4bit,946.0,9924.0,0.0,0
2026-06-26T15:13:33.233,timeseries,1,User List,mlx-community/DeepSeek-R1-Distill-Qwen-14B-4bit,412.0,9884.0,0.0,0
2026-06-26T15:13:33.297,timeseries,1,User List,mlx-community/DeepSeek-R1-Distill-Qwen-14B-4bit,364.0,8615.0,0.0,0
2026-06-26T15:13:33.363,timeseries,1,User List,mlx-community/DeepSeek-R1-Distill-Qwen-14B-4bit,689.0,10255.0,0.0,0
2026-06-26T15:13:33.427,timeseries,1,User List,mlx-community/DeepSeek-R1-Distill-Qwen-14B-4bit,2768.0,9842.0,0.0,0
2026-06-26T15:13:33.492,timeseries,1,User List,mlx-community/DeepSeek-R1-Distill-Qwen-14B-4bit,2413.0,8836.0,0.0,0
2026-06-26T15:13:33.557,timeseries,1,User List,mlx-community/DeepSeek-R1-Distill-Qwen-14B-4bit,918.0,10130.0,0.0,0
2026-06-26T15:13:33.622,timeseries,1,User List,mlx-community/DeepSeek-R1-Distill-Qwen-14B-4bit,324.0,10144.0,0.0,0
2026-06-26T15:13:33.688,timeseries,1,User List,mlx-community/DeepSeek-R1-Distill-Qwen-14B-4bit,429.0,10028.0,0.0,0
2026-06-26T15:13:33.753,timeseries,1,User List,mlx-community/DeepSeek-R1-Distill-Qwen-14B-4bit,677.0,8811.0,0.0,0
2026-06-26T15:13:33.817,timeseries,1,User List,mlx-community/DeepSeek-R1-Distill-Qwen-14B-4bit,581.0,9991.0,0.0,0
2026-06-26T15:13:33.881,timeseries,1,User List,mlx-community/DeepSeek-R1-Distill-Qwen-14B-4bit,643.0,9936.0,0.0,0
2026-06-26T15:13:33.945,timeseries,1,User List,mlx-community/DeepSeek-R1-Distill-Qwen-14B-4bit,533.0,10249.0,0.0,0
2026-06-26T15:13:34.008,timeseries,1,User List,mlx-community/DeepSeek-R1-Distill-Qwen-14B-4bit,747.0,9089.0,0.0,0
2026-06-26T15:13:34.072,timeseries,1,User List,mlx-community/DeepSeek-R1-Distill-Qwen-14B-4bit,1291.0,9978.0,0.0,0
2026-06-26T15:13:34.135,timeseries,1,User List,mlx-community/DeepSeek-R1-Distill-Qwen-14B-4bit,1294.0,10434.0,0.0,0
2026-06-26T15:13:34.201,timeseries,1,User List,mlx-community/DeepSeek-R1-Distill-Qwen-14B-4bit,515.0,8939.0,0.0,0
2026-06-26T15:13:34.265,timeseries,1,User List,mlx-community/DeepSeek-R1-Distill-Qwen-14B-4bit,711.0,10344.0,0.0,0
2026-06-26T15:13:34.330,timeseries,1,User List,mlx-community/DeepSeek-R1-Distill-Qwen-14B-4bit,1046.0,10057.0,0.0,0
2026-06-26T15:13:34.395,timeseries,1,User List,mlx-community/DeepSeek-R1-Distill-Qwen-14B-4bit,620.0,10181.0,0.0,0
2026-06-26T15:13:34.460,timeseries,1,User List,mlx-community/DeepSeek-R1-Distill-Qwen-14B-4bit,569.0,8812.0,0.0,0
2026-06-26T15:13:34.523,timeseries,1,User List,mlx-community/DeepSeek-R1-Distill-Qwen-14B-4bit,737.0,10050.0,0.0,0
2026-06-26T15:13:34.587,timeseries,1,User List,mlx-community/DeepSeek-R1-Distill-Qwen-14B-4bit,1176.0,10118.0,0.0,0
2026-06-26T15:13:34.651,timeseries,1,User List,mlx-community/DeepSeek-R1-Distill-Qwen-14B-4bit,634.0,9136.0,0.0,0
2026-06-26T15:13:34.717,timeseries,1,User List,mlx-community/DeepSeek-R1-Distill-Qwen-14B-4bit,578.0,10225.0,0.0,0
2026-06-26T15:13:34.781,timeseries,1,User List,mlx-community/DeepSeek-R1-Distill-Qwen-14B-4bit,531.0,10222.0,0.0,0
2026-06-26T15:13:34.846,timeseries,1,User List,mlx-community/DeepSeek-R1-Distill-Qwen-14B-4bit,599.0,10087.0,0.0,0
2026-06-26T15:13:34.910,timeseries,1,User List,mlx-community/DeepSeek-R1-Distill-Qwen-14B-4bit,585.0,8848.0,0.0,0
2026-06-26T15:13:34.972,timeseries,1,User List,mlx-community/DeepSeek-R1-Distill-Qwen-14B-4bit,556.0,10142.0,0.0,0
2026-06-26T15:13:35.037,timeseries,1,User List,mlx-community/DeepSeek-R1-Distill-Qwen-14B-4bit,784.0,10241.0,0.0,0
2026-06-26T15:13:35.101,timeseries,1,User List,mlx-community/DeepSeek-R1-Distill-Qwen-14B-4bit,1003.0,9171.0,0.0,0
2026-06-26T15:13:35.166,timeseries,1,User List,mlx-community/DeepSeek-R1-Distill-Qwen-14B-4bit,770.0,10084.0,0.0,0
2026-06-26T15:13:35.231,timeseries,1,User List,mlx-community/DeepSeek-R1-Distill-Qwen-14B-4bit,615.0,10332.0,0.0,0
2026-06-26T15:13:35.296,timeseries,1,User List,mlx-community/DeepSeek-R1-Distill-Qwen-14B-4bit,659.0,10060.0,0.0,0
2026-06-26T15:13:35.362,timeseries,1,User List,mlx-community/DeepSeek-R1-Distill-Qwen-14B-4bit,1379.0,8786.0,0.0,0
2026-06-26T15:13:35.425,timeseries,1,User List,mlx-community/DeepSeek-R1-Distill-Qwen-14B-4bit,734.0,10007.0,0.0,0
2026-06-26T15:13:35.490,timeseries,1,User List,mlx-community/DeepSeek-R1-Distill-Qwen-14B-4bit,597.0,10049.0,0.0,0
2026-06-26T15:13:35.555,timeseries,1,User List,mlx-community/DeepSeek-R1-Distill-Qwen-14B-4bit,1390.0,10202.0,0.0,0
2026-06-26T15:13:35.620,timeseries,1,User List,mlx-community/DeepSeek-R1-Distill-Qwen-14B-4bit,706.0,10103.0,0.0,0
2026-06-26T15:13:35.684,timeseries,1,User List,mlx-community/DeepSeek-R1-Distill-Qwen-14B-4bit,449.0,8926.0,0.0,0
2026-06-26T15:13:35.748,timeseries,1,User List,mlx-community/DeepSeek-R1-Distill-Qwen-14B-4bit,581.0,10038.0,0.0,0
2026-06-26T15:13:35.812,timeseries,1,User List,mlx-community/DeepSeek-R1-Distill-Qwen-14B-4bit,679.0,10337.0,0.0,0
2026-06-26T15:13:35.876,timeseries,1,User List,mlx-community/DeepSeek-R1-Distill-Qwen-14B-4bit,622.0,8894.0,0.0,0
2026-06-26T15:13:35.940,timeseries,1,User List,mlx-community/DeepSeek-R1-Distill-Qwen-14B-4bit,458.0,10377.0,0.0,0
2026-06-26T15:13:36.005,timeseries,1,User List,mlx-community/DeepSeek-R1-Distill-Qwen-14B-4bit,541.0,10142.0,0.0,0
2026-06-26T15:13:36.069,timeseries,1,User List,mlx-community/DeepSeek-R1-Distill-Qwen-14B-4bit,1263.0,10200.0,0.0,0
2026-06-26T15:13:36.134,timeseries,1,User List,mlx-community/DeepSeek-R1-Distill-Qwen-14B-4bit,620.0,8967.0,0.0,0
2026-06-26T15:13:36.200,timeseries,1,User List,mlx-community/DeepSeek-R1-Distill-Qwen-14B-4bit,606.0,10180.0,0.0,0
2026-06-26T15:13:36.265,timeseries,1,User List,mlx-community/DeepSeek-R1-Distill-Qwen-14B-4bit,448.0,10136.0,0.0,0
2026-06-26T15:13:36.330,timeseries,1,User List,mlx-community/DeepSeek-R1-Distill-Qwen-14B-4bit,1041.0,9841.0,0.0,0
2026-06-26T15:13:36.395,timeseries,1,User List,mlx-community/DeepSeek-R1-Distill-Qwen-14B-4bit,601.0,10140.0,0.0,0
2026-06-26T15:13:36.460,timeseries,1,User List,mlx-community/DeepSeek-R1-Distill-Qwen-14B-4bit,587.0,8867.0,0.0,0
2026-06-26T15:13:36.524,timeseries,1,User List,mlx-community/DeepSeek-R1-Distill-Qwen-14B-4bit,429.0,10044.0,0.0,0
2026-06-26T15:13:36.587,timeseries,1,User List,mlx-community/DeepSeek-R1-Distill-Qwen-14B-4bit,1372.0,10190.0,0.0,0
2026-06-26T15:13:36.651,timeseries,1,User List,mlx-community/DeepSeek-R1-Distill-Qwen-14B-4bit,706.0,10303.0,0.0,0
2026-06-26T15:13:36.716,timeseries,1,User List,mlx-community/DeepSeek-R1-Distill-Qwen-14B-4bit,578.0,9004.0,0.0,0
2026-06-26T15:13:36.781,timeseries,1,User List,mlx-community/DeepSeek-R1-Distill-Qwen-14B-4bit,580.0,10268.0,0.0,0
2026-06-26T15:13:36.846,timeseries,1,User List,mlx-community/DeepSeek-R1-Distill-Qwen-14B-4bit,449.0,10179.0,0.0,0
2026-06-26T15:13:36.911,timeseries,1,User List,mlx-community/DeepSeek-R1-Distill-Qwen-14B-4bit,673.0,10060.0,0.0,0
2026-06-26T15:13:36.975,timeseries,1,User List,mlx-community/DeepSeek-R1-Distill-Qwen-14B-4bit,570.0,8846.0,0.0,0
2026-06-26T15:13:37.040,timeseries,1,User List,mlx-community/DeepSeek-R1-Distill-Qwen-14B-4bit,959.0,10146.0,0.0,0
2026-06-26T15:13:37.105,timeseries,1,User List,mlx-community/DeepSeek-R1-Distill-Qwen-14B-4bit,673.0,10302.0,0.0,0
2026-06-26T15:13:37.168,timeseries,1,User List,mlx-community/DeepSeek-R1-Distill-Qwen-14B-4bit,690.0,10072.0,0.0,0
2026-06-26T15:13:37.233,timeseries,1,User List,mlx-community/DeepSeek-R1-Distill-Qwen-14B-4bit,623.0,8960.0,0.0,0
2026-06-26T15:13:37.298,timeseries,1,User List,mlx-community/DeepSeek-R1-Distill-Qwen-14B-4bit,579.0,10317.0,0.0,0
2026-06-26T15:13:37.362,timeseries,1,User List,mlx-community/DeepSeek-R1-Distill-Qwen-14B-4bit,1027.0,10027.0,0.0,0
2026-06-26T15:13:37.427,timeseries,1,User List,mlx-community/DeepSeek-R1-Distill-Qwen-14B-4bit,496.0,8995.0,0.0,0
2026-06-26T15:13:37.490,timeseries,1,User List,mlx-community/DeepSeek-R1-Distill-Qwen-14B-4bit,604.0,10256.0,0.0,0
2026-06-26T15:13:37.555,timeseries,1,User List,mlx-community/DeepSeek-R1-Distill-Qwen-14B-4bit,1322.0,10299.0,0.0,0
2026-06-26T15:13:37.619,timeseries,1,User List,mlx-community/DeepSeek-R1-Distill-Qwen-14B-4bit,690.0,10409.0,0.0,0
2026-06-26T15:13:37.683,timeseries,1,User List,mlx-community/DeepSeek-R1-Distill-Qwen-14B-4bit,738.0,8871.0,0.0,0
2026-06-26T15:13:37.747,timeseries,1,User List,mlx-community/DeepSeek-R1-Distill-Qwen-14B-4bit,586.0,10482.0,0.0,0
2026-06-26T15:13:37.811,timeseries,1,User List,mlx-community/DeepSeek-R1-Distill-Qwen-14B-4bit,595.0,10345.0,0.0,0
2026-06-26T15:13:37.876,timeseries,1,User List,mlx-community/DeepSeek-R1-Distill-Qwen-14B-4bit,595.0,9076.0,0.0,0
2026-06-26T15:13:37.940,timeseries,1,User List,mlx-community/DeepSeek-R1-Distill-Qwen-14B-4bit,669.0,10272.0,0.0,0
2026-06-26T15:13:38.006,timeseries,1,User List,mlx-community/DeepSeek-R1-Distill-Qwen-14B-4bit,414.0,10172.0,0.0,0
2026-06-26T15:13:38.070,timeseries,1,User List,mlx-community/DeepSeek-R1-Distill-Qwen-14B-4bit,1167.0,10253.0,0.0,0
2026-06-26T15:13:38.134,timeseries,1,User List,mlx-community/DeepSeek-R1-Distill-Qwen-14B-4bit,641.0,8902.0,0.0,0
2026-06-26T15:13:38.199,timeseries,1,User List,mlx-community/DeepSeek-R1-Distill-Qwen-14B-4bit,683.0,10254.0,0.0,0
2026-06-26T15:13:38.264,timeseries,1,User List,mlx-community/DeepSeek-R1-Distill-Qwen-14B-4bit,437.0,10309.0,0.0,0
2026-06-26T15:13:38.329,timeseries,1,User List,mlx-community/DeepSeek-R1-Distill-Qwen-14B-4bit,950.0,10113.0,0.0,0
2026-06-26T15:13:38.393,timeseries,1,User List,mlx-community/DeepSeek-R1-Distill-Qwen-14B-4bit,624.0,8971.0,0.0,0
2026-06-26T15:13:38.458,timeseries,1,User List,mlx-community/DeepSeek-R1-Distill-Qwen-14B-4bit,907.0,10095.0,0.0,0
2026-06-26T15:13:38.522,timeseries,1,User List,mlx-community/DeepSeek-R1-Distill-Qwen-14B-4bit,2939.0,9994.0,0.0,0
2026-06-26T15:13:38.586,timeseries,1,User List,mlx-community/DeepSeek-R1-Distill-Qwen-14B-4bit,3834.0,10057.0,0.0,0
2026-06-26T15:13:38.649,timeseries,1,User List,mlx-community/DeepSeek-R1-Distill-Qwen-14B-4bit,1538.0,9028.0,0.0,0
2026-06-26T15:13:38.713,timeseries,1,User List,mlx-community/DeepSeek-R1-Distill-Qwen-14B-4bit,660.0,10407.0,0.0,0
2026-06-26T15:13:38.778,timeseries,1,User List,mlx-community/DeepSeek-R1-Distill-Qwen-14B-4bit,336.0,9214.0,0.0,0
2026-06-26T15:13:38.843,timeseries,1,User List,mlx-community/DeepSeek-R1-Distill-Qwen-14B-4bit,357.0,10225.0,0.0,0
2026-06-26T15:13:38.907,timeseries,1,User List,mlx-community/DeepSeek-R1-Distill-Qwen-14B-4bit,561.0,9992.0,0.0,0
2026-06-26T15:13:38.971,timeseries,1,User List,mlx-community/DeepSeek-R1-Distill-Qwen-14B-4bit,665.0,10241.0,0.0,0
2026-06-26T15:13:39.034,timeseries,1,User List,mlx-community/DeepSeek-R1-Distill-Qwen-14B-4bit,653.0,10238.0,0.0,0
2026-06-26T15:13:39.099,timeseries,1,User List,mlx-community/DeepSeek-R1-Distill-Qwen-14B-4bit,991.0,9090.0,0.0,0
2026-06-26T15:13:39.164,timeseries,1,User List,mlx-community/DeepSeek-R1-Distill-Qwen-14B-4bit,623.0,10563.0,0.0,0
2026-06-26T15:13:39.229,timeseries,1,User List,mlx-community/DeepSeek-R1-Distill-Qwen-14B-4bit,703.0,10023.0,0.0,0
2026-06-26T15:13:39.293,timeseries,1,User List,mlx-community/DeepSeek-R1-Distill-Qwen-14B-4bit,618.0,8920.0,0.0,0
2026-06-26T15:13:39.358,timeseries,1,User List,mlx-community/DeepSeek-R1-Distill-Qwen-14B-4bit,971.0,10079.0,0.0,0
2026-06-26T15:13:39.423,timeseries,1,User List,mlx-community/DeepSeek-R1-Distill-Qwen-14B-4bit,464.0,10195.0,0.0,0
2026-06-26T15:13:39.489,timeseries,1,User List,mlx-community/DeepSeek-R1-Distill-Qwen-14B-4bit,645.0,10124.0,0.0,0
2026-06-26T15:13:39.553,timeseries,1,User List,mlx-community/DeepSeek-R1-Distill-Qwen-14B-4bit,1113.0,10167.0,0.0,0
2026-06-26T15:13:39.617,timeseries,1,User List,mlx-community/DeepSeek-R1-Distill-Qwen-14B-4bit,624.0,8827.0,0.0,0
2026-06-26T15:13:39.682,timeseries,1,User List,mlx-community/DeepSeek-R1-Distill-Qwen-14B-4bit,453.0,10279.0,0.0,0
2026-06-26T15:13:39.747,timeseries,1,User List,mlx-community/DeepSeek-R1-Distill-Qwen-14B-4bit,855.0,10245.0,0.0,0
2026-06-26T15:13:39.813,timeseries,1,User List,mlx-community/DeepSeek-R1-Distill-Qwen-14B-4bit,576.0,10256.0,0.0,0
2026-06-26T15:13:39.878,timeseries,1,User List,mlx-community/DeepSeek-R1-Distill-Qwen-14B-4bit,565.0,10068.0,0.0,0
2026-06-26T15:13:39.942,timeseries,1,User List,mlx-community/DeepSeek-R1-Distill-Qwen-14B-4bit,576.0,8738.0,0.0,0
2026-06-26T15:13:40.006,timeseries,1,User List,mlx-community/DeepSeek-R1-Distill-Qwen-14B-4bit,506.0,10127.0,0.0,0
2026-06-26T15:13:40.070,timeseries,1,User List,mlx-community/DeepSeek-R1-Distill-Qwen-14B-4bit,1236.0,10296.0,0.0,0
2026-06-26T15:13:40.134,timeseries,1,User List,mlx-community/DeepSeek-R1-Distill-Qwen-14B-4bit,636.0,9046.0,0.0,0
2026-06-26T15:13:40.198,timeseries,1,User List,mlx-community/DeepSeek-R1-Distill-Qwen-14B-4bit,578.0,10291.0,0.0,0
2026-06-26T15:13:40.263,timeseries,1,User List,mlx-community/DeepSeek-R1-Distill-Qwen-14B-4bit,536.0,10369.0,0.0,0
2026-06-26T15:13:40.327,timeseries,1,User List,mlx-community/DeepSeek-R1-Distill-Qwen-14B-4bit,994.0,10218.0,0.0,0
2026-06-26T15:13:40.392,timeseries,1,User List,mlx-community/DeepSeek-R1-Distill-Qwen-14B-4bit,620.0,8921.0,0.0,0
2026-06-26T15:13:40.457,timeseries,1,User List,mlx-community/DeepSeek-R1-Distill-Qwen-14B-4bit,572.0,10190.0,0.0,0
2026-06-26T15:13:40.520,timeseries,1,User List,mlx-community/DeepSeek-R1-Distill-Qwen-14B-4bit,635.0,10188.0,0.0,0
2026-06-26T15:13:40.584,timeseries,1,User List,mlx-community/DeepSeek-R1-Distill-Qwen-14B-4bit,1019.0,8927.0,0.0,0
2026-06-26T15:13:40.649,timeseries,1,User List,mlx-community/DeepSeek-R1-Distill-Qwen-14B-4bit,650.0,10464.0,0.0,0
2026-06-26T15:13:40.713,timeseries,1,User List,mlx-community/DeepSeek-R1-Distill-Qwen-14B-4bit,562.0,10298.0,0.0,0
2026-06-26T15:13:40.778,timeseries,1,User List,mlx-community/DeepSeek-R1-Distill-Qwen-14B-4bit,862.0,10163.0,0.0,0
2026-06-26T15:13:40.843,timeseries,1,User List,mlx-community/DeepSeek-R1-Distill-Qwen-14B-4bit,449.0,8927.0,0.0,0
2026-06-26T15:13:40.908,timeseries,1,User List,mlx-community/DeepSeek-R1-Distill-Qwen-14B-4bit,553.0,10132.0,0.0,0
2026-06-26T15:13:40.972,timeseries,1,User List,mlx-community/DeepSeek-R1-Distill-Qwen-14B-4bit,554.0,10180.0,0.0,0
2026-06-26T15:13:41.036,timeseries,1,User List,mlx-community/DeepSeek-R1-Distill-Qwen-14B-4bit,777.0,10206.0,0.0,0
2026-06-26T15:13:41.101,timeseries,1,User List,mlx-community/DeepSeek-R1-Distill-Qwen-14B-4bit,1106.0,9037.0,0.0,0
2026-06-26T15:13:41.166,timeseries,1,User List,mlx-community/DeepSeek-R1-Distill-Qwen-14B-4bit,497.0,10284.0,0.0,0
2026-06-26T15:13:41.230,timeseries,1,User List,mlx-community/DeepSeek-R1-Distill-Qwen-14B-4bit,577.0,10316.0,0.0,0
2026-06-26T15:13:41.295,timeseries,1,User List,mlx-community/DeepSeek-R1-Distill-Qwen-14B-4bit,643.0,10110.0,0.0,0
2026-06-26T15:13:41.359,timeseries,1,User List,mlx-community/DeepSeek-R1-Distill-Qwen-14B-4bit,1009.0,8895.0,0.0,0
2026-06-26T15:13:41.423,timeseries,1,User List,mlx-community/DeepSeek-R1-Distill-Qwen-14B-4bit,474.0,10071.0,0.0,0
2026-06-26T15:13:41.488,timeseries,1,User List,mlx-community/DeepSeek-R1-Distill-Qwen-14B-4bit,549.0,10355.0,0.0,0
2026-06-26T15:13:41.552,timeseries,1,User List,mlx-community/DeepSeek-R1-Distill-Qwen-14B-4bit,1246.0,10266.0,0.0,0
2026-06-26T15:13:41.615,timeseries,1,User List,mlx-community/DeepSeek-R1-Distill-Qwen-14B-4bit,607.0,9080.0,0.0,0
2026-06-26T15:13:41.680,timeseries,1,User List,mlx-community/DeepSeek-R1-Distill-Qwen-14B-4bit,595.0,10321.0,0.0,0
2026-06-26T15:13:41.744,timeseries,1,User List,mlx-community/DeepSeek-R1-Distill-Qwen-14B-4bit,440.0,10380.0,0.0,0
2026-06-26T15:13:41.809,timeseries,1,User List,mlx-community/DeepSeek-R1-Distill-Qwen-14B-4bit,860.0,9036.0,0.0,0
2026-06-26T15:13:41.874,timeseries,1,User List,mlx-community/DeepSeek-R1-Distill-Qwen-14B-4bit,584.0,10160.0,0.0,0
2026-06-26T15:13:41.938,timeseries,1,User List,mlx-community/DeepSeek-R1-Distill-Qwen-14B-4bit,538.0,10172.0,0.0,0
2026-06-26T15:13:42.003,timeseries,1,User List,mlx-community/DeepSeek-R1-Distill-Qwen-14B-4bit,432.0,10159.0,0.0,0
2026-06-26T15:13:42.068,timeseries,1,User List,mlx-community/DeepSeek-R1-Distill-Qwen-14B-4bit,1198.0,8962.0,0.0,0
2026-06-26T15:13:42.134,timeseries,1,User List,mlx-community/DeepSeek-R1-Distill-Qwen-14B-4bit,619.0,10302.0,0.0,0
2026-06-26T15:13:42.198,timeseries,1,User List,mlx-community/DeepSeek-R1-Distill-Qwen-14B-4bit,619.0,10217.0,0.0,0
2026-06-26T15:13:42.263,timeseries,1,User List,mlx-community/DeepSeek-R1-Distill-Qwen-14B-4bit,568.0,10102.0,0.0,0
2026-06-26T15:13:42.329,timeseries,1,User List,mlx-community/DeepSeek-R1-Distill-Qwen-14B-4bit,919.0,10083.0,0.0,0
2026-06-26T15:13:42.393,timeseries,1,User List,mlx-community/DeepSeek-R1-Distill-Qwen-14B-4bit,573.0,8986.0,0.0,0
2026-06-26T15:13:42.458,timeseries,1,User List,mlx-community/DeepSeek-R1-Distill-Qwen-14B-4bit,575.0,9966.0,0.0,0
2026-06-26T15:13:42.522,timeseries,1,User List,mlx-community/DeepSeek-R1-Distill-Qwen-14B-4bit,557.0,10229.0,0.0,0
2026-06-26T15:13:42.586,timeseries,1,User List,mlx-community/DeepSeek-R1-Distill-Qwen-14B-4bit,1166.0,10289.0,0.0,0
2026-06-26T15:13:42.651,timeseries,1,User List,mlx-community/DeepSeek-R1-Distill-Qwen-14B-4bit,592.0,9028.0,0.0,0
2026-06-26T15:13:42.716,timeseries,1,User List,mlx-community/DeepSeek-R1-Distill-Qwen-14B-4bit,606.0,10266.0,0.0,0
2026-06-26T15:13:42.780,timeseries,1,User List,mlx-community/DeepSeek-R1-Distill-Qwen-14B-4bit,560.0,10284.0,0.0,0
2026-06-26T15:13:42.846,timeseries,1,User List,mlx-community/DeepSeek-R1-Distill-Qwen-14B-4bit,873.0,10128.0,0.0,0
2026-06-26T15:13:42.911,timeseries,1,User List,mlx-community/DeepSeek-R1-Distill-Qwen-14B-4bit,449.0,10243.0,0.0,0
2026-06-26T15:13:42.976,timeseries,1,User List,mlx-community/DeepSeek-R1-Distill-Qwen-14B-4bit,551.0,8862.0,0.0,0
2026-06-26T15:13:43.039,timeseries,1,User List,mlx-community/DeepSeek-R1-Distill-Qwen-14B-4bit,995.0,10133.0,0.0,0
2026-06-26T15:13:43.104,timeseries,1,User List,mlx-community/DeepSeek-R1-Distill-Qwen-14B-4bit,847.0,10216.0,0.0,0
2026-06-26T15:13:43.168,timeseries,1,User List,mlx-community/DeepSeek-R1-Distill-Qwen-14B-4bit,603.0,9188.0,0.0,0
2026-06-26T15:13:43.233,timeseries,1,User List,mlx-community/DeepSeek-R1-Distill-Qwen-14B-4bit,447.0,10189.0,0.0,0
2026-06-26T15:13:43.298,timeseries,1,User List,mlx-community/DeepSeek-R1-Distill-Qwen-14B-4bit,597.0,10397.0,0.0,0
2026-06-26T15:13:43.363,timeseries,1,User List,mlx-community/DeepSeek-R1-Distill-Qwen-14B-4bit,1041.0,10087.0,0.0,0
2026-06-26T15:13:43.429,timeseries,1,User List,mlx-community/DeepSeek-R1-Distill-Qwen-14B-4bit,892.0,10124.0,0.0,0
2026-06-26T15:13:43.490,timeseries,1,User List,mlx-community/DeepSeek-R1-Distill-Qwen-14B-4bit,2232.0,8743.0,0.0,0
2026-06-26T15:13:43.555,timeseries,1,User List,mlx-community/DeepSeek-R1-Distill-Qwen-14B-4bit,551.0,10061.0,0.0,0
2026-06-26T15:13:43.618,timeseries,1,User List,mlx-community/DeepSeek-R1-Distill-Qwen-14B-4bit,308.0,10776.0,0.0,0
2026-06-26T15:13:43.683,timeseries,1,User List,mlx-community/DeepSeek-R1-Distill-Qwen-14B-4bit,825.0,8857.0,0.0,0
2026-06-26T15:13:43.747,timeseries,1,User List,mlx-community/DeepSeek-R1-Distill-Qwen-14B-4bit,1486.0,10384.0,0.0,0
2026-06-26T15:13:43.813,timeseries,1,User List,mlx-community/DeepSeek-R1-Distill-Qwen-14B-4bit,493.0,10162.0,0.0,0
2026-06-26T15:13:43.876,timeseries,1,User List,mlx-community/DeepSeek-R1-Distill-Qwen-14B-4bit,439.0,9087.0,0.0,0
2026-06-26T15:13:43.942,timeseries,1,User List,mlx-community/DeepSeek-R1-Distill-Qwen-14B-4bit,319.0,10033.0,0.0,0
2026-06-26T15:13:44.004,timeseries,1,User List,mlx-community/DeepSeek-R1-Distill-Qwen-14B-4bit,252.0,10373.0,0.0,0
2026-06-26T15:13:44.068,timeseries,1,User List,mlx-community/DeepSeek-R1-Distill-Qwen-14B-4bit,348.0,9956.0,0.0,0
2026-06-26T15:13:44.132,timeseries,1,User List,mlx-community/DeepSeek-R1-Distill-Qwen-14B-4bit,322.0,9369.0,0.0,0
2026-06-26T15:13:44.196,timeseries,1,User List,mlx-community/DeepSeek-R1-Distill-Qwen-14B-4bit,237.0,10440.0,0.0,0
2026-06-26T15:13:44.261,timeseries,1,User List,mlx-community/DeepSeek-R1-Distill-Qwen-14B-4bit,234.0,10289.0,0.0,0
2026-06-26T15:13:44.326,timeseries,1,User List,mlx-community/DeepSeek-R1-Distill-Qwen-14B-4bit,279.0,8926.0,0.0,0
2026-06-26T15:13:44.390,timeseries,1,User List,mlx-community/DeepSeek-R1-Distill-Qwen-14B-4bit,339.0,10140.0,0.0,0
2026-06-26T15:13:44.455,timeseries,1,User List,mlx-community/DeepSeek-R1-Distill-Qwen-14B-4bit,247.0,10194.0,0.0,0
2026-06-26T15:13:44.519,timeseries,1,User List,mlx-community/DeepSeek-R1-Distill-Qwen-14B-4bit,233.0,10265.0,0.0,0
2026-06-26T15:13:44.583,timeseries,1,User List,mlx-community/DeepSeek-R1-Distill-Qwen-14B-4bit,353.0,8789.0,0.0,0
2026-06-26T15:13:44.647,timeseries,1,User List,mlx-community/DeepSeek-R1-Distill-Qwen-14B-4bit,283.0,10426.0,0.0,0
2026-06-26T15:13:44.711,timeseries,1,User List,mlx-community/DeepSeek-R1-Distill-Qwen-14B-4bit,235.0,10319.0,0.0,0
2026-06-26T15:13:44.777,timeseries,1,User List,mlx-community/DeepSeek-R1-Distill-Qwen-14B-4bit,252.0,9088.0,0.0,0
2026-06-26T15:13:44.842,timeseries,1,User List,mlx-community/DeepSeek-R1-Distill-Qwen-14B-4bit,234.0,10273.0,0.0,0
2026-06-26T15:13:44.907,timeseries,1,User List,mlx-community/DeepSeek-R1-Distill-Qwen-14B-4bit,272.0,9951.0,0.0,0
2026-06-26T15:13:44.972,timeseries,1,User List,mlx-community/DeepSeek-R1-Distill-Qwen-14B-4bit,291.0,10114.0,0.0,0
2026-06-26T15:13:45.035,timeseries,1,User List,mlx-community/DeepSeek-R1-Distill-Qwen-14B-4bit,217.0,10242.0,0.0,0
2026-06-26T15:13:45.100,timeseries,1,User List,mlx-community/DeepSeek-R1-Distill-Qwen-14B-4bit,411.0,8742.0,0.0,0
2026-06-26T15:13:45.165,timeseries,1,User List,mlx-community/DeepSeek-R1-Distill-Qwen-14B-4bit,239.0,10594.0,0.0,0
2026-06-26T15:13:45.229,timeseries,1,User List,mlx-community/DeepSeek-R1-Distill-Qwen-14B-4bit,245.0,10087.0,0.0,0
2026-06-26T15:13:45.292,timeseries,1,User List,mlx-community/DeepSeek-R1-Distill-Qwen-14B-4bit,247.0,8951.0,0.0,0
2026-06-26T15:13:45.355,timeseries,1,User List,mlx-community/DeepSeek-R1-Distill-Qwen-14B-4bit,436.0,10175.0,0.0,0
2026-06-26T15:13:45.420,timeseries,1,User List,mlx-community/DeepSeek-R1-Distill-Qwen-14B-4bit,321.0,10577.0,0.0,0
2026-06-26T15:13:45.482,timeseries,1,User List,mlx-community/DeepSeek-R1-Distill-Qwen-14B-4bit,238.0,9187.0,0.0,0
2026-06-26T15:13:45.544,timeseries,1,User List,mlx-community/DeepSeek-R1-Distill-Qwen-14B-4bit,293.0,10169.0,0.0,0
2026-06-26T15:13:45.609,timeseries,1,User List,mlx-community/DeepSeek-R1-Distill-Qwen-14B-4bit,413.0,9154.0,0.0,0
2026-06-26T15:13:45.674,timeseries,1,User List,mlx-community/DeepSeek-R1-Distill-Qwen-14B-4bit,274.0,10670.0,0.0,0
2026-06-26T15:13:45.739,timeseries,1,User List,mlx-community/DeepSeek-R1-Distill-Qwen-14B-4bit,278.0,10198.0,0.0,0
2026-06-26T15:13:45.804,timeseries,1,User List,mlx-community/DeepSeek-R1-Distill-Qwen-14B-4bit,262.0,10199.0,0.0,0
2026-06-26T15:13:45.867,timeseries,1,User List,mlx-community/DeepSeek-R1-Distill-Qwen-14B-4bit,247.0,8945.0,0.0,0
2026-06-26T15:13:45.932,timeseries,1,User List,mlx-community/DeepSeek-R1-Distill-Qwen-14B-4bit,249.0,10254.0,0.0,0
2026-06-26T15:13:45.993,timeseries,1,User List,mlx-community/DeepSeek-R1-Distill-Qwen-14B-4bit,296.0,10263.0,0.0,0
2026-06-26T15:13:46.057,timeseries,1,User List,mlx-community/DeepSeek-R1-Distill-Qwen-14B-4bit,331.0,9053.0,0.0,0
2026-06-26T15:13:46.121,timeseries,1,User List,mlx-community/DeepSeek-R1-Distill-Qwen-14B-4bit,319.0,10635.0,0.0,0
2026-06-26T15:13:46.184,timeseries,1,User List,mlx-community/DeepSeek-R1-Distill-Qwen-14B-4bit,253.0,10450.0,0.0,0
2026-06-26T15:13:46.249,timeseries,1,User List,mlx-community/DeepSeek-R1-Distill-Qwen-14B-4bit,265.0,9014.0,0.0,0
2026-06-26T15:13:46.313,timeseries,1,User List,mlx-community/DeepSeek-R1-Distill-Qwen-14B-4bit,267.0,10356.0,0.0,0
2026-06-26T15:13:46.377,timeseries,1,User List,mlx-community/DeepSeek-R1-Distill-Qwen-14B-4bit,372.0,10169.0,0.0,0
2026-06-26T15:13:46.442,timeseries,1,User List,mlx-community/DeepSeek-R1-Distill-Qwen-14B-4bit,281.0,9019.0,0.0,0
2026-06-26T15:13:46.505,timeseries,1,User List,mlx-community/DeepSeek-R1-Distill-Qwen-14B-4bit,249.0,10321.0,0.0,0
2026-06-26T15:13:46.570,timeseries,1,User List,mlx-community/DeepSeek-R1-Distill-Qwen-14B-4bit,340.0,10147.0,0.0,0
2026-06-26T15:13:46.634,timeseries,1,User List,mlx-community/DeepSeek-R1-Distill-Qwen-14B-4bit,300.0,9212.0,0.0,0
2026-06-26T15:13:46.701,timeseries,1,User List,mlx-community/DeepSeek-R1-Distill-Qwen-14B-4bit,249.0,10303.0,0.0,0
2026-06-26T15:13:46.767,timeseries,1,User List,mlx-community/DeepSeek-R1-Distill-Qwen-14B-4bit,235.0,10276.0,0.0,0
2026-06-26T15:13:46.831,timeseries,1,User List,mlx-community/DeepSeek-R1-Distill-Qwen-14B-4bit,417.0,9609.0,0.0,0
2026-06-26T15:13:46.896,timeseries,1,User List,mlx-community/DeepSeek-R1-Distill-Qwen-14B-4bit,286.0,9938.0,0.0,0
2026-06-26T15:13:46.959,timeseries,1,User List,mlx-community/DeepSeek-R1-Distill-Qwen-14B-4bit,238.0,9192.0,0.0,0
2026-06-26T15:13:47.021,timeseries,1,User List,mlx-community/DeepSeek-R1-Distill-Qwen-14B-4bit,279.0,10182.0,0.0,0
2026-06-26T15:13:47.084,timeseries,1,User List,mlx-community/DeepSeek-R1-Distill-Qwen-14B-4bit,499.0,10281.0,0.0,0
2026-06-26T15:13:47.148,timeseries,1,User List,mlx-community/DeepSeek-R1-Distill-Qwen-14B-4bit,276.0,9451.0,0.0,0
2026-06-26T15:13:47.212,timeseries,1,User List,mlx-community/DeepSeek-R1-Distill-Qwen-14B-4bit,285.0,10432.0,0.0,0
2026-06-26T15:13:47.276,timeseries,1,User List,mlx-community/DeepSeek-R1-Distill-Qwen-14B-4bit,253.0,9110.0,0.0,0
2026-06-26T15:13:47.341,timeseries,1,User List,mlx-community/DeepSeek-R1-Distill-Qwen-14B-4bit,337.0,10074.0,0.0,0
2026-06-26T15:13:47.405,timeseries,1,User List,mlx-community/DeepSeek-R1-Distill-Qwen-14B-4bit,268.0,10414.0,0.0,0
2026-06-26T15:13:47.471,timeseries,1,User List,mlx-community/DeepSeek-R1-Distill-Qwen-14B-4bit,231.0,10174.0,0.0,0
2026-06-26T15:13:47.534,timeseries,1,User List,mlx-community/DeepSeek-R1-Distill-Qwen-14B-4bit,218.0,10252.0,0.0,0
2026-06-26T15:13:47.597,timeseries,1,User List,mlx-community/DeepSeek-R1-Distill-Qwen-14B-4bit,471.0,8766.0,0.0,0
2026-06-26T15:13:47.661,timeseries,1,User List,mlx-community/DeepSeek-R1-Distill-Qwen-14B-4bit,287.0,10589.0,0.0,0
2026-06-26T15:13:47.725,timeseries,1,User List,mlx-community/DeepSeek-R1-Distill-Qwen-14B-4bit,251.0,9071.0,0.0,0
2026-06-26T15:13:47.790,timeseries,1,User List,mlx-community/DeepSeek-R1-Distill-Qwen-14B-4bit,252.0,10400.0,0.0,0
2026-06-26T15:13:47.853,timeseries,1,User List,mlx-community/DeepSeek-R1-Distill-Qwen-14B-4bit,249.0,10270.0,0.0,0
2026-06-26T15:13:47.918,timeseries,1,User List,mlx-community/DeepSeek-R1-Distill-Qwen-14B-4bit,341.0,8906.0,0.0,0
2026-06-26T15:13:47.982,timeseries,1,User List,mlx-community/DeepSeek-R1-Distill-Qwen-14B-4bit,250.0,10341.0,0.0,0
2026-06-26T15:13:48.046,timeseries,1,User List,mlx-community/DeepSeek-R1-Distill-Qwen-14B-4bit,280.0,10255.0,0.0,0
2026-06-26T15:13:48.110,timeseries,1,User List,mlx-community/DeepSeek-R1-Distill-Qwen-14B-4bit,468.0,10264.0,0.0,0
2026-06-26T15:13:48.174,timeseries,1,User List,mlx-community/DeepSeek-R1-Distill-Qwen-14B-4bit,391.0,9149.0,0.0,0
2026-06-26T15:13:48.239,timeseries,1,User List,mlx-community/DeepSeek-R1-Distill-Qwen-14B-4bit,312.0,10325.0,0.0,0
2026-06-26T15:13:48.304,timeseries,1,User List,mlx-community/DeepSeek-R1-Distill-Qwen-14B-4bit,233.0,10286.0,0.0,0
2026-06-26T15:13:48.368,timeseries,1,User List,mlx-community/DeepSeek-R1-Distill-Qwen-14B-4bit,402.0,8838.0,0.0,0
2026-06-26T15:13:48.431,timeseries,1,User List,mlx-community/DeepSeek-R1-Distill-Qwen-14B-4bit,217.0,10284.0,0.0,0
2026-06-26T15:13:48.501,timeseries,1,User List,mlx-community/DeepSeek-R1-Distill-Qwen-14B-4bit,371.0,10127.0,0.0,0
2026-06-26T15:13:48.562,timeseries,1,User List,mlx-community/DeepSeek-R1-Distill-Qwen-14B-4bit,867.0,10515.0,0.0,0
2026-06-26T15:13:48.627,timeseries,1,User List,mlx-community/DeepSeek-R1-Distill-Qwen-14B-4bit,498.0,9449.0,0.0,0
2026-06-26T15:13:48.692,timeseries,1,User List,mlx-community/DeepSeek-R1-Distill-Qwen-14B-4bit,292.0,9391.0,0.0,0
2026-06-26T15:13:48.757,timeseries,1,User List,mlx-community/DeepSeek-R1-Distill-Qwen-14B-4bit,249.0,10301.0,0.0,0
2026-06-26T15:13:48.820,timeseries,1,User List,mlx-community/DeepSeek-R1-Distill-Qwen-14B-4bit,245.0,10115.0,0.0,0
2026-06-26T15:13:48.884,timeseries,1,User List,mlx-community/DeepSeek-R1-Distill-Qwen-14B-4bit,1654.0,8828.0,0.0,0
2026-06-26T15:13:48.950,timeseries,1,User List,mlx-community/DeepSeek-R1-Distill-Qwen-14B-4bit,771.0,10411.0,0.0,0
2026-06-26T15:13:49.014,timeseries,1,User List,mlx-community/DeepSeek-R1-Distill-Qwen-14B-4bit,361.0,10414.0,0.0,0
2026-06-26T15:13:49.076,timeseries,1,User List,mlx-community/DeepSeek-R1-Distill-Qwen-14B-4bit,580.0,10133.0,0.0,0
2026-06-26T15:13:49.142,timeseries,1,User List,mlx-community/DeepSeek-R1-Distill-Qwen-14B-4bit,452.0,9107.0,0.0,0
2026-06-26T15:13:49.206,timeseries,1,User List,mlx-community/DeepSeek-R1-Distill-Qwen-14B-4bit,241.0,10627.0,0.0,0
2026-06-26T15:13:49.270,timeseries,1,User List,mlx-community/DeepSeek-R1-Distill-Qwen-14B-4bit,242.0,10060.0,0.0,0
2026-06-26T15:13:49.335,timeseries,1,User List,mlx-community/DeepSeek-R1-Distill-Qwen-14B-4bit,326.0,8962.0,0.0,0
2026-06-26T15:13:49.400,timeseries,1,User List,mlx-community/DeepSeek-R1-Distill-Qwen-14B-4bit,330.0,10390.0,0.0,0
2026-06-26T15:13:49.464,timeseries,1,User List,mlx-community/DeepSeek-R1-Distill-Qwen-14B-4bit,247.0,10182.0,0.0,0
2026-06-26T15:13:49.528,timeseries,1,User List,mlx-community/DeepSeek-R1-Distill-Qwen-14B-4bit,231.0,10231.0,0.0,0
2026-06-26T15:13:49.592,timeseries,1,User List,mlx-community/DeepSeek-R1-Distill-Qwen-14B-4bit,374.0,8987.0,0.0,0
2026-06-26T15:13:49.656,timeseries,1,User List,mlx-community/DeepSeek-R1-Distill-Qwen-14B-4bit,267.0,10448.0,0.0,0
2026-06-26T15:13:49.721,timeseries,1,User List,mlx-community/DeepSeek-R1-Distill-Qwen-14B-4bit,248.0,10265.0,0.0,0
2026-06-26T15:13:49.784,timeseries,1,User List,mlx-community/DeepSeek-R1-Distill-Qwen-14B-4bit,219.0,9087.0,0.0,0
2026-06-26T15:13:49.848,timeseries,1,User List,mlx-community/DeepSeek-R1-Distill-Qwen-14B-4bit,248.0,10258.0,0.0,0
2026-06-26T15:13:49.912,timeseries,1,User List,mlx-community/DeepSeek-R1-Distill-Qwen-14B-4bit,252.0,10417.0,0.0,0
2026-06-26T15:13:49.978,timeseries,1,User List,mlx-community/DeepSeek-R1-Distill-Qwen-14B-4bit,251.0,9123.0,0.0,0
2026-06-26T15:13:50.042,timeseries,1,User List,mlx-community/DeepSeek-R1-Distill-Qwen-14B-4bit,250.0,10330.0,0.0,0
2026-06-26T15:13:50.106,timeseries,1,User List,mlx-community/DeepSeek-R1-Distill-Qwen-14B-4bit,393.0,10018.0,0.0,0
2026-06-26T15:13:50.170,timeseries,1,User List,mlx-community/DeepSeek-R1-Distill-Qwen-14B-4bit,301.0,10515.0,0.0,0
2026-06-26T15:13:50.234,timeseries,1,User List,mlx-community/DeepSeek-R1-Distill-Qwen-14B-4bit,247.0,8989.0,0.0,0
2026-06-26T15:13:50.298,timeseries,1,User List,mlx-community/DeepSeek-R1-Distill-Qwen-14B-4bit,237.0,10394.0,0.0,0
2026-06-26T15:13:50.362,timeseries,1,User List,mlx-community/DeepSeek-R1-Distill-Qwen-14B-4bit,339.0,10195.0,0.0,0
2026-06-26T15:13:50.427,timeseries,1,User List,mlx-community/DeepSeek-R1-Distill-Qwen-14B-4bit,331.0,9077.0,0.0,0
2026-06-26T15:13:50.490,timeseries,1,User List,mlx-community/DeepSeek-R1-Distill-Qwen-14B-4bit,249.0,10312.0,0.0,0
2026-06-26T15:13:50.555,timeseries,1,User List,mlx-community/DeepSeek-R1-Distill-Qwen-14B-4bit,274.0,10042.0,0.0,0
2026-06-26T15:13:50.619,timeseries,1,User List,mlx-community/DeepSeek-R1-Distill-Qwen-14B-4bit,349.0,10570.0,0.0,0
2026-06-26T15:13:50.683,timeseries,1,User List,mlx-community/DeepSeek-R1-Distill-Qwen-14B-4bit,263.0,8983.0,0.0,0
2026-06-26T15:13:50.747,timeseries,1,User List,mlx-community/DeepSeek-R1-Distill-Qwen-14B-4bit,251.0,10384.0,0.0,0
2026-06-26T15:13:50.813,timeseries,1,User List,mlx-community/DeepSeek-R1-Distill-Qwen-14B-4bit,264.0,10311.0,0.0,0
2026-06-26T15:13:50.877,timeseries,1,User List,mlx-community/DeepSeek-R1-Distill-Qwen-14B-4bit,236.0,10379.0,0.0,0
2026-06-26T15:13:50.942,timeseries,1,User List,mlx-community/DeepSeek-R1-Distill-Qwen-14B-4bit,257.0,8795.0,0.0,0
2026-06-26T15:13:51.003,timeseries,1,User List,mlx-community/DeepSeek-R1-Distill-Qwen-14B-4bit,248.0,10283.0,0.0,0
2026-06-26T15:13:51.069,timeseries,1,User List,mlx-community/DeepSeek-R1-Distill-Qwen-14B-4bit,374.0,9016.0,0.0,0
2026-06-26T15:13:51.132,timeseries,1,User List,mlx-community/DeepSeek-R1-Distill-Qwen-14B-4bit,291.0,10767.0,0.0,0
2026-06-26T15:13:51.196,timeseries,1,User List,mlx-community/DeepSeek-R1-Distill-Qwen-14B-4bit,246.0,10181.0,0.0,0
2026-06-26T15:13:51.261,timeseries,1,User List,mlx-community/DeepSeek-R1-Distill-Qwen-14B-4bit,300.0,10439.0,0.0,0
2026-06-26T15:13:51.326,timeseries,1,User List,mlx-community/DeepSeek-R1-Distill-Qwen-14B-4bit,264.0,9004.0,0.0,0
2026-06-26T15:13:51.390,timeseries,1,User List,mlx-community/DeepSeek-R1-Distill-Qwen-14B-4bit,341.0,10255.0,0.0,0
2026-06-26T15:13:51.454,timeseries,1,User List,mlx-community/DeepSeek-R1-Distill-Qwen-14B-4bit,231.0,10238.0,0.0,0
2026-06-26T15:13:51.518,timeseries,1,User List,mlx-community/DeepSeek-R1-Distill-Qwen-14B-4bit,265.0,9056.0,0.0,0
2026-06-26T15:13:51.581,timeseries,1,User List,mlx-community/DeepSeek-R1-Distill-Qwen-14B-4bit,360.0,10270.0,0.0,0
2026-06-26T15:13:51.645,timeseries,1,User List,mlx-community/DeepSeek-R1-Distill-Qwen-14B-4bit,297.0,10465.0,0.0,0
2026-06-26T15:13:51.709,timeseries,1,User List,mlx-community/DeepSeek-R1-Distill-Qwen-14B-4bit,256.0,9280.0,0.0,0
2026-06-26T15:13:51.773,timeseries,1,User List,mlx-community/DeepSeek-R1-Distill-Qwen-14B-4bit,233.0,10292.0,0.0,0
2026-06-26T15:13:51.838,timeseries,1,User List,mlx-community/DeepSeek-R1-Distill-Qwen-14B-4bit,234.0,10346.0,0.0,0
2026-06-26T15:13:51.904,timeseries,1,User List,mlx-community/DeepSeek-R1-Distill-Qwen-14B-4bit,249.0,10320.0,0.0,0
2026-06-26T15:13:51.971,timeseries,1,User List,mlx-community/DeepSeek-R1-Distill-Qwen-14B-4bit,216.0,10244.0,0.0,0
2026-06-26T15:13:52.034,timeseries,1,User List,mlx-community/DeepSeek-R1-Distill-Qwen-14B-4bit,241.0,9994.0,0.0,0
2026-06-26T15:13:52.098,timeseries,1,User List,mlx-community/DeepSeek-R1-Distill-Qwen-14B-4bit,392.0,8738.0,0.0,0
2026-06-26T15:13:52.164,timeseries,1,User List,mlx-community/DeepSeek-R1-Distill-Qwen-14B-4bit,269.0,10446.0,0.0,0
2026-06-26T15:13:52.228,timeseries,1,User List,mlx-community/DeepSeek-R1-Distill-Qwen-14B-4bit,249.0,10020.0,0.0,0
2026-06-26T15:13:52.291,timeseries,1,User List,mlx-community/DeepSeek-R1-Distill-Qwen-14B-4bit,304.0,8822.0,0.0,0
2026-06-26T15:13:52.355,timeseries,1,User List,mlx-community/DeepSeek-R1-Distill-Qwen-14B-4bit,375.0,10254.0,0.0,0
2026-06-26T15:13:52.421,timeseries,1,User List,mlx-community/DeepSeek-R1-Distill-Qwen-14B-4bit,238.0,10578.0,0.0,0
2026-06-26T15:13:52.485,timeseries,1,User List,mlx-community/DeepSeek-R1-Distill-Qwen-14B-4bit,232.0,10273.0,0.0,0
2026-06-26T15:13:52.548,timeseries,1,User List,mlx-community/DeepSeek-R1-Distill-Qwen-14B-4bit,273.0,8834.0,0.0,0
2026-06-26T15:13:52.612,timeseries,1,User List,mlx-community/DeepSeek-R1-Distill-Qwen-14B-4bit,408.0,10432.0,0.0,0
2026-06-26T15:13:52.677,timeseries,1,User List,mlx-community/DeepSeek-R1-Distill-Qwen-14B-4bit,300.0,9219.0,0.0,0
2026-06-26T15:13:52.741,timeseries,1,User List,mlx-community/DeepSeek-R1-Distill-Qwen-14B-4bit,251.0,10367.0,0.0,0
2026-06-26T15:13:52.806,timeseries,1,User List,mlx-community/DeepSeek-R1-Distill-Qwen-14B-4bit,232.0,10273.0,0.0,0
2026-06-26T15:13:52.871,timeseries,1,User List,mlx-community/DeepSeek-R1-Distill-Qwen-14B-4bit,248.0,10317.0,0.0,0
2026-06-26T15:13:52.936,timeseries,1,User List,mlx-community/DeepSeek-R1-Distill-Qwen-14B-4bit,248.0,10306.0,0.0,0
2026-06-26T15:13:52.998,timeseries,1,User List,mlx-community/DeepSeek-R1-Distill-Qwen-14B-4bit,230.0,8932.0,0.0,0
2026-06-26T15:13:53.062,timeseries,1,User List,mlx-community/DeepSeek-R1-Distill-Qwen-14B-4bit,328.0,10310.0,0.0,0
2026-06-26T15:13:53.127,timeseries,1,User List,mlx-community/DeepSeek-R1-Distill-Qwen-14B-4bit,318.0,9300.0,0.0,0
2026-06-26T15:13:53.191,timeseries,1,User List,mlx-community/DeepSeek-R1-Distill-Qwen-14B-4bit,249.0,10368.0,0.0,0
2026-06-26T15:13:53.255,timeseries,1,User List,mlx-community/DeepSeek-R1-Distill-Qwen-14B-4bit,247.0,10263.0,0.0,0
2026-06-26T15:13:53.319,timeseries,1,User List,mlx-community/DeepSeek-R1-Distill-Qwen-14B-4bit,267.0,10370.0,0.0,0
2026-06-26T15:13:53.384,timeseries,1,User List,mlx-community/DeepSeek-R1-Distill-Qwen-14B-4bit,437.0,9040.0,0.0,0
2026-06-26T15:13:53.451,timeseries,1,User List,mlx-community/DeepSeek-R1-Distill-Qwen-14B-4bit,234.0,10392.0,0.0,0
2026-06-26T15:13:53.519,timeseries,1,User List,mlx-community/DeepSeek-R1-Distill-Qwen-14B-4bit,1105.0,9919.0,0.0,0
2026-06-26T15:13:53.583,timeseries,1,User List,mlx-community/DeepSeek-R1-Distill-Qwen-14B-4bit,1423.0,9697.0,0.0,0
2026-06-26T15:13:53.647,timeseries,1,User List,mlx-community/DeepSeek-R1-Distill-Qwen-14B-4bit,369.0,9884.0,0.0,0
2026-06-26T15:13:53.712,timeseries,1,User List,mlx-community/DeepSeek-R1-Distill-Qwen-14B-4bit,342.0,10315.0,0.0,0
2026-06-26T15:13:53.776,timeseries,1,User List,mlx-community/DeepSeek-R1-Distill-Qwen-14B-4bit,267.0,9139.0,0.0,0
2026-06-26T15:13:53.840,timeseries,1,User List,mlx-community/DeepSeek-R1-Distill-Qwen-14B-4bit,263.0,10232.0,0.0,0
2026-06-26T15:13:53.903,timeseries,1,User List,mlx-community/DeepSeek-R1-Distill-Qwen-14B-4bit,248.0,10322.0,0.0,0
2026-06-26T15:13:53.967,timeseries,1,User List,mlx-community/DeepSeek-R1-Distill-Qwen-14B-4bit,749.0,8959.0,0.0,0
2026-06-26T15:13:54.031,timeseries,1,User List,mlx-community/DeepSeek-R1-Distill-Qwen-14B-4bit,1905.0,10507.0,0.0,0
2026-06-26T15:13:54.096,timeseries,1,User List,mlx-community/DeepSeek-R1-Distill-Qwen-14B-4bit,1014.0,10390.0,0.0,0
2026-06-26T15:13:54.161,timeseries,1,User List,mlx-community/DeepSeek-R1-Distill-Qwen-14B-4bit,350.0,9283.0,0.0,0
2026-06-26T15:13:54.227,timeseries,1,User List,mlx-community/DeepSeek-R1-Distill-Qwen-14B-4bit,352.0,10226.0,0.0,0
2026-06-26T15:13:54.291,timeseries,1,User List,mlx-community/DeepSeek-R1-Distill-Qwen-14B-4bit,472.0,10116.0,0.0,0
2026-06-26T15:13:54.355,timeseries,1,User List,mlx-community/DeepSeek-R1-Distill-Qwen-14B-4bit,1145.0,10137.0,0.0,0
2026-06-26T15:13:54.421,timeseries,1,User List,mlx-community/DeepSeek-R1-Distill-Qwen-14B-4bit,654.0,10363.0,0.0,0
2026-06-26T15:13:54.486,timeseries,1,User List,mlx-community/DeepSeek-R1-Distill-Qwen-14B-4bit,435.0,9064.0,0.0,0
2026-06-26T15:13:54.549,timeseries,1,User List,mlx-community/DeepSeek-R1-Distill-Qwen-14B-4bit,1090.0,10210.0,0.0,0
2026-06-26T15:13:54.614,timeseries,1,User List,mlx-community/DeepSeek-R1-Distill-Qwen-14B-4bit,611.0,10238.0,0.0,0
2026-06-26T15:13:54.679,timeseries,1,User List,mlx-community/DeepSeek-R1-Distill-Qwen-14B-4bit,700.0,10624.0,0.0,0
2026-06-26T15:13:54.745,timeseries,1,User List,mlx-community/DeepSeek-R1-Distill-Qwen-14B-4bit,464.0,10295.0,0.0,0
2026-06-26T15:13:54.811,timeseries,1,User List,mlx-community/DeepSeek-R1-Distill-Qwen-14B-4bit,581.0,8904.0,0.0,0
2026-06-26T15:13:54.876,timeseries,1,User List,mlx-community/DeepSeek-R1-Distill-Qwen-14B-4bit,577.0,10136.0,0.0,0
2026-06-26T15:13:54.940,timeseries,1,User List,mlx-community/DeepSeek-R1-Distill-Qwen-14B-4bit,622.0,10135.0,0.0,0
2026-06-26T15:13:55.004,timeseries,1,User List,mlx-community/DeepSeek-R1-Distill-Qwen-14B-4bit,539.0,10269.0,0.0,0
2026-06-26T15:13:55.068,timeseries,1,User List,mlx-community/DeepSeek-R1-Distill-Qwen-14B-4bit,996.0,9074.0,0.0,0
2026-06-26T15:13:55.133,timeseries,1,User List,mlx-community/DeepSeek-R1-Distill-Qwen-14B-4bit,659.0,10537.0,0.0,0
2026-06-26T15:13:55.198,timeseries,1,User List,mlx-community/DeepSeek-R1-Distill-Qwen-14B-4bit,595.0,10452.0,0.0,0
2026-06-26T15:13:55.262,timeseries,1,User List,mlx-community/DeepSeek-R1-Distill-Qwen-14B-4bit,569.0,10262.0,0.0,0
2026-06-26T15:13:55.327,timeseries,1,User List,mlx-community/DeepSeek-R1-Distill-Qwen-14B-4bit,812.0,8874.0,0.0,0
2026-06-26T15:13:55.390,timeseries,1,User List,mlx-community/DeepSeek-R1-Distill-Qwen-14B-4bit,1315.0,10393.0,0.0,0
2026-06-26T15:13:55.455,timeseries,1,User List,mlx-community/DeepSeek-R1-Distill-Qwen-14B-4bit,707.0,10228.0,0.0,0
2026-06-26T15:13:55.518,timeseries,1,User List,mlx-community/DeepSeek-R1-Distill-Qwen-14B-4bit,570.0,10581.0,0.0,0
2026-06-26T15:13:55.581,timeseries,1,User List,mlx-community/DeepSeek-R1-Distill-Qwen-14B-4bit,1144.0,8981.0,0.0,0
2026-06-26T15:13:55.645,timeseries,1,User List,mlx-community/DeepSeek-R1-Distill-Qwen-14B-4bit,464.0,10729.0,0.0,0
2026-06-26T15:13:55.709,timeseries,1,User List,mlx-community/DeepSeek-R1-Distill-Qwen-14B-4bit,650.0,9255.0,0.0,0
2026-06-26T15:13:55.773,timeseries,1,User List,mlx-community/DeepSeek-R1-Distill-Qwen-14B-4bit,559.0,10368.0,0.0,0
2026-06-26T15:13:55.837,timeseries,1,User List,mlx-community/DeepSeek-R1-Distill-Qwen-14B-4bit,575.0,10385.0,0.0,0
2026-06-26T15:13:55.901,timeseries,1,User List,mlx-community/DeepSeek-R1-Distill-Qwen-14B-4bit,438.0,9130.0,0.0,0
2026-06-26T15:13:55.963,timeseries,1,User List,mlx-community/DeepSeek-R1-Distill-Qwen-14B-4bit,653.0,10474.0,0.0,0
2026-06-26T15:13:56.029,timeseries,1,User List,mlx-community/DeepSeek-R1-Distill-Qwen-14B-4bit,615.0,10525.0,0.0,0
2026-06-26T15:13:56.094,timeseries,1,User List,mlx-community/DeepSeek-R1-Distill-Qwen-14B-4bit,1484.0,9284.0,0.0,0
2026-06-26T15:13:56.158,timeseries,1,User List,mlx-community/DeepSeek-R1-Distill-Qwen-14B-4bit,975.0,10189.0,0.0,0
2026-06-26T15:13:56.222,timeseries,1,User List,mlx-community/DeepSeek-R1-Distill-Qwen-14B-4bit,1108.0,10282.0,0.0,0
2026-06-26T15:13:56.286,timeseries,1,User List,mlx-community/DeepSeek-R1-Distill-Qwen-14B-4bit,923.0,10470.0,0.0,0
2026-06-26T15:13:56.352,timeseries,1,User List,mlx-community/DeepSeek-R1-Distill-Qwen-14B-4bit,1275.0,9180.0,0.0,0
2026-06-26T15:13:56.415,timeseries,1,User List,mlx-community/DeepSeek-R1-Distill-Qwen-14B-4bit,997.0,10442.0,0.0,0
2026-06-26T15:13:56.479,timeseries,1,User List,mlx-community/DeepSeek-R1-Distill-Qwen-14B-4bit,1098.0,10075.0,0.0,0
2026-06-26T15:13:56.543,timeseries,1,User List,mlx-community/DeepSeek-R1-Distill-Qwen-14B-4bit,1263.0,9303.0,0.0,0
2026-06-26T15:13:56.606,timeseries,1,User List,mlx-community/DeepSeek-R1-Distill-Qwen-14B-4bit,1061.0,10457.0,0.0,0
2026-06-26T15:13:56.671,timeseries,1,User List,mlx-community/DeepSeek-R1-Distill-Qwen-14B-4bit,802.0,10487.0,0.0,0
2026-06-26T15:13:56.735,timeseries,1,User List,mlx-community/DeepSeek-R1-Distill-Qwen-14B-4bit,597.0,9188.0,0.0,0
2026-06-26T15:13:56.800,timeseries,1,User List,mlx-community/DeepSeek-R1-Distill-Qwen-14B-4bit,557.0,10336.0,0.0,0
2026-06-26T15:13:56.866,timeseries,1,User List,mlx-community/DeepSeek-R1-Distill-Qwen-14B-4bit,538.0,10275.0,0.0,0
2026-06-26T15:13:56.931,timeseries,1,User List,mlx-community/DeepSeek-R1-Distill-Qwen-14B-4bit,586.0,10341.0,0.0,0
2026-06-26T15:13:56.994,timeseries,1,User List,mlx-community/DeepSeek-R1-Distill-Qwen-14B-4bit,2649.0,10048.0,0.0,0
2026-06-26T15:13:57.057,timeseries,1,User List,mlx-community/DeepSeek-R1-Distill-Qwen-14B-4bit,2206.0,9012.0,0.0,0
2026-06-26T15:13:57.121,timeseries,1,User List,mlx-community/DeepSeek-R1-Distill-Qwen-14B-4bit,763.0,10432.0,0.0,0
2026-06-26T15:13:57.185,timeseries,1,User List,mlx-community/DeepSeek-R1-Distill-Qwen-14B-4bit,667.0,9239.0,0.0,0
2026-06-26T15:13:57.251,timeseries,1,User List,mlx-community/DeepSeek-R1-Distill-Qwen-14B-4bit,601.0,10533.0,0.0,0
2026-06-26T15:13:57.314,timeseries,1,User List,mlx-community/DeepSeek-R1-Distill-Qwen-14B-4bit,596.0,10454.0,0.0,0
2026-06-26T15:13:57.379,timeseries,1,User List,mlx-community/DeepSeek-R1-Distill-Qwen-14B-4bit,1514.0,10084.0,0.0,0
2026-06-26T15:13:57.443,timeseries,1,User List,mlx-community/DeepSeek-R1-Distill-Qwen-14B-4bit,643.0,10447.0,0.0,0
2026-06-26T15:13:57.506,timeseries,1,User List,mlx-community/DeepSeek-R1-Distill-Qwen-14B-4bit,777.0,9031.0,0.0,0
2026-06-26T15:13:57.570,timeseries,1,User List,mlx-community/DeepSeek-R1-Distill-Qwen-14B-4bit,1217.0,10545.0,0.0,0
2026-06-26T15:13:57.635,timeseries,1,User List,mlx-community/DeepSeek-R1-Distill-Qwen-14B-4bit,644.0,9235.0,0.0,0
2026-06-26T15:13:57.699,timeseries,1,User List,mlx-community/DeepSeek-R1-Distill-Qwen-14B-4bit,572.0,10316.0,0.0,0
2026-06-26T15:13:57.763,timeseries,1,User List,mlx-community/DeepSeek-R1-Distill-Qwen-14B-4bit,630.0,10544.0,0.0,0
2026-06-26T15:13:57.827,timeseries,1,User List,mlx-community/DeepSeek-R1-Distill-Qwen-14B-4bit,480.0,10333.0,0.0,0
2026-06-26T15:13:57.893,timeseries,1,User List,mlx-community/DeepSeek-R1-Distill-Qwen-14B-4bit,590.0,9046.0,0.0,0
2026-06-26T15:13:57.956,timeseries,1,User List,mlx-community/DeepSeek-R1-Distill-Qwen-14B-4bit,557.0,10342.0,0.0,0
2026-06-26T15:13:58.019,timeseries,1,User List,mlx-community/DeepSeek-R1-Distill-Qwen-14B-4bit,627.0,10230.0,0.0,0
2026-06-26T15:13:58.082,timeseries,1,User List,mlx-community/DeepSeek-R1-Distill-Qwen-14B-4bit,1029.0,9421.0,0.0,0
2026-06-26T15:13:58.147,timeseries,1,User List,mlx-community/DeepSeek-R1-Distill-Qwen-14B-4bit,598.0,10562.0,0.0,0
2026-06-26T15:13:58.211,timeseries,1,User List,mlx-community/DeepSeek-R1-Distill-Qwen-14B-4bit,549.0,10492.0,0.0,0
2026-06-26T15:13:58.275,timeseries,1,User List,mlx-community/DeepSeek-R1-Distill-Qwen-14B-4bit,624.0,9110.0,0.0,0
2026-06-26T15:13:58.339,timeseries,1,User List,mlx-community/DeepSeek-R1-Distill-Qwen-14B-4bit,839.0,10344.0,0.0,0
2026-06-26T15:13:58.380,timeseries,1,User List,mlx-community/DeepSeek-R1-Distill-Qwen-14B-4bit,576.0,10414.0,0.0,733
2026-06-26T15:14:01.979,timeseries,2,Nested Product Conversion,mlx-community/DeepSeek-R1-Distill-Qwen-14B-4bit,306.0,21432.0,0.0,0
2026-06-26T15:14:02.037,timeseries,2,Nested Product Conversion,mlx-community/DeepSeek-R1-Distill-Qwen-14B-4bit,1015.0,18222.0,0.0,0
2026-06-26T15:14:02.098,timeseries,2,Nested Product Conversion,mlx-community/DeepSeek-R1-Distill-Qwen-14B-4bit,315.0,21011.0,0.0,0
2026-06-26T15:14:02.160,timeseries,2,Nested Product Conversion,mlx-community/DeepSeek-R1-Distill-Qwen-14B-4bit,308.0,23456.0,0.0,0
2026-06-26T15:14:02.221,timeseries,2,Nested Product Conversion,mlx-community/DeepSeek-R1-Distill-Qwen-14B-4bit,198.0,19602.0,0.0,0
2026-06-26T15:14:02.283,timeseries,2,Nested Product Conversion,mlx-community/DeepSeek-R1-Distill-Qwen-14B-4bit,242.0,22077.0,0.0,0
2026-06-26T15:14:02.344,timeseries,2,Nested Product Conversion,mlx-community/DeepSeek-R1-Distill-Qwen-14B-4bit,618.0,19354.0,0.0,0
2026-06-26T15:14:02.406,timeseries,2,Nested Product Conversion,mlx-community/DeepSeek-R1-Distill-Qwen-14B-4bit,212.0,19614.0,0.0,0
2026-06-26T15:14:02.467,timeseries,2,Nested Product Conversion,mlx-community/DeepSeek-R1-Distill-Qwen-14B-4bit,342.0,22152.0,0.0,0
2026-06-26T15:14:02.529,timeseries,2,Nested Product Conversion,mlx-community/DeepSeek-R1-Distill-Qwen-14B-4bit,259.0,19299.0,0.0,0
2026-06-26T15:14:02.590,timeseries,2,Nested Product Conversion,mlx-community/DeepSeek-R1-Distill-Qwen-14B-4bit,779.0,19730.0,0.0,0
2026-06-26T15:14:02.652,timeseries,2,Nested Product Conversion,mlx-community/DeepSeek-R1-Distill-Qwen-14B-4bit,245.0,22560.0,0.0,0
2026-06-26T15:14:02.714,timeseries,2,Nested Product Conversion,mlx-community/DeepSeek-R1-Distill-Qwen-14B-4bit,437.0,19474.0,0.0,0
2026-06-26T15:14:02.775,timeseries,2,Nested Product Conversion,mlx-community/DeepSeek-R1-Distill-Qwen-14B-4bit,211.0,22435.0,0.0,0
2026-06-26T15:14:02.836,timeseries,2,Nested Product Conversion,mlx-community/DeepSeek-R1-Distill-Qwen-14B-4bit,195.0,19517.0,0.0,0
2026-06-26T15:14:02.898,timeseries,2,Nested Product Conversion,mlx-community/DeepSeek-R1-Distill-Qwen-14B-4bit,194.0,19343.0,0.0,0
2026-06-26T15:14:02.960,timeseries,2,Nested Product Conversion,mlx-community/DeepSeek-R1-Distill-Qwen-14B-4bit,1535.0,22523.0,0.0,0
2026-06-26T15:14:03.021,timeseries,2,Nested Product Conversion,mlx-community/DeepSeek-R1-Distill-Qwen-14B-4bit,1481.0,19563.0,0.0,0
2026-06-26T15:14:03.083,timeseries,2,Nested Product Conversion,mlx-community/DeepSeek-R1-Distill-Qwen-14B-4bit,970.0,22345.0,0.0,0
2026-06-26T15:14:03.145,timeseries,2,Nested Product Conversion,mlx-community/DeepSeek-R1-Distill-Qwen-14B-4bit,1037.0,9815.0,0.0,0
2026-06-26T15:14:03.207,timeseries,2,Nested Product Conversion,mlx-community/DeepSeek-R1-Distill-Qwen-14B-4bit,349.0,9331.0,0.0,0
2026-06-26T15:14:03.268,timeseries,2,Nested Product Conversion,mlx-community/DeepSeek-R1-Distill-Qwen-14B-4bit,262.0,9557.0,0.0,0
2026-06-26T15:14:03.330,timeseries,2,Nested Product Conversion,mlx-community/DeepSeek-R1-Distill-Qwen-14B-4bit,1202.0,769.0,0.0,0
2026-06-26T15:14:03.391,timeseries,2,Nested Product Conversion,mlx-community/DeepSeek-R1-Distill-Qwen-14B-4bit,2242.0,1375.0,0.0,0
2026-06-26T15:14:03.454,timeseries,2,Nested Product Conversion,mlx-community/DeepSeek-R1-Distill-Qwen-14B-4bit,260.0,1625.0,0.0,0
2026-06-26T15:14:03.517,timeseries,2,Nested Product Conversion,mlx-community/DeepSeek-R1-Distill-Qwen-14B-4bit,341.0,7178.0,0.0,0
2026-06-26T15:14:03.580,timeseries,2,Nested Product Conversion,mlx-community/DeepSeek-R1-Distill-Qwen-14B-4bit,3181.0,8175.0,0.0,0
2026-06-26T15:14:03.643,timeseries,2,Nested Product Conversion,mlx-community/DeepSeek-R1-Distill-Qwen-14B-4bit,493.0,10522.0,0.0,0
2026-06-26T15:14:03.705,timeseries,2,Nested Product Conversion,mlx-community/DeepSeek-R1-Distill-Qwen-14B-4bit,429.0,9192.0,0.0,0
2026-06-26T15:14:03.767,timeseries,2,Nested Product Conversion,mlx-community/DeepSeek-R1-Distill-Qwen-14B-4bit,890.0,10606.0,0.0,0
2026-06-26T15:14:03.830,timeseries,2,Nested Product Conversion,mlx-community/DeepSeek-R1-Distill-Qwen-14B-4bit,534.0,9367.0,0.0,0
2026-06-26T15:14:03.893,timeseries,2,Nested Product Conversion,mlx-community/DeepSeek-R1-Distill-Qwen-14B-4bit,529.0,10639.0,0.0,0
2026-06-26T15:14:03.955,timeseries,2,Nested Product Conversion,mlx-community/DeepSeek-R1-Distill-Qwen-14B-4bit,573.0,9173.0,0.0,0
2026-06-26T15:14:04.019,timeseries,2,Nested Product Conversion,mlx-community/DeepSeek-R1-Distill-Qwen-14B-4bit,507.0,10498.0,0.0,0
2026-06-26T15:14:04.081,timeseries,2,Nested Product Conversion,mlx-community/DeepSeek-R1-Distill-Qwen-14B-4bit,1085.0,9397.0,0.0,0
2026-06-26T15:14:04.143,timeseries,2,Nested Product Conversion,mlx-community/DeepSeek-R1-Distill-Qwen-14B-4bit,547.0,10394.0,0.0,0
2026-06-26T15:14:04.206,timeseries,2,Nested Product Conversion,mlx-community/DeepSeek-R1-Distill-Qwen-14B-4bit,549.0,9331.0,0.0,0
2026-06-26T15:14:04.268,timeseries,2,Nested Product Conversion,mlx-community/DeepSeek-R1-Distill-Qwen-14B-4bit,816.0,10560.0,0.0,0
2026-06-26T15:14:04.331,timeseries,2,Nested Product Conversion,mlx-community/DeepSeek-R1-Distill-Qwen-14B-4bit,3195.0,9073.0,0.0,0
2026-06-26T15:14:04.394,timeseries,2,Nested Product Conversion,mlx-community/DeepSeek-R1-Distill-Qwen-14B-4bit,416.0,10557.0,0.0,0
2026-06-26T15:14:04.456,timeseries,2,Nested Product Conversion,mlx-community/DeepSeek-R1-Distill-Qwen-14B-4bit,414.0,9122.0,0.0,0
2026-06-26T15:14:04.519,timeseries,2,Nested Product Conversion,mlx-community/DeepSeek-R1-Distill-Qwen-14B-4bit,254.0,10447.0,0.0,0
2026-06-26T15:14:04.583,timeseries,2,Nested Product Conversion,mlx-community/DeepSeek-R1-Distill-Qwen-14B-4bit,465.0,9192.0,0.0,0
2026-06-26T15:14:04.646,timeseries,2,Nested Product Conversion,mlx-community/DeepSeek-R1-Distill-Qwen-14B-4bit,285.0,10468.0,0.0,0
2026-06-26T15:14:04.708,timeseries,2,Nested Product Conversion,mlx-community/DeepSeek-R1-Distill-Qwen-14B-4bit,330.0,9016.0,0.0,0
2026-06-26T15:14:04.769,timeseries,2,Nested Product Conversion,mlx-community/DeepSeek-R1-Distill-Qwen-14B-4bit,414.0,10531.0,0.0,0
2026-06-26T15:14:04.831,timeseries,2,Nested Product Conversion,mlx-community/DeepSeek-R1-Distill-Qwen-14B-4bit,420.0,9375.0,0.0,0
2026-06-26T15:14:04.892,timeseries,2,Nested Product Conversion,mlx-community/DeepSeek-R1-Distill-Qwen-14B-4bit,374.0,10725.0,0.0,0
2026-06-26T15:14:04.954,timeseries,2,Nested Product Conversion,mlx-community/DeepSeek-R1-Distill-Qwen-14B-4bit,389.0,9311.0,0.0,0
2026-06-26T15:14:05.016,timeseries,2,Nested Product Conversion,mlx-community/DeepSeek-R1-Distill-Qwen-14B-4bit,312.0,9512.0,0.0,0
2026-06-26T15:14:05.079,timeseries,2,Nested Product Conversion,mlx-community/DeepSeek-R1-Distill-Qwen-14B-4bit,453.0,10632.0,0.0,0
2026-06-26T15:14:05.140,timeseries,2,Nested Product Conversion,mlx-community/DeepSeek-R1-Distill-Qwen-14B-4bit,275.0,9485.0,0.0,0
2026-06-26T15:14:05.205,timeseries,2,Nested Product Conversion,mlx-community/DeepSeek-R1-Distill-Qwen-14B-4bit,238.0,10507.0,0.0,0
2026-06-26T15:14:05.270,timeseries,2,Nested Product Conversion,mlx-community/DeepSeek-R1-Distill-Qwen-14B-4bit,194.0,10646.0,0.0,0
2026-06-26T15:14:05.331,timeseries,2,Nested Product Conversion,mlx-community/DeepSeek-R1-Distill-Qwen-14B-4bit,358.0,8945.0,0.0,0
2026-06-26T15:14:05.393,timeseries,2,Nested Product Conversion,mlx-community/DeepSeek-R1-Distill-Qwen-14B-4bit,399.0,10049.0,0.0,0
2026-06-26T15:14:05.457,timeseries,2,Nested Product Conversion,mlx-community/DeepSeek-R1-Distill-Qwen-14B-4bit,245.0,9480.0,0.0,0
2026-06-26T15:14:05.519,timeseries,2,Nested Product Conversion,mlx-community/DeepSeek-R1-Distill-Qwen-14B-4bit,193.0,10662.0,0.0,0
2026-06-26T15:14:05.581,timeseries,2,Nested Product Conversion,mlx-community/DeepSeek-R1-Distill-Qwen-14B-4bit,409.0,9080.0,0.0,0
2026-06-26T15:14:05.644,timeseries,2,Nested Product Conversion,mlx-community/DeepSeek-R1-Distill-Qwen-14B-4bit,273.0,10718.0,0.0,0
2026-06-26T15:14:05.707,timeseries,2,Nested Product Conversion,mlx-community/DeepSeek-R1-Distill-Qwen-14B-4bit,208.0,9310.0,0.0,0
2026-06-26T15:14:05.770,timeseries,2,Nested Product Conversion,mlx-community/DeepSeek-R1-Distill-Qwen-14B-4bit,223.0,10550.0,0.0,0
2026-06-26T15:14:05.833,timeseries,2,Nested Product Conversion,mlx-community/DeepSeek-R1-Distill-Qwen-14B-4bit,253.0,9246.0,0.0,0
2026-06-26T15:14:05.895,timeseries,2,Nested Product Conversion,mlx-community/DeepSeek-R1-Distill-Qwen-14B-4bit,225.0,10623.0,0.0,0
2026-06-26T15:14:05.958,timeseries,2,Nested Product Conversion,mlx-community/DeepSeek-R1-Distill-Qwen-14B-4bit,190.0,9187.0,0.0,0
2026-06-26T15:14:06.019,timeseries,2,Nested Product Conversion,mlx-community/DeepSeek-R1-Distill-Qwen-14B-4bit,208.0,10536.0,0.0,0
2026-06-26T15:14:06.082,timeseries,2,Nested Product Conversion,mlx-community/DeepSeek-R1-Distill-Qwen-14B-4bit,365.0,9154.0,0.0,0
2026-06-26T15:14:06.145,timeseries,2,Nested Product Conversion,mlx-community/DeepSeek-R1-Distill-Qwen-14B-4bit,261.0,10847.0,0.0,0
2026-06-26T15:14:06.207,timeseries,2,Nested Product Conversion,mlx-community/DeepSeek-R1-Distill-Qwen-14B-4bit,190.0,9142.0,0.0,0
2026-06-26T15:14:06.270,timeseries,2,Nested Product Conversion,mlx-community/DeepSeek-R1-Distill-Qwen-14B-4bit,207.0,10503.0,0.0,0
2026-06-26T15:14:06.332,timeseries,2,Nested Product Conversion,mlx-community/DeepSeek-R1-Distill-Qwen-14B-4bit,212.0,9395.0,0.0,0
2026-06-26T15:14:06.395,timeseries,2,Nested Product Conversion,mlx-community/DeepSeek-R1-Distill-Qwen-14B-4bit,317.0,10438.0,0.0,0
2026-06-26T15:14:06.456,timeseries,2,Nested Product Conversion,mlx-community/DeepSeek-R1-Distill-Qwen-14B-4bit,179.0,9424.0,0.0,0
2026-06-26T15:14:06.519,timeseries,2,Nested Product Conversion,mlx-community/DeepSeek-R1-Distill-Qwen-14B-4bit,191.0,10515.0,0.0,0
2026-06-26T15:14:06.582,timeseries,2,Nested Product Conversion,mlx-community/DeepSeek-R1-Distill-Qwen-14B-4bit,325.0,9347.0,0.0,0
2026-06-26T15:14:06.645,timeseries,2,Nested Product Conversion,mlx-community/DeepSeek-R1-Distill-Qwen-14B-4bit,299.0,10465.0,0.0,0
2026-06-26T15:14:06.707,timeseries,2,Nested Product Conversion,mlx-community/DeepSeek-R1-Distill-Qwen-14B-4bit,192.0,9261.0,0.0,0
2026-06-26T15:14:06.770,timeseries,2,Nested Product Conversion,mlx-community/DeepSeek-R1-Distill-Qwen-14B-4bit,175.0,10487.0,0.0,0
2026-06-26T15:14:06.834,timeseries,2,Nested Product Conversion,mlx-community/DeepSeek-R1-Distill-Qwen-14B-4bit,193.0,9289.0,0.0,0
2026-06-26T15:14:06.897,timeseries,2,Nested Product Conversion,mlx-community/DeepSeek-R1-Distill-Qwen-14B-4bit,206.0,10441.0,0.0,0
2026-06-26T15:14:06.962,timeseries,2,Nested Product Conversion,mlx-community/DeepSeek-R1-Distill-Qwen-14B-4bit,189.0,10424.0,0.0,0
2026-06-26T15:14:07.025,timeseries,2,Nested Product Conversion,mlx-community/DeepSeek-R1-Distill-Qwen-14B-4bit,224.0,10458.0,0.0,0
2026-06-26T15:14:07.088,timeseries,2,Nested Product Conversion,mlx-community/DeepSeek-R1-Distill-Qwen-14B-4bit,638.0,8533.0,0.0,0
2026-06-26T15:14:07.151,timeseries,2,Nested Product Conversion,mlx-community/DeepSeek-R1-Distill-Qwen-14B-4bit,207.0,10624.0,0.0,0
2026-06-26T15:14:07.215,timeseries,2,Nested Product Conversion,mlx-community/DeepSeek-R1-Distill-Qwen-14B-4bit,240.0,9245.0,0.0,0
2026-06-26T15:14:07.276,timeseries,2,Nested Product Conversion,mlx-community/DeepSeek-R1-Distill-Qwen-14B-4bit,220.0,10368.0,0.0,0
2026-06-26T15:14:07.339,timeseries,2,Nested Product Conversion,mlx-community/DeepSeek-R1-Distill-Qwen-14B-4bit,316.0,9074.0,0.0,0
2026-06-26T15:14:07.401,timeseries,2,Nested Product Conversion,mlx-community/DeepSeek-R1-Distill-Qwen-14B-4bit,195.0,10758.0,0.0,0
2026-06-26T15:14:07.465,timeseries,2,Nested Product Conversion,mlx-community/DeepSeek-R1-Distill-Qwen-14B-4bit,194.0,9420.0,0.0,0
2026-06-26T15:14:07.528,timeseries,2,Nested Product Conversion,mlx-community/DeepSeek-R1-Distill-Qwen-14B-4bit,174.0,10459.0,0.0,0
2026-06-26T15:14:07.592,timeseries,2,Nested Product Conversion,mlx-community/DeepSeek-R1-Distill-Qwen-14B-4bit,408.0,9076.0,0.0,0
2026-06-26T15:14:07.655,timeseries,2,Nested Product Conversion,mlx-community/DeepSeek-R1-Distill-Qwen-14B-4bit,191.0,10586.0,0.0,0
2026-06-26T15:14:07.718,timeseries,2,Nested Product Conversion,mlx-community/DeepSeek-R1-Distill-Qwen-14B-4bit,202.0,10313.0,0.0,0
2026-06-26T15:14:07.781,timeseries,2,Nested Product Conversion,mlx-community/DeepSeek-R1-Distill-Qwen-14B-4bit,192.0,9303.0,0.0,0
2026-06-26T15:14:07.843,timeseries,2,Nested Product Conversion,mlx-community/DeepSeek-R1-Distill-Qwen-14B-4bit,190.0,10485.0,0.0,0
2026-06-26T15:14:07.905,timeseries,2,Nested Product Conversion,mlx-community/DeepSeek-R1-Distill-Qwen-14B-4bit,193.0,9295.0,0.0,0
2026-06-26T15:14:07.969,timeseries,2,Nested Product Conversion,mlx-community/DeepSeek-R1-Distill-Qwen-14B-4bit,206.0,10561.0,0.0,0
2026-06-26T15:14:08.031,timeseries,2,Nested Product Conversion,mlx-community/DeepSeek-R1-Distill-Qwen-14B-4bit,194.0,9393.0,0.0,0
2026-06-26T15:14:08.094,timeseries,2,Nested Product Conversion,mlx-community/DeepSeek-R1-Distill-Qwen-14B-4bit,375.0,10361.0,0.0,0
2026-06-26T15:14:08.157,timeseries,2,Nested Product Conversion,mlx-community/DeepSeek-R1-Distill-Qwen-14B-4bit,192.0,9279.0,0.0,0
2026-06-26T15:14:08.220,timeseries,2,Nested Product Conversion,mlx-community/DeepSeek-R1-Distill-Qwen-14B-4bit,207.0,10548.0,0.0,0
2026-06-26T15:14:08.281,timeseries,2,Nested Product Conversion,mlx-community/DeepSeek-R1-Distill-Qwen-14B-4bit,176.0,9300.0,0.0,0
2026-06-26T15:14:08.343,timeseries,2,Nested Product Conversion,mlx-community/DeepSeek-R1-Distill-Qwen-14B-4bit,381.0,10435.0,0.0,0
2026-06-26T15:14:08.406,timeseries,2,Nested Product Conversion,mlx-community/DeepSeek-R1-Distill-Qwen-14B-4bit,232.0,9572.0,0.0,0
2026-06-26T15:14:08.471,timeseries,2,Nested Product Conversion,mlx-community/DeepSeek-R1-Distill-Qwen-14B-4bit,176.0,10614.0,0.0,0
2026-06-26T15:14:08.534,timeseries,2,Nested Product Conversion,mlx-community/DeepSeek-R1-Distill-Qwen-14B-4bit,175.0,10523.0,0.0,0
2026-06-26T15:14:08.597,timeseries,2,Nested Product Conversion,mlx-community/DeepSeek-R1-Distill-Qwen-14B-4bit,1477.0,8696.0,0.0,0
2026-06-26T15:14:08.659,timeseries,2,Nested Product Conversion,mlx-community/DeepSeek-R1-Distill-Qwen-14B-4bit,1898.0,10560.0,0.0,0
2026-06-26T15:14:08.721,timeseries,2,Nested Product Conversion,mlx-community/DeepSeek-R1-Distill-Qwen-14B-4bit,351.0,9291.0,0.0,0
2026-06-26T15:14:08.783,timeseries,2,Nested Product Conversion,mlx-community/DeepSeek-R1-Distill-Qwen-14B-4bit,341.0,9495.0,0.0,0
2026-06-26T15:14:08.846,timeseries,2,Nested Product Conversion,mlx-community/DeepSeek-R1-Distill-Qwen-14B-4bit,320.0,10615.0,0.0,0
2026-06-26T15:14:08.908,timeseries,2,Nested Product Conversion,mlx-community/DeepSeek-R1-Distill-Qwen-14B-4bit,517.0,10736.0,0.0,0
2026-06-26T15:14:08.970,timeseries,2,Nested Product Conversion,mlx-community/DeepSeek-R1-Distill-Qwen-14B-4bit,585.0,9188.0,0.0,0
2026-06-26T15:14:09.032,timeseries,2,Nested Product Conversion,mlx-community/DeepSeek-R1-Distill-Qwen-14B-4bit,697.0,9467.0,0.0,0
2026-06-26T15:14:09.096,timeseries,2,Nested Product Conversion,mlx-community/DeepSeek-R1-Distill-Qwen-14B-4bit,991.0,10676.0,0.0,0
2026-06-26T15:14:09.158,timeseries,2,Nested Product Conversion,mlx-community/DeepSeek-R1-Distill-Qwen-14B-4bit,529.0,9320.0,0.0,0
2026-06-26T15:14:09.221,timeseries,2,Nested Product Conversion,mlx-community/DeepSeek-R1-Distill-Qwen-14B-4bit,537.0,10442.0,0.0,0
2026-06-26T15:14:09.284,timeseries,2,Nested Product Conversion,mlx-community/DeepSeek-R1-Distill-Qwen-14B-4bit,495.0,10613.0,0.0,0
2026-06-26T15:14:09.346,timeseries,2,Nested Product Conversion,mlx-community/DeepSeek-R1-Distill-Qwen-14B-4bit,945.0,9289.0,0.0,0
2026-06-26T15:14:09.409,timeseries,2,Nested Product Conversion,mlx-community/DeepSeek-R1-Distill-Qwen-14B-4bit,826.0,10512.0,0.0,0
2026-06-26T15:14:09.470,timeseries,2,Nested Product Conversion,mlx-community/DeepSeek-R1-Distill-Qwen-14B-4bit,3055.0,9164.0,0.0,0
2026-06-26T15:14:09.532,timeseries,2,Nested Product Conversion,mlx-community/DeepSeek-R1-Distill-Qwen-14B-4bit,416.0,9297.0,0.0,0
2026-06-26T15:14:09.594,timeseries,2,Nested Product Conversion,mlx-community/DeepSeek-R1-Distill-Qwen-14B-4bit,536.0,10808.0,0.0,0
2026-06-26T15:14:09.656,timeseries,2,Nested Product Conversion,mlx-community/DeepSeek-R1-Distill-Qwen-14B-4bit,244.0,9450.0,0.0,0
2026-06-26T15:14:09.720,timeseries,2,Nested Product Conversion,mlx-community/DeepSeek-R1-Distill-Qwen-14B-4bit,193.0,10638.0,0.0,0
2026-06-26T15:14:09.782,timeseries,2,Nested Product Conversion,mlx-community/DeepSeek-R1-Distill-Qwen-14B-4bit,160.0,9292.0,0.0,0
2026-06-26T15:14:09.845,timeseries,2,Nested Product Conversion,mlx-community/DeepSeek-R1-Distill-Qwen-14B-4bit,222.0,10507.0,0.0,0
2026-06-26T15:14:09.908,timeseries,2,Nested Product Conversion,mlx-community/DeepSeek-R1-Distill-Qwen-14B-4bit,161.0,9320.0,0.0,0
2026-06-26T15:14:09.971,timeseries,2,Nested Product Conversion,mlx-community/DeepSeek-R1-Distill-Qwen-14B-4bit,222.0,10489.0,0.0,0
2026-06-26T15:14:10.033,timeseries,2,Nested Product Conversion,mlx-community/DeepSeek-R1-Distill-Qwen-14B-4bit,208.0,10574.0,0.0,0
2026-06-26T15:14:10.095,timeseries,2,Nested Product Conversion,mlx-community/DeepSeek-R1-Distill-Qwen-14B-4bit,477.0,9302.0,0.0,0
2026-06-26T15:14:10.157,timeseries,2,Nested Product Conversion,mlx-community/DeepSeek-R1-Distill-Qwen-14B-4bit,225.0,9341.0,0.0,0
2026-06-26T15:14:10.220,timeseries,2,Nested Product Conversion,mlx-community/DeepSeek-R1-Distill-Qwen-14B-4bit,177.0,10673.0,0.0,0
2026-06-26T15:14:10.283,timeseries,2,Nested Product Conversion,mlx-community/DeepSeek-R1-Distill-Qwen-14B-4bit,208.0,9240.0,0.0,0
2026-06-26T15:14:10.346,timeseries,2,Nested Product Conversion,mlx-community/DeepSeek-R1-Distill-Qwen-14B-4bit,333.0,10483.0,0.0,0
2026-06-26T15:14:10.408,timeseries,2,Nested Product Conversion,mlx-community/DeepSeek-R1-Distill-Qwen-14B-4bit,255.0,10532.0,0.0,0
2026-06-26T15:14:10.472,timeseries,2,Nested Product Conversion,mlx-community/DeepSeek-R1-Distill-Qwen-14B-4bit,208.0,9295.0,0.0,0
2026-06-26T15:14:10.535,timeseries,2,Nested Product Conversion,mlx-community/DeepSeek-R1-Distill-Qwen-14B-4bit,176.0,10583.0,0.0,0
2026-06-26T15:14:10.597,timeseries,2,Nested Product Conversion,mlx-community/DeepSeek-R1-Distill-Qwen-14B-4bit,361.0,9162.0,0.0,0
2026-06-26T15:14:10.659,timeseries,2,Nested Product Conversion,mlx-community/DeepSeek-R1-Distill-Qwen-14B-4bit,191.0,10587.0,0.0,0
2026-06-26T15:14:10.720,timeseries,2,Nested Product Conversion,mlx-community/DeepSeek-R1-Distill-Qwen-14B-4bit,177.0,9388.0,0.0,0
2026-06-26T15:14:10.785,timeseries,2,Nested Product Conversion,mlx-community/DeepSeek-R1-Distill-Qwen-14B-4bit,180.0,9490.0,0.0,0
2026-06-26T15:14:10.847,timeseries,2,Nested Product Conversion,mlx-community/DeepSeek-R1-Distill-Qwen-14B-4bit,193.0,10639.0,0.0,0
2026-06-26T15:14:10.910,timeseries,2,Nested Product Conversion,mlx-community/DeepSeek-R1-Distill-Qwen-14B-4bit,186.0,10250.0,0.0,0
2026-06-26T15:14:10.972,timeseries,2,Nested Product Conversion,mlx-community/DeepSeek-R1-Distill-Qwen-14B-4bit,176.0,9329.0,0.0,0
2026-06-26T15:14:11.035,timeseries,2,Nested Product Conversion,mlx-community/DeepSeek-R1-Distill-Qwen-14B-4bit,222.0,10510.0,0.0,0
2026-06-26T15:14:11.097,timeseries,2,Nested Product Conversion,mlx-community/DeepSeek-R1-Distill-Qwen-14B-4bit,434.0,9327.0,0.0,0
2026-06-26T15:14:11.160,timeseries,2,Nested Product Conversion,mlx-community/DeepSeek-R1-Distill-Qwen-14B-4bit,193.0,10705.0,0.0,0
2026-06-26T15:14:11.224,timeseries,2,Nested Product Conversion,mlx-community/DeepSeek-R1-Distill-Qwen-14B-4bit,192.0,9302.0,0.0,0
2026-06-26T15:14:11.286,timeseries,2,Nested Product Conversion,mlx-community/DeepSeek-R1-Distill-Qwen-14B-4bit,207.0,10547.0,0.0,0
2026-06-26T15:14:11.350,timeseries,2,Nested Product Conversion,mlx-community/DeepSeek-R1-Distill-Qwen-14B-4bit,328.0,8975.0,0.0,0
2026-06-26T15:14:11.412,timeseries,2,Nested Product Conversion,mlx-community/DeepSeek-R1-Distill-Qwen-14B-4bit,241.0,10661.0,0.0,0
2026-06-26T15:14:11.476,timeseries,2,Nested Product Conversion,mlx-community/DeepSeek-R1-Distill-Qwen-14B-4bit,204.0,10391.0,0.0,0
2026-06-26T15:14:11.537,timeseries,2,Nested Product Conversion,mlx-community/DeepSeek-R1-Distill-Qwen-14B-4bit,224.0,9255.0,0.0,0
2026-06-26T15:14:11.600,timeseries,2,Nested Product Conversion,mlx-community/DeepSeek-R1-Distill-Qwen-14B-4bit,364.0,9190.0,0.0,0
2026-06-26T15:14:11.663,timeseries,2,Nested Product Conversion,mlx-community/DeepSeek-R1-Distill-Qwen-14B-4bit,195.0,10818.0,0.0,0
2026-06-26T15:14:11.726,timeseries,2,Nested Product Conversion,mlx-community/DeepSeek-R1-Distill-Qwen-14B-4bit,190.0,10554.0,0.0,0
2026-06-26T15:14:11.788,timeseries,2,Nested Product Conversion,mlx-community/DeepSeek-R1-Distill-Qwen-14B-4bit,176.0,9272.0,0.0,0
2026-06-26T15:14:11.852,timeseries,2,Nested Product Conversion,mlx-community/DeepSeek-R1-Distill-Qwen-14B-4bit,206.0,10523.0,0.0,0
2026-06-26T15:14:11.914,timeseries,2,Nested Product Conversion,mlx-community/DeepSeek-R1-Distill-Qwen-14B-4bit,178.0,9368.0,0.0,0
2026-06-26T15:14:11.977,timeseries,2,Nested Product Conversion,mlx-community/DeepSeek-R1-Distill-Qwen-14B-4bit,202.0,10345.0,0.0,0
2026-06-26T15:14:12.039,timeseries,2,Nested Product Conversion,mlx-community/DeepSeek-R1-Distill-Qwen-14B-4bit,193.0,9344.0,0.0,0
2026-06-26T15:14:12.100,timeseries,2,Nested Product Conversion,mlx-community/DeepSeek-R1-Distill-Qwen-14B-4bit,354.0,10679.0,0.0,0
2026-06-26T15:14:12.162,timeseries,2,Nested Product Conversion,mlx-community/DeepSeek-R1-Distill-Qwen-14B-4bit,260.0,9387.0,0.0,0
2026-06-26T15:14:12.225,timeseries,2,Nested Product Conversion,mlx-community/DeepSeek-R1-Distill-Qwen-14B-4bit,162.0,10740.0,0.0,0
2026-06-26T15:14:12.288,timeseries,2,Nested Product Conversion,mlx-community/DeepSeek-R1-Distill-Qwen-14B-4bit,192.0,9274.0,0.0,0
2026-06-26T15:14:12.351,timeseries,2,Nested Product Conversion,mlx-community/DeepSeek-R1-Distill-Qwen-14B-4bit,305.0,10617.0,0.0,0
2026-06-26T15:14:12.414,timeseries,2,Nested Product Conversion,mlx-community/DeepSeek-R1-Distill-Qwen-14B-4bit,253.0,9143.0,0.0,0
2026-06-26T15:14:12.477,timeseries,2,Nested Product Conversion,mlx-community/DeepSeek-R1-Distill-Qwen-14B-4bit,191.0,10556.0,0.0,0
2026-06-26T15:14:12.539,timeseries,2,Nested Product Conversion,mlx-community/DeepSeek-R1-Distill-Qwen-14B-4bit,224.0,9286.0,0.0,0
2026-06-26T15:14:12.601,timeseries,2,Nested Product Conversion,mlx-community/DeepSeek-R1-Distill-Qwen-14B-4bit,395.0,10541.0,0.0,0
2026-06-26T15:14:12.664,timeseries,2,Nested Product Conversion,mlx-community/DeepSeek-R1-Distill-Qwen-14B-4bit,194.0,9397.0,0.0,0
2026-06-26T15:14:12.726,timeseries,2,Nested Product Conversion,mlx-community/DeepSeek-R1-Distill-Qwen-14B-4bit,160.0,10625.0,0.0,0
2026-06-26T15:14:12.790,timeseries,2,Nested Product Conversion,mlx-community/DeepSeek-R1-Distill-Qwen-14B-4bit,192.0,9316.0,0.0,0
2026-06-26T15:14:12.852,timeseries,2,Nested Product Conversion,mlx-community/DeepSeek-R1-Distill-Qwen-14B-4bit,191.0,10569.0,0.0,0
2026-06-26T15:14:12.917,timeseries,2,Nested Product Conversion,mlx-community/DeepSeek-R1-Distill-Qwen-14B-4bit,190.0,9185.0,0.0,0
2026-06-26T15:14:12.980,timeseries,2,Nested Product Conversion,mlx-community/DeepSeek-R1-Distill-Qwen-14B-4bit,176.0,10563.0,0.0,0
2026-06-26T15:14:13.042,timeseries,2,Nested Product Conversion,mlx-community/DeepSeek-R1-Distill-Qwen-14B-4bit,233.0,10319.0,0.0,0
2026-06-26T15:14:13.104,timeseries,2,Nested Product Conversion,mlx-community/DeepSeek-R1-Distill-Qwen-14B-4bit,381.0,9233.0,0.0,0
2026-06-26T15:14:13.167,timeseries,2,Nested Product Conversion,mlx-community/DeepSeek-R1-Distill-Qwen-14B-4bit,209.0,10705.0,0.0,0
2026-06-26T15:14:13.230,timeseries,2,Nested Product Conversion,mlx-community/DeepSeek-R1-Distill-Qwen-14B-4bit,241.0,9304.0,0.0,0
2026-06-26T15:14:13.292,timeseries,2,Nested Product Conversion,mlx-community/DeepSeek-R1-Distill-Qwen-14B-4bit,175.0,10576.0,0.0,0
2026-06-26T15:14:13.354,timeseries,2,Nested Product Conversion,mlx-community/DeepSeek-R1-Distill-Qwen-14B-4bit,379.0,9139.0,0.0,0
2026-06-26T15:14:13.417,timeseries,2,Nested Product Conversion,mlx-community/DeepSeek-R1-Distill-Qwen-14B-4bit,211.0,10795.0,0.0,0
2026-06-26T15:14:13.480,timeseries,2,Nested Product Conversion,mlx-community/DeepSeek-R1-Distill-Qwen-14B-4bit,240.0,9273.0,0.0,0
2026-06-26T15:14:13.543,timeseries,2,Nested Product Conversion,mlx-community/DeepSeek-R1-Distill-Qwen-14B-4bit,238.0,10514.0,0.0,0
2026-06-26T15:14:13.605,timeseries,2,Nested Product Conversion,mlx-community/DeepSeek-R1-Distill-Qwen-14B-4bit,1111.0,9110.0,0.0,0
2026-06-26T15:14:13.668,timeseries,2,Nested Product Conversion,mlx-community/DeepSeek-R1-Distill-Qwen-14B-4bit,730.0,10596.0,0.0,0
2026-06-26T15:14:13.730,timeseries,2,Nested Product Conversion,mlx-community/DeepSeek-R1-Distill-Qwen-14B-4bit,324.0,9455.0,0.0,0
2026-06-26T15:14:13.792,timeseries,2,Nested Product Conversion,mlx-community/DeepSeek-R1-Distill-Qwen-14B-4bit,253.0,10471.0,0.0,0
2026-06-26T15:14:13.854,timeseries,2,Nested Product Conversion,mlx-community/DeepSeek-R1-Distill-Qwen-14B-4bit,244.0,9489.0,0.0,0
2026-06-26T15:14:13.917,timeseries,2,Nested Product Conversion,mlx-community/DeepSeek-R1-Distill-Qwen-14B-4bit,177.0,10698.0,0.0,0
2026-06-26T15:14:13.981,timeseries,2,Nested Product Conversion,mlx-community/DeepSeek-R1-Distill-Qwen-14B-4bit,223.0,9299.0,0.0,0
2026-06-26T15:14:14.043,timeseries,2,Nested Product Conversion,mlx-community/DeepSeek-R1-Distill-Qwen-14B-4bit,207.0,10545.0,0.0,0
2026-06-26T15:14:14.105,timeseries,2,Nested Product Conversion,mlx-community/DeepSeek-R1-Distill-Qwen-14B-4bit,346.0,9163.0,0.0,0
2026-06-26T15:14:14.168,timeseries,2,Nested Product Conversion,mlx-community/DeepSeek-R1-Distill-Qwen-14B-4bit,194.0,10774.0,0.0,0
2026-06-26T15:14:14.231,timeseries,2,Nested Product Conversion,mlx-community/DeepSeek-R1-Distill-Qwen-14B-4bit,194.0,9393.0,0.0,0
2026-06-26T15:14:14.292,timeseries,2,Nested Product Conversion,mlx-community/DeepSeek-R1-Distill-Qwen-14B-4bit,251.0,10400.0,0.0,0
2026-06-26T15:14:14.355,timeseries,2,Nested Product Conversion,mlx-community/DeepSeek-R1-Distill-Qwen-14B-4bit,324.0,9408.0,0.0,0
2026-06-26T15:14:14.418,timeseries,2,Nested Product Conversion,mlx-community/DeepSeek-R1-Distill-Qwen-14B-4bit,209.0,10684.0,0.0,0
2026-06-26T15:14:14.485,timeseries,2,Nested Product Conversion,mlx-community/DeepSeek-R1-Distill-Qwen-14B-4bit,193.0,9379.0,0.0,0
2026-06-26T15:14:14.547,timeseries,2,Nested Product Conversion,mlx-community/DeepSeek-R1-Distill-Qwen-14B-4bit,1461.0,10088.0,0.0,0
2026-06-26T15:14:14.609,timeseries,2,Nested Product Conversion,mlx-community/DeepSeek-R1-Distill-Qwen-14B-4bit,1279.0,9916.0,0.0,0
2026-06-26T15:14:14.670,timeseries,2,Nested Product Conversion,mlx-community/DeepSeek-R1-Distill-Qwen-14B-4bit,457.0,9499.0,0.0,0
2026-06-26T15:14:14.732,timeseries,2,Nested Product Conversion,mlx-community/DeepSeek-R1-Distill-Qwen-14B-4bit,307.0,9425.0,0.0,0
2026-06-26T15:14:14.795,timeseries,2,Nested Product Conversion,mlx-community/DeepSeek-R1-Distill-Qwen-14B-4bit,278.0,10898.0,0.0,0
2026-06-26T15:14:14.856,timeseries,2,Nested Product Conversion,mlx-community/DeepSeek-R1-Distill-Qwen-14B-4bit,161.0,9372.0,0.0,0
2026-06-26T15:14:14.920,timeseries,2,Nested Product Conversion,mlx-community/DeepSeek-R1-Distill-Qwen-14B-4bit,193.0,10708.0,0.0,0
2026-06-26T15:14:14.981,timeseries,2,Nested Product Conversion,mlx-community/DeepSeek-R1-Distill-Qwen-14B-4bit,178.0,9414.0,0.0,0
2026-06-26T15:14:15.044,timeseries,2,Nested Product Conversion,mlx-community/DeepSeek-R1-Distill-Qwen-14B-4bit,237.0,10510.0,0.0,0
2026-06-26T15:14:15.107,timeseries,2,Nested Product Conversion,mlx-community/DeepSeek-R1-Distill-Qwen-14B-4bit,387.0,9411.0,0.0,0
2026-06-26T15:14:15.170,timeseries,2,Nested Product Conversion,mlx-community/DeepSeek-R1-Distill-Qwen-14B-4bit,239.0,10639.0,0.0,0
2026-06-26T15:14:15.233,timeseries,2,Nested Product Conversion,mlx-community/DeepSeek-R1-Distill-Qwen-14B-4bit,176.0,9309.0,0.0,0
2026-06-26T15:14:15.296,timeseries,2,Nested Product Conversion,mlx-community/DeepSeek-R1-Distill-Qwen-14B-4bit,222.0,10564.0,0.0,0
2026-06-26T15:14:15.358,timeseries,2,Nested Product Conversion,mlx-community/DeepSeek-R1-Distill-Qwen-14B-4bit,409.0,10382.0,0.0,0
2026-06-26T15:14:15.420,timeseries,2,Nested Product Conversion,mlx-community/DeepSeek-R1-Distill-Qwen-14B-4bit,319.0,9296.0,0.0,0
2026-06-26T15:14:15.484,timeseries,2,Nested Product Conversion,mlx-community/DeepSeek-R1-Distill-Qwen-14B-4bit,209.0,9375.0,0.0,0
2026-06-26T15:14:15.547,timeseries,2,Nested Product Conversion,mlx-community/DeepSeek-R1-Distill-Qwen-14B-4bit,241.0,10682.0,0.0,0
2026-06-26T15:14:15.610,timeseries,2,Nested Product Conversion,mlx-community/DeepSeek-R1-Distill-Qwen-14B-4bit,393.0,10465.0,0.0,0
2026-06-26T15:14:15.672,timeseries,2,Nested Product Conversion,mlx-community/DeepSeek-R1-Distill-Qwen-14B-4bit,208.0,9334.0,0.0,0
2026-06-26T15:14:15.735,timeseries,2,Nested Product Conversion,mlx-community/DeepSeek-R1-Distill-Qwen-14B-4bit,205.0,10450.0,0.0,0
2026-06-26T15:14:15.798,timeseries,2,Nested Product Conversion,mlx-community/DeepSeek-R1-Distill-Qwen-14B-4bit,193.0,9406.0,0.0,0
2026-06-26T15:14:15.860,timeseries,2,Nested Product Conversion,mlx-community/DeepSeek-R1-Distill-Qwen-14B-4bit,175.0,10605.0,0.0,0
2026-06-26T15:14:15.922,timeseries,2,Nested Product Conversion,mlx-community/DeepSeek-R1-Distill-Qwen-14B-4bit,162.0,9436.0,0.0,0
2026-06-26T15:14:15.985,timeseries,2,Nested Product Conversion,mlx-community/DeepSeek-R1-Distill-Qwen-14B-4bit,190.0,10575.0,0.0,0
2026-06-26T15:14:16.048,timeseries,2,Nested Product Conversion,mlx-community/DeepSeek-R1-Distill-Qwen-14B-4bit,240.0,9323.0,0.0,0
2026-06-26T15:14:16.111,timeseries,2,Nested Product Conversion,mlx-community/DeepSeek-R1-Distill-Qwen-14B-4bit,399.0,10644.0,0.0,0
2026-06-26T15:14:16.173,timeseries,2,Nested Product Conversion,mlx-community/DeepSeek-R1-Distill-Qwen-14B-4bit,176.0,9325.0,0.0,0
2026-06-26T15:14:16.236,timeseries,2,Nested Product Conversion,mlx-community/DeepSeek-R1-Distill-Qwen-14B-4bit,222.0,10564.0,0.0,0
2026-06-26T15:14:16.298,timeseries,2,Nested Product Conversion,mlx-community/DeepSeek-R1-Distill-Qwen-14B-4bit,176.0,9362.0,0.0,0
2026-06-26T15:14:16.362,timeseries,2,Nested Product Conversion,mlx-community/DeepSeek-R1-Distill-Qwen-14B-4bit,442.0,10457.0,0.0,0
2026-06-26T15:14:16.425,timeseries,2,Nested Product Conversion,mlx-community/DeepSeek-R1-Distill-Qwen-14B-4bit,213.0,9562.0,0.0,0
2026-06-26T15:14:16.486,timeseries,2,Nested Product Conversion,mlx-community/DeepSeek-R1-Distill-Qwen-14B-4bit,217.0,10344.0,0.0,0
2026-06-26T15:14:16.547,timeseries,2,Nested Product Conversion,mlx-community/DeepSeek-R1-Distill-Qwen-14B-4bit,460.0,9283.0,0.0,0
2026-06-26T15:14:16.611,timeseries,2,Nested Product Conversion,mlx-community/DeepSeek-R1-Distill-Qwen-14B-4bit,410.0,10963.0,0.0,0
2026-06-26T15:14:16.673,timeseries,2,Nested Product Conversion,mlx-community/DeepSeek-R1-Distill-Qwen-14B-4bit,181.0,9569.0,0.0,0
2026-06-26T15:14:16.737,timeseries,2,Nested Product Conversion,mlx-community/DeepSeek-R1-Distill-Qwen-14B-4bit,203.0,10387.0,0.0,0
2026-06-26T15:14:16.801,timeseries,2,Nested Product Conversion,mlx-community/DeepSeek-R1-Distill-Qwen-14B-4bit,271.0,9164.0,0.0,0
2026-06-26T15:14:16.864,timeseries,2,Nested Product Conversion,mlx-community/DeepSeek-R1-Distill-Qwen-14B-4bit,283.0,10332.0,0.0,0
2026-06-26T15:14:16.927,timeseries,2,Nested Product Conversion,mlx-community/DeepSeek-R1-Distill-Qwen-14B-4bit,203.0,10372.0,0.0,0
2026-06-26T15:14:16.990,timeseries,2,Nested Product Conversion,mlx-community/DeepSeek-R1-Distill-Qwen-14B-4bit,174.0,9270.0,0.0,0
2026-06-26T15:14:17.054,timeseries,2,Nested Product Conversion,mlx-community/DeepSeek-R1-Distill-Qwen-14B-4bit,223.0,10616.0,0.0,0
2026-06-26T15:14:17.117,timeseries,2,Nested Product Conversion,mlx-community/DeepSeek-R1-Distill-Qwen-14B-4bit,363.0,9247.0,0.0,0
2026-06-26T15:14:17.180,timeseries,2,Nested Product Conversion,mlx-community/DeepSeek-R1-Distill-Qwen-14B-4bit,204.0,10487.0,0.0,0
2026-06-26T15:14:17.245,timeseries,2,Nested Product Conversion,mlx-community/DeepSeek-R1-Distill-Qwen-14B-4bit,190.0,10543.0,0.0,0
2026-06-26T15:14:17.308,timeseries,2,Nested Product Conversion,mlx-community/DeepSeek-R1-Distill-Qwen-14B-4bit,191.0,9291.0,0.0,0
2026-06-26T15:14:17.371,timeseries,2,Nested Product Conversion,mlx-community/DeepSeek-R1-Distill-Qwen-14B-4bit,370.0,10198.0,0.0,0
2026-06-26T15:14:17.435,timeseries,2,Nested Product Conversion,mlx-community/DeepSeek-R1-Distill-Qwen-14B-4bit,224.0,9376.0,0.0,0
2026-06-26T15:14:17.497,timeseries,2,Nested Product Conversion,mlx-community/DeepSeek-R1-Distill-Qwen-14B-4bit,191.0,10594.0,0.0,0
2026-06-26T15:14:17.560,timeseries,2,Nested Product Conversion,mlx-community/DeepSeek-R1-Distill-Qwen-14B-4bit,328.0,10319.0,0.0,0
2026-06-26T15:14:17.622,timeseries,2,Nested Product Conversion,mlx-community/DeepSeek-R1-Distill-Qwen-14B-4bit,291.0,9499.0,0.0,0
2026-06-26T15:14:17.686,timeseries,2,Nested Product Conversion,mlx-community/DeepSeek-R1-Distill-Qwen-14B-4bit,206.0,10572.0,0.0,0
2026-06-26T15:14:17.748,timeseries,2,Nested Product Conversion,mlx-community/DeepSeek-R1-Distill-Qwen-14B-4bit,209.0,9371.0,0.0,0
2026-06-26T15:14:17.812,timeseries,2,Nested Product Conversion,mlx-community/DeepSeek-R1-Distill-Qwen-14B-4bit,218.0,10401.0,0.0,0
2026-06-26T15:14:17.875,timeseries,2,Nested Product Conversion,mlx-community/DeepSeek-R1-Distill-Qwen-14B-4bit,192.0,9347.0,0.0,0
2026-06-26T15:14:17.937,timeseries,2,Nested Product Conversion,mlx-community/DeepSeek-R1-Distill-Qwen-14B-4bit,222.0,10492.0,0.0,0
2026-06-26T15:14:17.999,timeseries,2,Nested Product Conversion,mlx-community/DeepSeek-R1-Distill-Qwen-14B-4bit,189.0,10536.0,0.0,0
2026-06-26T15:14:18.061,timeseries,2,Nested Product Conversion,mlx-community/DeepSeek-R1-Distill-Qwen-14B-4bit,288.0,9291.0,0.0,0
2026-06-26T15:14:18.123,timeseries,2,Nested Product Conversion,mlx-community/DeepSeek-R1-Distill-Qwen-14B-4bit,278.0,9600.0,0.0,0
2026-06-26T15:14:18.186,timeseries,2,Nested Product Conversion,mlx-community/DeepSeek-R1-Distill-Qwen-14B-4bit,192.0,10662.0,0.0,0
2026-06-26T15:14:18.249,timeseries,2,Nested Product Conversion,mlx-community/DeepSeek-R1-Distill-Qwen-14B-4bit,193.0,9418.0,0.0,0
2026-06-26T15:14:18.312,timeseries,2,Nested Product Conversion,mlx-community/DeepSeek-R1-Distill-Qwen-14B-4bit,176.0,10697.0,0.0,0
2026-06-26T15:14:18.376,timeseries,2,Nested Product Conversion,mlx-community/DeepSeek-R1-Distill-Qwen-14B-4bit,300.0,9195.0,0.0,0
2026-06-26T15:14:18.438,timeseries,2,Nested Product Conversion,mlx-community/DeepSeek-R1-Distill-Qwen-14B-4bit,207.0,10646.0,0.0,0
2026-06-26T15:14:18.500,timeseries,2,Nested Product Conversion,mlx-community/DeepSeek-R1-Distill-Qwen-14B-4bit,233.0,10351.0,0.0,0
2026-06-26T15:14:18.562,timeseries,2,Nested Product Conversion,mlx-community/DeepSeek-R1-Distill-Qwen-14B-4bit,321.0,9323.0,0.0,0
2026-06-26T15:14:18.623,timeseries,2,Nested Product Conversion,mlx-community/DeepSeek-R1-Distill-Qwen-14B-4bit,811.0,9483.0,0.0,0
2026-06-26T15:14:18.686,timeseries,2,Nested Product Conversion,mlx-community/DeepSeek-R1-Distill-Qwen-14B-4bit,304.0,10697.0,0.0,0
2026-06-26T15:14:18.750,timeseries,2,Nested Product Conversion,mlx-community/DeepSeek-R1-Distill-Qwen-14B-4bit,296.0,9617.0,0.0,0
2026-06-26T15:14:18.813,timeseries,2,Nested Product Conversion,mlx-community/DeepSeek-R1-Distill-Qwen-14B-4bit,159.0,10618.0,0.0,0
2026-06-26T15:14:18.875,timeseries,2,Nested Product Conversion,mlx-community/DeepSeek-R1-Distill-Qwen-14B-4bit,233.0,10358.0,0.0,0
2026-06-26T15:14:18.938,timeseries,2,Nested Product Conversion,mlx-community/DeepSeek-R1-Distill-Qwen-14B-4bit,194.0,9419.0,0.0,0
2026-06-26T15:14:18.998,timeseries,2,Nested Product Conversion,mlx-community/DeepSeek-R1-Distill-Qwen-14B-4bit,191.0,10607.0,0.0,0
2026-06-26T15:14:19.061,timeseries,2,Nested Product Conversion,mlx-community/DeepSeek-R1-Distill-Qwen-14B-4bit,371.0,9305.0,0.0,0
2026-06-26T15:14:19.124,timeseries,2,Nested Product Conversion,mlx-community/DeepSeek-R1-Distill-Qwen-14B-4bit,230.0,9675.0,0.0,0
2026-06-26T15:14:19.187,timeseries,2,Nested Product Conversion,mlx-community/DeepSeek-R1-Distill-Qwen-14B-4bit,191.0,10650.0,0.0,0
2026-06-26T15:14:19.250,timeseries,2,Nested Product Conversion,mlx-community/DeepSeek-R1-Distill-Qwen-14B-4bit,176.0,9319.0,0.0,0
2026-06-26T15:14:19.313,timeseries,2,Nested Product Conversion,mlx-community/DeepSeek-R1-Distill-Qwen-14B-4bit,206.0,10530.0,0.0,0
2026-06-26T15:14:19.376,timeseries,2,Nested Product Conversion,mlx-community/DeepSeek-R1-Distill-Qwen-14B-4bit,585.0,10478.0,0.0,0
2026-06-26T15:14:19.438,timeseries,2,Nested Product Conversion,mlx-community/DeepSeek-R1-Distill-Qwen-14B-4bit,192.0,9345.0,0.0,0
2026-06-26T15:14:19.500,timeseries,2,Nested Product Conversion,mlx-community/DeepSeek-R1-Distill-Qwen-14B-4bit,255.0,10618.0,0.0,0
2026-06-26T15:14:19.563,timeseries,2,Nested Product Conversion,mlx-community/DeepSeek-R1-Distill-Qwen-14B-4bit,355.0,9394.0,0.0,0
2026-06-26T15:14:19.623,timeseries,2,Nested Product Conversion,mlx-community/DeepSeek-R1-Distill-Qwen-14B-4bit,224.0,10771.0,0.0,0
2026-06-26T15:14:19.687,timeseries,2,Nested Product Conversion,mlx-community/DeepSeek-R1-Distill-Qwen-14B-4bit,451.0,9303.0,0.0,0
2026-06-26T15:14:19.750,timeseries,2,Nested Product Conversion,mlx-community/DeepSeek-R1-Distill-Qwen-14B-4bit,2086.0,9356.0,0.0,0
2026-06-26T15:14:19.813,timeseries,2,Nested Product Conversion,mlx-community/DeepSeek-R1-Distill-Qwen-14B-4bit,675.0,10372.0,0.0,0
2026-06-26T15:14:19.876,timeseries,2,Nested Product Conversion,mlx-community/DeepSeek-R1-Distill-Qwen-14B-4bit,349.0,10621.0,0.0,0
2026-06-26T15:14:19.938,timeseries,2,Nested Product Conversion,mlx-community/DeepSeek-R1-Distill-Qwen-14B-4bit,316.0,9289.0,0.0,0
2026-06-26T15:14:20.001,timeseries,2,Nested Product Conversion,mlx-community/DeepSeek-R1-Distill-Qwen-14B-4bit,351.0,10656.0,0.0,0
2026-06-26T15:14:20.063,timeseries,2,Nested Product Conversion,mlx-community/DeepSeek-R1-Distill-Qwen-14B-4bit,1114.0,9443.0,0.0,0
2026-06-26T15:14:20.125,timeseries,2,Nested Product Conversion,mlx-community/DeepSeek-R1-Distill-Qwen-14B-4bit,350.0,10730.0,0.0,0
2026-06-26T15:14:20.187,timeseries,2,Nested Product Conversion,mlx-community/DeepSeek-R1-Distill-Qwen-14B-4bit,434.0,9412.0,0.0,0
2026-06-26T15:14:20.252,timeseries,2,Nested Product Conversion,mlx-community/DeepSeek-R1-Distill-Qwen-14B-4bit,416.0,10730.0,0.0,0
2026-06-26T15:14:20.315,timeseries,2,Nested Product Conversion,mlx-community/DeepSeek-R1-Distill-Qwen-14B-4bit,709.0,9463.0,0.0,0
2026-06-26T15:14:20.378,timeseries,2,Nested Product Conversion,mlx-community/DeepSeek-R1-Distill-Qwen-14B-4bit,678.0,10255.0,0.0,0
2026-06-26T15:14:20.441,timeseries,2,Nested Product Conversion,mlx-community/DeepSeek-R1-Distill-Qwen-14B-4bit,337.0,9393.0,0.0,0
2026-06-26T15:14:20.503,timeseries,2,Nested Product Conversion,mlx-community/DeepSeek-R1-Distill-Qwen-14B-4bit,427.0,10603.0,0.0,0
2026-06-26T15:14:20.567,timeseries,2,Nested Product Conversion,mlx-community/DeepSeek-R1-Distill-Qwen-14B-4bit,1197.0,9335.0,0.0,0
2026-06-26T15:14:20.629,timeseries,2,Nested Product Conversion,mlx-community/DeepSeek-R1-Distill-Qwen-14B-4bit,446.0,10752.0,0.0,0
2026-06-26T15:14:20.692,timeseries,2,Nested Product Conversion,mlx-community/DeepSeek-R1-Distill-Qwen-14B-4bit,315.0,10565.0,0.0,0
2026-06-26T15:14:20.754,timeseries,2,Nested Product Conversion,mlx-community/DeepSeek-R1-Distill-Qwen-14B-4bit,449.0,9422.0,0.0,0
2026-06-26T15:14:20.815,timeseries,2,Nested Product Conversion,mlx-community/DeepSeek-R1-Distill-Qwen-14B-4bit,478.0,9373.0,0.0,0
2026-06-26T15:14:20.878,timeseries,2,Nested Product Conversion,mlx-community/DeepSeek-R1-Distill-Qwen-14B-4bit,440.0,10945.0,0.0,0
2026-06-26T15:14:20.939,timeseries,2,Nested Product Conversion,mlx-community/DeepSeek-R1-Distill-Qwen-14B-4bit,340.0,9477.0,0.0,0
2026-06-26T15:14:21.002,timeseries,2,Nested Product Conversion,mlx-community/DeepSeek-R1-Distill-Qwen-14B-4bit,416.0,10751.0,0.0,0
2026-06-26T15:14:21.064,timeseries,2,Nested Product Conversion,mlx-community/DeepSeek-R1-Distill-Qwen-14B-4bit,1077.0,9549.0,0.0,0
2026-06-26T15:14:21.127,timeseries,2,Nested Product Conversion,mlx-community/DeepSeek-R1-Distill-Qwen-14B-4bit,459.0,10680.0,0.0,0
2026-06-26T15:14:21.188,timeseries,2,Nested Product Conversion,mlx-community/DeepSeek-R1-Distill-Qwen-14B-4bit,438.0,9510.0,0.0,0
2026-06-26T15:14:21.252,timeseries,2,Nested Product Conversion,mlx-community/DeepSeek-R1-Distill-Qwen-14B-4bit,349.0,10614.0,0.0,0
2026-06-26T15:14:21.314,timeseries,2,Nested Product Conversion,mlx-community/DeepSeek-R1-Distill-Qwen-14B-4bit,720.0,9604.0,0.0,0
2026-06-26T15:14:21.377,timeseries,2,Nested Product Conversion,mlx-community/DeepSeek-R1-Distill-Qwen-14B-4bit,626.0,10489.0,0.0,0
2026-06-26T15:14:21.439,timeseries,2,Nested Product Conversion,mlx-community/DeepSeek-R1-Distill-Qwen-14B-4bit,419.0,9428.0,0.0,0
2026-06-26T15:14:21.502,timeseries,2,Nested Product Conversion,mlx-community/DeepSeek-R1-Distill-Qwen-14B-4bit,332.0,10640.0,0.0,0
2026-06-26T15:14:21.564,timeseries,2,Nested Product Conversion,mlx-community/DeepSeek-R1-Distill-Qwen-14B-4bit,1074.0,9522.0,0.0,0
2026-06-26T15:14:21.626,timeseries,2,Nested Product Conversion,mlx-community/DeepSeek-R1-Distill-Qwen-14B-4bit,582.0,10624.0,0.0,0
2026-06-26T15:14:21.689,timeseries,2,Nested Product Conversion,mlx-community/DeepSeek-R1-Distill-Qwen-14B-4bit,455.0,9524.0,0.0,0
2026-06-26T15:14:21.752,timeseries,2,Nested Product Conversion,mlx-community/DeepSeek-R1-Distill-Qwen-14B-4bit,302.0,10679.0,0.0,0
2026-06-26T15:14:21.814,timeseries,2,Nested Product Conversion,mlx-community/DeepSeek-R1-Distill-Qwen-14B-4bit,451.0,9462.0,0.0,0
2026-06-26T15:14:21.877,timeseries,2,Nested Product Conversion,mlx-community/DeepSeek-R1-Distill-Qwen-14B-4bit,475.0,10626.0,0.0,0
2026-06-26T15:14:21.938,timeseries,2,Nested Product Conversion,mlx-community/DeepSeek-R1-Distill-Qwen-14B-4bit,415.0,9410.0,0.0,0
2026-06-26T15:14:22.001,timeseries,2,Nested Product Conversion,mlx-community/DeepSeek-R1-Distill-Qwen-14B-4bit,433.0,10738.0,0.0,0
2026-06-26T15:14:22.063,timeseries,2,Nested Product Conversion,mlx-community/DeepSeek-R1-Distill-Qwen-14B-4bit,828.0,9509.0,0.0,0
2026-06-26T15:14:22.125,timeseries,2,Nested Product Conversion,mlx-community/DeepSeek-R1-Distill-Qwen-14B-4bit,577.0,10831.0,0.0,0
2026-06-26T15:14:22.187,timeseries,2,Nested Product Conversion,mlx-community/DeepSeek-R1-Distill-Qwen-14B-4bit,450.0,9436.0,0.0,0
2026-06-26T15:14:22.251,timeseries,2,Nested Product Conversion,mlx-community/DeepSeek-R1-Distill-Qwen-14B-4bit,448.0,10690.0,0.0,0
2026-06-26T15:14:22.314,timeseries,2,Nested Product Conversion,mlx-community/DeepSeek-R1-Distill-Qwen-14B-4bit,519.0,9511.0,0.0,0
2026-06-26T15:14:22.376,timeseries,2,Nested Product Conversion,mlx-community/DeepSeek-R1-Distill-Qwen-14B-4bit,730.0,10405.0,0.0,0
2026-06-26T15:14:22.438,timeseries,2,Nested Product Conversion,mlx-community/DeepSeek-R1-Distill-Qwen-14B-4bit,403.0,9502.0,0.0,0
2026-06-26T15:14:22.500,timeseries,2,Nested Product Conversion,mlx-community/DeepSeek-R1-Distill-Qwen-14B-4bit,434.0,10857.0,0.0,0
2026-06-26T15:14:22.563,timeseries,2,Nested Product Conversion,mlx-community/DeepSeek-R1-Distill-Qwen-14B-4bit,858.0,9546.0,0.0,0
2026-06-26T15:14:22.625,timeseries,2,Nested Product Conversion,mlx-community/DeepSeek-R1-Distill-Qwen-14B-4bit,654.0,10826.0,0.0,0
2026-06-26T15:14:22.686,timeseries,2,Nested Product Conversion,mlx-community/DeepSeek-R1-Distill-Qwen-14B-4bit,449.0,9495.0,0.0,0
2026-06-26T15:14:22.749,timeseries,2,Nested Product Conversion,mlx-community/DeepSeek-R1-Distill-Qwen-14B-4bit,441.0,9642.0,0.0,0
2026-06-26T15:14:22.812,timeseries,2,Nested Product Conversion,mlx-community/DeepSeek-R1-Distill-Qwen-14B-4bit,322.0,10893.0,0.0,0
2026-06-26T15:14:22.873,timeseries,2,Nested Product Conversion,mlx-community/DeepSeek-R1-Distill-Qwen-14B-4bit,478.0,9416.0,0.0,0
2026-06-26T15:14:22.936,timeseries,2,Nested Product Conversion,mlx-community/DeepSeek-R1-Distill-Qwen-14B-4bit,430.0,10758.0,0.0,0
2026-06-26T15:14:22.998,timeseries,2,Nested Product Conversion,mlx-community/DeepSeek-R1-Distill-Qwen-14B-4bit,424.0,9586.0,0.0,0
2026-06-26T15:14:23.060,timeseries,2,Nested Product Conversion,mlx-community/DeepSeek-R1-Distill-Qwen-14B-4bit,883.0,10800.0,0.0,0
2026-06-26T15:14:23.122,timeseries,2,Nested Product Conversion,mlx-community/DeepSeek-R1-Distill-Qwen-14B-4bit,450.0,9540.0,0.0,0
2026-06-26T15:14:23.185,timeseries,2,Nested Product Conversion,mlx-community/DeepSeek-R1-Distill-Qwen-14B-4bit,523.0,10671.0,0.0,0
2026-06-26T15:14:23.250,timeseries,2,Nested Product Conversion,mlx-community/DeepSeek-R1-Distill-Qwen-14B-4bit,454.0,9604.0,0.0,0
2026-06-26T15:14:23.312,timeseries,2,Nested Product Conversion,mlx-community/DeepSeek-R1-Distill-Qwen-14B-4bit,381.0,10627.0,0.0,0
2026-06-26T15:14:23.375,timeseries,2,Nested Product Conversion,mlx-community/DeepSeek-R1-Distill-Qwen-14B-4bit,781.0,10326.0,0.0,0
2026-06-26T15:14:23.437,timeseries,2,Nested Product Conversion,mlx-community/DeepSeek-R1-Distill-Qwen-14B-4bit,517.0,9528.0,0.0,0
2026-06-26T15:14:23.499,timeseries,2,Nested Product Conversion,mlx-community/DeepSeek-R1-Distill-Qwen-14B-4bit,430.0,9437.0,0.0,0
2026-06-26T15:14:23.562,timeseries,2,Nested Product Conversion,mlx-community/DeepSeek-R1-Distill-Qwen-14B-4bit,962.0,10946.0,0.0,0
2026-06-26T15:14:23.622,timeseries,2,Nested Product Conversion,mlx-community/DeepSeek-R1-Distill-Qwen-14B-4bit,714.0,9590.0,0.0,0
2026-06-26T15:14:23.685,timeseries,2,Nested Product Conversion,mlx-community/DeepSeek-R1-Distill-Qwen-14B-4bit,2272.0,10583.0,0.0,0
2026-06-26T15:14:23.747,timeseries,2,Nested Product Conversion,mlx-community/DeepSeek-R1-Distill-Qwen-14B-4bit,342.0,9655.0,0.0,0
2026-06-26T15:14:23.810,timeseries,2,Nested Product Conversion,mlx-community/DeepSeek-R1-Distill-Qwen-14B-4bit,443.0,10653.0,0.0,0
2026-06-26T15:14:23.871,timeseries,2,Nested Product Conversion,mlx-community/DeepSeek-R1-Distill-Qwen-14B-4bit,310.0,9623.0,0.0,0
2026-06-26T15:14:23.933,timeseries,2,Nested Product Conversion,mlx-community/DeepSeek-R1-Distill-Qwen-14B-4bit,542.0,10751.0,0.0,0
2026-06-26T15:14:23.996,timeseries,2,Nested Product Conversion,mlx-community/DeepSeek-R1-Distill-Qwen-14B-4bit,426.0,9641.0,0.0,0
2026-06-26T15:14:24.058,timeseries,2,Nested Product Conversion,mlx-community/DeepSeek-R1-Distill-Qwen-14B-4bit,1036.0,10643.0,0.0,0
2026-06-26T15:14:24.121,timeseries,2,Nested Product Conversion,mlx-community/DeepSeek-R1-Distill-Qwen-14B-4bit,352.0,9509.0,0.0,0
2026-06-26T15:14:24.183,timeseries,2,Nested Product Conversion,mlx-community/DeepSeek-R1-Distill-Qwen-14B-4bit,497.0,10736.0,0.0,0
2026-06-26T15:14:24.246,timeseries,2,Nested Product Conversion,mlx-community/DeepSeek-R1-Distill-Qwen-14B-4bit,431.0,9428.0,0.0,0
2026-06-26T15:14:24.308,timeseries,2,Nested Product Conversion,mlx-community/DeepSeek-R1-Distill-Qwen-14B-4bit,466.0,10755.0,0.0,0
2026-06-26T15:14:24.370,timeseries,2,Nested Product Conversion,mlx-community/DeepSeek-R1-Distill-Qwen-14B-4bit,736.0,9363.0,0.0,0
2026-06-26T15:14:24.433,timeseries,2,Nested Product Conversion,mlx-community/DeepSeek-R1-Distill-Qwen-14B-4bit,501.0,9536.0,0.0,0
2026-06-26T15:14:24.496,timeseries,2,Nested Product Conversion,mlx-community/DeepSeek-R1-Distill-Qwen-14B-4bit,446.0,10712.0,0.0,0
2026-06-26T15:14:24.558,timeseries,2,Nested Product Conversion,mlx-community/DeepSeek-R1-Distill-Qwen-14B-4bit,953.0,10653.0,0.0,0
2026-06-26T15:14:24.620,timeseries,2,Nested Product Conversion,mlx-community/DeepSeek-R1-Distill-Qwen-14B-4bit,352.0,9437.0,0.0,0
2026-06-26T15:14:24.683,timeseries,2,Nested Product Conversion,mlx-community/DeepSeek-R1-Distill-Qwen-14B-4bit,578.0,9460.0,0.0,0
2026-06-26T15:14:24.746,timeseries,2,Nested Product Conversion,mlx-community/DeepSeek-R1-Distill-Qwen-14B-4bit,514.0,10807.0,0.0,0
2026-06-26T15:14:24.808,timeseries,2,Nested Product Conversion,mlx-community/DeepSeek-R1-Distill-Qwen-14B-4bit,445.0,10683.0,0.0,0
2026-06-26T15:14:24.869,timeseries,2,Nested Product Conversion,mlx-community/DeepSeek-R1-Distill-Qwen-14B-4bit,2600.0,9220.0,0.0,0
2026-06-26T15:14:24.931,timeseries,2,Nested Product Conversion,mlx-community/DeepSeek-R1-Distill-Qwen-14B-4bit,900.0,9641.0,0.0,0
2026-06-26T15:14:24.993,timeseries,2,Nested Product Conversion,mlx-community/DeepSeek-R1-Distill-Qwen-14B-4bit,417.0,10734.0,0.0,0
2026-06-26T15:14:25.056,timeseries,2,Nested Product Conversion,mlx-community/DeepSeek-R1-Distill-Qwen-14B-4bit,342.0,9502.0,0.0,0
2026-06-26T15:14:25.118,timeseries,2,Nested Product Conversion,mlx-community/DeepSeek-R1-Distill-Qwen-14B-4bit,309.0,10946.0,0.0,0
2026-06-26T15:14:25.181,timeseries,2,Nested Product Conversion,mlx-community/DeepSeek-R1-Distill-Qwen-14B-4bit,225.0,9467.0,0.0,0
2026-06-26T15:14:25.245,timeseries,2,Nested Product Conversion,mlx-community/DeepSeek-R1-Distill-Qwen-14B-4bit,189.0,10554.0,0.0,0
2026-06-26T15:14:25.309,timeseries,2,Nested Product Conversion,mlx-community/DeepSeek-R1-Distill-Qwen-14B-4bit,192.0,9376.0,0.0,0
2026-06-26T15:14:25.372,timeseries,2,Nested Product Conversion,mlx-community/DeepSeek-R1-Distill-Qwen-14B-4bit,356.0,10282.0,0.0,0
2026-06-26T15:14:25.435,timeseries,2,Nested Product Conversion,mlx-community/DeepSeek-R1-Distill-Qwen-14B-4bit,250.0,10436.0,0.0,0
2026-06-26T15:14:25.497,timeseries,2,Nested Product Conversion,mlx-community/DeepSeek-R1-Distill-Qwen-14B-4bit,257.0,9426.0,0.0,0
2026-06-26T15:14:25.559,timeseries,2,Nested Product Conversion,mlx-community/DeepSeek-R1-Distill-Qwen-14B-4bit,301.0,10562.0,0.0,0
2026-06-26T15:14:25.622,timeseries,2,Nested Product Conversion,mlx-community/DeepSeek-R1-Distill-Qwen-14B-4bit,258.0,9542.0,0.0,0
2026-06-26T15:14:25.684,timeseries,2,Nested Product Conversion,mlx-community/DeepSeek-R1-Distill-Qwen-14B-4bit,176.0,10727.0,0.0,0
2026-06-26T15:14:25.747,timeseries,2,Nested Product Conversion,mlx-community/DeepSeek-R1-Distill-Qwen-14B-4bit,224.0,9419.0,0.0,0
2026-06-26T15:14:25.808,timeseries,2,Nested Product Conversion,mlx-community/DeepSeek-R1-Distill-Qwen-14B-4bit,191.0,10702.0,0.0,0
2026-06-26T15:14:25.871,timeseries,2,Nested Product Conversion,mlx-community/DeepSeek-R1-Distill-Qwen-14B-4bit,179.0,9533.0,0.0,0
2026-06-26T15:14:25.934,timeseries,2,Nested Product Conversion,mlx-community/DeepSeek-R1-Distill-Qwen-14B-4bit,161.0,10791.0,0.0,0
2026-06-26T15:14:25.996,timeseries,2,Nested Product Conversion,mlx-community/DeepSeek-R1-Distill-Qwen-14B-4bit,191.0,9395.0,0.0,0
2026-06-26T15:14:26.057,timeseries,2,Nested Product Conversion,mlx-community/DeepSeek-R1-Distill-Qwen-14B-4bit,334.0,10666.0,0.0,0
2026-06-26T15:14:26.120,timeseries,2,Nested Product Conversion,mlx-community/DeepSeek-R1-Distill-Qwen-14B-4bit,310.0,9632.0,0.0,0
2026-06-26T15:14:26.181,timeseries,2,Nested Product Conversion,mlx-community/DeepSeek-R1-Distill-Qwen-14B-4bit,162.0,9564.0,0.0,0
2026-06-26T15:14:26.245,timeseries,2,Nested Product Conversion,mlx-community/DeepSeek-R1-Distill-Qwen-14B-4bit,208.0,10737.0,0.0,0
2026-06-26T15:14:26.308,timeseries,2,Nested Product Conversion,mlx-community/DeepSeek-R1-Distill-Qwen-14B-4bit,176.0,9428.0,0.0,0
2026-06-26T15:14:26.371,timeseries,2,Nested Product Conversion,mlx-community/DeepSeek-R1-Distill-Qwen-14B-4bit,359.0,10405.0,0.0,0
2026-06-26T15:14:26.434,timeseries,2,Nested Product Conversion,mlx-community/DeepSeek-R1-Distill-Qwen-14B-4bit,208.0,10709.0,0.0,0
2026-06-26T15:14:26.496,timeseries,2,Nested Product Conversion,mlx-community/DeepSeek-R1-Distill-Qwen-14B-4bit,190.0,9336.0,0.0,0
2026-06-26T15:14:26.559,timeseries,2,Nested Product Conversion,mlx-community/DeepSeek-R1-Distill-Qwen-14B-4bit,349.0,10575.0,0.0,0
2026-06-26T15:14:26.622,timeseries,2,Nested Product Conversion,mlx-community/DeepSeek-R1-Distill-Qwen-14B-4bit,290.0,9530.0,0.0,0
2026-06-26T15:14:26.686,timeseries,2,Nested Product Conversion,mlx-community/DeepSeek-R1-Distill-Qwen-14B-4bit,175.0,10628.0,0.0,0
2026-06-26T15:14:26.748,timeseries,2,Nested Product Conversion,mlx-community/DeepSeek-R1-Distill-Qwen-14B-4bit,173.0,9288.0,0.0,0
2026-06-26T15:14:26.810,timeseries,2,Nested Product Conversion,mlx-community/DeepSeek-R1-Distill-Qwen-14B-4bit,268.0,10573.0,0.0,0
2026-06-26T15:14:26.873,timeseries,2,Nested Product Conversion,mlx-community/DeepSeek-R1-Distill-Qwen-14B-4bit,194.0,9492.0,0.0,0
2026-06-26T15:14:26.937,timeseries,2,Nested Product Conversion,mlx-community/DeepSeek-R1-Distill-Qwen-14B-4bit,192.0,10680.0,0.0,0
2026-06-26T15:14:26.998,timeseries,2,Nested Product Conversion,mlx-community/DeepSeek-R1-Distill-Qwen-14B-4bit,175.0,9373.0,0.0,0
2026-06-26T15:14:27.060,timeseries,2,Nested Product Conversion,mlx-community/DeepSeek-R1-Distill-Qwen-14B-4bit,348.0,10547.0,0.0,0
2026-06-26T15:14:27.122,timeseries,2,Nested Product Conversion,mlx-community/DeepSeek-R1-Distill-Qwen-14B-4bit,246.0,9700.0,0.0,0
2026-06-26T15:14:27.186,timeseries,2,Nested Product Conversion,mlx-community/DeepSeek-R1-Distill-Qwen-14B-4bit,209.0,10772.0,0.0,0
2026-06-26T15:14:27.250,timeseries,2,Nested Product Conversion,mlx-community/DeepSeek-R1-Distill-Qwen-14B-4bit,176.0,9448.0,0.0,0
2026-06-26T15:14:27.313,timeseries,2,Nested Product Conversion,mlx-community/DeepSeek-R1-Distill-Qwen-14B-4bit,205.0,10562.0,0.0,0
2026-06-26T15:14:27.375,timeseries,2,Nested Product Conversion,mlx-community/DeepSeek-R1-Distill-Qwen-14B-4bit,329.0,10478.0,0.0,0
2026-06-26T15:14:27.437,timeseries,2,Nested Product Conversion,mlx-community/DeepSeek-R1-Distill-Qwen-14B-4bit,208.0,9369.0,0.0,0
2026-06-26T15:14:27.498,timeseries,2,Nested Product Conversion,mlx-community/DeepSeek-R1-Distill-Qwen-14B-4bit,176.0,9443.0,0.0,0
2026-06-26T15:14:27.560,timeseries,2,Nested Product Conversion,mlx-community/DeepSeek-R1-Distill-Qwen-14B-4bit,336.0,10700.0,0.0,0
2026-06-26T15:14:27.621,timeseries,2,Nested Product Conversion,mlx-community/DeepSeek-R1-Distill-Qwen-14B-4bit,359.0,9623.0,0.0,0
2026-06-26T15:14:27.685,timeseries,2,Nested Product Conversion,mlx-community/DeepSeek-R1-Distill-Qwen-14B-4bit,180.0,11038.0,0.0,0
2026-06-26T15:14:27.747,timeseries,2,Nested Product Conversion,mlx-community/DeepSeek-R1-Distill-Qwen-14B-4bit,177.0,9483.0,0.0,0
2026-06-26T15:14:27.809,timeseries,2,Nested Product Conversion,mlx-community/DeepSeek-R1-Distill-Qwen-14B-4bit,190.0,10619.0,0.0,0
2026-06-26T15:14:27.872,timeseries,2,Nested Product Conversion,mlx-community/DeepSeek-R1-Distill-Qwen-14B-4bit,255.0,9368.0,0.0,0
2026-06-26T15:14:27.936,timeseries,2,Nested Product Conversion,mlx-community/DeepSeek-R1-Distill-Qwen-14B-4bit,194.0,10877.0,0.0,0
2026-06-26T15:14:27.998,timeseries,2,Nested Product Conversion,mlx-community/DeepSeek-R1-Distill-Qwen-14B-4bit,176.0,9399.0,0.0,0
2026-06-26T15:14:28.060,timeseries,2,Nested Product Conversion,mlx-community/DeepSeek-R1-Distill-Qwen-14B-4bit,324.0,10306.0,0.0,0
2026-06-26T15:14:28.122,timeseries,2,Nested Product Conversion,mlx-community/DeepSeek-R1-Distill-Qwen-14B-4bit,295.0,9691.0,0.0,0
2026-06-26T15:14:28.186,timeseries,2,Nested Product Conversion,mlx-community/DeepSeek-R1-Distill-Qwen-14B-4bit,192.0,10741.0,0.0,0
2026-06-26T15:14:28.250,timeseries,2,Nested Product Conversion,mlx-community/DeepSeek-R1-Distill-Qwen-14B-4bit,177.0,9454.0,0.0,0
2026-06-26T15:14:28.312,timeseries,2,Nested Product Conversion,mlx-community/DeepSeek-R1-Distill-Qwen-14B-4bit,219.0,10476.0,0.0,0
2026-06-26T15:14:28.375,timeseries,2,Nested Product Conversion,mlx-community/DeepSeek-R1-Distill-Qwen-14B-4bit,347.0,9223.0,0.0,0
2026-06-26T15:14:28.438,timeseries,2,Nested Product Conversion,mlx-community/DeepSeek-R1-Distill-Qwen-14B-4bit,226.0,10813.0,0.0,0
2026-06-26T15:14:28.499,timeseries,2,Nested Product Conversion,mlx-community/DeepSeek-R1-Distill-Qwen-14B-4bit,175.0,10712.0,0.0,0
2026-06-26T15:14:28.561,timeseries,2,Nested Product Conversion,mlx-community/DeepSeek-R1-Distill-Qwen-14B-4bit,315.0,9247.0,0.0,0
2026-06-26T15:14:28.624,timeseries,2,Nested Product Conversion,mlx-community/DeepSeek-R1-Distill-Qwen-14B-4bit,360.0,9620.0,0.0,0
2026-06-26T15:14:28.687,timeseries,2,Nested Product Conversion,mlx-community/DeepSeek-R1-Distill-Qwen-14B-4bit,627.0,10792.0,0.0,0
2026-06-26T15:14:28.750,timeseries,2,Nested Product Conversion,mlx-community/DeepSeek-R1-Distill-Qwen-14B-4bit,287.0,9392.0,0.0,0
2026-06-26T15:14:28.813,timeseries,2,Nested Product Conversion,mlx-community/DeepSeek-R1-Distill-Qwen-14B-4bit,176.0,10739.0,0.0,0
2026-06-26T15:14:28.875,timeseries,2,Nested Product Conversion,mlx-community/DeepSeek-R1-Distill-Qwen-14B-4bit,189.0,10591.0,0.0,0
2026-06-26T15:14:28.937,timeseries,2,Nested Product Conversion,mlx-community/DeepSeek-R1-Distill-Qwen-14B-4bit,240.0,9380.0,0.0,0
2026-06-26T15:14:28.998,timeseries,2,Nested Product Conversion,mlx-community/DeepSeek-R1-Distill-Qwen-14B-4bit,195.0,10947.0,0.0,0
2026-06-26T15:14:29.061,timeseries,2,Nested Product Conversion,mlx-community/DeepSeek-R1-Distill-Qwen-14B-4bit,318.0,9317.0,0.0,0
2026-06-26T15:14:29.123,timeseries,2,Nested Product Conversion,mlx-community/DeepSeek-R1-Distill-Qwen-14B-4bit,280.0,9747.0,0.0,0
2026-06-26T15:14:29.186,timeseries,2,Nested Product Conversion,mlx-community/DeepSeek-R1-Distill-Qwen-14B-4bit,191.0,10718.0,0.0,0
2026-06-26T15:14:29.250,timeseries,2,Nested Product Conversion,mlx-community/DeepSeek-R1-Distill-Qwen-14B-4bit,193.0,9435.0,0.0,0
2026-06-26T15:14:29.312,timeseries,2,Nested Product Conversion,mlx-community/DeepSeek-R1-Distill-Qwen-14B-4bit,191.0,10718.0,0.0,0
2026-06-26T15:14:29.375,timeseries,2,Nested Product Conversion,mlx-community/DeepSeek-R1-Distill-Qwen-14B-4bit,344.0,9172.0,0.0,0
2026-06-26T15:14:29.437,timeseries,2,Nested Product Conversion,mlx-community/DeepSeek-R1-Distill-Qwen-14B-4bit,225.0,10794.0,0.0,0
2026-06-26T15:14:29.498,timeseries,2,Nested Product Conversion,mlx-community/DeepSeek-R1-Distill-Qwen-14B-4bit,191.0,9342.0,0.0,0
2026-06-26T15:14:29.560,timeseries,2,Nested Product Conversion,mlx-community/DeepSeek-R1-Distill-Qwen-14B-4bit,307.0,10842.0,0.0,0
2026-06-26T15:14:29.621,timeseries,2,Nested Product Conversion,mlx-community/DeepSeek-R1-Distill-Qwen-14B-4bit,279.0,9702.0,0.0,0
2026-06-26T15:14:29.684,timeseries,2,Nested Product Conversion,mlx-community/DeepSeek-R1-Distill-Qwen-14B-4bit,245.0,10943.0,0.0,0
2026-06-26T15:14:29.749,timeseries,2,Nested Product Conversion,mlx-community/DeepSeek-R1-Distill-Qwen-14B-4bit,177.0,9496.0,0.0,0
2026-06-26T15:14:29.812,timeseries,2,Nested Product Conversion,mlx-community/DeepSeek-R1-Distill-Qwen-14B-4bit,191.0,10710.0,0.0,0
2026-06-26T15:14:29.875,timeseries,2,Nested Product Conversion,mlx-community/DeepSeek-R1-Distill-Qwen-14B-4bit,291.0,9002.0,0.0,0
2026-06-26T15:14:29.937,timeseries,2,Nested Product Conversion,mlx-community/DeepSeek-R1-Distill-Qwen-14B-4bit,191.0,10719.0,0.0,0
2026-06-26T15:14:30.001,timeseries,2,Nested Product Conversion,mlx-community/DeepSeek-R1-Distill-Qwen-14B-4bit,522.0,9258.0,0.0,0
2026-06-26T15:14:30.063,timeseries,2,Nested Product Conversion,mlx-community/DeepSeek-R1-Distill-Qwen-14B-4bit,2125.0,10754.0,0.0,0
2026-06-26T15:14:30.125,timeseries,2,Nested Product Conversion,mlx-community/DeepSeek-R1-Distill-Qwen-14B-4bit,439.0,10638.0,0.0,0
2026-06-26T15:14:30.187,timeseries,2,Nested Product Conversion,mlx-community/DeepSeek-R1-Distill-Qwen-14B-4bit,415.0,9422.0,0.0,0
2026-06-26T15:14:30.251,timeseries,2,Nested Product Conversion,mlx-community/DeepSeek-R1-Distill-Qwen-14B-4bit,289.0,9486.0,0.0,0
2026-06-26T15:14:30.314,timeseries,2,Nested Product Conversion,mlx-community/DeepSeek-R1-Distill-Qwen-14B-4bit,195.0,10931.0,0.0,0
2026-06-26T15:14:30.376,timeseries,2,Nested Product Conversion,mlx-community/DeepSeek-R1-Distill-Qwen-14B-4bit,360.0,10491.0,0.0,0
2026-06-26T15:14:30.437,timeseries,2,Nested Product Conversion,mlx-community/DeepSeek-R1-Distill-Qwen-14B-4bit,191.0,9391.0,0.0,0
2026-06-26T15:14:30.499,timeseries,2,Nested Product Conversion,mlx-community/DeepSeek-R1-Distill-Qwen-14B-4bit,243.0,10906.0,0.0,0
2026-06-26T15:14:30.561,timeseries,2,Nested Product Conversion,mlx-community/DeepSeek-R1-Distill-Qwen-14B-4bit,338.0,9421.0,0.0,0
2026-06-26T15:14:30.624,timeseries,2,Nested Product Conversion,mlx-community/DeepSeek-R1-Distill-Qwen-14B-4bit,292.0,9663.0,0.0,0
2026-06-26T15:14:30.686,timeseries,2,Nested Product Conversion,mlx-community/DeepSeek-R1-Distill-Qwen-14B-4bit,224.0,10771.0,0.0,0
2026-06-26T15:14:30.750,timeseries,2,Nested Product Conversion,mlx-community/DeepSeek-R1-Distill-Qwen-14B-4bit,192.0,9464.0,0.0,0
2026-06-26T15:14:30.812,timeseries,2,Nested Product Conversion,mlx-community/DeepSeek-R1-Distill-Qwen-14B-4bit,192.0,10729.0,0.0,0
2026-06-26T15:14:30.875,timeseries,2,Nested Product Conversion,mlx-community/DeepSeek-R1-Distill-Qwen-14B-4bit,158.0,9341.0,0.0,0
2026-06-26T15:14:30.937,timeseries,2,Nested Product Conversion,mlx-community/DeepSeek-R1-Distill-Qwen-14B-4bit,193.0,10836.0,0.0,0
2026-06-26T15:14:30.998,timeseries,2,Nested Product Conversion,mlx-community/DeepSeek-R1-Distill-Qwen-14B-4bit,255.0,9401.0,0.0,0
2026-06-26T15:14:31.061,timeseries,2,Nested Product Conversion,mlx-community/DeepSeek-R1-Distill-Qwen-14B-4bit,336.0,10695.0,0.0,0
2026-06-26T15:14:31.126,timeseries,2,Nested Product Conversion,mlx-community/DeepSeek-R1-Distill-Qwen-14B-4bit,247.0,9782.0,0.0,0
2026-06-26T15:14:31.187,timeseries,2,Nested Product Conversion,mlx-community/DeepSeek-R1-Distill-Qwen-14B-4bit,222.0,10664.0,0.0,0
2026-06-26T15:14:31.252,timeseries,2,Nested Product Conversion,mlx-community/DeepSeek-R1-Distill-Qwen-14B-4bit,2168.0,10362.0,0.0,0
2026-06-26T15:14:31.314,timeseries,2,Nested Product Conversion,mlx-community/DeepSeek-R1-Distill-Qwen-14B-4bit,6892.0,9590.0,0.0,0
2026-06-26T15:14:31.377,timeseries,2,Nested Product Conversion,mlx-community/DeepSeek-R1-Distill-Qwen-14B-4bit,7101.0,10405.0,0.0,0
2026-06-26T15:14:31.439,timeseries,2,Nested Product Conversion,mlx-community/DeepSeek-R1-Distill-Qwen-14B-4bit,3552.0,9375.0,0.0,0
2026-06-26T15:14:31.502,timeseries,2,Nested Product Conversion,mlx-community/DeepSeek-R1-Distill-Qwen-14B-4bit,7300.0,10697.0,0.0,0
2026-06-26T15:14:31.564,timeseries,2,Nested Product Conversion,mlx-community/DeepSeek-R1-Distill-Qwen-14B-4bit,5993.0,9657.0,0.0,0
2026-06-26T15:14:31.626,timeseries,2,Nested Product Conversion,mlx-community/DeepSeek-R1-Distill-Qwen-14B-4bit,584.0,10763.0,0.0,0
2026-06-26T15:14:31.688,timeseries,2,Nested Product Conversion,mlx-community/DeepSeek-R1-Distill-Qwen-14B-4bit,406.0,9625.0,0.0,0
2026-06-26T15:14:31.750,timeseries,2,Nested Product Conversion,mlx-community/DeepSeek-R1-Distill-Qwen-14B-4bit,305.0,10866.0,0.0,0
2026-06-26T15:14:31.813,timeseries,2,Nested Product Conversion,mlx-community/DeepSeek-R1-Distill-Qwen-14B-4bit,485.0,9596.0,0.0,0
2026-06-26T15:14:31.875,timeseries,2,Nested Product Conversion,mlx-community/DeepSeek-R1-Distill-Qwen-14B-4bit,350.0,10745.0,0.0,0
2026-06-26T15:14:31.938,timeseries,2,Nested Product Conversion,mlx-community/DeepSeek-R1-Distill-Qwen-14B-4bit,398.0,9403.0,0.0,0
2026-06-26T15:14:32.002,timeseries,2,Nested Product Conversion,mlx-community/DeepSeek-R1-Distill-Qwen-14B-4bit,420.0,10938.0,0.0,0
2026-06-26T15:14:32.064,timeseries,2,Nested Product Conversion,mlx-community/DeepSeek-R1-Distill-Qwen-14B-4bit,1242.0,9396.0,0.0,0
2026-06-26T15:14:32.126,timeseries,2,Nested Product Conversion,mlx-community/DeepSeek-R1-Distill-Qwen-14B-4bit,452.0,10599.0,0.0,0
2026-06-26T15:14:32.188,timeseries,2,Nested Product Conversion,mlx-community/DeepSeek-R1-Distill-Qwen-14B-4bit,293.0,9661.0,0.0,0
2026-06-26T15:14:32.252,timeseries,2,Nested Product Conversion,mlx-community/DeepSeek-R1-Distill-Qwen-14B-4bit,446.0,10775.0,0.0,0
2026-06-26T15:14:32.315,timeseries,2,Nested Product Conversion,mlx-community/DeepSeek-R1-Distill-Qwen-14B-4bit,702.0,9664.0,0.0,0
2026-06-26T15:14:32.378,timeseries,2,Nested Product Conversion,mlx-community/DeepSeek-R1-Distill-Qwen-14B-4bit,617.0,10404.0,0.0,0
2026-06-26T15:14:32.440,timeseries,2,Nested Product Conversion,mlx-community/DeepSeek-R1-Distill-Qwen-14B-4bit,350.0,9415.0,0.0,0
2026-06-26T15:14:32.503,timeseries,2,Nested Product Conversion,mlx-community/DeepSeek-R1-Distill-Qwen-14B-4bit,429.0,10766.0,0.0,0
2026-06-26T15:14:32.565,timeseries,2,Nested Product Conversion,mlx-community/DeepSeek-R1-Distill-Qwen-14B-4bit,1052.0,9547.0,0.0,0
2026-06-26T15:14:32.628,timeseries,2,Nested Product Conversion,mlx-community/DeepSeek-R1-Distill-Qwen-14B-4bit,491.0,10830.0,0.0,0
2026-06-26T15:14:32.690,timeseries,2,Nested Product Conversion,mlx-community/DeepSeek-R1-Distill-Qwen-14B-4bit,322.0,9495.0,0.0,0
2026-06-26T15:14:32.753,timeseries,2,Nested Product Conversion,mlx-community/DeepSeek-R1-Distill-Qwen-14B-4bit,446.0,10780.0,0.0,0
2026-06-26T15:14:32.815,timeseries,2,Nested Product Conversion,mlx-community/DeepSeek-R1-Distill-Qwen-14B-4bit,484.0,9549.0,0.0,0
2026-06-26T15:14:32.878,timeseries,2,Nested Product Conversion,mlx-community/DeepSeek-R1-Distill-Qwen-14B-4bit,460.0,10745.0,0.0,0
2026-06-26T15:14:32.941,timeseries,2,Nested Product Conversion,mlx-community/DeepSeek-R1-Distill-Qwen-14B-4bit,371.0,9525.0,0.0,0
2026-06-26T15:14:33.003,timeseries,2,Nested Product Conversion,mlx-community/DeepSeek-R1-Distill-Qwen-14B-4bit,379.0,10702.0,0.0,0
2026-06-26T15:14:33.067,timeseries,2,Nested Product Conversion,mlx-community/DeepSeek-R1-Distill-Qwen-14B-4bit,1122.0,9456.0,0.0,0
2026-06-26T15:14:33.129,timeseries,2,Nested Product Conversion,mlx-community/DeepSeek-R1-Distill-Qwen-14B-4bit,544.0,10889.0,0.0,0
2026-06-26T15:14:33.192,timeseries,2,Nested Product Conversion,mlx-community/DeepSeek-R1-Distill-Qwen-14B-4bit,426.0,10641.0,0.0,0
2026-06-26T15:14:33.255,timeseries,2,Nested Product Conversion,mlx-community/DeepSeek-R1-Distill-Qwen-14B-4bit,335.0,9455.0,0.0,0
2026-06-26T15:14:33.318,timeseries,2,Nested Product Conversion,mlx-community/DeepSeek-R1-Distill-Qwen-14B-4bit,828.0,10744.0,0.0,0
2026-06-26T15:14:33.380,timeseries,2,Nested Product Conversion,mlx-community/DeepSeek-R1-Distill-Qwen-14B-4bit,526.0,9453.0,0.0,0
2026-06-26T15:14:33.443,timeseries,2,Nested Product Conversion,mlx-community/DeepSeek-R1-Distill-Qwen-14B-4bit,440.0,10607.0,0.0,0
2026-06-26T15:14:33.505,timeseries,2,Nested Product Conversion,mlx-community/DeepSeek-R1-Distill-Qwen-14B-4bit,341.0,9593.0,0.0,0
2026-06-26T15:14:33.567,timeseries,2,Nested Product Conversion,mlx-community/DeepSeek-R1-Distill-Qwen-14B-4bit,1004.0,10742.0,0.0,0
2026-06-26T15:14:33.630,timeseries,2,Nested Product Conversion,mlx-community/DeepSeek-R1-Distill-Qwen-14B-4bit,532.0,9612.0,0.0,0
2026-06-26T15:14:33.691,timeseries,2,Nested Product Conversion,mlx-community/DeepSeek-R1-Distill-Qwen-14B-4bit,2183.0,10645.0,0.0,0
2026-06-26T15:14:33.754,timeseries,2,Nested Product Conversion,mlx-community/DeepSeek-R1-Distill-Qwen-14B-4bit,470.0,9564.0,0.0,0
2026-06-26T15:14:33.817,timeseries,2,Nested Product Conversion,mlx-community/DeepSeek-R1-Distill-Qwen-14B-4bit,292.0,9618.0,0.0,0
2026-06-26T15:14:33.880,timeseries,2,Nested Product Conversion,mlx-community/DeepSeek-R1-Distill-Qwen-14B-4bit,207.0,10744.0,0.0,0
2026-06-26T15:14:33.944,timeseries,2,Nested Product Conversion,mlx-community/DeepSeek-R1-Distill-Qwen-14B-4bit,204.0,10606.0,0.0,0
2026-06-26T15:14:34.006,timeseries,2,Nested Product Conversion,mlx-community/DeepSeek-R1-Distill-Qwen-14B-4bit,176.0,9438.0,0.0,0
2026-06-26T15:14:34.068,timeseries,2,Nested Product Conversion,mlx-community/DeepSeek-R1-Distill-Qwen-14B-4bit,357.0,10421.0,0.0,0
2026-06-26T15:14:34.129,timeseries,2,Nested Product Conversion,mlx-community/DeepSeek-R1-Distill-Qwen-14B-4bit,313.0,9782.0,0.0,0
2026-06-26T15:14:34.193,timeseries,2,Nested Product Conversion,mlx-community/DeepSeek-R1-Distill-Qwen-14B-4bit,179.0,10959.0,0.0,0
2026-06-26T15:14:34.256,timeseries,2,Nested Product Conversion,mlx-community/DeepSeek-R1-Distill-Qwen-14B-4bit,176.0,9450.0,0.0,0
2026-06-26T15:14:34.320,timeseries,2,Nested Product Conversion,mlx-community/DeepSeek-R1-Distill-Qwen-14B-4bit,220.0,10590.0,0.0,0
2026-06-26T15:14:34.383,timeseries,2,Nested Product Conversion,mlx-community/DeepSeek-R1-Distill-Qwen-14B-4bit,318.0,9376.0,0.0,0
2026-06-26T15:14:34.447,timeseries,2,Nested Product Conversion,mlx-community/DeepSeek-R1-Distill-Qwen-14B-4bit,201.0,10432.0,0.0,0
2026-06-26T15:14:34.508,timeseries,2,Nested Product Conversion,mlx-community/DeepSeek-R1-Distill-Qwen-14B-4bit,174.0,10675.0,0.0,0
2026-06-26T15:14:34.571,timeseries,2,Nested Product Conversion,mlx-community/DeepSeek-R1-Distill-Qwen-14B-4bit,362.0,9242.0,0.0,0
2026-06-26T15:14:34.634,timeseries,2,Nested Product Conversion,mlx-community/DeepSeek-R1-Distill-Qwen-14B-4bit,261.0,11096.0,0.0,0
2026-06-26T15:14:34.697,timeseries,2,Nested Product Conversion,mlx-community/DeepSeek-R1-Distill-Qwen-14B-4bit,224.0,9501.0,0.0,0
2026-06-26T15:14:34.760,timeseries,2,Nested Product Conversion,mlx-community/DeepSeek-R1-Distill-Qwen-14B-4bit,209.0,10779.0,0.0,0
2026-06-26T15:14:34.823,timeseries,2,Nested Product Conversion,mlx-community/DeepSeek-R1-Distill-Qwen-14B-4bit,189.0,9299.0,0.0,0
2026-06-26T15:14:34.886,timeseries,2,Nested Product Conversion,mlx-community/DeepSeek-R1-Distill-Qwen-14B-4bit,173.0,10674.0,0.0,0
2026-06-26T15:14:34.947,timeseries,2,Nested Product Conversion,mlx-community/DeepSeek-R1-Distill-Qwen-14B-4bit,192.0,9484.0,0.0,0
2026-06-26T15:14:35.008,timeseries,2,Nested Product Conversion,mlx-community/DeepSeek-R1-Distill-Qwen-14B-4bit,190.0,10696.0,0.0,0
2026-06-26T15:14:35.071,timeseries,2,Nested Product Conversion,mlx-community/DeepSeek-R1-Distill-Qwen-14B-4bit,327.0,9619.0,0.0,0
2026-06-26T15:14:35.133,timeseries,2,Nested Product Conversion,mlx-community/DeepSeek-R1-Distill-Qwen-14B-4bit,244.0,11039.0,0.0,0
2026-06-26T15:14:35.196,timeseries,2,Nested Product Conversion,mlx-community/DeepSeek-R1-Distill-Qwen-14B-4bit,1126.0,9217.0,0.0,0
2026-06-26T15:14:35.259,timeseries,2,Nested Product Conversion,mlx-community/DeepSeek-R1-Distill-Qwen-14B-4bit,1422.0,10911.0,0.0,0
2026-06-26T15:14:35.321,timeseries,2,Nested Product Conversion,mlx-community/DeepSeek-R1-Distill-Qwen-14B-4bit,525.0,9401.0,0.0,0
2026-06-26T15:14:35.383,timeseries,2,Nested Product Conversion,mlx-community/DeepSeek-R1-Distill-Qwen-14B-4bit,382.0,10750.0,0.0,0
2026-06-26T15:14:35.445,timeseries,2,Nested Product Conversion,mlx-community/DeepSeek-R1-Distill-Qwen-14B-4bit,529.0,9450.0,0.0,0
2026-06-26T15:14:35.506,timeseries,2,Nested Product Conversion,mlx-community/DeepSeek-R1-Distill-Qwen-14B-4bit,227.0,9566.0,0.0,0
2026-06-26T15:14:35.569,timeseries,2,Nested Product Conversion,mlx-community/DeepSeek-R1-Distill-Qwen-14B-4bit,353.0,10801.0,0.0,0
2026-06-26T15:14:35.633,timeseries,2,Nested Product Conversion,mlx-community/DeepSeek-R1-Distill-Qwen-14B-4bit,328.0,9744.0,0.0,0
2026-06-26T15:14:35.694,timeseries,2,Nested Product Conversion,mlx-community/DeepSeek-R1-Distill-Qwen-14B-4bit,191.0,10754.0,0.0,0
2026-06-26T15:14:35.756,timeseries,2,Nested Product Conversion,mlx-community/DeepSeek-R1-Distill-Qwen-14B-4bit,206.0,9331.0,0.0,0
2026-06-26T15:14:35.818,timeseries,2,Nested Product Conversion,mlx-community/DeepSeek-R1-Distill-Qwen-14B-4bit,196.0,10991.0,0.0,0
2026-06-26T15:14:35.881,timeseries,2,Nested Product Conversion,mlx-community/DeepSeek-R1-Distill-Qwen-14B-4bit,179.0,9627.0,0.0,0
2026-06-26T15:14:35.943,timeseries,2,Nested Product Conversion,mlx-community/DeepSeek-R1-Distill-Qwen-14B-4bit,190.0,10718.0,0.0,0
2026-06-26T15:14:36.004,timeseries,2,Nested Product Conversion,mlx-community/DeepSeek-R1-Distill-Qwen-14B-4bit,176.0,9442.0,0.0,0
2026-06-26T15:14:36.068,timeseries,2,Nested Product Conversion,mlx-community/DeepSeek-R1-Distill-Qwen-14B-4bit,335.0,10745.0,0.0,0
2026-06-26T15:14:36.130,timeseries,2,Nested Product Conversion,mlx-community/DeepSeek-R1-Distill-Qwen-14B-4bit,247.0,9822.0,0.0,0
2026-06-26T15:14:36.193,timeseries,2,Nested Product Conversion,mlx-community/DeepSeek-R1-Distill-Qwen-14B-4bit,189.0,10673.0,0.0,0
2026-06-26T15:14:36.256,timeseries,2,Nested Product Conversion,mlx-community/DeepSeek-R1-Distill-Qwen-14B-4bit,224.0,9455.0,0.0,0
2026-06-26T15:14:36.319,timeseries,2,Nested Product Conversion,mlx-community/DeepSeek-R1-Distill-Qwen-14B-4bit,208.0,10763.0,0.0,0
2026-06-26T15:14:36.383,timeseries,2,Nested Product Conversion,mlx-community/DeepSeek-R1-Distill-Qwen-14B-4bit,330.0,9270.0,0.0,0
2026-06-26T15:14:36.445,timeseries,2,Nested Product Conversion,mlx-community/DeepSeek-R1-Distill-Qwen-14B-4bit,175.0,10795.0,0.0,0
2026-06-26T15:14:36.508,timeseries,2,Nested Product Conversion,mlx-community/DeepSeek-R1-Distill-Qwen-14B-4bit,189.0,9322.0,0.0,0
2026-06-26T15:14:36.570,timeseries,2,Nested Product Conversion,mlx-community/DeepSeek-R1-Distill-Qwen-14B-4bit,335.0,10728.0,0.0,0
2026-06-26T15:14:36.633,timeseries,2,Nested Product Conversion,mlx-community/DeepSeek-R1-Distill-Qwen-14B-4bit,256.0,9545.0,0.0,0
2026-06-26T15:14:36.696,timeseries,2,Nested Product Conversion,mlx-community/DeepSeek-R1-Distill-Qwen-14B-4bit,193.0,10850.0,0.0,0
2026-06-26T15:14:36.759,timeseries,2,Nested Product Conversion,mlx-community/DeepSeek-R1-Distill-Qwen-14B-4bit,206.0,10705.0,0.0,0
2026-06-26T15:14:36.822,timeseries,2,Nested Product Conversion,mlx-community/DeepSeek-R1-Distill-Qwen-14B-4bit,191.0,9406.0,0.0,0
2026-06-26T15:14:36.885,timeseries,2,Nested Product Conversion,mlx-community/DeepSeek-R1-Distill-Qwen-14B-4bit,204.0,10597.0,0.0,0
2026-06-26T15:14:36.947,timeseries,2,Nested Product Conversion,mlx-community/DeepSeek-R1-Distill-Qwen-14B-4bit,176.0,9523.0,0.0,0
2026-06-26T15:14:37.008,timeseries,2,Nested Product Conversion,mlx-community/DeepSeek-R1-Distill-Qwen-14B-4bit,206.0,10729.0,0.0,0
2026-06-26T15:14:37.071,timeseries,2,Nested Product Conversion,mlx-community/DeepSeek-R1-Distill-Qwen-14B-4bit,356.0,9503.0,0.0,0
2026-06-26T15:14:37.133,timeseries,2,Nested Product Conversion,mlx-community/DeepSeek-R1-Distill-Qwen-14B-4bit,212.0,11139.0,0.0,0
2026-06-26T15:14:37.197,timeseries,2,Nested Product Conversion,mlx-community/DeepSeek-R1-Distill-Qwen-14B-4bit,192.0,9451.0,0.0,0
2026-06-26T15:14:37.260,timeseries,2,Nested Product Conversion,mlx-community/DeepSeek-R1-Distill-Qwen-14B-4bit,239.0,10736.0,0.0,0
2026-06-26T15:14:37.323,timeseries,2,Nested Product Conversion,mlx-community/DeepSeek-R1-Distill-Qwen-14B-4bit,238.0,9324.0,0.0,0
2026-06-26T15:14:37.386,timeseries,2,Nested Product Conversion,mlx-community/DeepSeek-R1-Distill-Qwen-14B-4bit,313.0,10535.0,0.0,0
2026-06-26T15:14:37.449,timeseries,2,Nested Product Conversion,mlx-community/DeepSeek-R1-Distill-Qwen-14B-4bit,177.0,9563.0,0.0,0
2026-06-26T15:14:37.512,timeseries,2,Nested Product Conversion,mlx-community/DeepSeek-R1-Distill-Qwen-14B-4bit,189.0,10685.0,0.0,0
2026-06-26T15:14:37.575,timeseries,2,Nested Product Conversion,mlx-community/DeepSeek-R1-Distill-Qwen-14B-4bit,432.0,9399.0,0.0,0
2026-06-26T15:14:37.638,timeseries,2,Nested Product Conversion,mlx-community/DeepSeek-R1-Distill-Qwen-14B-4bit,253.0,10793.0,0.0,0
2026-06-26T15:14:37.700,timeseries,2,Nested Product Conversion,mlx-community/DeepSeek-R1-Distill-Qwen-14B-4bit,205.0,10686.0,0.0,0
2026-06-26T15:14:37.762,timeseries,2,Nested Product Conversion,mlx-community/DeepSeek-R1-Distill-Qwen-14B-4bit,195.0,9631.0,0.0,0
2026-06-26T15:14:37.824,timeseries,2,Nested Product Conversion,mlx-community/DeepSeek-R1-Distill-Qwen-14B-4bit,206.0,9328.0,0.0,0
2026-06-26T15:14:37.887,timeseries,2,Nested Product Conversion,mlx-community/DeepSeek-R1-Distill-Qwen-14B-4bit,193.0,10920.0,0.0,0
2026-06-26T15:14:37.950,timeseries,2,Nested Product Conversion,mlx-community/DeepSeek-R1-Distill-Qwen-14B-4bit,208.0,9472.0,0.0,0
2026-06-26T15:14:38.012,timeseries,2,Nested Product Conversion,mlx-community/DeepSeek-R1-Distill-Qwen-14B-4bit,207.0,10793.0,0.0,0
2026-06-26T15:14:38.075,timeseries,2,Nested Product Conversion,mlx-community/DeepSeek-R1-Distill-Qwen-14B-4bit,381.0,9351.0,0.0,0
2026-06-26T15:14:38.137,timeseries,2,Nested Product Conversion,mlx-community/DeepSeek-R1-Distill-Qwen-14B-4bit,227.0,11074.0,0.0,0
2026-06-26T15:14:38.200,timeseries,2,Nested Product Conversion,mlx-community/DeepSeek-R1-Distill-Qwen-14B-4bit,223.0,9437.0,0.0,0
2026-06-26T15:14:38.263,timeseries,2,Nested Product Conversion,mlx-community/DeepSeek-R1-Distill-Qwen-14B-4bit,176.0,10839.0,0.0,0
2026-06-26T15:14:38.325,timeseries,2,Nested Product Conversion,mlx-community/DeepSeek-R1-Distill-Qwen-14B-4bit,269.0,10651.0,0.0,0
2026-06-26T15:14:38.388,timeseries,2,Nested Product Conversion,mlx-community/DeepSeek-R1-Distill-Qwen-14B-4bit,370.0,9495.0,0.0,0
2026-06-26T15:14:38.451,timeseries,2,Nested Product Conversion,mlx-community/DeepSeek-R1-Distill-Qwen-14B-4bit,207.0,10792.0,0.0,0
2026-06-26T15:14:38.513,timeseries,2,Nested Product Conversion,mlx-community/DeepSeek-R1-Distill-Qwen-14B-4bit,225.0,9526.0,0.0,0
2026-06-26T15:14:38.574,timeseries,2,Nested Product Conversion,mlx-community/DeepSeek-R1-Distill-Qwen-14B-4bit,669.0,10625.0,0.0,0
2026-06-26T15:14:38.637,timeseries,2,Nested Product Conversion,mlx-community/DeepSeek-R1-Distill-Qwen-14B-4bit,2141.0,9412.0,0.0,0
2026-06-26T15:14:38.699,timeseries,2,Nested Product Conversion,mlx-community/DeepSeek-R1-Distill-Qwen-14B-4bit,1487.0,9706.0,0.0,0
2026-06-26T15:14:38.762,timeseries,2,Nested Product Conversion,mlx-community/DeepSeek-R1-Distill-Qwen-14B-4bit,416.0,10871.0,0.0,0
2026-06-26T15:14:38.824,timeseries,2,Nested Product Conversion,mlx-community/DeepSeek-R1-Distill-Qwen-14B-4bit,372.0,9585.0,0.0,0
2026-06-26T15:14:38.887,timeseries,2,Nested Product Conversion,mlx-community/DeepSeek-R1-Distill-Qwen-14B-4bit,348.0,10681.0,0.0,0
2026-06-26T15:14:38.950,timeseries,2,Nested Product Conversion,mlx-community/DeepSeek-R1-Distill-Qwen-14B-4bit,480.0,9515.0,0.0,0
2026-06-26T15:14:39.013,timeseries,2,Nested Product Conversion,mlx-community/DeepSeek-R1-Distill-Qwen-14B-4bit,446.0,10801.0,0.0,0
2026-06-26T15:14:39.074,timeseries,2,Nested Product Conversion,mlx-community/DeepSeek-R1-Distill-Qwen-14B-4bit,1024.0,10878.0,0.0,0
2026-06-26T15:14:39.137,timeseries,2,Nested Product Conversion,mlx-community/DeepSeek-R1-Distill-Qwen-14B-4bit,507.0,9414.0,0.0,0
2026-06-26T15:14:39.198,timeseries,2,Nested Product Conversion,mlx-community/DeepSeek-R1-Distill-Qwen-14B-4bit,308.0,9649.0,0.0,0
2026-06-26T15:14:39.260,timeseries,2,Nested Product Conversion,mlx-community/DeepSeek-R1-Distill-Qwen-14B-4bit,436.0,10975.0,0.0,0
2026-06-26T15:14:39.322,timeseries,2,Nested Product Conversion,mlx-community/DeepSeek-R1-Distill-Qwen-14B-4bit,823.0,9548.0,0.0,0
2026-06-26T15:14:39.386,timeseries,2,Nested Product Conversion,mlx-community/DeepSeek-R1-Distill-Qwen-14B-4bit,728.0,10950.0,0.0,0
2026-06-26T15:14:39.448,timeseries,2,Nested Product Conversion,mlx-community/DeepSeek-R1-Distill-Qwen-14B-4bit,306.0,9609.0,0.0,0
2026-06-26T15:14:39.512,timeseries,2,Nested Product Conversion,mlx-community/DeepSeek-R1-Distill-Qwen-14B-4bit,425.0,10698.0,0.0,0
2026-06-26T15:14:39.573,timeseries,2,Nested Product Conversion,mlx-community/DeepSeek-R1-Distill-Qwen-14B-4bit,997.0,9518.0,0.0,0
2026-06-26T15:14:39.636,timeseries,2,Nested Product Conversion,mlx-community/DeepSeek-R1-Distill-Qwen-14B-4bit,516.0,10672.0,0.0,0
2026-06-26T15:14:39.697,timeseries,2,Nested Product Conversion,mlx-community/DeepSeek-R1-Distill-Qwen-14B-4bit,308.0,9675.0,0.0,0
2026-06-26T15:14:39.759,timeseries,2,Nested Product Conversion,mlx-community/DeepSeek-R1-Distill-Qwen-14B-4bit,435.0,10924.0,0.0,0
2026-06-26T15:14:39.821,timeseries,2,Nested Product Conversion,mlx-community/DeepSeek-R1-Distill-Qwen-14B-4bit,457.0,9702.0,0.0,0
2026-06-26T15:14:39.883,timeseries,2,Nested Product Conversion,mlx-community/DeepSeek-R1-Distill-Qwen-14B-4bit,531.0,10924.0,0.0,0
2026-06-26T15:14:39.946,timeseries,2,Nested Product Conversion,mlx-community/DeepSeek-R1-Distill-Qwen-14B-4bit,320.0,9535.0,0.0,0
2026-06-26T15:14:40.007,timeseries,2,Nested Product Conversion,mlx-community/DeepSeek-R1-Distill-Qwen-14B-4bit,466.0,10906.0,0.0,0
2026-06-26T15:14:40.070,timeseries,2,Nested Product Conversion,mlx-community/DeepSeek-R1-Distill-Qwen-14B-4bit,980.0,9523.0,0.0,0
2026-06-26T15:14:40.132,timeseries,2,Nested Product Conversion,mlx-community/DeepSeek-R1-Distill-Qwen-14B-4bit,455.0,9713.0,0.0,0
2026-06-26T15:14:40.195,timeseries,2,Nested Product Conversion,mlx-community/DeepSeek-R1-Distill-Qwen-14B-4bit,413.0,10784.0,0.0,0
2026-06-26T15:14:40.258,timeseries,2,Nested Product Conversion,mlx-community/DeepSeek-R1-Distill-Qwen-14B-4bit,1129.0,9512.0,0.0,0
2026-06-26T15:14:40.321,timeseries,2,Nested Product Conversion,mlx-community/DeepSeek-R1-Distill-Qwen-14B-4bit,2617.0,10692.0,0.0,0
2026-06-26T15:14:40.383,timeseries,2,Nested Product Conversion,mlx-community/DeepSeek-R1-Distill-Qwen-14B-4bit,379.0,9372.0,0.0,0
2026-06-26T15:14:40.446,timeseries,2,Nested Product Conversion,mlx-community/DeepSeek-R1-Distill-Qwen-14B-4bit,417.0,10881.0,0.0,0
2026-06-26T15:14:40.507,timeseries,2,Nested Product Conversion,mlx-community/DeepSeek-R1-Distill-Qwen-14B-4bit,256.0,10838.0,0.0,0
2026-06-26T15:14:40.569,timeseries,2,Nested Product Conversion,mlx-community/DeepSeek-R1-Distill-Qwen-14B-4bit,334.0,9389.0,0.0,0
2026-06-26T15:14:40.632,timeseries,2,Nested Product Conversion,mlx-community/DeepSeek-R1-Distill-Qwen-14B-4bit,230.0,9822.0,0.0,0
2026-06-26T15:14:40.695,timeseries,2,Nested Product Conversion,mlx-community/DeepSeek-R1-Distill-Qwen-14B-4bit,208.0,10845.0,0.0,0
2026-06-26T15:14:40.757,timeseries,2,Nested Product Conversion,mlx-community/DeepSeek-R1-Distill-Qwen-14B-4bit,191.0,9417.0,0.0,0
2026-06-26T15:14:40.820,timeseries,2,Nested Product Conversion,mlx-community/DeepSeek-R1-Distill-Qwen-14B-4bit,209.0,10885.0,0.0,0
2026-06-26T15:14:40.884,timeseries,2,Nested Product Conversion,mlx-community/DeepSeek-R1-Distill-Qwen-14B-4bit,209.0,9555.0,0.0,0
2026-06-26T15:14:40.947,timeseries,2,Nested Product Conversion,mlx-community/DeepSeek-R1-Distill-Qwen-14B-4bit,190.0,10735.0,0.0,0
2026-06-26T15:14:41.009,timeseries,2,Nested Product Conversion,mlx-community/DeepSeek-R1-Distill-Qwen-14B-4bit,217.0,10464.0,0.0,0
2026-06-26T15:14:41.075,timeseries,2,Nested Product Conversion,mlx-community/DeepSeek-R1-Distill-Qwen-14B-4bit,367.0,9424.0,0.0,0
2026-06-26T15:14:41.138,timeseries,2,Nested Product Conversion,mlx-community/DeepSeek-R1-Distill-Qwen-14B-4bit,387.0,10875.0,0.0,0
2026-06-26T15:14:41.201,timeseries,2,Nested Product Conversion,mlx-community/DeepSeek-R1-Distill-Qwen-14B-4bit,260.0,10278.0,0.0,0
2026-06-26T15:14:41.264,timeseries,2,Nested Product Conversion,mlx-community/DeepSeek-R1-Distill-Qwen-14B-4bit,175.0,9477.0,0.0,0
2026-06-26T15:14:41.326,timeseries,2,Nested Product Conversion,mlx-community/DeepSeek-R1-Distill-Qwen-14B-4bit,221.0,10680.0,0.0,0
2026-06-26T15:14:41.388,timeseries,2,Nested Product Conversion,mlx-community/DeepSeek-R1-Distill-Qwen-14B-4bit,289.0,9464.0,0.0,0
2026-06-26T15:14:41.452,timeseries,2,Nested Product Conversion,mlx-community/DeepSeek-R1-Distill-Qwen-14B-4bit,223.0,10793.0,0.0,0
2026-06-26T15:14:41.513,timeseries,2,Nested Product Conversion,mlx-community/DeepSeek-R1-Distill-Qwen-14B-4bit,224.0,9520.0,0.0,0
2026-06-26T15:14:41.576,timeseries,2,Nested Product Conversion,mlx-community/DeepSeek-R1-Distill-Qwen-14B-4bit,377.0,10597.0,0.0,0
2026-06-26T15:14:41.639,timeseries,2,Nested Product Conversion,mlx-community/DeepSeek-R1-Distill-Qwen-14B-4bit,277.0,9735.0,0.0,0
2026-06-26T15:14:41.701,timeseries,2,Nested Product Conversion,mlx-community/DeepSeek-R1-Distill-Qwen-14B-4bit,176.0,10831.0,0.0,0
2026-06-26T15:14:41.764,timeseries,2,Nested Product Conversion,mlx-community/DeepSeek-R1-Distill-Qwen-14B-4bit,193.0,9546.0,0.0,0
2026-06-26T15:14:41.826,timeseries,2,Nested Product Conversion,mlx-community/DeepSeek-R1-Distill-Qwen-14B-4bit,192.0,10853.0,0.0,0
2026-06-26T15:14:41.888,timeseries,2,Nested Product Conversion,mlx-community/DeepSeek-R1-Distill-Qwen-14B-4bit,223.0,9413.0,0.0,0
2026-06-26T15:14:41.952,timeseries,2,Nested Product Conversion,mlx-community/DeepSeek-R1-Distill-Qwen-14B-4bit,194.0,10953.0,0.0,0
2026-06-26T15:14:42.013,timeseries,2,Nested Product Conversion,mlx-community/DeepSeek-R1-Distill-Qwen-14B-4bit,207.0,9427.0,0.0,0
2026-06-26T15:14:42.077,timeseries,2,Nested Product Conversion,mlx-community/DeepSeek-R1-Distill-Qwen-14B-4bit,397.0,10761.0,0.0,0
2026-06-26T15:14:42.139,timeseries,2,Nested Product Conversion,mlx-community/DeepSeek-R1-Distill-Qwen-14B-4bit,226.0,9634.0,0.0,0
2026-06-26T15:14:42.202,timeseries,2,Nested Product Conversion,mlx-community/DeepSeek-R1-Distill-Qwen-14B-4bit,221.0,10714.0,0.0,0
2026-06-26T15:14:42.265,timeseries,2,Nested Product Conversion,mlx-community/DeepSeek-R1-Distill-Qwen-14B-4bit,177.0,9559.0,0.0,0
2026-06-26T15:14:42.328,timeseries,2,Nested Product Conversion,mlx-community/DeepSeek-R1-Distill-Qwen-14B-4bit,238.0,10727.0,0.0,0
2026-06-26T15:14:42.390,timeseries,2,Nested Product Conversion,mlx-community/DeepSeek-R1-Distill-Qwen-14B-4bit,303.0,9400.0,0.0,0
2026-06-26T15:14:42.454,timeseries,2,Nested Product Conversion,mlx-community/DeepSeek-R1-Distill-Qwen-14B-4bit,175.0,10826.0,0.0,0
2026-06-26T15:14:42.516,timeseries,2,Nested Product Conversion,mlx-community/DeepSeek-R1-Distill-Qwen-14B-4bit,191.0,9420.0,0.0,0
2026-06-26T15:14:42.578,timeseries,2,Nested Product Conversion,mlx-community/DeepSeek-R1-Distill-Qwen-14B-4bit,474.0,10700.0,0.0,0
2026-06-26T15:14:42.640,timeseries,2,Nested Product Conversion,mlx-community/DeepSeek-R1-Distill-Qwen-14B-4bit,241.0,9538.0,0.0,0
2026-06-26T15:14:42.703,timeseries,2,Nested Product Conversion,mlx-community/DeepSeek-R1-Distill-Qwen-14B-4bit,212.0,11084.0,0.0,0
2026-06-26T15:14:42.767,timeseries,2,Nested Product Conversion,mlx-community/DeepSeek-R1-Distill-Qwen-14B-4bit,176.0,9500.0,0.0,0
2026-06-26T15:14:42.829,timeseries,2,Nested Product Conversion,mlx-community/DeepSeek-R1-Distill-Qwen-14B-4bit,220.0,10675.0,0.0,0
2026-06-26T15:14:42.891,timeseries,2,Nested Product Conversion,mlx-community/DeepSeek-R1-Distill-Qwen-14B-4bit,174.0,9411.0,0.0,0
2026-06-26T15:14:42.955,timeseries,2,Nested Product Conversion,mlx-community/DeepSeek-R1-Distill-Qwen-14B-4bit,225.0,10860.0,0.0,0
2026-06-26T15:14:43.017,timeseries,2,Nested Product Conversion,mlx-community/DeepSeek-R1-Distill-Qwen-14B-4bit,178.0,10959.0,0.0,0
2026-06-26T15:14:43.080,timeseries,2,Nested Product Conversion,mlx-community/DeepSeek-R1-Distill-Qwen-14B-4bit,390.0,9243.0,0.0,0
2026-06-26T15:14:43.143,timeseries,2,Nested Product Conversion,mlx-community/DeepSeek-R1-Distill-Qwen-14B-4bit,258.0,11010.0,0.0,0
2026-06-26T15:14:43.206,timeseries,2,Nested Product Conversion,mlx-community/DeepSeek-R1-Distill-Qwen-14B-4bit,191.0,9443.0,0.0,0
2026-06-26T15:14:43.270,timeseries,2,Nested Product Conversion,mlx-community/DeepSeek-R1-Distill-Qwen-14B-4bit,189.0,10680.0,0.0,0
2026-06-26T15:14:43.333,timeseries,2,Nested Product Conversion,mlx-community/DeepSeek-R1-Distill-Qwen-14B-4bit,238.0,9408.0,0.0,0
2026-06-26T15:14:43.394,timeseries,2,Nested Product Conversion,mlx-community/DeepSeek-R1-Distill-Qwen-14B-4bit,700.0,10501.0,0.0,0
2026-06-26T15:14:43.458,timeseries,2,Nested Product Conversion,mlx-community/DeepSeek-R1-Distill-Qwen-14B-4bit,196.0,9718.0,0.0,0
2026-06-26T15:14:43.520,timeseries,2,Nested Product Conversion,mlx-community/DeepSeek-R1-Distill-Qwen-14B-4bit,207.0,10805.0,0.0,0
2026-06-26T15:14:43.582,timeseries,2,Nested Product Conversion,mlx-community/DeepSeek-R1-Distill-Qwen-14B-4bit,442.0,9336.0,0.0,0
2026-06-26T15:14:43.646,timeseries,2,Nested Product Conversion,mlx-community/DeepSeek-R1-Distill-Qwen-14B-4bit,321.0,10998.0,0.0,0
2026-06-26T15:14:43.709,timeseries,2,Nested Product Conversion,mlx-community/DeepSeek-R1-Distill-Qwen-14B-4bit,258.0,10883.0,0.0,0
2026-06-26T15:14:43.771,timeseries,2,Nested Product Conversion,mlx-community/DeepSeek-R1-Distill-Qwen-14B-4bit,1266.0,9159.0,0.0,0
2026-06-26T15:14:43.833,timeseries,2,Nested Product Conversion,mlx-community/DeepSeek-R1-Distill-Qwen-14B-4bit,273.0,10972.0,0.0,0
2026-06-26T15:14:43.896,timeseries,2,Nested Product Conversion,mlx-community/DeepSeek-R1-Distill-Qwen-14B-4bit,369.0,9524.0,0.0,0
2026-06-26T15:14:43.958,timeseries,2,Nested Product Conversion,mlx-community/DeepSeek-R1-Distill-Qwen-14B-4bit,192.0,10848.0,0.0,0
2026-06-26T15:14:44.020,timeseries,2,Nested Product Conversion,mlx-community/DeepSeek-R1-Distill-Qwen-14B-4bit,256.0,9458.0,0.0,0
2026-06-26T15:14:44.082,timeseries,2,Nested Product Conversion,mlx-community/DeepSeek-R1-Distill-Qwen-14B-4bit,352.0,9475.0,0.0,0
2026-06-26T15:14:44.144,timeseries,2,Nested Product Conversion,mlx-community/DeepSeek-R1-Distill-Qwen-14B-4bit,245.0,11172.0,0.0,0
2026-06-26T15:14:44.207,timeseries,2,Nested Product Conversion,mlx-community/DeepSeek-R1-Distill-Qwen-14B-4bit,227.0,9603.0,0.0,0
2026-06-26T15:14:44.270,timeseries,2,Nested Product Conversion,mlx-community/DeepSeek-R1-Distill-Qwen-14B-4bit,190.0,10716.0,0.0,0
2026-06-26T15:14:44.333,timeseries,2,Nested Product Conversion,mlx-community/DeepSeek-R1-Distill-Qwen-14B-4bit,224.0,9514.0,0.0,0
2026-06-26T15:14:44.396,timeseries,2,Nested Product Conversion,mlx-community/DeepSeek-R1-Distill-Qwen-14B-4bit,300.0,10660.0,0.0,0
2026-06-26T15:14:44.457,timeseries,2,Nested Product Conversion,mlx-community/DeepSeek-R1-Distill-Qwen-14B-4bit,158.0,10778.0,0.0,0
2026-06-26T15:14:44.520,timeseries,2,Nested Product Conversion,mlx-community/DeepSeek-R1-Distill-Qwen-14B-4bit,211.0,9591.0,0.0,0
2026-06-26T15:14:44.582,timeseries,2,Nested Product Conversion,mlx-community/DeepSeek-R1-Distill-Qwen-14B-4bit,307.0,9595.0,0.0,0
2026-06-26T15:14:44.645,timeseries,2,Nested Product Conversion,mlx-community/DeepSeek-R1-Distill-Qwen-14B-4bit,288.0,10914.0,0.0,0
2026-06-26T15:14:44.707,timeseries,2,Nested Product Conversion,mlx-community/DeepSeek-R1-Distill-Qwen-14B-4bit,193.0,9565.0,0.0,0
2026-06-26T15:14:44.769,timeseries,2,Nested Product Conversion,mlx-community/DeepSeek-R1-Distill-Qwen-14B-4bit,191.0,10813.0,0.0,0
2026-06-26T15:14:44.832,timeseries,2,Nested Product Conversion,mlx-community/DeepSeek-R1-Distill-Qwen-14B-4bit,161.0,9577.0,0.0,0
2026-06-26T15:14:44.895,timeseries,2,Nested Product Conversion,mlx-community/DeepSeek-R1-Distill-Qwen-14B-4bit,224.0,10868.0,0.0,0
2026-06-26T15:14:44.956,timeseries,2,Nested Product Conversion,mlx-community/DeepSeek-R1-Distill-Qwen-14B-4bit,177.0,9562.0,0.0,0
2026-06-26T15:14:45.019,timeseries,2,Nested Product Conversion,mlx-community/DeepSeek-R1-Distill-Qwen-14B-4bit,221.0,10674.0,0.0,0
2026-06-26T15:14:45.081,timeseries,2,Nested Product Conversion,mlx-community/DeepSeek-R1-Distill-Qwen-14B-4bit,341.0,9613.0,0.0,0
2026-06-26T15:14:45.143,timeseries,2,Nested Product Conversion,mlx-community/DeepSeek-R1-Distill-Qwen-14B-4bit,240.0,10944.0,0.0,0
2026-06-26T15:14:45.206,timeseries,2,Nested Product Conversion,mlx-community/DeepSeek-R1-Distill-Qwen-14B-4bit,179.0,9702.0,0.0,0
2026-06-26T15:14:45.270,timeseries,2,Nested Product Conversion,mlx-community/DeepSeek-R1-Distill-Qwen-14B-4bit,237.0,10701.0,0.0,0
2026-06-26T15:14:45.334,timeseries,2,Nested Product Conversion,mlx-community/DeepSeek-R1-Distill-Qwen-14B-4bit,225.0,9526.0,0.0,0
2026-06-26T15:14:45.396,timeseries,2,Nested Product Conversion,mlx-community/DeepSeek-R1-Distill-Qwen-14B-4bit,327.0,10492.0,0.0,0
2026-06-26T15:14:45.458,timeseries,2,Nested Product Conversion,mlx-community/DeepSeek-R1-Distill-Qwen-14B-4bit,1718.0,10449.0,0.0,0
2026-06-26T15:14:45.520,timeseries,2,Nested Product Conversion,mlx-community/DeepSeek-R1-Distill-Qwen-14B-4bit,1044.0,9558.0,0.0,0
2026-06-26T15:14:45.582,timeseries,2,Nested Product Conversion,mlx-community/DeepSeek-R1-Distill-Qwen-14B-4bit,685.0,9689.0,0.0,0
2026-06-26T15:14:45.643,timeseries,2,Nested Product Conversion,mlx-community/DeepSeek-R1-Distill-Qwen-14B-4bit,338.0,11018.0,0.0,0
2026-06-26T15:14:45.705,timeseries,2,Nested Product Conversion,mlx-community/DeepSeek-R1-Distill-Qwen-14B-4bit,402.0,9529.0,0.0,0
2026-06-26T15:14:45.769,timeseries,2,Nested Product Conversion,mlx-community/DeepSeek-R1-Distill-Qwen-14B-4bit,212.0,11078.0,0.0,0
2026-06-26T15:14:45.831,timeseries,2,Nested Product Conversion,mlx-community/DeepSeek-R1-Distill-Qwen-14B-4bit,162.0,9621.0,0.0,0
2026-06-26T15:14:45.894,timeseries,2,Nested Product Conversion,mlx-community/DeepSeek-R1-Distill-Qwen-14B-4bit,219.0,10642.0,0.0,0
2026-06-26T15:14:45.957,timeseries,2,Nested Product Conversion,mlx-community/DeepSeek-R1-Distill-Qwen-14B-4bit,192.0,9531.0,0.0,0
2026-06-26T15:14:46.020,timeseries,2,Nested Product Conversion,mlx-community/DeepSeek-R1-Distill-Qwen-14B-4bit,190.0,10749.0,0.0,0
2026-06-26T15:14:46.084,timeseries,2,Nested Product Conversion,mlx-community/DeepSeek-R1-Distill-Qwen-14B-4bit,430.0,9387.0,0.0,0
2026-06-26T15:14:46.146,timeseries,2,Nested Product Conversion,mlx-community/DeepSeek-R1-Distill-Qwen-14B-4bit,239.0,10886.0,0.0,0
2026-06-26T15:14:46.209,timeseries,2,Nested Product Conversion,mlx-community/DeepSeek-R1-Distill-Qwen-14B-4bit,221.0,10704.0,0.0,0
2026-06-26T15:14:46.275,timeseries,2,Nested Product Conversion,mlx-community/DeepSeek-R1-Distill-Qwen-14B-4bit,208.0,9507.0,0.0,0
2026-06-26T15:14:46.338,timeseries,2,Nested Product Conversion,mlx-community/DeepSeek-R1-Distill-Qwen-14B-4bit,366.0,10609.0,0.0,0
2026-06-26T15:14:46.400,timeseries,2,Nested Product Conversion,mlx-community/DeepSeek-R1-Distill-Qwen-14B-4bit,740.0,10079.0,0.0,0
2026-06-26T15:14:46.463,timeseries,2,Nested Product Conversion,mlx-community/DeepSeek-R1-Distill-Qwen-14B-4bit,226.0,9560.0,0.0,0
2026-06-26T15:14:46.526,timeseries,2,Nested Product Conversion,mlx-community/DeepSeek-R1-Distill-Qwen-14B-4bit,174.0,10736.0,0.0,0
2026-06-26T15:14:46.589,timeseries,2,Nested Product Conversion,mlx-community/DeepSeek-R1-Distill-Qwen-14B-4bit,381.0,9328.0,0.0,0
2026-06-26T15:14:46.652,timeseries,2,Nested Product Conversion,mlx-community/DeepSeek-R1-Distill-Qwen-14B-4bit,223.0,10943.0,0.0,0
2026-06-26T15:14:46.716,timeseries,2,Nested Product Conversion,mlx-community/DeepSeek-R1-Distill-Qwen-14B-4bit,207.0,9485.0,0.0,0
2026-06-26T15:14:46.780,timeseries,2,Nested Product Conversion,mlx-community/DeepSeek-R1-Distill-Qwen-14B-4bit,269.0,10635.0,0.0,0
2026-06-26T15:14:46.843,timeseries,2,Nested Product Conversion,mlx-community/DeepSeek-R1-Distill-Qwen-14B-4bit,298.0,10450.0,0.0,0
2026-06-26T15:14:46.906,timeseries,2,Nested Product Conversion,mlx-community/DeepSeek-R1-Distill-Qwen-14B-4bit,201.0,9231.0,0.0,0
2026-06-26T15:14:46.970,timeseries,2,Nested Product Conversion,mlx-community/DeepSeek-R1-Distill-Qwen-14B-4bit,176.0,10861.0,0.0,0
2026-06-26T15:14:47.031,timeseries,2,Nested Product Conversion,mlx-community/DeepSeek-R1-Distill-Qwen-14B-4bit,222.0,9447.0,0.0,0
2026-06-26T15:14:47.094,timeseries,2,Nested Product Conversion,mlx-community/DeepSeek-R1-Distill-Qwen-14B-4bit,381.0,10781.0,0.0,0
2026-06-26T15:14:47.156,timeseries,2,Nested Product Conversion,mlx-community/DeepSeek-R1-Distill-Qwen-14B-4bit,209.0,9600.0,0.0,0
2026-06-26T15:14:47.219,timeseries,2,Nested Product Conversion,mlx-community/DeepSeek-R1-Distill-Qwen-14B-4bit,193.0,10918.0,0.0,0
2026-06-26T15:14:47.280,timeseries,2,Nested Product Conversion,mlx-community/DeepSeek-R1-Distill-Qwen-14B-4bit,240.0,9495.0,0.0,0
2026-06-26T15:14:47.342,timeseries,2,Nested Product Conversion,mlx-community/DeepSeek-R1-Distill-Qwen-14B-4bit,334.0,10716.0,0.0,0
2026-06-26T15:14:47.405,timeseries,2,Nested Product Conversion,mlx-community/DeepSeek-R1-Distill-Qwen-14B-4bit,231.0,9815.0,0.0,0
2026-06-26T15:14:47.468,timeseries,2,Nested Product Conversion,mlx-community/DeepSeek-R1-Distill-Qwen-14B-4bit,207.0,10835.0,0.0,0
2026-06-26T15:14:47.530,timeseries,2,Nested Product Conversion,mlx-community/DeepSeek-R1-Distill-Qwen-14B-4bit,195.0,9664.0,0.0,0
2026-06-26T15:14:47.593,timeseries,2,Nested Product Conversion,mlx-community/DeepSeek-R1-Distill-Qwen-14B-4bit,377.0,10615.0,0.0,0
2026-06-26T15:14:47.656,timeseries,2,Nested Product Conversion,mlx-community/DeepSeek-R1-Distill-Qwen-14B-4bit,210.0,9683.0,0.0,0
2026-06-26T15:14:47.719,timeseries,2,Nested Product Conversion,mlx-community/DeepSeek-R1-Distill-Qwen-14B-4bit,190.0,10759.0,0.0,0
2026-06-26T15:14:47.781,timeseries,2,Nested Product Conversion,mlx-community/DeepSeek-R1-Distill-Qwen-14B-4bit,238.0,9445.0,0.0,0
2026-06-26T15:14:47.842,timeseries,2,Nested Product Conversion,mlx-community/DeepSeek-R1-Distill-Qwen-14B-4bit,177.0,10923.0,0.0,0
2026-06-26T15:14:47.905,timeseries,2,Nested Product Conversion,mlx-community/DeepSeek-R1-Distill-Qwen-14B-4bit,285.0,9341.0,0.0,0
2026-06-26T15:14:47.969,timeseries,2,Nested Product Conversion,mlx-community/DeepSeek-R1-Distill-Qwen-14B-4bit,228.0,11113.0,0.0,0
2026-06-26T15:14:48.032,timeseries,2,Nested Product Conversion,mlx-community/DeepSeek-R1-Distill-Qwen-14B-4bit,209.0,9553.0,0.0,0
2026-06-26T15:14:48.094,timeseries,2,Nested Product Conversion,mlx-community/DeepSeek-R1-Distill-Qwen-14B-4bit,403.0,10537.0,0.0,0
2026-06-26T15:14:48.157,timeseries,2,Nested Product Conversion,mlx-community/DeepSeek-R1-Distill-Qwen-14B-4bit,175.0,9494.0,0.0,0
2026-06-26T15:14:48.220,timeseries,2,Nested Product Conversion,mlx-community/DeepSeek-R1-Distill-Qwen-14B-4bit,225.0,10874.0,0.0,0
2026-06-26T15:14:48.282,timeseries,2,Nested Product Conversion,mlx-community/DeepSeek-R1-Distill-Qwen-14B-4bit,191.0,9462.0,0.0,0
2026-06-26T15:14:48.345,timeseries,2,Nested Product Conversion,mlx-community/DeepSeek-R1-Distill-Qwen-14B-4bit,381.0,10719.0,0.0,0
2026-06-26T15:14:48.407,timeseries,2,Nested Product Conversion,mlx-community/DeepSeek-R1-Distill-Qwen-14B-4bit,211.0,9701.0,0.0,0
2026-06-26T15:14:48.471,timeseries,2,Nested Product Conversion,mlx-community/DeepSeek-R1-Distill-Qwen-14B-4bit,208.0,10842.0,0.0,0
2026-06-26T15:14:48.534,timeseries,2,Nested Product Conversion,mlx-community/DeepSeek-R1-Distill-Qwen-14B-4bit,192.0,10863.0,0.0,0
2026-06-26T15:14:48.597,timeseries,2,Nested Product Conversion,mlx-community/DeepSeek-R1-Distill-Qwen-14B-4bit,358.0,9266.0,0.0,0
2026-06-26T15:14:48.660,timeseries,2,Nested Product Conversion,mlx-community/DeepSeek-R1-Distill-Qwen-14B-4bit,176.0,10917.0,0.0,0
2026-06-26T15:14:48.722,timeseries,2,Nested Product Conversion,mlx-community/DeepSeek-R1-Distill-Qwen-14B-4bit,617.0,9332.0,0.0,0
2026-06-26T15:14:48.784,timeseries,2,Nested Product Conversion,mlx-community/DeepSeek-R1-Distill-Qwen-14B-4bit,348.0,10768.0,0.0,0
2026-06-26T15:14:48.847,timeseries,2,Nested Product Conversion,mlx-community/DeepSeek-R1-Distill-Qwen-14B-4bit,263.0,9789.0,0.0,0
2026-06-26T15:14:48.909,timeseries,2,Nested Product Conversion,mlx-community/DeepSeek-R1-Distill-Qwen-14B-4bit,176.0,10834.0,0.0,0
2026-06-26T15:14:48.973,timeseries,2,Nested Product Conversion,mlx-community/DeepSeek-R1-Distill-Qwen-14B-4bit,207.0,9484.0,0.0,0
2026-06-26T15:14:49.034,timeseries,2,Nested Product Conversion,mlx-community/DeepSeek-R1-Distill-Qwen-14B-4bit,208.0,10860.0,0.0,0
2026-06-26T15:14:49.098,timeseries,2,Nested Product Conversion,mlx-community/DeepSeek-R1-Distill-Qwen-14B-4bit,396.0,9410.0,0.0,0
2026-06-26T15:14:49.161,timeseries,2,Nested Product Conversion,mlx-community/DeepSeek-R1-Distill-Qwen-14B-4bit,177.0,11001.0,0.0,0
2026-06-26T15:14:49.223,timeseries,2,Nested Product Conversion,mlx-community/DeepSeek-R1-Distill-Qwen-14B-4bit,236.0,9354.0,0.0,0
2026-06-26T15:14:49.286,timeseries,2,Nested Product Conversion,mlx-community/DeepSeek-R1-Distill-Qwen-14B-4bit,190.0,10772.0,0.0,0
2026-06-26T15:14:49.349,timeseries,2,Nested Product Conversion,mlx-community/DeepSeek-R1-Distill-Qwen-14B-4bit,389.0,9589.0,0.0,0
2026-06-26T15:14:49.412,timeseries,2,Nested Product Conversion,mlx-community/DeepSeek-R1-Distill-Qwen-14B-4bit,238.0,10796.0,0.0,0
2026-06-26T15:14:49.475,timeseries,2,Nested Product Conversion,mlx-community/DeepSeek-R1-Distill-Qwen-14B-4bit,206.0,9448.0,0.0,0
2026-06-26T15:14:49.537,timeseries,2,Nested Product Conversion,mlx-community/DeepSeek-R1-Distill-Qwen-14B-4bit,207.0,10807.0,0.0,0
2026-06-26T15:14:49.601,timeseries,2,Nested Product Conversion,mlx-community/DeepSeek-R1-Distill-Qwen-14B-4bit,349.0,9484.0,0.0,0
2026-06-26T15:14:49.663,timeseries,2,Nested Product Conversion,mlx-community/DeepSeek-R1-Distill-Qwen-14B-4bit,177.0,10960.0,0.0,0
2026-06-26T15:14:49.725,timeseries,2,Nested Product Conversion,mlx-community/DeepSeek-R1-Distill-Qwen-14B-4bit,201.0,10534.0,0.0,0
2026-06-26T15:14:49.787,timeseries,2,Nested Product Conversion,mlx-community/DeepSeek-R1-Distill-Qwen-14B-4bit,180.0,9729.0,0.0,0
2026-06-26T15:14:49.851,timeseries,2,Nested Product Conversion,mlx-community/DeepSeek-R1-Distill-Qwen-14B-4bit,192.0,9579.0,0.0,0
2026-06-26T15:14:49.914,timeseries,2,Nested Product Conversion,mlx-community/DeepSeek-R1-Distill-Qwen-14B-4bit,240.0,10880.0,0.0,0
2026-06-26T15:14:49.977,timeseries,2,Nested Product Conversion,mlx-community/DeepSeek-R1-Distill-Qwen-14B-4bit,172.0,10667.0,0.0,0
2026-06-26T15:14:50.038,timeseries,2,Nested Product Conversion,mlx-community/DeepSeek-R1-Distill-Qwen-14B-4bit,209.0,9599.0,0.0,0
2026-06-26T15:14:50.102,timeseries,2,Nested Product Conversion,mlx-community/DeepSeek-R1-Distill-Qwen-14B-4bit,397.0,10826.0,0.0,0
2026-06-26T15:14:50.164,timeseries,2,Nested Product Conversion,mlx-community/DeepSeek-R1-Distill-Qwen-14B-4bit,243.0,9681.0,0.0,0
2026-06-26T15:14:50.227,timeseries,2,Nested Product Conversion,mlx-community/DeepSeek-R1-Distill-Qwen-14B-4bit,172.0,10637.0,0.0,0
2026-06-26T15:14:50.289,timeseries,2,Nested Product Conversion,mlx-community/DeepSeek-R1-Distill-Qwen-14B-4bit,211.0,9632.0,0.0,0
2026-06-26T15:14:50.352,timeseries,2,Nested Product Conversion,mlx-community/DeepSeek-R1-Distill-Qwen-14B-4bit,333.0,10742.0,0.0,0
2026-06-26T15:14:50.414,timeseries,2,Nested Product Conversion,mlx-community/DeepSeek-R1-Distill-Qwen-14B-4bit,293.0,9639.0,0.0,0
2026-06-26T15:14:50.477,timeseries,2,Nested Product Conversion,mlx-community/DeepSeek-R1-Distill-Qwen-14B-4bit,173.0,10745.0,0.0,0
2026-06-26T15:14:50.539,timeseries,2,Nested Product Conversion,mlx-community/DeepSeek-R1-Distill-Qwen-14B-4bit,794.0,9494.0,0.0,0
2026-06-26T15:14:50.600,timeseries,2,Nested Product Conversion,mlx-community/DeepSeek-R1-Distill-Qwen-14B-4bit,1957.0,10664.0,0.0,0
2026-06-26T15:14:50.662,timeseries,2,Nested Product Conversion,mlx-community/DeepSeek-R1-Distill-Qwen-14B-4bit,484.0,9609.0,0.0,0
2026-06-26T15:14:50.725,timeseries,2,Nested Product Conversion,mlx-community/DeepSeek-R1-Distill-Qwen-14B-4bit,229.0,9736.0,0.0,0
2026-06-26T15:14:50.787,timeseries,2,Nested Product Conversion,mlx-community/DeepSeek-R1-Distill-Qwen-14B-4bit,358.0,11092.0,0.0,0
2026-06-26T15:14:50.850,timeseries,2,Nested Product Conversion,mlx-community/DeepSeek-R1-Distill-Qwen-14B-4bit,415.0,9567.0,0.0,0
2026-06-26T15:14:50.913,timeseries,2,Nested Product Conversion,mlx-community/DeepSeek-R1-Distill-Qwen-14B-4bit,688.0,10903.0,0.0,0
2026-06-26T15:14:50.975,timeseries,2,Nested Product Conversion,mlx-community/DeepSeek-R1-Distill-Qwen-14B-4bit,334.0,10876.0,0.0,0
2026-06-26T15:14:51.037,timeseries,2,Nested Product Conversion,mlx-community/DeepSeek-R1-Distill-Qwen-14B-4bit,907.0,9457.0,0.0,0
2026-06-26T15:14:51.100,timeseries,2,Nested Product Conversion,mlx-community/DeepSeek-R1-Distill-Qwen-14B-4bit,515.0,9666.0,0.0,0
2026-06-26T15:14:51.163,timeseries,2,Nested Product Conversion,mlx-community/DeepSeek-R1-Distill-Qwen-14B-4bit,511.0,10884.0,0.0,0
2026-06-26T15:14:51.225,timeseries,2,Nested Product Conversion,mlx-community/DeepSeek-R1-Distill-Qwen-14B-4bit,335.0,10889.0,0.0,0
2026-06-26T15:14:51.287,timeseries,2,Nested Product Conversion,mlx-community/DeepSeek-R1-Distill-Qwen-14B-4bit,446.0,9519.0,0.0,0
2026-06-26T15:14:51.351,timeseries,2,Nested Product Conversion,mlx-community/DeepSeek-R1-Distill-Qwen-14B-4bit,863.0,9458.0,0.0,0
2026-06-26T15:14:51.413,timeseries,2,Nested Product Conversion,mlx-community/DeepSeek-R1-Distill-Qwen-14B-4bit,468.0,10997.0,0.0,0
2026-06-26T15:14:51.475,timeseries,2,Nested Product Conversion,mlx-community/DeepSeek-R1-Distill-Qwen-14B-4bit,409.0,10716.0,0.0,0
2026-06-26T15:14:51.538,timeseries,2,Nested Product Conversion,mlx-community/DeepSeek-R1-Distill-Qwen-14B-4bit,949.0,9586.0,0.0,0
2026-06-26T15:14:51.600,timeseries,2,Nested Product Conversion,mlx-community/DeepSeek-R1-Distill-Qwen-14B-4bit,498.0,11044.0,0.0,0
2026-06-26T15:14:51.663,timeseries,2,Nested Product Conversion,mlx-community/DeepSeek-R1-Distill-Qwen-14B-4bit,449.0,9598.0,0.0,0
2026-06-26T15:14:51.725,timeseries,2,Nested Product Conversion,mlx-community/DeepSeek-R1-Distill-Qwen-14B-4bit,383.0,10896.0,0.0,0
2026-06-26T15:14:51.787,timeseries,2,Nested Product Conversion,mlx-community/DeepSeek-R1-Distill-Qwen-14B-4bit,431.0,9540.0,0.0,0
2026-06-26T15:14:51.850,timeseries,2,Nested Product Conversion,mlx-community/DeepSeek-R1-Distill-Qwen-14B-4bit,434.0,9620.0,0.0,0
2026-06-26T15:14:51.912,timeseries,2,Nested Product Conversion,mlx-community/DeepSeek-R1-Distill-Qwen-14B-4bit,420.0,11020.0,0.0,0
2026-06-26T15:14:51.976,timeseries,2,Nested Product Conversion,mlx-community/DeepSeek-R1-Distill-Qwen-14B-4bit,556.0,10836.0,0.0,0
2026-06-26T15:14:52.037,timeseries,2,Nested Product Conversion,mlx-community/DeepSeek-R1-Distill-Qwen-14B-4bit,914.0,9572.0,0.0,0
2026-06-26T15:14:52.100,timeseries,2,Nested Product Conversion,mlx-community/DeepSeek-R1-Distill-Qwen-14B-4bit,507.0,9522.0,0.0,0
2026-06-26T15:14:52.162,timeseries,2,Nested Product Conversion,mlx-community/DeepSeek-R1-Distill-Qwen-14B-4bit,439.0,11109.0,0.0,0
2026-06-26T15:14:52.224,timeseries,2,Nested Product Conversion,mlx-community/DeepSeek-R1-Distill-Qwen-14B-4bit,508.0,10820.0,0.0,0
2026-06-26T15:14:52.287,timeseries,2,Nested Product Conversion,mlx-community/DeepSeek-R1-Distill-Qwen-14B-4bit,337.0,9602.0,0.0,0
2026-06-26T15:14:52.350,timeseries,2,Nested Product Conversion,mlx-community/DeepSeek-R1-Distill-Qwen-14B-4bit,875.0,11017.0,0.0,0
2026-06-26T15:14:52.413,timeseries,2,Nested Product Conversion,mlx-community/DeepSeek-R1-Distill-Qwen-14B-4bit,442.0,9504.0,0.0,0
2026-06-26T15:14:52.475,timeseries,2,Nested Product Conversion,mlx-community/DeepSeek-R1-Distill-Qwen-14B-4bit,493.0,10862.0,0.0,0
2026-06-26T15:14:52.538,timeseries,2,Nested Product Conversion,mlx-community/DeepSeek-R1-Distill-Qwen-14B-4bit,839.0,9440.0,0.0,0
2026-06-26T15:14:52.600,timeseries,2,Nested Product Conversion,mlx-community/DeepSeek-R1-Distill-Qwen-14B-4bit,489.0,11266.0,0.0,0
2026-06-26T15:14:52.663,timeseries,2,Nested Product Conversion,mlx-community/DeepSeek-R1-Distill-Qwen-14B-4bit,446.0,9576.0,0.0,0
2026-06-26T15:14:52.725,timeseries,2,Nested Product Conversion,mlx-community/DeepSeek-R1-Distill-Qwen-14B-4bit,513.0,10948.0,0.0,0
2026-06-26T15:14:52.787,timeseries,2,Nested Product Conversion,mlx-community/DeepSeek-R1-Distill-Qwen-14B-4bit,318.0,9567.0,0.0,0
2026-06-26T15:14:52.850,timeseries,2,Nested Product Conversion,mlx-community/DeepSeek-R1-Distill-Qwen-14B-4bit,436.0,9712.0,0.0,0
2026-06-26T15:14:52.913,timeseries,2,Nested Product Conversion,mlx-community/DeepSeek-R1-Distill-Qwen-14B-4bit,433.0,10985.0,0.0,0
2026-06-26T15:14:52.976,timeseries,2,Nested Product Conversion,mlx-community/DeepSeek-R1-Distill-Qwen-14B-4bit,555.0,10837.0,0.0,0
2026-06-26T15:14:53.037,timeseries,2,Nested Product Conversion,mlx-community/DeepSeek-R1-Distill-Qwen-14B-4bit,862.0,9565.0,0.0,0
2026-06-26T15:14:53.100,timeseries,2,Nested Product Conversion,mlx-community/DeepSeek-R1-Distill-Qwen-14B-4bit,553.0,9516.0,0.0,0
2026-06-26T15:14:53.162,timeseries,2,Nested Product Conversion,mlx-community/DeepSeek-R1-Distill-Qwen-14B-4bit,441.0,11217.0,0.0,0
2026-06-26T15:14:53.225,timeseries,2,Nested Product Conversion,mlx-community/DeepSeek-R1-Distill-Qwen-14B-4bit,414.0,9543.0,0.0,0
2026-06-26T15:14:53.287,timeseries,2,Nested Product Conversion,mlx-community/DeepSeek-R1-Distill-Qwen-14B-4bit,401.0,10978.0,0.0,0
2026-06-26T15:14:53.350,timeseries,2,Nested Product Conversion,mlx-community/DeepSeek-R1-Distill-Qwen-14B-4bit,830.0,10885.0,0.0,0
2026-06-26T15:14:53.413,timeseries,2,Nested Product Conversion,mlx-community/DeepSeek-R1-Distill-Qwen-14B-4bit,496.0,9548.0,0.0,0
2026-06-26T15:14:53.475,timeseries,2,Nested Product Conversion,mlx-community/DeepSeek-R1-Distill-Qwen-14B-4bit,431.0,10938.0,0.0,0
2026-06-26T15:14:53.537,timeseries,2,Nested Product Conversion,mlx-community/DeepSeek-R1-Distill-Qwen-14B-4bit,880.0,9554.0,0.0,0
2026-06-26T15:14:53.600,timeseries,2,Nested Product Conversion,mlx-community/DeepSeek-R1-Distill-Qwen-14B-4bit,513.0,9673.0,0.0,0
2026-06-26T15:14:53.662,timeseries,2,Nested Product Conversion,mlx-community/DeepSeek-R1-Distill-Qwen-14B-4bit,449.0,11036.0,0.0,0
2026-06-26T15:14:53.726,timeseries,2,Nested Product Conversion,mlx-community/DeepSeek-R1-Distill-Qwen-14B-4bit,432.0,9591.0,0.0,0
2026-06-26T15:14:53.788,timeseries,2,Nested Product Conversion,mlx-community/DeepSeek-R1-Distill-Qwen-14B-4bit,1795.0,10834.0,0.0,0
2026-06-26T15:14:53.852,timeseries,2,Nested Product Conversion,mlx-community/DeepSeek-R1-Distill-Qwen-14B-4bit,909.0,10718.0,0.0,0
2026-06-26T15:14:53.914,timeseries,2,Nested Product Conversion,mlx-community/DeepSeek-R1-Distill-Qwen-14B-4bit,356.0,9705.0,0.0,0
2026-06-26T15:14:53.977,timeseries,2,Nested Product Conversion,mlx-community/DeepSeek-R1-Distill-Qwen-14B-4bit,451.0,10640.0,0.0,0
2026-06-26T15:14:54.039,timeseries,2,Nested Product Conversion,mlx-community/DeepSeek-R1-Distill-Qwen-14B-4bit,1100.0,9645.0,0.0,0
2026-06-26T15:14:54.102,timeseries,2,Nested Product Conversion,mlx-community/DeepSeek-R1-Distill-Qwen-14B-4bit,507.0,10862.0,0.0,0
2026-06-26T15:14:54.164,timeseries,2,Nested Product Conversion,mlx-community/DeepSeek-R1-Distill-Qwen-14B-4bit,454.0,9725.0,0.0,0
2026-06-26T15:14:54.226,timeseries,2,Nested Product Conversion,mlx-community/DeepSeek-R1-Distill-Qwen-14B-4bit,426.0,10832.0,0.0,0
2026-06-26T15:14:54.288,timeseries,2,Nested Product Conversion,mlx-community/DeepSeek-R1-Distill-Qwen-14B-4bit,391.0,9729.0,0.0,0
2026-06-26T15:14:54.352,timeseries,2,Nested Product Conversion,mlx-community/DeepSeek-R1-Distill-Qwen-14B-4bit,846.0,10889.0,0.0,0
2026-06-26T15:14:54.414,timeseries,2,Nested Product Conversion,mlx-community/DeepSeek-R1-Distill-Qwen-14B-4bit,482.0,9626.0,0.0,0
2026-06-26T15:14:54.477,timeseries,2,Nested Product Conversion,mlx-community/DeepSeek-R1-Distill-Qwen-14B-4bit,410.0,10796.0,0.0,0
2026-06-26T15:14:54.539,timeseries,2,Nested Product Conversion,mlx-community/DeepSeek-R1-Distill-Qwen-14B-4bit,910.0,9500.0,0.0,0
2026-06-26T15:14:54.601,timeseries,2,Nested Product Conversion,mlx-community/DeepSeek-R1-Distill-Qwen-14B-4bit,507.0,10905.0,0.0,0
2026-06-26T15:14:54.664,timeseries,2,Nested Product Conversion,mlx-community/DeepSeek-R1-Distill-Qwen-14B-4bit,455.0,9761.0,0.0,0
2026-06-26T15:14:54.725,timeseries,2,Nested Product Conversion,mlx-community/DeepSeek-R1-Distill-Qwen-14B-4bit,431.0,10929.0,0.0,0
2026-06-26T15:14:54.788,timeseries,2,Nested Product Conversion,mlx-community/DeepSeek-R1-Distill-Qwen-14B-4bit,323.0,9655.0,0.0,0
2026-06-26T15:14:54.850,timeseries,2,Nested Product Conversion,mlx-community/DeepSeek-R1-Distill-Qwen-14B-4bit,502.0,11099.0,0.0,0
2026-06-26T15:14:54.913,timeseries,2,Nested Product Conversion,mlx-community/DeepSeek-R1-Distill-Qwen-14B-4bit,432.0,9596.0,0.0,0
2026-06-26T15:14:54.974,timeseries,2,Nested Product Conversion,mlx-community/DeepSeek-R1-Distill-Qwen-14B-4bit,417.0,11008.0,0.0,0
2026-06-26T15:14:55.037,timeseries,2,Nested Product Conversion,mlx-community/DeepSeek-R1-Distill-Qwen-14B-4bit,786.0,9546.0,0.0,0
2026-06-26T15:14:55.099,timeseries,2,Nested Product Conversion,mlx-community/DeepSeek-R1-Distill-Qwen-14B-4bit,772.0,9704.0,0.0,0
2026-06-26T15:14:55.160,timeseries,2,Nested Product Conversion,mlx-community/DeepSeek-R1-Distill-Qwen-14B-4bit,434.0,11033.0,0.0,0
2026-06-26T15:14:55.223,timeseries,2,Nested Product Conversion,mlx-community/DeepSeek-R1-Distill-Qwen-14B-4bit,440.0,9772.0,0.0,0
2026-06-26T15:14:55.285,timeseries,2,Nested Product Conversion,mlx-community/DeepSeek-R1-Distill-Qwen-14B-4bit,386.0,10972.0,0.0,0
2026-06-26T15:14:55.348,timeseries,2,Nested Product Conversion,mlx-community/DeepSeek-R1-Distill-Qwen-14B-4bit,852.0,9612.0,0.0,0
2026-06-26T15:14:55.410,timeseries,2,Nested Product Conversion,mlx-community/DeepSeek-R1-Distill-Qwen-14B-4bit,449.0,11000.0,0.0,0
2026-06-26T15:14:55.472,timeseries,2,Nested Product Conversion,mlx-community/DeepSeek-R1-Distill-Qwen-14B-4bit,830.0,9502.0,0.0,0
2026-06-26T15:14:55.536,timeseries,2,Nested Product Conversion,mlx-community/DeepSeek-R1-Distill-Qwen-14B-4bit,735.0,10899.0,0.0,0
2026-06-26T15:14:55.598,timeseries,2,Nested Product Conversion,mlx-community/DeepSeek-R1-Distill-Qwen-14B-4bit,725.0,9719.0,0.0,0
2026-06-26T15:14:55.661,timeseries,2,Nested Product Conversion,mlx-community/DeepSeek-R1-Distill-Qwen-14B-4bit,472.0,10786.0,0.0,0
2026-06-26T15:14:55.723,timeseries,2,Nested Product Conversion,mlx-community/DeepSeek-R1-Distill-Qwen-14B-4bit,3244.0,9492.0,0.0,0
2026-06-26T15:14:55.785,timeseries,2,Nested Product Conversion,mlx-community/DeepSeek-R1-Distill-Qwen-14B-4bit,443.0,10773.0,0.0,0
2026-06-26T15:14:55.847,timeseries,2,Nested Product Conversion,mlx-community/DeepSeek-R1-Distill-Qwen-14B-4bit,245.0,9798.0,0.0,0
2026-06-26T15:14:55.910,timeseries,2,Nested Product Conversion,mlx-community/DeepSeek-R1-Distill-Qwen-14B-4bit,207.0,10880.0,0.0,0
2026-06-26T15:14:55.974,timeseries,2,Nested Product Conversion,mlx-community/DeepSeek-R1-Distill-Qwen-14B-4bit,178.0,9671.0,0.0,0
2026-06-26T15:14:56.037,timeseries,2,Nested Product Conversion,mlx-community/DeepSeek-R1-Distill-Qwen-14B-4bit,190.0,10770.0,0.0,0
2026-06-26T15:14:56.100,timeseries,2,Nested Product Conversion,mlx-community/DeepSeek-R1-Distill-Qwen-14B-4bit,422.0,9383.0,0.0,0
2026-06-26T15:14:56.162,timeseries,2,Nested Product Conversion,mlx-community/DeepSeek-R1-Distill-Qwen-14B-4bit,272.0,10958.0,0.0,0
2026-06-26T15:14:56.226,timeseries,2,Nested Product Conversion,mlx-community/DeepSeek-R1-Distill-Qwen-14B-4bit,191.0,10886.0,0.0,0
2026-06-26T15:14:56.289,timeseries,2,Nested Product Conversion,mlx-community/DeepSeek-R1-Distill-Qwen-14B-4bit,191.0,9510.0,0.0,0
2026-06-26T15:14:56.352,timeseries,2,Nested Product Conversion,mlx-community/DeepSeek-R1-Distill-Qwen-14B-4bit,285.0,10774.0,0.0,0
2026-06-26T15:14:56.414,timeseries,2,Nested Product Conversion,mlx-community/DeepSeek-R1-Distill-Qwen-14B-4bit,253.0,9479.0,0.0,0
2026-06-26T15:14:56.477,timeseries,2,Nested Product Conversion,mlx-community/DeepSeek-R1-Distill-Qwen-14B-4bit,317.0,10781.0,0.0,0
2026-06-26T15:14:56.538,timeseries,2,Nested Product Conversion,mlx-community/DeepSeek-R1-Distill-Qwen-14B-4bit,228.0,9654.0,0.0,0
2026-06-26T15:14:56.602,timeseries,2,Nested Product Conversion,mlx-community/DeepSeek-R1-Distill-Qwen-14B-4bit,332.0,10843.0,0.0,0
2026-06-26T15:14:56.665,timeseries,2,Nested Product Conversion,mlx-community/DeepSeek-R1-Distill-Qwen-14B-4bit,226.0,9670.0,0.0,0
2026-06-26T15:14:56.728,timeseries,2,Nested Product Conversion,mlx-community/DeepSeek-R1-Distill-Qwen-14B-4bit,204.0,10748.0,0.0,0
2026-06-26T15:14:56.791,timeseries,2,Nested Product Conversion,mlx-community/DeepSeek-R1-Distill-Qwen-14B-4bit,192.0,9552.0,0.0,0
2026-06-26T15:14:56.853,timeseries,2,Nested Product Conversion,mlx-community/DeepSeek-R1-Distill-Qwen-14B-4bit,173.0,10759.0,0.0,0
2026-06-26T15:14:56.917,timeseries,2,Nested Product Conversion,mlx-community/DeepSeek-R1-Distill-Qwen-14B-4bit,193.0,9654.0,0.0,0
2026-06-26T15:14:56.980,timeseries,2,Nested Product Conversion,mlx-community/DeepSeek-R1-Distill-Qwen-14B-4bit,191.0,10891.0,0.0,0
2026-06-26T15:14:57.042,timeseries,2,Nested Product Conversion,mlx-community/DeepSeek-R1-Distill-Qwen-14B-4bit,206.0,10825.0,0.0,0
2026-06-26T15:14:57.104,timeseries,2,Nested Product Conversion,mlx-community/DeepSeek-R1-Distill-Qwen-14B-4bit,348.0,9447.0,0.0,0
2026-06-26T15:14:57.167,timeseries,2,Nested Product Conversion,mlx-community/DeepSeek-R1-Distill-Qwen-14B-4bit,241.0,9623.0,0.0,0
2026-06-26T15:14:57.230,timeseries,2,Nested Product Conversion,mlx-community/DeepSeek-R1-Distill-Qwen-14B-4bit,211.0,11096.0,0.0,0
2026-06-26T15:14:57.292,timeseries,2,Nested Product Conversion,mlx-community/DeepSeek-R1-Distill-Qwen-14B-4bit,190.0,10822.0,0.0,0
2026-06-26T15:14:57.355,timeseries,2,Nested Product Conversion,mlx-community/DeepSeek-R1-Distill-Qwen-14B-4bit,318.0,9458.0,0.0,0
2026-06-26T15:14:57.418,timeseries,2,Nested Product Conversion,mlx-community/DeepSeek-R1-Distill-Qwen-14B-4bit,255.0,10900.0,0.0,0
2026-06-26T15:14:57.481,timeseries,2,Nested Product Conversion,mlx-community/DeepSeek-R1-Distill-Qwen-14B-4bit,192.0,9583.0,0.0,0
2026-06-26T15:14:57.545,timeseries,2,Nested Product Conversion,mlx-community/DeepSeek-R1-Distill-Qwen-14B-4bit,253.0,10764.0,0.0,0
2026-06-26T15:14:57.607,timeseries,2,Nested Product Conversion,mlx-community/DeepSeek-R1-Distill-Qwen-14B-4bit,318.0,9563.0,0.0,0
2026-06-26T15:14:57.670,timeseries,2,Nested Product Conversion,mlx-community/DeepSeek-R1-Distill-Qwen-14B-4bit,221.0,10818.0,0.0,0
2026-06-26T15:14:57.734,timeseries,2,Nested Product Conversion,mlx-community/DeepSeek-R1-Distill-Qwen-14B-4bit,239.0,9568.0,0.0,0
2026-06-26T15:14:57.797,timeseries,2,Nested Product Conversion,mlx-community/DeepSeek-R1-Distill-Qwen-14B-4bit,191.0,10893.0,0.0,0
2026-06-26T15:14:57.860,timeseries,2,Nested Product Conversion,mlx-community/DeepSeek-R1-Distill-Qwen-14B-4bit,189.0,10756.0,0.0,0
2026-06-26T15:14:57.921,timeseries,2,Nested Product Conversion,mlx-community/DeepSeek-R1-Distill-Qwen-14B-4bit,174.0,9504.0,0.0,0
2026-06-26T15:14:57.984,timeseries,2,Nested Product Conversion,mlx-community/DeepSeek-R1-Distill-Qwen-14B-4bit,208.0,10932.0,0.0,0
2026-06-26T15:14:58.046,timeseries,2,Nested Product Conversion,mlx-community/DeepSeek-R1-Distill-Qwen-14B-4bit,229.0,9782.0,0.0,0
2026-06-26T15:14:58.108,timeseries,2,Nested Product Conversion,mlx-community/DeepSeek-R1-Distill-Qwen-14B-4bit,334.0,10906.0,0.0,0
2026-06-26T15:14:58.171,timeseries,2,Nested Product Conversion,mlx-community/DeepSeek-R1-Distill-Qwen-14B-4bit,194.0,9699.0,0.0,0
2026-06-26T15:14:58.233,timeseries,2,Nested Product Conversion,mlx-community/DeepSeek-R1-Distill-Qwen-14B-4bit,223.0,10880.0,0.0,0
2026-06-26T15:14:58.296,timeseries,2,Nested Product Conversion,mlx-community/DeepSeek-R1-Distill-Qwen-14B-4bit,208.0,9605.0,0.0,0
2026-06-26T15:14:58.358,timeseries,2,Nested Product Conversion,mlx-community/DeepSeek-R1-Distill-Qwen-14B-4bit,271.0,10823.0,0.0,0
2026-06-26T15:14:58.421,timeseries,2,Nested Product Conversion,mlx-community/DeepSeek-R1-Distill-Qwen-14B-4bit,209.0,9661.0,0.0,0
2026-06-26T15:14:58.484,timeseries,2,Nested Product Conversion,mlx-community/DeepSeek-R1-Distill-Qwen-14B-4bit,223.0,9532.0,0.0,0
2026-06-26T15:14:58.545,timeseries,2,Nested Product Conversion,mlx-community/DeepSeek-R1-Distill-Qwen-14B-4bit,225.0,11043.0,0.0,0
2026-06-26T15:14:58.608,timeseries,2,Nested Product Conversion,mlx-community/DeepSeek-R1-Distill-Qwen-14B-4bit,401.0,9581.0,0.0,0
2026-06-26T15:14:58.669,timeseries,2,Nested Product Conversion,mlx-community/DeepSeek-R1-Distill-Qwen-14B-4bit,209.0,11024.0,0.0,0
2026-06-26T15:14:58.731,timeseries,2,Nested Product Conversion,mlx-community/DeepSeek-R1-Distill-Qwen-14B-4bit,334.0,9502.0,0.0,0
2026-06-26T15:14:58.794,timeseries,2,Nested Product Conversion,mlx-community/DeepSeek-R1-Distill-Qwen-14B-4bit,590.0,11185.0,0.0,0
2026-06-26T15:14:58.856,timeseries,2,Nested Product Conversion,mlx-community/DeepSeek-R1-Distill-Qwen-14B-4bit,226.0,9675.0,0.0,0
2026-06-26T15:14:58.918,timeseries,2,Nested Product Conversion,mlx-community/DeepSeek-R1-Distill-Qwen-14B-4bit,224.0,10951.0,0.0,0
2026-06-26T15:14:58.980,timeseries,2,Nested Product Conversion,mlx-community/DeepSeek-R1-Distill-Qwen-14B-4bit,196.0,9788.0,0.0,0
2026-06-26T15:14:59.043,timeseries,2,Nested Product Conversion,mlx-community/DeepSeek-R1-Distill-Qwen-14B-4bit,222.0,10824.0,0.0,0
2026-06-26T15:14:59.106,timeseries,2,Nested Product Conversion,mlx-community/DeepSeek-R1-Distill-Qwen-14B-4bit,352.0,9592.0,0.0,0
2026-06-26T15:14:59.169,timeseries,2,Nested Product Conversion,mlx-community/DeepSeek-R1-Distill-Qwen-14B-4bit,206.0,10864.0,0.0,0
2026-06-26T15:14:59.232,timeseries,2,Nested Product Conversion,mlx-community/DeepSeek-R1-Distill-Qwen-14B-4bit,193.0,9692.0,0.0,0
2026-06-26T15:14:59.294,timeseries,2,Nested Product Conversion,mlx-community/DeepSeek-R1-Distill-Qwen-14B-4bit,266.0,10695.0,0.0,0
2026-06-26T15:14:59.357,timeseries,2,Nested Product Conversion,mlx-community/DeepSeek-R1-Distill-Qwen-14B-4bit,289.0,9565.0,0.0,0
2026-06-26T15:14:59.420,timeseries,2,Nested Product Conversion,mlx-community/DeepSeek-R1-Distill-Qwen-14B-4bit,192.0,10959.0,0.0,0
2026-06-26T15:14:59.483,timeseries,2,Nested Product Conversion,mlx-community/DeepSeek-R1-Distill-Qwen-14B-4bit,208.0,9603.0,0.0,0
2026-06-26T15:14:59.545,timeseries,2,Nested Product Conversion,mlx-community/DeepSeek-R1-Distill-Qwen-14B-4bit,222.0,10840.0,0.0,0
2026-06-26T15:14:59.608,timeseries,2,Nested Product Conversion,mlx-community/DeepSeek-R1-Distill-Qwen-14B-4bit,334.0,9524.0,0.0,0
2026-06-26T15:14:59.670,timeseries,2,Nested Product Conversion,mlx-community/DeepSeek-R1-Distill-Qwen-14B-4bit,239.0,10937.0,0.0,0
2026-06-26T15:14:59.733,timeseries,2,Nested Product Conversion,mlx-community/DeepSeek-R1-Distill-Qwen-14B-4bit,176.0,9623.0,0.0,0
2026-06-26T15:14:59.795,timeseries,2,Nested Product Conversion,mlx-community/DeepSeek-R1-Distill-Qwen-14B-4bit,257.0,10973.0,0.0,0
2026-06-26T15:14:59.858,timeseries,2,Nested Product Conversion,mlx-community/DeepSeek-R1-Distill-Qwen-14B-4bit,176.0,9576.0,0.0,0
2026-06-26T15:14:59.921,timeseries,2,Nested Product Conversion,mlx-community/DeepSeek-R1-Distill-Qwen-14B-4bit,207.0,10909.0,0.0,0
2026-06-26T15:14:59.984,timeseries,2,Nested Product Conversion,mlx-community/DeepSeek-R1-Distill-Qwen-14B-4bit,176.0,10966.0,0.0,0
2026-06-26T15:15:00.046,timeseries,2,Nested Product Conversion,mlx-community/DeepSeek-R1-Distill-Qwen-14B-4bit,222.0,9516.0,0.0,0
2026-06-26T15:15:00.109,timeseries,2,Nested Product Conversion,mlx-community/DeepSeek-R1-Distill-Qwen-14B-4bit,335.0,10922.0,0.0,0
2026-06-26T15:15:00.170,timeseries,2,Nested Product Conversion,mlx-community/DeepSeek-R1-Distill-Qwen-14B-4bit,208.0,9614.0,0.0,0
2026-06-26T15:15:00.234,timeseries,2,Nested Product Conversion,mlx-community/DeepSeek-R1-Distill-Qwen-14B-4bit,193.0,9675.0,0.0,0
2026-06-26T15:15:00.295,timeseries,2,Nested Product Conversion,mlx-community/DeepSeek-R1-Distill-Qwen-14B-4bit,193.0,10995.0,0.0,0
2026-06-26T15:15:00.358,timeseries,2,Nested Product Conversion,mlx-community/DeepSeek-R1-Distill-Qwen-14B-4bit,426.0,9383.0,0.0,0
2026-06-26T15:15:00.421,timeseries,2,Nested Product Conversion,mlx-community/DeepSeek-R1-Distill-Qwen-14B-4bit,260.0,11165.0,0.0,0
2026-06-26T15:15:00.482,timeseries,2,Nested Product Conversion,mlx-community/DeepSeek-R1-Distill-Qwen-14B-4bit,176.0,9583.0,0.0,0
2026-06-26T15:15:00.543,timeseries,2,Nested Product Conversion,mlx-community/DeepSeek-R1-Distill-Qwen-14B-4bit,226.0,11038.0,0.0,0
2026-06-26T15:15:00.604,timeseries,2,Nested Product Conversion,mlx-community/DeepSeek-R1-Distill-Qwen-14B-4bit,359.0,9738.0,0.0,0
2026-06-26T15:15:00.668,timeseries,2,Nested Product Conversion,mlx-community/DeepSeek-R1-Distill-Qwen-14B-4bit,261.0,11161.0,0.0,0
2026-06-26T15:15:00.731,timeseries,2,Nested Product Conversion,mlx-community/DeepSeek-R1-Distill-Qwen-14B-4bit,193.0,9696.0,0.0,0
2026-06-26T15:15:00.792,timeseries,2,Nested Product Conversion,mlx-community/DeepSeek-R1-Distill-Qwen-14B-4bit,724.0,10605.0,0.0,0
2026-06-26T15:15:00.855,timeseries,2,Nested Product Conversion,mlx-community/DeepSeek-R1-Distill-Qwen-14B-4bit,1555.0,9586.0,0.0,0
2026-06-26T15:15:00.915,timeseries,2,Nested Product Conversion,mlx-community/DeepSeek-R1-Distill-Qwen-14B-4bit,467.0,11043.0,0.0,0
2026-06-26T15:15:00.977,timeseries,2,Nested Product Conversion,mlx-community/DeepSeek-R1-Distill-Qwen-14B-4bit,322.0,9697.0,0.0,0
2026-06-26T15:15:01.039,timeseries,2,Nested Product Conversion,mlx-community/DeepSeek-R1-Distill-Qwen-14B-4bit,582.0,9976.0,0.0,0
2026-06-26T15:15:01.102,timeseries,2,Nested Product Conversion,mlx-community/DeepSeek-R1-Distill-Qwen-14B-4bit,371.0,11085.0,0.0,0
2026-06-26T15:15:01.165,timeseries,2,Nested Product Conversion,mlx-community/DeepSeek-R1-Distill-Qwen-14B-4bit,194.0,9794.0,0.0,0
2026-06-26T15:15:01.228,timeseries,2,Nested Product Conversion,mlx-community/DeepSeek-R1-Distill-Qwen-14B-4bit,204.0,10768.0,0.0,0
2026-06-26T15:15:01.291,timeseries,2,Nested Product Conversion,mlx-community/DeepSeek-R1-Distill-Qwen-14B-4bit,192.0,9596.0,0.0,0
2026-06-26T15:15:01.354,timeseries,2,Nested Product Conversion,mlx-community/DeepSeek-R1-Distill-Qwen-14B-4bit,426.0,10760.0,0.0,0
2026-06-26T15:15:01.417,timeseries,2,Nested Product Conversion,mlx-community/DeepSeek-R1-Distill-Qwen-14B-4bit,317.0,9514.0,0.0,0
2026-06-26T15:15:01.480,timeseries,2,Nested Product Conversion,mlx-community/DeepSeek-R1-Distill-Qwen-14B-4bit,176.0,11004.0,0.0,0
2026-06-26T15:15:01.542,timeseries,2,Nested Product Conversion,mlx-community/DeepSeek-R1-Distill-Qwen-14B-4bit,238.0,10886.0,0.0,0
2026-06-26T15:15:01.604,timeseries,2,Nested Product Conversion,mlx-community/DeepSeek-R1-Distill-Qwen-14B-4bit,348.0,9490.0,0.0,0
2026-06-26T15:15:01.666,timeseries,2,Nested Product Conversion,mlx-community/DeepSeek-R1-Distill-Qwen-14B-4bit,195.0,9799.0,0.0,0
2026-06-26T15:15:01.729,timeseries,2,Nested Product Conversion,mlx-community/DeepSeek-R1-Distill-Qwen-14B-4bit,243.0,11084.0,0.0,0
2026-06-26T15:15:01.791,timeseries,2,Nested Product Conversion,mlx-community/DeepSeek-R1-Distill-Qwen-14B-4bit,175.0,9533.0,0.0,0
2026-06-26T15:15:01.853,timeseries,2,Nested Product Conversion,mlx-community/DeepSeek-R1-Distill-Qwen-14B-4bit,176.0,10963.0,0.0,0
2026-06-26T15:15:01.916,timeseries,2,Nested Product Conversion,mlx-community/DeepSeek-R1-Distill-Qwen-14B-4bit,243.0,9697.0,0.0,0
2026-06-26T15:15:01.979,timeseries,2,Nested Product Conversion,mlx-community/DeepSeek-R1-Distill-Qwen-14B-4bit,206.0,10894.0,0.0,0
2026-06-26T15:15:02.041,timeseries,2,Nested Product Conversion,mlx-community/DeepSeek-R1-Distill-Qwen-14B-4bit,192.0,9571.0,0.0,0
2026-06-26T15:15:02.104,timeseries,2,Nested Product Conversion,mlx-community/DeepSeek-R1-Distill-Qwen-14B-4bit,350.0,10886.0,0.0,0
2026-06-26T15:15:02.167,timeseries,2,Nested Product Conversion,mlx-community/DeepSeek-R1-Distill-Qwen-14B-4bit,207.0,10961.0,0.0,0
2026-06-26T15:15:02.229,timeseries,2,Nested Product Conversion,mlx-community/DeepSeek-R1-Distill-Qwen-14B-4bit,191.0,9574.0,0.0,0
2026-06-26T15:15:02.292,timeseries,2,Nested Product Conversion,mlx-community/DeepSeek-R1-Distill-Qwen-14B-4bit,178.0,9653.0,0.0,0
2026-06-26T15:15:02.354,timeseries,2,Nested Product Conversion,mlx-community/DeepSeek-R1-Distill-Qwen-14B-4bit,303.0,10881.0,0.0,0
2026-06-26T15:15:02.417,timeseries,2,Nested Product Conversion,mlx-community/DeepSeek-R1-Distill-Qwen-14B-4bit,286.0,9523.0,0.0,0
2026-06-26T15:15:02.480,timeseries,2,Nested Product Conversion,mlx-community/DeepSeek-R1-Distill-Qwen-14B-4bit,194.0,11082.0,0.0,0
2026-06-26T15:15:02.542,timeseries,2,Nested Product Conversion,mlx-community/DeepSeek-R1-Distill-Qwen-14B-4bit,205.0,10811.0,0.0,0
2026-06-26T15:15:02.605,timeseries,2,Nested Product Conversion,mlx-community/DeepSeek-R1-Distill-Qwen-14B-4bit,384.0,9593.0,0.0,0
2026-06-26T15:15:02.669,timeseries,2,Nested Product Conversion,mlx-community/DeepSeek-R1-Distill-Qwen-14B-4bit,192.0,10987.0,0.0,0
2026-06-26T15:15:02.730,timeseries,2,Nested Product Conversion,mlx-community/DeepSeek-R1-Distill-Qwen-14B-4bit,222.0,9519.0,0.0,0
2026-06-26T15:15:02.793,timeseries,2,Nested Product Conversion,mlx-community/DeepSeek-R1-Distill-Qwen-14B-4bit,190.0,10857.0,0.0,0
2026-06-26T15:15:02.855,timeseries,2,Nested Product Conversion,mlx-community/DeepSeek-R1-Distill-Qwen-14B-4bit,179.0,9750.0,0.0,0
2026-06-26T15:15:02.919,timeseries,2,Nested Product Conversion,mlx-community/DeepSeek-R1-Distill-Qwen-14B-4bit,222.0,10890.0,0.0,0
2026-06-26T15:15:02.981,timeseries,2,Nested Product Conversion,mlx-community/DeepSeek-R1-Distill-Qwen-14B-4bit,192.0,9618.0,0.0,0
2026-06-26T15:15:03.044,timeseries,2,Nested Product Conversion,mlx-community/DeepSeek-R1-Distill-Qwen-14B-4bit,220.0,10755.0,0.0,0
2026-06-26T15:15:03.106,timeseries,2,Nested Product Conversion,mlx-community/DeepSeek-R1-Distill-Qwen-14B-4bit,336.0,9565.0,0.0,0
2026-06-26T15:15:03.169,timeseries,2,Nested Product Conversion,mlx-community/DeepSeek-R1-Distill-Qwen-14B-4bit,989.0,10893.0,0.0,0
2026-06-26T15:15:03.231,timeseries,2,Nested Product Conversion,mlx-community/DeepSeek-R1-Distill-Qwen-14B-4bit,2076.0,9699.0,0.0,0
2026-06-26T15:15:03.292,timeseries,2,Nested Product Conversion,mlx-community/DeepSeek-R1-Distill-Qwen-14B-4bit,571.0,10904.0,0.0,0
2026-06-26T15:15:03.354,timeseries,2,Nested Product Conversion,mlx-community/DeepSeek-R1-Distill-Qwen-14B-4bit,554.0,9738.0,0.0,0
2026-06-26T15:15:03.417,timeseries,2,Nested Product Conversion,mlx-community/DeepSeek-R1-Distill-Qwen-14B-4bit,322.0,11101.0,0.0,0
2026-06-26T15:15:03.479,timeseries,2,Nested Product Conversion,mlx-community/DeepSeek-R1-Distill-Qwen-14B-4bit,550.0,9764.0,0.0,0
2026-06-26T15:15:03.542,timeseries,2,Nested Product Conversion,mlx-community/DeepSeek-R1-Distill-Qwen-14B-4bit,977.0,10988.0,0.0,0
2026-06-26T15:15:03.604,timeseries,2,Nested Product Conversion,mlx-community/DeepSeek-R1-Distill-Qwen-14B-4bit,350.0,9602.0,0.0,0
2026-06-26T15:15:03.666,timeseries,2,Nested Product Conversion,mlx-community/DeepSeek-R1-Distill-Qwen-14B-4bit,464.0,9624.0,0.0,0
2026-06-26T15:15:03.729,timeseries,2,Nested Product Conversion,mlx-community/DeepSeek-R1-Distill-Qwen-14B-4bit,506.0,11224.0,0.0,0
2026-06-26T15:15:03.733,timeseries,2,Nested Product Conversion,mlx-community/DeepSeek-R1-Distill-Qwen-14B-4bit,410.0,10745.0,0.0,729
2026-06-26T15:15:07.168,timeseries,3,Weather Report Extended v2,mlx-community/DeepSeek-R1-Distill-Qwen-14B-4bit,288.0,1692.0,0.0,0
2026-06-26T15:15:07.226,timeseries,3,Weather Report Extended v2,mlx-community/DeepSeek-R1-Distill-Qwen-14B-4bit,249.0,1941.0,0.0,0
2026-06-26T15:15:07.286,timeseries,3,Weather Report Extended v2,mlx-community/DeepSeek-R1-Distill-Qwen-14B-4bit,245.0,1894.0,0.0,0
2026-06-26T15:15:07.348,timeseries,3,Weather Report Extended v2,mlx-community/DeepSeek-R1-Distill-Qwen-14B-4bit,654.0,1876.0,0.0,0
2026-06-26T15:15:07.410,timeseries,3,Weather Report Extended v2,mlx-community/DeepSeek-R1-Distill-Qwen-14B-4bit,251.0,2207.0,0.0,0
2026-06-26T15:15:07.472,timeseries,3,Weather Report Extended v2,mlx-community/DeepSeek-R1-Distill-Qwen-14B-4bit,289.0,8245.0,0.0,0
2026-06-26T15:15:07.534,timeseries,3,Weather Report Extended v2,mlx-community/DeepSeek-R1-Distill-Qwen-14B-4bit,537.0,22975.0,0.0,0
2026-06-26T15:15:07.595,timeseries,3,Weather Report Extended v2,mlx-community/DeepSeek-R1-Distill-Qwen-14B-4bit,371.0,19713.0,0.0,0
2026-06-26T15:15:07.657,timeseries,3,Weather Report Extended v2,mlx-community/DeepSeek-R1-Distill-Qwen-14B-4bit,452.0,19639.0,0.0,0
2026-06-26T15:15:07.718,timeseries,3,Weather Report Extended v2,mlx-community/DeepSeek-R1-Distill-Qwen-14B-4bit,162.0,23122.0,0.0,0
2026-06-26T15:15:07.781,timeseries,3,Weather Report Extended v2,mlx-community/DeepSeek-R1-Distill-Qwen-14B-4bit,146.0,20057.0,0.0,0
2026-06-26T15:15:07.842,timeseries,3,Weather Report Extended v2,mlx-community/DeepSeek-R1-Distill-Qwen-14B-4bit,163.0,22688.0,0.0,0
2026-06-26T15:15:07.903,timeseries,3,Weather Report Extended v2,mlx-community/DeepSeek-R1-Distill-Qwen-14B-4bit,258.0,19999.0,0.0,0
2026-06-26T15:15:07.965,timeseries,3,Weather Report Extended v2,mlx-community/DeepSeek-R1-Distill-Qwen-14B-4bit,147.0,20335.0,0.0,0
2026-06-26T15:15:08.026,timeseries,3,Weather Report Extended v2,mlx-community/DeepSeek-R1-Distill-Qwen-14B-4bit,163.0,22934.0,0.0,0
2026-06-26T15:15:08.087,timeseries,3,Weather Report Extended v2,mlx-community/DeepSeek-R1-Distill-Qwen-14B-4bit,780.0,20015.0,0.0,0
2026-06-26T15:15:08.148,timeseries,3,Weather Report Extended v2,mlx-community/DeepSeek-R1-Distill-Qwen-14B-4bit,262.0,20461.0,0.0,0
2026-06-26T15:15:08.208,timeseries,3,Weather Report Extended v2,mlx-community/DeepSeek-R1-Distill-Qwen-14B-4bit,181.0,23365.0,0.0,0
2026-06-26T15:15:08.271,timeseries,3,Weather Report Extended v2,mlx-community/DeepSeek-R1-Distill-Qwen-14B-4bit,167.0,20742.0,0.0,0
2026-06-26T15:15:08.333,timeseries,3,Weather Report Extended v2,mlx-community/DeepSeek-R1-Distill-Qwen-14B-4bit,553.0,23386.0,0.0,0
2026-06-26T15:15:08.394,timeseries,3,Weather Report Extended v2,mlx-community/DeepSeek-R1-Distill-Qwen-14B-4bit,192.0,19633.0,0.0,0
2026-06-26T15:15:08.456,timeseries,3,Weather Report Extended v2,mlx-community/DeepSeek-R1-Distill-Qwen-14B-4bit,210.0,19932.0,0.0,0
2026-06-26T15:15:08.518,timeseries,3,Weather Report Extended v2,mlx-community/DeepSeek-R1-Distill-Qwen-14B-4bit,162.0,23276.0,0.0,0
2026-06-26T15:15:08.580,timeseries,3,Weather Report Extended v2,mlx-community/DeepSeek-R1-Distill-Qwen-14B-4bit,3416.0,20190.0,0.0,0
2026-06-26T15:15:08.641,timeseries,3,Weather Report Extended v2,mlx-community/DeepSeek-R1-Distill-Qwen-14B-4bit,643.0,22595.0,0.0,0
2026-06-26T15:15:08.702,timeseries,3,Weather Report Extended v2,mlx-community/DeepSeek-R1-Distill-Qwen-14B-4bit,276.0,20074.0,0.0,0
2026-06-26T15:15:08.764,timeseries,3,Weather Report Extended v2,mlx-community/DeepSeek-R1-Distill-Qwen-14B-4bit,553.0,20283.0,0.0,0
2026-06-26T15:15:08.826,timeseries,3,Weather Report Extended v2,mlx-community/DeepSeek-R1-Distill-Qwen-14B-4bit,294.0,23078.0,0.0,0
2026-06-26T15:15:08.888,timeseries,3,Weather Report Extended v2,mlx-community/DeepSeek-R1-Distill-Qwen-14B-4bit,147.0,20275.0,0.0,0
2026-06-26T15:15:08.949,timeseries,3,Weather Report Extended v2,mlx-community/DeepSeek-R1-Distill-Qwen-14B-4bit,241.0,22935.0,0.0,0
2026-06-26T15:15:09.011,timeseries,3,Weather Report Extended v2,mlx-community/DeepSeek-R1-Distill-Qwen-14B-4bit,129.0,20015.0,0.0,0
2026-06-26T15:15:09.072,timeseries,3,Weather Report Extended v2,mlx-community/DeepSeek-R1-Distill-Qwen-14B-4bit,715.0,20110.0,0.0,0
2026-06-26T15:15:09.133,timeseries,3,Weather Report Extended v2,mlx-community/DeepSeek-R1-Distill-Qwen-14B-4bit,163.0,23448.0,0.0,0
2026-06-26T15:15:09.195,timeseries,3,Weather Report Extended v2,mlx-community/DeepSeek-R1-Distill-Qwen-14B-4bit,264.0,20413.0,0.0,0
2026-06-26T15:15:09.257,timeseries,3,Weather Report Extended v2,mlx-community/DeepSeek-R1-Distill-Qwen-14B-4bit,146.0,19918.0,0.0,0
2026-06-26T15:15:09.319,timeseries,3,Weather Report Extended v2,mlx-community/DeepSeek-R1-Distill-Qwen-14B-4bit,520.0,23287.0,0.0,0
2026-06-26T15:15:09.381,timeseries,3,Weather Report Extended v2,mlx-community/DeepSeek-R1-Distill-Qwen-14B-4bit,161.0,19869.0,0.0,0
2026-06-26T15:15:09.442,timeseries,3,Weather Report Extended v2,mlx-community/DeepSeek-R1-Distill-Qwen-14B-4bit,161.0,22738.0,0.0,0
2026-06-26T15:15:09.504,timeseries,3,Weather Report Extended v2,mlx-community/DeepSeek-R1-Distill-Qwen-14B-4bit,196.0,20508.0,0.0,0
2026-06-26T15:15:09.566,timeseries,3,Weather Report Extended v2,mlx-community/DeepSeek-R1-Distill-Qwen-14B-4bit,676.0,22855.0,0.0,0
2026-06-26T15:15:09.628,timeseries,3,Weather Report Extended v2,mlx-community/DeepSeek-R1-Distill-Qwen-14B-4bit,145.0,20122.0,0.0,0
2026-06-26T15:15:09.690,timeseries,3,Weather Report Extended v2,mlx-community/DeepSeek-R1-Distill-Qwen-14B-4bit,161.0,20021.0,0.0,0
2026-06-26T15:15:09.752,timeseries,3,Weather Report Extended v2,mlx-community/DeepSeek-R1-Distill-Qwen-14B-4bit,357.0,23088.0,0.0,0
2026-06-26T15:15:09.813,timeseries,3,Weather Report Extended v2,mlx-community/DeepSeek-R1-Distill-Qwen-14B-4bit,161.0,19891.0,0.0,0
2026-06-26T15:15:09.874,timeseries,3,Weather Report Extended v2,mlx-community/DeepSeek-R1-Distill-Qwen-14B-4bit,146.0,22956.0,0.0,0
2026-06-26T15:15:09.937,timeseries,3,Weather Report Extended v2,mlx-community/DeepSeek-R1-Distill-Qwen-14B-4bit,130.0,20232.0,0.0,0
2026-06-26T15:15:09.998,timeseries,3,Weather Report Extended v2,mlx-community/DeepSeek-R1-Distill-Qwen-14B-4bit,212.0,20132.0,0.0,0
2026-06-26T15:15:10.060,timeseries,3,Weather Report Extended v2,mlx-community/DeepSeek-R1-Distill-Qwen-14B-4bit,691.0,22886.0,0.0,0
2026-06-26T15:15:10.122,timeseries,3,Weather Report Extended v2,mlx-community/DeepSeek-R1-Distill-Qwen-14B-4bit,146.0,20396.0,0.0,0
2026-06-26T15:15:10.184,timeseries,3,Weather Report Extended v2,mlx-community/DeepSeek-R1-Distill-Qwen-14B-4bit,162.0,22932.0,0.0,0
2026-06-26T15:15:10.246,timeseries,3,Weather Report Extended v2,mlx-community/DeepSeek-R1-Distill-Qwen-14B-4bit,211.0,20284.0,0.0,0
2026-06-26T15:15:10.307,timeseries,3,Weather Report Extended v2,mlx-community/DeepSeek-R1-Distill-Qwen-14B-4bit,161.0,22745.0,0.0,0
2026-06-26T15:15:10.369,timeseries,3,Weather Report Extended v2,mlx-community/DeepSeek-R1-Distill-Qwen-14B-4bit,549.0,20142.0,0.0,0
2026-06-26T15:15:10.430,timeseries,3,Weather Report Extended v2,mlx-community/DeepSeek-R1-Distill-Qwen-14B-4bit,179.0,20312.0,0.0,0
2026-06-26T15:15:10.494,timeseries,3,Weather Report Extended v2,mlx-community/DeepSeek-R1-Distill-Qwen-14B-4bit,213.0,23354.0,0.0,0
2026-06-26T15:15:10.558,timeseries,3,Weather Report Extended v2,mlx-community/DeepSeek-R1-Distill-Qwen-14B-4bit,700.0,20261.0,0.0,0
2026-06-26T15:15:10.619,timeseries,3,Weather Report Extended v2,mlx-community/DeepSeek-R1-Distill-Qwen-14B-4bit,421.0,22302.0,0.0,0
2026-06-26T15:15:10.681,timeseries,3,Weather Report Extended v2,mlx-community/DeepSeek-R1-Distill-Qwen-14B-4bit,358.0,19280.0,0.0,0
2026-06-26T15:15:10.744,timeseries,3,Weather Report Extended v2,mlx-community/DeepSeek-R1-Distill-Qwen-14B-4bit,130.0,23295.0,0.0,0
2026-06-26T15:15:10.805,timeseries,3,Weather Report Extended v2,mlx-community/DeepSeek-R1-Distill-Qwen-14B-4bit,387.0,20110.0,0.0,0
2026-06-26T15:15:10.866,timeseries,3,Weather Report Extended v2,mlx-community/DeepSeek-R1-Distill-Qwen-14B-4bit,160.0,22821.0,0.0,0
2026-06-26T15:15:10.928,timeseries,3,Weather Report Extended v2,mlx-community/DeepSeek-R1-Distill-Qwen-14B-4bit,163.0,20313.0,0.0,0
2026-06-26T15:15:10.988,timeseries,3,Weather Report Extended v2,mlx-community/DeepSeek-R1-Distill-Qwen-14B-4bit,114.0,20215.0,0.0,0
2026-06-26T15:15:11.049,timeseries,3,Weather Report Extended v2,mlx-community/DeepSeek-R1-Distill-Qwen-14B-4bit,2588.0,23292.0,0.0,0
2026-06-26T15:15:11.111,timeseries,3,Weather Report Extended v2,mlx-community/DeepSeek-R1-Distill-Qwen-14B-4bit,1452.0,20565.0,0.0,0
2026-06-26T15:15:11.172,timeseries,3,Weather Report Extended v2,mlx-community/DeepSeek-R1-Distill-Qwen-14B-4bit,130.0,20431.0,0.0,0
2026-06-26T15:15:11.234,timeseries,3,Weather Report Extended v2,mlx-community/DeepSeek-R1-Distill-Qwen-14B-4bit,162.0,22992.0,0.0,0
2026-06-26T15:15:11.295,timeseries,3,Weather Report Extended v2,mlx-community/DeepSeek-R1-Distill-Qwen-14B-4bit,213.0,20242.0,0.0,0
2026-06-26T15:15:11.356,timeseries,3,Weather Report Extended v2,mlx-community/DeepSeek-R1-Distill-Qwen-14B-4bit,571.0,20573.0,0.0,0
2026-06-26T15:15:11.418,timeseries,3,Weather Report Extended v2,mlx-community/DeepSeek-R1-Distill-Qwen-14B-4bit,147.0,23305.0,0.0,0
2026-06-26T15:15:11.480,timeseries,3,Weather Report Extended v2,mlx-community/DeepSeek-R1-Distill-Qwen-14B-4bit,146.0,20017.0,0.0,0
2026-06-26T15:15:11.542,timeseries,3,Weather Report Extended v2,mlx-community/DeepSeek-R1-Distill-Qwen-14B-4bit,725.0,23279.0,0.0,0
2026-06-26T15:15:11.604,timeseries,3,Weather Report Extended v2,mlx-community/DeepSeek-R1-Distill-Qwen-14B-4bit,179.0,20395.0,0.0,0
2026-06-26T15:15:11.667,timeseries,3,Weather Report Extended v2,mlx-community/DeepSeek-R1-Distill-Qwen-14B-4bit,550.0,13409.0,0.0,0
2026-06-26T15:15:11.729,timeseries,3,Weather Report Extended v2,mlx-community/DeepSeek-R1-Distill-Qwen-14B-4bit,420.0,11388.0,0.0,0
2026-06-26T15:15:11.790,timeseries,3,Weather Report Extended v2,mlx-community/DeepSeek-R1-Distill-Qwen-14B-4bit,525.0,11129.0,0.0,0
2026-06-26T15:15:11.851,timeseries,3,Weather Report Extended v2,mlx-community/DeepSeek-R1-Distill-Qwen-14B-4bit,4088.0,591.0,0.0,0
2026-06-26T15:15:11.912,timeseries,3,Weather Report Extended v2,mlx-community/DeepSeek-R1-Distill-Qwen-14B-4bit,330.0,2029.0,0.0,0
2026-06-26T15:15:11.974,timeseries,3,Weather Report Extended v2,mlx-community/DeepSeek-R1-Distill-Qwen-14B-4bit,131.0,1965.0,0.0,0
2026-06-26T15:15:12.036,timeseries,3,Weather Report Extended v2,mlx-community/DeepSeek-R1-Distill-Qwen-14B-4bit,732.0,9070.0,0.0,0
2026-06-26T15:15:12.099,timeseries,3,Weather Report Extended v2,mlx-community/DeepSeek-R1-Distill-Qwen-14B-4bit,734.0,9335.0,0.0,0
2026-06-26T15:15:12.162,timeseries,3,Weather Report Extended v2,mlx-community/DeepSeek-R1-Distill-Qwen-14B-4bit,399.0,11000.0,0.0,0
2026-06-26T15:15:12.224,timeseries,3,Weather Report Extended v2,mlx-community/DeepSeek-R1-Distill-Qwen-14B-4bit,467.0,9684.0,0.0,0
2026-06-26T15:15:12.287,timeseries,3,Weather Report Extended v2,mlx-community/DeepSeek-R1-Distill-Qwen-14B-4bit,348.0,10900.0,0.0,0
2026-06-26T15:15:12.349,timeseries,3,Weather Report Extended v2,mlx-community/DeepSeek-R1-Distill-Qwen-14B-4bit,926.0,9592.0,0.0,0
2026-06-26T15:15:12.412,timeseries,3,Weather Report Extended v2,mlx-community/DeepSeek-R1-Distill-Qwen-14B-4bit,466.0,11106.0,0.0,0
2026-06-26T15:15:12.474,timeseries,3,Weather Report Extended v2,mlx-community/DeepSeek-R1-Distill-Qwen-14B-4bit,414.0,9571.0,0.0,0
2026-06-26T15:15:12.536,timeseries,3,Weather Report Extended v2,mlx-community/DeepSeek-R1-Distill-Qwen-14B-4bit,798.0,10998.0,0.0,0
2026-06-26T15:15:12.598,timeseries,3,Weather Report Extended v2,mlx-community/DeepSeek-R1-Distill-Qwen-14B-4bit,600.0,9848.0,0.0,0
2026-06-26T15:15:12.661,timeseries,3,Weather Report Extended v2,mlx-community/DeepSeek-R1-Distill-Qwen-14B-4bit,449.0,11063.0,0.0,0
2026-06-26T15:15:12.722,timeseries,3,Weather Report Extended v2,mlx-community/DeepSeek-R1-Distill-Qwen-14B-4bit,436.0,9714.0,0.0,0
2026-06-26T15:15:12.784,timeseries,3,Weather Report Extended v2,mlx-community/DeepSeek-R1-Distill-Qwen-14B-4bit,367.0,10974.0,0.0,0
2026-06-26T15:15:12.847,timeseries,3,Weather Report Extended v2,mlx-community/DeepSeek-R1-Distill-Qwen-14B-4bit,660.0,9960.0,0.0,0
2026-06-26T15:15:12.909,timeseries,3,Weather Report Extended v2,mlx-community/DeepSeek-R1-Distill-Qwen-14B-4bit,460.0,10920.0,0.0,0
2026-06-26T15:15:12.971,timeseries,3,Weather Report Extended v2,mlx-community/DeepSeek-R1-Distill-Qwen-14B-4bit,417.0,9684.0,0.0,0
2026-06-26T15:15:13.033,timeseries,3,Weather Report Extended v2,mlx-community/DeepSeek-R1-Distill-Qwen-14B-4bit,626.0,11001.0,0.0,0
2026-06-26T15:15:13.096,timeseries,3,Weather Report Extended v2,mlx-community/DeepSeek-R1-Distill-Qwen-14B-4bit,832.0,9723.0,0.0,0
2026-06-26T15:15:13.157,timeseries,3,Weather Report Extended v2,mlx-community/DeepSeek-R1-Distill-Qwen-14B-4bit,468.0,11093.0,0.0,0
2026-06-26T15:15:13.220,timeseries,3,Weather Report Extended v2,mlx-community/DeepSeek-R1-Distill-Qwen-14B-4bit,432.0,9643.0,0.0,0
2026-06-26T15:15:13.282,timeseries,3,Weather Report Extended v2,mlx-community/DeepSeek-R1-Distill-Qwen-14B-4bit,472.0,9808.0,0.0,0
2026-06-26T15:15:13.344,timeseries,3,Weather Report Extended v2,mlx-community/DeepSeek-R1-Distill-Qwen-14B-4bit,736.0,10980.0,0.0,0
2026-06-26T15:15:13.406,timeseries,3,Weather Report Extended v2,mlx-community/DeepSeek-R1-Distill-Qwen-14B-4bit,503.0,9806.0,0.0,0
2026-06-26T15:15:13.469,timeseries,3,Weather Report Extended v2,mlx-community/DeepSeek-R1-Distill-Qwen-14B-4bit,444.0,10917.0,0.0,0
2026-06-26T15:15:13.530,timeseries,3,Weather Report Extended v2,mlx-community/DeepSeek-R1-Distill-Qwen-14B-4bit,456.0,9795.0,0.0,0
2026-06-26T15:15:13.593,timeseries,3,Weather Report Extended v2,mlx-community/DeepSeek-R1-Distill-Qwen-14B-4bit,858.0,11001.0,0.0,0
2026-06-26T15:15:13.655,timeseries,3,Weather Report Extended v2,mlx-community/DeepSeek-R1-Distill-Qwen-14B-4bit,517.0,9747.0,0.0,0
2026-06-26T15:15:13.717,timeseries,3,Weather Report Extended v2,mlx-community/DeepSeek-R1-Distill-Qwen-14B-4bit,447.0,11021.0,0.0,0
2026-06-26T15:15:13.779,timeseries,3,Weather Report Extended v2,mlx-community/DeepSeek-R1-Distill-Qwen-14B-4bit,439.0,9772.0,0.0,0
2026-06-26T15:15:13.842,timeseries,3,Weather Report Extended v2,mlx-community/DeepSeek-R1-Distill-Qwen-14B-4bit,863.0,10954.0,0.0,0
2026-06-26T15:15:13.904,timeseries,3,Weather Report Extended v2,mlx-community/DeepSeek-R1-Distill-Qwen-14B-4bit,2119.0,9581.0,0.0,0
2026-06-26T15:15:13.967,timeseries,3,Weather Report Extended v2,mlx-community/DeepSeek-R1-Distill-Qwen-14B-4bit,368.0,11021.0,0.0,0
2026-06-26T15:15:14.029,timeseries,3,Weather Report Extended v2,mlx-community/DeepSeek-R1-Distill-Qwen-14B-4bit,450.0,9657.0,0.0,0
2026-06-26T15:15:14.092,timeseries,3,Weather Report Extended v2,mlx-community/DeepSeek-R1-Distill-Qwen-14B-4bit,927.0,11039.0,0.0,0
2026-06-26T15:15:14.154,timeseries,3,Weather Report Extended v2,mlx-community/DeepSeek-R1-Distill-Qwen-14B-4bit,560.0,9600.0,0.0,0
2026-06-26T15:15:14.217,timeseries,3,Weather Report Extended v2,mlx-community/DeepSeek-R1-Distill-Qwen-14B-4bit,464.0,9658.0,0.0,0
2026-06-26T15:15:14.279,timeseries,3,Weather Report Extended v2,mlx-community/DeepSeek-R1-Distill-Qwen-14B-4bit,435.0,11126.0,0.0,0
2026-06-26T15:15:14.341,timeseries,3,Weather Report Extended v2,mlx-community/DeepSeek-R1-Distill-Qwen-14B-4bit,732.0,9486.0,0.0,0
2026-06-26T15:15:14.404,timeseries,3,Weather Report Extended v2,mlx-community/DeepSeek-R1-Distill-Qwen-14B-4bit,531.0,11098.0,0.0,0
2026-06-26T15:15:14.466,timeseries,3,Weather Report Extended v2,mlx-community/DeepSeek-R1-Distill-Qwen-14B-4bit,454.0,9760.0,0.0,0
2026-06-26T15:15:14.530,timeseries,3,Weather Report Extended v2,mlx-community/DeepSeek-R1-Distill-Qwen-14B-4bit,444.0,10919.0,0.0,0
2026-06-26T15:15:14.591,timeseries,3,Weather Report Extended v2,mlx-community/DeepSeek-R1-Distill-Qwen-14B-4bit,898.0,11045.0,0.0,0
2026-06-26T15:15:14.653,timeseries,3,Weather Report Extended v2,mlx-community/DeepSeek-R1-Distill-Qwen-14B-4bit,552.0,9493.0,0.0,0
2026-06-26T15:15:14.716,timeseries,3,Weather Report Extended v2,mlx-community/DeepSeek-R1-Distill-Qwen-14B-4bit,441.0,9861.0,0.0,0
2026-06-26T15:15:14.778,timeseries,3,Weather Report Extended v2,mlx-community/DeepSeek-R1-Distill-Qwen-14B-4bit,432.0,11027.0,0.0,0
2026-06-26T15:15:14.841,timeseries,3,Weather Report Extended v2,mlx-community/DeepSeek-R1-Distill-Qwen-14B-4bit,433.0,9648.0,0.0,0
2026-06-26T15:15:14.903,timeseries,3,Weather Report Extended v2,mlx-community/DeepSeek-R1-Distill-Qwen-14B-4bit,463.0,10986.0,0.0,0
2026-06-26T15:15:14.966,timeseries,3,Weather Report Extended v2,mlx-community/DeepSeek-R1-Distill-Qwen-14B-4bit,528.0,9666.0,0.0,0
2026-06-26T15:15:15.028,timeseries,3,Weather Report Extended v2,mlx-community/DeepSeek-R1-Distill-Qwen-14B-4bit,453.0,11105.0,0.0,0
2026-06-26T15:15:15.089,timeseries,3,Weather Report Extended v2,mlx-community/DeepSeek-R1-Distill-Qwen-14B-4bit,1001.0,9565.0,0.0,0
2026-06-26T15:15:15.153,timeseries,3,Weather Report Extended v2,mlx-community/DeepSeek-R1-Distill-Qwen-14B-4bit,354.0,11140.0,0.0,0
2026-06-26T15:15:15.214,timeseries,3,Weather Report Extended v2,mlx-community/DeepSeek-R1-Distill-Qwen-14B-4bit,505.0,9853.0,0.0,0
2026-06-26T15:15:15.277,timeseries,3,Weather Report Extended v2,mlx-community/DeepSeek-R1-Distill-Qwen-14B-4bit,457.0,10853.0,0.0,0
2026-06-26T15:15:15.339,timeseries,3,Weather Report Extended v2,mlx-community/DeepSeek-R1-Distill-Qwen-14B-4bit,871.0,9839.0,0.0,0
2026-06-26T15:15:15.402,timeseries,3,Weather Report Extended v2,mlx-community/DeepSeek-R1-Distill-Qwen-14B-4bit,344.0,10775.0,0.0,0
2026-06-26T15:15:15.464,timeseries,3,Weather Report Extended v2,mlx-community/DeepSeek-R1-Distill-Qwen-14B-4bit,766.0,9775.0,0.0,0
2026-06-26T15:15:15.526,timeseries,3,Weather Report Extended v2,mlx-community/DeepSeek-R1-Distill-Qwen-14B-4bit,602.0,10876.0,0.0,0
2026-06-26T15:15:15.588,timeseries,3,Weather Report Extended v2,mlx-community/DeepSeek-R1-Distill-Qwen-14B-4bit,1073.0,9771.0,0.0,0
2026-06-26T15:15:15.650,timeseries,3,Weather Report Extended v2,mlx-community/DeepSeek-R1-Distill-Qwen-14B-4bit,338.0,11120.0,0.0,0
2026-06-26T15:15:15.713,timeseries,3,Weather Report Extended v2,mlx-community/DeepSeek-R1-Distill-Qwen-14B-4bit,530.0,9707.0,0.0,0
2026-06-26T15:15:15.774,timeseries,3,Weather Report Extended v2,mlx-community/DeepSeek-R1-Distill-Qwen-14B-4bit,433.0,11052.0,0.0,0
2026-06-26T15:15:15.837,timeseries,3,Weather Report Extended v2,mlx-community/DeepSeek-R1-Distill-Qwen-14B-4bit,447.0,9623.0,0.0,0
2026-06-26T15:15:15.900,timeseries,3,Weather Report Extended v2,mlx-community/DeepSeek-R1-Distill-Qwen-14B-4bit,308.0,9770.0,0.0,0
2026-06-26T15:15:15.963,timeseries,3,Weather Report Extended v2,mlx-community/DeepSeek-R1-Distill-Qwen-14B-4bit,672.0,11038.0,0.0,0
2026-06-26T15:15:16.023,timeseries,3,Weather Report Extended v2,mlx-community/DeepSeek-R1-Distill-Qwen-14B-4bit,429.0,10976.0,0.0,0
2026-06-26T15:15:16.086,timeseries,3,Weather Report Extended v2,mlx-community/DeepSeek-R1-Distill-Qwen-14B-4bit,1012.0,9721.0,0.0,0
2026-06-26T15:15:16.148,timeseries,3,Weather Report Extended v2,mlx-community/DeepSeek-R1-Distill-Qwen-14B-4bit,2935.0,9702.0,0.0,0
2026-06-26T15:15:16.210,timeseries,3,Weather Report Extended v2,mlx-community/DeepSeek-R1-Distill-Qwen-14B-4bit,641.0,10996.0,0.0,0
2026-06-26T15:15:16.272,timeseries,3,Weather Report Extended v2,mlx-community/DeepSeek-R1-Distill-Qwen-14B-4bit,354.0,9661.0,0.0,0
2026-06-26T15:15:16.335,timeseries,3,Weather Report Extended v2,mlx-community/DeepSeek-R1-Distill-Qwen-14B-4bit,337.0,10965.0,0.0,0
2026-06-26T15:15:16.398,timeseries,3,Weather Report Extended v2,mlx-community/DeepSeek-R1-Distill-Qwen-14B-4bit,293.0,9762.0,0.0,0
2026-06-26T15:15:16.460,timeseries,3,Weather Report Extended v2,mlx-community/DeepSeek-R1-Distill-Qwen-14B-4bit,206.0,10886.0,0.0,0
2026-06-26T15:15:16.522,timeseries,3,Weather Report Extended v2,mlx-community/DeepSeek-R1-Distill-Qwen-14B-4bit,191.0,9586.0,0.0,0
2026-06-26T15:15:16.586,timeseries,3,Weather Report Extended v2,mlx-community/DeepSeek-R1-Distill-Qwen-14B-4bit,417.0,10955.0,0.0,0
2026-06-26T15:15:16.648,timeseries,3,Weather Report Extended v2,mlx-community/DeepSeek-R1-Distill-Qwen-14B-4bit,212.0,9873.0,0.0,0
2026-06-26T15:15:16.712,timeseries,3,Weather Report Extended v2,mlx-community/DeepSeek-R1-Distill-Qwen-14B-4bit,249.0,10710.0,0.0,0
2026-06-26T15:15:16.776,timeseries,3,Weather Report Extended v2,mlx-community/DeepSeek-R1-Distill-Qwen-14B-4bit,240.0,9535.0,0.0,0
2026-06-26T15:15:16.839,timeseries,3,Weather Report Extended v2,mlx-community/DeepSeek-R1-Distill-Qwen-14B-4bit,315.0,10596.0,0.0,0
2026-06-26T15:15:16.902,timeseries,3,Weather Report Extended v2,mlx-community/DeepSeek-R1-Distill-Qwen-14B-4bit,219.0,10722.0,0.0,0
2026-06-26T15:15:16.966,timeseries,3,Weather Report Extended v2,mlx-community/DeepSeek-R1-Distill-Qwen-14B-4bit,173.0,9456.0,0.0,0
2026-06-26T15:15:17.028,timeseries,3,Weather Report Extended v2,mlx-community/DeepSeek-R1-Distill-Qwen-14B-4bit,238.0,10888.0,0.0,0
2026-06-26T15:15:17.092,timeseries,3,Weather Report Extended v2,mlx-community/DeepSeek-R1-Distill-Qwen-14B-4bit,408.0,9377.0,0.0,0
2026-06-26T15:15:17.154,timeseries,3,Weather Report Extended v2,mlx-community/DeepSeek-R1-Distill-Qwen-14B-4bit,209.0,11068.0,0.0,0
2026-06-26T15:15:17.217,timeseries,3,Weather Report Extended v2,mlx-community/DeepSeek-R1-Distill-Qwen-14B-4bit,188.0,10821.0,0.0,0
2026-06-26T15:15:17.279,timeseries,3,Weather Report Extended v2,mlx-community/DeepSeek-R1-Distill-Qwen-14B-4bit,225.0,9650.0,0.0,0
2026-06-26T15:15:17.342,timeseries,3,Weather Report Extended v2,mlx-community/DeepSeek-R1-Distill-Qwen-14B-4bit,286.0,9510.0,0.0,0
2026-06-26T15:15:17.405,timeseries,3,Weather Report Extended v2,mlx-community/DeepSeek-R1-Distill-Qwen-14B-4bit,245.0,11199.0,0.0,0
2026-06-26T15:15:17.469,timeseries,3,Weather Report Extended v2,mlx-community/DeepSeek-R1-Distill-Qwen-14B-4bit,188.0,10787.0,0.0,0
2026-06-26T15:15:17.531,timeseries,3,Weather Report Extended v2,mlx-community/DeepSeek-R1-Distill-Qwen-14B-4bit,210.0,9703.0,0.0,0
2026-06-26T15:15:17.593,timeseries,3,Weather Report Extended v2,mlx-community/DeepSeek-R1-Distill-Qwen-14B-4bit,419.0,10677.0,0.0,0
2026-06-26T15:15:17.656,timeseries,3,Weather Report Extended v2,mlx-community/DeepSeek-R1-Distill-Qwen-14B-4bit,212.0,9792.0,0.0,0
2026-06-26T15:15:17.718,timeseries,3,Weather Report Extended v2,mlx-community/DeepSeek-R1-Distill-Qwen-14B-4bit,190.0,10875.0,0.0,0
2026-06-26T15:15:17.781,timeseries,3,Weather Report Extended v2,mlx-community/DeepSeek-R1-Distill-Qwen-14B-4bit,227.0,9789.0,0.0,0
2026-06-26T15:15:17.843,timeseries,3,Weather Report Extended v2,mlx-community/DeepSeek-R1-Distill-Qwen-14B-4bit,205.0,10834.0,0.0,0
2026-06-26T15:15:17.905,timeseries,3,Weather Report Extended v2,mlx-community/DeepSeek-R1-Distill-Qwen-14B-4bit,192.0,9624.0,0.0,0
2026-06-26T15:15:17.970,timeseries,3,Weather Report Extended v2,mlx-community/DeepSeek-R1-Distill-Qwen-14B-4bit,176.0,11023.0,0.0,0
2026-06-26T15:15:18.031,timeseries,3,Weather Report Extended v2,mlx-community/DeepSeek-R1-Distill-Qwen-14B-4bit,177.0,9705.0,0.0,0
2026-06-26T15:15:18.093,timeseries,3,Weather Report Extended v2,mlx-community/DeepSeek-R1-Distill-Qwen-14B-4bit,526.0,10590.0,0.0,0
2026-06-26T15:15:18.156,timeseries,3,Weather Report Extended v2,mlx-community/DeepSeek-R1-Distill-Qwen-14B-4bit,229.0,9877.0,0.0,0
2026-06-26T15:15:18.219,timeseries,3,Weather Report Extended v2,mlx-community/DeepSeek-R1-Distill-Qwen-14B-4bit,177.0,11080.0,0.0,0
2026-06-26T15:15:18.280,timeseries,3,Weather Report Extended v2,mlx-community/DeepSeek-R1-Distill-Qwen-14B-4bit,192.0,9642.0,0.0,0
2026-06-26T15:15:18.342,timeseries,3,Weather Report Extended v2,mlx-community/DeepSeek-R1-Distill-Qwen-14B-4bit,397.0,10835.0,0.0,0
2026-06-26T15:15:18.405,timeseries,3,Weather Report Extended v2,mlx-community/DeepSeek-R1-Distill-Qwen-14B-4bit,229.0,9869.0,0.0,0
2026-06-26T15:15:18.469,timeseries,3,Weather Report Extended v2,mlx-community/DeepSeek-R1-Distill-Qwen-14B-4bit,192.0,11023.0,0.0,0
2026-06-26T15:15:18.531,timeseries,3,Weather Report Extended v2,mlx-community/DeepSeek-R1-Distill-Qwen-14B-4bit,222.0,9559.0,0.0,0
2026-06-26T15:15:18.593,timeseries,3,Weather Report Extended v2,mlx-community/DeepSeek-R1-Distill-Qwen-14B-4bit,395.0,10857.0,0.0,0
2026-06-26T15:15:18.657,timeseries,3,Weather Report Extended v2,mlx-community/DeepSeek-R1-Distill-Qwen-14B-4bit,212.0,9841.0,0.0,0
2026-06-26T15:15:18.721,timeseries,3,Weather Report Extended v2,mlx-community/DeepSeek-R1-Distill-Qwen-14B-4bit,175.0,10929.0,0.0,0
2026-06-26T15:15:18.784,timeseries,3,Weather Report Extended v2,mlx-community/DeepSeek-R1-Distill-Qwen-14B-4bit,252.0,10743.0,0.0,0
2026-06-26T15:15:18.847,timeseries,3,Weather Report Extended v2,mlx-community/DeepSeek-R1-Distill-Qwen-14B-4bit,649.0,9304.0,0.0,0
2026-06-26T15:15:18.910,timeseries,3,Weather Report Extended v2,mlx-community/DeepSeek-R1-Distill-Qwen-14B-4bit,270.0,10942.0,0.0,0
2026-06-26T15:15:18.974,timeseries,3,Weather Report Extended v2,mlx-community/DeepSeek-R1-Distill-Qwen-14B-4bit,224.0,9630.0,0.0,0
2026-06-26T15:15:19.036,timeseries,3,Weather Report Extended v2,mlx-community/DeepSeek-R1-Distill-Qwen-14B-4bit,190.0,10857.0,0.0,0
2026-06-26T15:15:19.099,timeseries,3,Weather Report Extended v2,mlx-community/DeepSeek-R1-Distill-Qwen-14B-4bit,393.0,9437.0,0.0,0
2026-06-26T15:15:19.162,timeseries,3,Weather Report Extended v2,mlx-community/DeepSeek-R1-Distill-Qwen-14B-4bit,289.0,11053.0,0.0,0
2026-06-26T15:15:19.225,timeseries,3,Weather Report Extended v2,mlx-community/DeepSeek-R1-Distill-Qwen-14B-4bit,191.0,9598.0,0.0,0
2026-06-26T15:15:19.287,timeseries,3,Weather Report Extended v2,mlx-community/DeepSeek-R1-Distill-Qwen-14B-4bit,175.0,10939.0,0.0,0
2026-06-26T15:15:19.350,timeseries,3,Weather Report Extended v2,mlx-community/DeepSeek-R1-Distill-Qwen-14B-4bit,333.0,9511.0,0.0,0
2026-06-26T15:15:19.413,timeseries,3,Weather Report Extended v2,mlx-community/DeepSeek-R1-Distill-Qwen-14B-4bit,241.0,11068.0,0.0,0
2026-06-26T15:15:19.476,timeseries,3,Weather Report Extended v2,mlx-community/DeepSeek-R1-Distill-Qwen-14B-4bit,191.0,10934.0,0.0,0
2026-06-26T15:15:19.538,timeseries,3,Weather Report Extended v2,mlx-community/DeepSeek-R1-Distill-Qwen-14B-4bit,191.0,9564.0,0.0,0
2026-06-26T15:15:19.601,timeseries,3,Weather Report Extended v2,mlx-community/DeepSeek-R1-Distill-Qwen-14B-4bit,415.0,10954.0,0.0,0
2026-06-26T15:15:19.663,timeseries,3,Weather Report Extended v2,mlx-community/DeepSeek-R1-Distill-Qwen-14B-4bit,209.0,9690.0,0.0,0
2026-06-26T15:15:19.726,timeseries,3,Weather Report Extended v2,mlx-community/DeepSeek-R1-Distill-Qwen-14B-4bit,191.0,10970.0,0.0,0
2026-06-26T15:15:19.788,timeseries,3,Weather Report Extended v2,mlx-community/DeepSeek-R1-Distill-Qwen-14B-4bit,208.0,9614.0,0.0,0
2026-06-26T15:15:19.851,timeseries,3,Weather Report Extended v2,mlx-community/DeepSeek-R1-Distill-Qwen-14B-4bit,191.0,10955.0,0.0,0
2026-06-26T15:15:19.913,timeseries,3,Weather Report Extended v2,mlx-community/DeepSeek-R1-Distill-Qwen-14B-4bit,193.0,9716.0,0.0,0
2026-06-26T15:15:19.975,timeseries,3,Weather Report Extended v2,mlx-community/DeepSeek-R1-Distill-Qwen-14B-4bit,190.0,10928.0,0.0,0
2026-06-26T15:15:20.038,timeseries,3,Weather Report Extended v2,mlx-community/DeepSeek-R1-Distill-Qwen-14B-4bit,211.0,9771.0,0.0,0
2026-06-26T15:15:20.100,timeseries,3,Weather Report Extended v2,mlx-community/DeepSeek-R1-Distill-Qwen-14B-4bit,335.0,11036.0,0.0,0
2026-06-26T15:15:20.163,timeseries,3,Weather Report Extended v2,mlx-community/DeepSeek-R1-Distill-Qwen-14B-4bit,240.0,9640.0,0.0,0
2026-06-26T15:15:20.226,timeseries,3,Weather Report Extended v2,mlx-community/DeepSeek-R1-Distill-Qwen-14B-4bit,193.0,11059.0,0.0,0
2026-06-26T15:15:20.289,timeseries,3,Weather Report Extended v2,mlx-community/DeepSeek-R1-Distill-Qwen-14B-4bit,173.0,9496.0,0.0,0
2026-06-26T15:15:20.351,timeseries,3,Weather Report Extended v2,mlx-community/DeepSeek-R1-Distill-Qwen-14B-4bit,318.0,10852.0,0.0,0
2026-06-26T15:15:20.413,timeseries,3,Weather Report Extended v2,mlx-community/DeepSeek-R1-Distill-Qwen-14B-4bit,271.0,9660.0,0.0,0
2026-06-26T15:15:20.477,timeseries,3,Weather Report Extended v2,mlx-community/DeepSeek-R1-Distill-Qwen-14B-4bit,209.0,11061.0,0.0,0
2026-06-26T15:15:20.539,timeseries,3,Weather Report Extended v2,mlx-community/DeepSeek-R1-Distill-Qwen-14B-4bit,177.0,9663.0,0.0,0
2026-06-26T15:15:20.603,timeseries,3,Weather Report Extended v2,mlx-community/DeepSeek-R1-Distill-Qwen-14B-4bit,347.0,10846.0,0.0,0
2026-06-26T15:15:20.665,timeseries,3,Weather Report Extended v2,mlx-community/DeepSeek-R1-Distill-Qwen-14B-4bit,258.0,9713.0,0.0,0
2026-06-26T15:15:20.728,timeseries,3,Weather Report Extended v2,mlx-community/DeepSeek-R1-Distill-Qwen-14B-4bit,282.0,10780.0,0.0,0
2026-06-26T15:15:20.791,timeseries,3,Weather Report Extended v2,mlx-community/DeepSeek-R1-Distill-Qwen-14B-4bit,179.0,9782.0,0.0,0
2026-06-26T15:15:20.853,timeseries,3,Weather Report Extended v2,mlx-community/DeepSeek-R1-Distill-Qwen-14B-4bit,189.0,10875.0,0.0,0
2026-06-26T15:15:20.916,timeseries,3,Weather Report Extended v2,mlx-community/DeepSeek-R1-Distill-Qwen-14B-4bit,238.0,9565.0,0.0,0
2026-06-26T15:15:20.979,timeseries,3,Weather Report Extended v2,mlx-community/DeepSeek-R1-Distill-Qwen-14B-4bit,207.0,10958.0,0.0,0
2026-06-26T15:15:21.042,timeseries,3,Weather Report Extended v2,mlx-community/DeepSeek-R1-Distill-Qwen-14B-4bit,208.0,10979.0,0.0,0
2026-06-26T15:15:21.105,timeseries,3,Weather Report Extended v2,mlx-community/DeepSeek-R1-Distill-Qwen-14B-4bit,331.0,9523.0,0.0,0
2026-06-26T15:15:21.167,timeseries,3,Weather Report Extended v2,mlx-community/DeepSeek-R1-Distill-Qwen-14B-4bit,192.0,11042.0,0.0,0
2026-06-26T15:15:21.229,timeseries,3,Weather Report Extended v2,mlx-community/DeepSeek-R1-Distill-Qwen-14B-4bit,794.0,9452.0,0.0,0
2026-06-26T15:15:21.291,timeseries,3,Weather Report Extended v2,mlx-community/DeepSeek-R1-Distill-Qwen-14B-4bit,1681.0,10965.0,0.0,0
2026-06-26T15:15:21.353,timeseries,3,Weather Report Extended v2,mlx-community/DeepSeek-R1-Distill-Qwen-14B-4bit,669.0,9817.0,0.0,0
2026-06-26T15:15:21.415,timeseries,3,Weather Report Extended v2,mlx-community/DeepSeek-R1-Distill-Qwen-14B-4bit,337.0,9727.0,0.0,0
2026-06-26T15:15:21.477,timeseries,3,Weather Report Extended v2,mlx-community/DeepSeek-R1-Distill-Qwen-14B-4bit,385.0,11083.0,0.0,0
2026-06-26T15:15:21.539,timeseries,3,Weather Report Extended v2,mlx-community/DeepSeek-R1-Distill-Qwen-14B-4bit,978.0,9817.0,0.0,0
2026-06-26T15:15:21.602,timeseries,3,Weather Report Extended v2,mlx-community/DeepSeek-R1-Distill-Qwen-14B-4bit,351.0,11060.0,0.0,0
2026-06-26T15:15:21.664,timeseries,3,Weather Report Extended v2,mlx-community/DeepSeek-R1-Distill-Qwen-14B-4bit,468.0,9759.0,0.0,0
2026-06-26T15:15:21.726,timeseries,3,Weather Report Extended v2,mlx-community/DeepSeek-R1-Distill-Qwen-14B-4bit,509.0,10985.0,0.0,0
2026-06-26T15:15:21.788,timeseries,3,Weather Report Extended v2,mlx-community/DeepSeek-R1-Distill-Qwen-14B-4bit,470.0,9749.0,0.0,0
2026-06-26T15:15:21.851,timeseries,3,Weather Report Extended v2,mlx-community/DeepSeek-R1-Distill-Qwen-14B-4bit,353.0,11089.0,0.0,0
2026-06-26T15:15:21.912,timeseries,3,Weather Report Extended v2,mlx-community/DeepSeek-R1-Distill-Qwen-14B-4bit,420.0,9812.0,0.0,0
2026-06-26T15:15:21.975,timeseries,3,Weather Report Extended v2,mlx-community/DeepSeek-R1-Distill-Qwen-14B-4bit,523.0,10931.0,0.0,0
2026-06-26T15:15:22.036,timeseries,3,Weather Report Extended v2,mlx-community/DeepSeek-R1-Distill-Qwen-14B-4bit,929.0,9793.0,0.0,0
2026-06-26T15:15:22.100,timeseries,3,Weather Report Extended v2,mlx-community/DeepSeek-R1-Distill-Qwen-14B-4bit,433.0,9792.0,0.0,0
2026-06-26T15:15:22.162,timeseries,3,Weather Report Extended v2,mlx-community/DeepSeek-R1-Distill-Qwen-14B-4bit,454.0,11214.0,0.0,0
2026-06-26T15:15:22.225,timeseries,3,Weather Report Extended v2,mlx-community/DeepSeek-R1-Distill-Qwen-14B-4bit,600.0,10904.0,0.0,0
2026-06-26T15:15:22.287,timeseries,3,Weather Report Extended v2,mlx-community/DeepSeek-R1-Distill-Qwen-14B-4bit,542.0,9636.0,0.0,0
2026-06-26T15:15:22.350,timeseries,3,Weather Report Extended v2,mlx-community/DeepSeek-R1-Distill-Qwen-14B-4bit,724.0,9700.0,0.0,0
2026-06-26T15:15:22.412,timeseries,3,Weather Report Extended v2,mlx-community/DeepSeek-R1-Distill-Qwen-14B-4bit,451.0,11151.0,0.0,0
2026-06-26T15:15:22.475,timeseries,3,Weather Report Extended v2,mlx-community/DeepSeek-R1-Distill-Qwen-14B-4bit,411.0,9589.0,0.0,0
2026-06-26T15:15:22.537,timeseries,3,Weather Report Extended v2,mlx-community/DeepSeek-R1-Distill-Qwen-14B-4bit,1039.0,11011.0,0.0,0
2026-06-26T15:15:22.600,timeseries,3,Weather Report Extended v2,mlx-community/DeepSeek-R1-Distill-Qwen-14B-4bit,386.0,9806.0,0.0,0
2026-06-26T15:15:22.662,timeseries,3,Weather Report Extended v2,mlx-community/DeepSeek-R1-Distill-Qwen-14B-4bit,465.0,11067.0,0.0,0
2026-06-26T15:15:22.724,timeseries,3,Weather Report Extended v2,mlx-community/DeepSeek-R1-Distill-Qwen-14B-4bit,429.0,9605.0,0.0,0
2026-06-26T15:15:22.787,timeseries,3,Weather Report Extended v2,mlx-community/DeepSeek-R1-Distill-Qwen-14B-4bit,530.0,11107.0,0.0,0
2026-06-26T15:15:22.849,timeseries,3,Weather Report Extended v2,mlx-community/DeepSeek-R1-Distill-Qwen-14B-4bit,353.0,9697.0,0.0,0
2026-06-26T15:15:22.912,timeseries,3,Weather Report Extended v2,mlx-community/DeepSeek-R1-Distill-Qwen-14B-4bit,463.0,11026.0,0.0,0
2026-06-26T15:15:22.974,timeseries,3,Weather Report Extended v2,mlx-community/DeepSeek-R1-Distill-Qwen-14B-4bit,417.0,9746.0,0.0,0
2026-06-26T15:15:23.037,timeseries,3,Weather Report Extended v2,mlx-community/DeepSeek-R1-Distill-Qwen-14B-4bit,973.0,10985.0,0.0,0
2026-06-26T15:15:23.100,timeseries,3,Weather Report Extended v2,mlx-community/DeepSeek-R1-Distill-Qwen-14B-4bit,449.0,9727.0,0.0,0
2026-06-26T15:15:23.163,timeseries,3,Weather Report Extended v2,mlx-community/DeepSeek-R1-Distill-Qwen-14B-4bit,448.0,11080.0,0.0,0
2026-06-26T15:15:23.225,timeseries,3,Weather Report Extended v2,mlx-community/DeepSeek-R1-Distill-Qwen-14B-4bit,425.0,10902.0,0.0,0
2026-06-26T15:15:23.287,timeseries,3,Weather Report Extended v2,mlx-community/DeepSeek-R1-Distill-Qwen-14B-4bit,686.0,9657.0,0.0,0
2026-06-26T15:15:23.350,timeseries,3,Weather Report Extended v2,mlx-community/DeepSeek-R1-Distill-Qwen-14B-4bit,870.0,9712.0,0.0,0
2026-06-26T15:15:23.412,timeseries,3,Weather Report Extended v2,mlx-community/DeepSeek-R1-Distill-Qwen-14B-4bit,322.0,11181.0,0.0,0
2026-06-26T15:15:23.474,timeseries,3,Weather Report Extended v2,mlx-community/DeepSeek-R1-Distill-Qwen-14B-4bit,444.0,10965.0,0.0,0
2026-06-26T15:15:23.537,timeseries,3,Weather Report Extended v2,mlx-community/DeepSeek-R1-Distill-Qwen-14B-4bit,996.0,9706.0,0.0,0
2026-06-26T15:15:23.600,timeseries,3,Weather Report Extended v2,mlx-community/DeepSeek-R1-Distill-Qwen-14B-4bit,515.0,9737.0,0.0,0
2026-06-26T15:15:23.662,timeseries,3,Weather Report Extended v2,mlx-community/DeepSeek-R1-Distill-Qwen-14B-4bit,367.0,11047.0,0.0,0
2026-06-26T15:15:23.724,timeseries,3,Weather Report Extended v2,mlx-community/DeepSeek-R1-Distill-Qwen-14B-4bit,446.0,11007.0,0.0,0
2026-06-26T15:15:23.786,timeseries,3,Weather Report Extended v2,mlx-community/DeepSeek-R1-Distill-Qwen-14B-4bit,495.0,9668.0,0.0,0
2026-06-26T15:15:23.848,timeseries,3,Weather Report Extended v2,mlx-community/DeepSeek-R1-Distill-Qwen-14B-4bit,455.0,9833.0,0.0,0
2026-06-26T15:15:23.911,timeseries,3,Weather Report Extended v2,mlx-community/DeepSeek-R1-Distill-Qwen-14B-4bit,2246.0,10942.0,0.0,0
2026-06-26T15:15:23.974,timeseries,3,Weather Report Extended v2,mlx-community/DeepSeek-R1-Distill-Qwen-14B-4bit,420.0,9771.0,0.0,0
2026-06-26T15:15:24.036,timeseries,3,Weather Report Extended v2,mlx-community/DeepSeek-R1-Distill-Qwen-14B-4bit,713.0,10922.0,0.0,0
2026-06-26T15:15:24.099,timeseries,3,Weather Report Extended v2,mlx-community/DeepSeek-R1-Distill-Qwen-14B-4bit,739.0,9739.0,0.0,0
2026-06-26T15:15:24.162,timeseries,3,Weather Report Extended v2,mlx-community/DeepSeek-R1-Distill-Qwen-14B-4bit,370.0,11146.0,0.0,0
2026-06-26T15:15:24.224,timeseries,3,Weather Report Extended v2,mlx-community/DeepSeek-R1-Distill-Qwen-14B-4bit,428.0,9582.0,0.0,0
2026-06-26T15:15:24.287,timeseries,3,Weather Report Extended v2,mlx-community/DeepSeek-R1-Distill-Qwen-14B-4bit,460.0,10988.0,0.0,0
2026-06-26T15:15:24.350,timeseries,3,Weather Report Extended v2,mlx-community/DeepSeek-R1-Distill-Qwen-14B-4bit,1087.0,9610.0,0.0,0
2026-06-26T15:15:24.413,timeseries,3,Weather Report Extended v2,mlx-community/DeepSeek-R1-Distill-Qwen-14B-4bit,333.0,10989.0,0.0,0
2026-06-26T15:15:24.475,timeseries,3,Weather Report Extended v2,mlx-community/DeepSeek-R1-Distill-Qwen-14B-4bit,432.0,11060.0,0.0,0
2026-06-26T15:15:24.537,timeseries,3,Weather Report Extended v2,mlx-community/DeepSeek-R1-Distill-Qwen-14B-4bit,943.0,9665.0,0.0,0
2026-06-26T15:15:24.598,timeseries,3,Weather Report Extended v2,mlx-community/DeepSeek-R1-Distill-Qwen-14B-4bit,559.0,9729.0,0.0,0
2026-06-26T15:15:24.661,timeseries,3,Weather Report Extended v2,mlx-community/DeepSeek-R1-Distill-Qwen-14B-4bit,340.0,11213.0,0.0,0
2026-06-26T15:15:24.723,timeseries,3,Weather Report Extended v2,mlx-community/DeepSeek-R1-Distill-Qwen-14B-4bit,441.0,9905.0,0.0,0
2026-06-26T15:15:24.785,timeseries,3,Weather Report Extended v2,mlx-community/DeepSeek-R1-Distill-Qwen-14B-4bit,447.0,11052.0,0.0,0
2026-06-26T15:15:24.847,timeseries,3,Weather Report Extended v2,mlx-community/DeepSeek-R1-Distill-Qwen-14B-4bit,498.0,9755.0,0.0,0
2026-06-26T15:15:24.911,timeseries,3,Weather Report Extended v2,mlx-community/DeepSeek-R1-Distill-Qwen-14B-4bit,336.0,11046.0,0.0,0
2026-06-26T15:15:24.972,timeseries,3,Weather Report Extended v2,mlx-community/DeepSeek-R1-Distill-Qwen-14B-4bit,419.0,9774.0,0.0,0
2026-06-26T15:15:25.035,timeseries,3,Weather Report Extended v2,mlx-community/DeepSeek-R1-Distill-Qwen-14B-4bit,792.0,10945.0,0.0,0
2026-06-26T15:15:25.097,timeseries,3,Weather Report Extended v2,mlx-community/DeepSeek-R1-Distill-Qwen-14B-4bit,766.0,9909.0,0.0,0
2026-06-26T15:15:25.161,timeseries,3,Weather Report Extended v2,mlx-community/DeepSeek-R1-Distill-Qwen-14B-4bit,463.0,11024.0,0.0,0
2026-06-26T15:15:25.223,timeseries,3,Weather Report Extended v2,mlx-community/DeepSeek-R1-Distill-Qwen-14B-4bit,322.0,9763.0,0.0,0
2026-06-26T15:15:25.286,timeseries,3,Weather Report Extended v2,mlx-community/DeepSeek-R1-Distill-Qwen-14B-4bit,480.0,10682.0,0.0,0
2026-06-26T15:15:25.347,timeseries,3,Weather Report Extended v2,mlx-community/DeepSeek-R1-Distill-Qwen-14B-4bit,1041.0,9825.0,0.0,0
2026-06-26T15:15:25.411,timeseries,3,Weather Report Extended v2,mlx-community/DeepSeek-R1-Distill-Qwen-14B-4bit,492.0,10992.0,0.0,0
2026-06-26T15:15:25.474,timeseries,3,Weather Report Extended v2,mlx-community/DeepSeek-R1-Distill-Qwen-14B-4bit,680.0,9800.0,0.0,0
2026-06-26T15:15:25.536,timeseries,3,Weather Report Extended v2,mlx-community/DeepSeek-R1-Distill-Qwen-14B-4bit,852.0,10881.0,0.0,0
2026-06-26T15:15:25.599,timeseries,3,Weather Report Extended v2,mlx-community/DeepSeek-R1-Distill-Qwen-14B-4bit,669.0,9698.0,0.0,0
2026-06-26T15:15:25.662,timeseries,3,Weather Report Extended v2,mlx-community/DeepSeek-R1-Distill-Qwen-14B-4bit,512.0,11082.0,0.0,0
2026-06-26T15:15:25.724,timeseries,3,Weather Report Extended v2,mlx-community/DeepSeek-R1-Distill-Qwen-14B-4bit,333.0,9631.0,0.0,0
2026-06-26T15:15:25.787,timeseries,3,Weather Report Extended v2,mlx-community/DeepSeek-R1-Distill-Qwen-14B-4bit,446.0,11016.0,0.0,0
2026-06-26T15:15:25.850,timeseries,3,Weather Report Extended v2,mlx-community/DeepSeek-R1-Distill-Qwen-14B-4bit,418.0,9754.0,0.0,0
2026-06-26T15:15:25.913,timeseries,3,Weather Report Extended v2,mlx-community/DeepSeek-R1-Distill-Qwen-14B-4bit,550.0,11137.0,0.0,0
2026-06-26T15:15:25.975,timeseries,3,Weather Report Extended v2,mlx-community/DeepSeek-R1-Distill-Qwen-14B-4bit,419.0,10682.0,0.0,0
2026-06-26T15:15:26.037,timeseries,3,Weather Report Extended v2,mlx-community/DeepSeek-R1-Distill-Qwen-14B-4bit,972.0,9612.0,0.0,0
2026-06-26T15:15:26.099,timeseries,3,Weather Report Extended v2,mlx-community/DeepSeek-R1-Distill-Qwen-14B-4bit,500.0,9862.0,0.0,0
2026-06-26T15:15:26.162,timeseries,3,Weather Report Extended v2,mlx-community/DeepSeek-R1-Distill-Qwen-14B-4bit,534.0,11219.0,0.0,0
2026-06-26T15:15:26.225,timeseries,3,Weather Report Extended v2,mlx-community/DeepSeek-R1-Distill-Qwen-14B-4bit,338.0,9749.0,0.0,0
2026-06-26T15:15:26.287,timeseries,3,Weather Report Extended v2,mlx-community/DeepSeek-R1-Distill-Qwen-14B-4bit,429.0,11025.0,0.0,0
2026-06-26T15:15:26.349,timeseries,3,Weather Report Extended v2,mlx-community/DeepSeek-R1-Distill-Qwen-14B-4bit,3687.0,9448.0,0.0,0
2026-06-26T15:15:26.411,timeseries,3,Weather Report Extended v2,mlx-community/DeepSeek-R1-Distill-Qwen-14B-4bit,665.0,11258.0,0.0,0
2026-06-26T15:15:26.474,timeseries,3,Weather Report Extended v2,mlx-community/DeepSeek-R1-Distill-Qwen-14B-4bit,271.0,9610.0,0.0,0
2026-06-26T15:15:26.537,timeseries,3,Weather Report Extended v2,mlx-community/DeepSeek-R1-Distill-Qwen-14B-4bit,260.0,11249.0,0.0,0
2026-06-26T15:15:26.599,timeseries,3,Weather Report Extended v2,mlx-community/DeepSeek-R1-Distill-Qwen-14B-4bit,426.0,9601.0,0.0,0
2026-06-26T15:15:26.660,timeseries,3,Weather Report Extended v2,mlx-community/DeepSeek-R1-Distill-Qwen-14B-4bit,224.0,11051.0,0.0,0
2026-06-26T15:15:26.722,timeseries,3,Weather Report Extended v2,mlx-community/DeepSeek-R1-Distill-Qwen-14B-4bit,163.0,9816.0,0.0,0
2026-06-26T15:15:26.786,timeseries,3,Weather Report Extended v2,mlx-community/DeepSeek-R1-Distill-Qwen-14B-4bit,194.0,11154.0,0.0,0
2026-06-26T15:15:26.847,timeseries,3,Weather Report Extended v2,mlx-community/DeepSeek-R1-Distill-Qwen-14B-4bit,192.0,9699.0,0.0,0
2026-06-26T15:15:26.911,timeseries,3,Weather Report Extended v2,mlx-community/DeepSeek-R1-Distill-Qwen-14B-4bit,206.0,10942.0,0.0,0
2026-06-26T15:15:26.975,timeseries,3,Weather Report Extended v2,mlx-community/DeepSeek-R1-Distill-Qwen-14B-4bit,178.0,9788.0,0.0,0
2026-06-26T15:15:27.037,timeseries,3,Weather Report Extended v2,mlx-community/DeepSeek-R1-Distill-Qwen-14B-4bit,220.0,10811.0,0.0,0
2026-06-26T15:15:27.100,timeseries,3,Weather Report Extended v2,mlx-community/DeepSeek-R1-Distill-Qwen-14B-4bit,359.0,10810.0,0.0,0
2026-06-26T15:15:27.163,timeseries,3,Weather Report Extended v2,mlx-community/DeepSeek-R1-Distill-Qwen-14B-4bit,225.0,9721.0,0.0,0
2026-06-26T15:15:27.225,timeseries,3,Weather Report Extended v2,mlx-community/DeepSeek-R1-Distill-Qwen-14B-4bit,177.0,11117.0,0.0,0
2026-06-26T15:15:27.287,timeseries,3,Weather Report Extended v2,mlx-community/DeepSeek-R1-Distill-Qwen-14B-4bit,221.0,9577.0,0.0,0
2026-06-26T15:15:27.350,timeseries,3,Weather Report Extended v2,mlx-community/DeepSeek-R1-Distill-Qwen-14B-4bit,367.0,9538.0,0.0,0
2026-06-26T15:15:27.413,timeseries,3,Weather Report Extended v2,mlx-community/DeepSeek-R1-Distill-Qwen-14B-4bit,228.0,11285.0,0.0,0
2026-06-26T15:15:27.476,timeseries,3,Weather Report Extended v2,mlx-community/DeepSeek-R1-Distill-Qwen-14B-4bit,238.0,10890.0,0.0,0
2026-06-26T15:15:27.538,timeseries,3,Weather Report Extended v2,mlx-community/DeepSeek-R1-Distill-Qwen-14B-4bit,223.0,9638.0,0.0,0
2026-06-26T15:15:27.600,timeseries,3,Weather Report Extended v2,mlx-community/DeepSeek-R1-Distill-Qwen-14B-4bit,379.0,10920.0,0.0,0
2026-06-26T15:15:27.664,timeseries,3,Weather Report Extended v2,mlx-community/DeepSeek-R1-Distill-Qwen-14B-4bit,228.0,9834.0,0.0,0
2026-06-26T15:15:27.726,timeseries,3,Weather Report Extended v2,mlx-community/DeepSeek-R1-Distill-Qwen-14B-4bit,192.0,11019.0,0.0,0
2026-06-26T15:15:27.789,timeseries,3,Weather Report Extended v2,mlx-community/DeepSeek-R1-Distill-Qwen-14B-4bit,187.0,9463.0,0.0,0
2026-06-26T15:15:27.852,timeseries,3,Weather Report Extended v2,mlx-community/DeepSeek-R1-Distill-Qwen-14B-4bit,208.0,11029.0,0.0,0
2026-06-26T15:15:27.915,timeseries,3,Weather Report Extended v2,mlx-community/DeepSeek-R1-Distill-Qwen-14B-4bit,192.0,9676.0,0.0,0
2026-06-26T15:15:27.979,timeseries,3,Weather Report Extended v2,mlx-community/DeepSeek-R1-Distill-Qwen-14B-4bit,192.0,11018.0,0.0,0
2026-06-26T15:15:28.041,timeseries,3,Weather Report Extended v2,mlx-community/DeepSeek-R1-Distill-Qwen-14B-4bit,235.0,10815.0,0.0,0
2026-06-26T15:15:28.104,timeseries,3,Weather Report Extended v2,mlx-community/DeepSeek-R1-Distill-Qwen-14B-4bit,439.0,9479.0,0.0,0
2026-06-26T15:15:28.168,timeseries,3,Weather Report Extended v2,mlx-community/DeepSeek-R1-Distill-Qwen-14B-4bit,209.0,11134.0,0.0,0
2026-06-26T15:15:28.230,timeseries,3,Weather Report Extended v2,mlx-community/DeepSeek-R1-Distill-Qwen-14B-4bit,191.0,9635.0,0.0,0
2026-06-26T15:15:28.292,timeseries,3,Weather Report Extended v2,mlx-community/DeepSeek-R1-Distill-Qwen-14B-4bit,188.0,10914.0,0.0,0
2026-06-26T15:15:28.353,timeseries,3,Weather Report Extended v2,mlx-community/DeepSeek-R1-Distill-Qwen-14B-4bit,449.0,9610.0,0.0,0
2026-06-26T15:15:28.417,timeseries,3,Weather Report Extended v2,mlx-community/DeepSeek-R1-Distill-Qwen-14B-4bit,196.0,9907.0,0.0,0
2026-06-26T15:15:28.480,timeseries,3,Weather Report Extended v2,mlx-community/DeepSeek-R1-Distill-Qwen-14B-4bit,228.0,11223.0,0.0,0
2026-06-26T15:15:28.542,timeseries,3,Weather Report Extended v2,mlx-community/DeepSeek-R1-Distill-Qwen-14B-4bit,219.0,10818.0,0.0,0
2026-06-26T15:15:28.605,timeseries,3,Weather Report Extended v2,mlx-community/DeepSeek-R1-Distill-Qwen-14B-4bit,364.0,9580.0,0.0,0
2026-06-26T15:15:28.668,timeseries,3,Weather Report Extended v2,mlx-community/DeepSeek-R1-Distill-Qwen-14B-4bit,193.0,11120.0,0.0,0
2026-06-26T15:15:28.731,timeseries,3,Weather Report Extended v2,mlx-community/DeepSeek-R1-Distill-Qwen-14B-4bit,206.0,9583.0,0.0,0
2026-06-26T15:15:28.792,timeseries,3,Weather Report Extended v2,mlx-community/DeepSeek-R1-Distill-Qwen-14B-4bit,158.0,10956.0,0.0,0
2026-06-26T15:15:28.854,timeseries,3,Weather Report Extended v2,mlx-community/DeepSeek-R1-Distill-Qwen-14B-4bit,664.0,9705.0,0.0,0
2026-06-26T15:15:28.917,timeseries,3,Weather Report Extended v2,mlx-community/DeepSeek-R1-Distill-Qwen-14B-4bit,307.0,9803.0,0.0,0
2026-06-26T15:15:28.980,timeseries,3,Weather Report Extended v2,mlx-community/DeepSeek-R1-Distill-Qwen-14B-4bit,259.0,11177.0,0.0,0
2026-06-26T15:15:29.043,timeseries,3,Weather Report Extended v2,mlx-community/DeepSeek-R1-Distill-Qwen-14B-4bit,221.0,10879.0,0.0,0
2026-06-26T15:15:29.105,timeseries,3,Weather Report Extended v2,mlx-community/DeepSeek-R1-Distill-Qwen-14B-4bit,395.0,9564.0,0.0,0
2026-06-26T15:15:29.168,timeseries,3,Weather Report Extended v2,mlx-community/DeepSeek-R1-Distill-Qwen-14B-4bit,223.0,11037.0,0.0,0
2026-06-26T15:15:29.230,timeseries,3,Weather Report Extended v2,mlx-community/DeepSeek-R1-Distill-Qwen-14B-4bit,228.0,9813.0,0.0,0
2026-06-26T15:15:29.292,timeseries,3,Weather Report Extended v2,mlx-community/DeepSeek-R1-Distill-Qwen-14B-4bit,173.0,10856.0,0.0,0
2026-06-26T15:15:29.354,timeseries,3,Weather Report Extended v2,mlx-community/DeepSeek-R1-Distill-Qwen-14B-4bit,678.0,9640.0,0.0,0
2026-06-26T15:15:29.417,timeseries,3,Weather Report Extended v2,mlx-community/DeepSeek-R1-Distill-Qwen-14B-4bit,293.0,9863.0,0.0,0
2026-06-26T15:15:29.480,timeseries,3,Weather Report Extended v2,mlx-community/DeepSeek-R1-Distill-Qwen-14B-4bit,210.0,11165.0,0.0,0
2026-06-26T15:15:29.541,timeseries,3,Weather Report Extended v2,mlx-community/DeepSeek-R1-Distill-Qwen-14B-4bit,237.0,10932.0,0.0,0
2026-06-26T15:15:29.604,timeseries,3,Weather Report Extended v2,mlx-community/DeepSeek-R1-Distill-Qwen-14B-4bit,497.0,9711.0,0.0,0
2026-06-26T15:15:29.667,timeseries,3,Weather Report Extended v2,mlx-community/DeepSeek-R1-Distill-Qwen-14B-4bit,211.0,9830.0,0.0,0
2026-06-26T15:15:29.730,timeseries,3,Weather Report Extended v2,mlx-community/DeepSeek-R1-Distill-Qwen-14B-4bit,207.0,10986.0,0.0,0
2026-06-26T15:15:29.792,timeseries,3,Weather Report Extended v2,mlx-community/DeepSeek-R1-Distill-Qwen-14B-4bit,158.0,10928.0,0.0,0
2026-06-26T15:15:29.855,timeseries,3,Weather Report Extended v2,mlx-community/DeepSeek-R1-Distill-Qwen-14B-4bit,208.0,9680.0,0.0,0
2026-06-26T15:15:29.918,timeseries,3,Weather Report Extended v2,mlx-community/DeepSeek-R1-Distill-Qwen-14B-4bit,208.0,11071.0,0.0,0
2026-06-26T15:15:29.980,timeseries,3,Weather Report Extended v2,mlx-community/DeepSeek-R1-Distill-Qwen-14B-4bit,176.0,9656.0,0.0,0
2026-06-26T15:15:30.043,timeseries,3,Weather Report Extended v2,mlx-community/DeepSeek-R1-Distill-Qwen-14B-4bit,206.0,10959.0,0.0,0
2026-06-26T15:15:30.106,timeseries,3,Weather Report Extended v2,mlx-community/DeepSeek-R1-Distill-Qwen-14B-4bit,402.0,9740.0,0.0,0
2026-06-26T15:15:30.167,timeseries,3,Weather Report Extended v2,mlx-community/DeepSeek-R1-Distill-Qwen-14B-4bit,207.0,11011.0,0.0,0
2026-06-26T15:15:30.233,timeseries,3,Weather Report Extended v2,mlx-community/DeepSeek-R1-Distill-Qwen-14B-4bit,226.0,9719.0,0.0,0
2026-06-26T15:15:30.294,timeseries,3,Weather Report Extended v2,mlx-community/DeepSeek-R1-Distill-Qwen-14B-4bit,161.0,11137.0,0.0,0
2026-06-26T15:15:30.358,timeseries,3,Weather Report Extended v2,mlx-community/DeepSeek-R1-Distill-Qwen-14B-4bit,582.0,9040.0,0.0,0
2026-06-26T15:15:30.421,timeseries,3,Weather Report Extended v2,mlx-community/DeepSeek-R1-Distill-Qwen-14B-4bit,275.0,11128.0,0.0,0
2026-06-26T15:15:30.484,timeseries,3,Weather Report Extended v2,mlx-community/DeepSeek-R1-Distill-Qwen-14B-4bit,438.0,10691.0,0.0,0
2026-06-26T15:15:30.546,timeseries,3,Weather Report Extended v2,mlx-community/DeepSeek-R1-Distill-Qwen-14B-4bit,225.0,9689.0,0.0,0
2026-06-26T15:15:30.610,timeseries,3,Weather Report Extended v2,mlx-community/DeepSeek-R1-Distill-Qwen-14B-4bit,476.0,10956.0,0.0,0
2026-06-26T15:15:30.673,timeseries,3,Weather Report Extended v2,mlx-community/DeepSeek-R1-Distill-Qwen-14B-4bit,242.0,9765.0,0.0,0
2026-06-26T15:15:30.736,timeseries,3,Weather Report Extended v2,mlx-community/DeepSeek-R1-Distill-Qwen-14B-4bit,234.0,10779.0,0.0,0
2026-06-26T15:15:30.801,timeseries,3,Weather Report Extended v2,mlx-community/DeepSeek-R1-Distill-Qwen-14B-4bit,238.0,9594.0,0.0,0
2026-06-26T15:15:30.863,timeseries,3,Weather Report Extended v2,mlx-community/DeepSeek-R1-Distill-Qwen-14B-4bit,251.0,10835.0,0.0,0
2026-06-26T15:15:30.929,timeseries,3,Weather Report Extended v2,mlx-community/DeepSeek-R1-Distill-Qwen-14B-4bit,1214.0,10694.0,0.0,0
2026-06-26T15:15:30.992,timeseries,3,Weather Report Extended v2,mlx-community/DeepSeek-R1-Distill-Qwen-14B-4bit,3376.0,9633.0,0.0,0
2026-06-26T15:15:31.054,timeseries,3,Weather Report Extended v2,mlx-community/DeepSeek-R1-Distill-Qwen-14B-4bit,444.0,10449.0,0.0,0
2026-06-26T15:15:31.117,timeseries,3,Weather Report Extended v2,mlx-community/DeepSeek-R1-Distill-Qwen-14B-4bit,397.0,9664.0,0.0,0
2026-06-26T15:15:31.180,timeseries,3,Weather Report Extended v2,mlx-community/DeepSeek-R1-Distill-Qwen-14B-4bit,225.0,11155.0,0.0,0
2026-06-26T15:15:31.245,timeseries,3,Weather Report Extended v2,mlx-community/DeepSeek-R1-Distill-Qwen-14B-4bit,221.0,10917.0,0.0,0
2026-06-26T15:15:31.308,timeseries,3,Weather Report Extended v2,mlx-community/DeepSeek-R1-Distill-Qwen-14B-4bit,190.0,9568.0,0.0,0
2026-06-26T15:15:31.370,timeseries,3,Weather Report Extended v2,mlx-community/DeepSeek-R1-Distill-Qwen-14B-4bit,397.0,10487.0,0.0,0
2026-06-26T15:15:31.434,timeseries,3,Weather Report Extended v2,mlx-community/DeepSeek-R1-Distill-Qwen-14B-4bit,868.0,9582.0,0.0,0
2026-06-26T15:15:31.496,timeseries,3,Weather Report Extended v2,mlx-community/DeepSeek-R1-Distill-Qwen-14B-4bit,1922.0,10989.0,0.0,0
2026-06-26T15:15:31.557,timeseries,3,Weather Report Extended v2,mlx-community/DeepSeek-R1-Distill-Qwen-14B-4bit,733.0,9608.0,0.0,0
2026-06-26T15:15:31.619,timeseries,3,Weather Report Extended v2,mlx-community/DeepSeek-R1-Distill-Qwen-14B-4bit,4820.0,11102.0,0.0,0
2026-06-26T15:15:31.681,timeseries,3,Weather Report Extended v2,mlx-community/DeepSeek-R1-Distill-Qwen-14B-4bit,4380.0,9672.0,0.0,0
2026-06-26T15:15:31.744,timeseries,3,Weather Report Extended v2,mlx-community/DeepSeek-R1-Distill-Qwen-14B-4bit,7313.0,11261.0,0.0,0
2026-06-26T15:15:31.805,timeseries,3,Weather Report Extended v2,mlx-community/DeepSeek-R1-Distill-Qwen-14B-4bit,7558.0,9756.0,0.0,0
2026-06-26T15:15:31.869,timeseries,3,Weather Report Extended v2,mlx-community/DeepSeek-R1-Distill-Qwen-14B-4bit,7096.0,11131.0,0.0,0
2026-06-26T15:15:31.932,timeseries,3,Weather Report Extended v2,mlx-community/DeepSeek-R1-Distill-Qwen-14B-4bit,3859.0,9966.0,0.0,0
2026-06-26T15:15:31.996,timeseries,3,Weather Report Extended v2,mlx-community/DeepSeek-R1-Distill-Qwen-14B-4bit,446.0,11078.0,0.0,0
2026-06-26T15:15:32.057,timeseries,3,Weather Report Extended v2,mlx-community/DeepSeek-R1-Distill-Qwen-14B-4bit,707.0,9526.0,0.0,0
2026-06-26T15:15:32.120,timeseries,3,Weather Report Extended v2,mlx-community/DeepSeek-R1-Distill-Qwen-14B-4bit,298.0,10983.0,0.0,0
2026-06-26T15:15:32.183,timeseries,3,Weather Report Extended v2,mlx-community/DeepSeek-R1-Distill-Qwen-14B-4bit,356.0,9860.0,0.0,0
2026-06-26T15:15:32.246,timeseries,3,Weather Report Extended v2,mlx-community/DeepSeek-R1-Distill-Qwen-14B-4bit,462.0,11061.0,0.0,0
2026-06-26T15:15:32.309,timeseries,3,Weather Report Extended v2,mlx-community/DeepSeek-R1-Distill-Qwen-14B-4bit,459.0,10975.0,0.0,0
2026-06-26T15:15:32.371,timeseries,3,Weather Report Extended v2,mlx-community/DeepSeek-R1-Distill-Qwen-14B-4bit,747.0,9667.0,0.0,0
2026-06-26T15:15:32.434,timeseries,3,Weather Report Extended v2,mlx-community/DeepSeek-R1-Distill-Qwen-14B-4bit,512.0,11121.0,0.0,0
2026-06-26T15:15:32.496,timeseries,3,Weather Report Extended v2,mlx-community/DeepSeek-R1-Distill-Qwen-14B-4bit,433.0,9761.0,0.0,0
2026-06-26T15:15:32.558,timeseries,3,Weather Report Extended v2,mlx-community/DeepSeek-R1-Distill-Qwen-14B-4bit,1013.0,11112.0,0.0,0
2026-06-26T15:15:32.621,timeseries,3,Weather Report Extended v2,mlx-community/DeepSeek-R1-Distill-Qwen-14B-4bit,350.0,9708.0,0.0,0
2026-06-26T15:15:32.683,timeseries,3,Weather Report Extended v2,mlx-community/DeepSeek-R1-Distill-Qwen-14B-4bit,677.0,11183.0,0.0,0
2026-06-26T15:15:32.746,timeseries,3,Weather Report Extended v2,mlx-community/DeepSeek-R1-Distill-Qwen-14B-4bit,463.0,9752.0,0.0,0
2026-06-26T15:15:32.807,timeseries,3,Weather Report Extended v2,mlx-community/DeepSeek-R1-Distill-Qwen-14B-4bit,432.0,11108.0,0.0,0
2026-06-26T15:15:32.869,timeseries,3,Weather Report Extended v2,mlx-community/DeepSeek-R1-Distill-Qwen-14B-4bit,354.0,9802.0,0.0,0
2026-06-26T15:15:32.931,timeseries,3,Weather Report Extended v2,mlx-community/DeepSeek-R1-Distill-Qwen-14B-4bit,488.0,9923.0,0.0,0
2026-06-26T15:15:32.993,timeseries,3,Weather Report Extended v2,mlx-community/DeepSeek-R1-Distill-Qwen-14B-4bit,434.0,11197.0,0.0,0
2026-06-26T15:15:33.055,timeseries,3,Weather Report Extended v2,mlx-community/DeepSeek-R1-Distill-Qwen-14B-4bit,1031.0,9902.0,0.0,0
2026-06-26T15:15:33.117,timeseries,3,Weather Report Extended v2,mlx-community/DeepSeek-R1-Distill-Qwen-14B-4bit,335.0,11159.0,0.0,0
2026-06-26T15:15:33.179,timeseries,3,Weather Report Extended v2,mlx-community/DeepSeek-R1-Distill-Qwen-14B-4bit,533.0,9844.0,0.0,0
2026-06-26T15:15:33.242,timeseries,3,Weather Report Extended v2,mlx-community/DeepSeek-R1-Distill-Qwen-14B-4bit,454.0,9844.0,0.0,0
2026-06-26T15:15:33.305,timeseries,3,Weather Report Extended v2,mlx-community/DeepSeek-R1-Distill-Qwen-14B-4bit,465.0,11096.0,0.0,0
2026-06-26T15:15:33.367,timeseries,3,Weather Report Extended v2,mlx-community/DeepSeek-R1-Distill-Qwen-14B-4bit,762.0,11040.0,0.0,0
2026-06-26T15:15:33.429,timeseries,3,Weather Report Extended v2,mlx-community/DeepSeek-R1-Distill-Qwen-14B-4bit,525.0,9680.0,0.0,0
2026-06-26T15:15:33.492,timeseries,3,Weather Report Extended v2,mlx-community/DeepSeek-R1-Distill-Qwen-14B-4bit,462.0,11046.0,0.0,0
2026-06-26T15:15:33.553,timeseries,3,Weather Report Extended v2,mlx-community/DeepSeek-R1-Distill-Qwen-14B-4bit,1021.0,9803.0,0.0,0
2026-06-26T15:15:33.617,timeseries,3,Weather Report Extended v2,mlx-community/DeepSeek-R1-Distill-Qwen-14B-4bit,352.0,9823.0,0.0,0
2026-06-26T15:15:33.679,timeseries,3,Weather Report Extended v2,mlx-community/DeepSeek-R1-Distill-Qwen-14B-4bit,452.0,11225.0,0.0,0
2026-06-26T15:15:33.741,timeseries,3,Weather Report Extended v2,mlx-community/DeepSeek-R1-Distill-Qwen-14B-4bit,662.0,10969.0,0.0,0
2026-06-26T15:15:33.804,timeseries,3,Weather Report Extended v2,mlx-community/DeepSeek-R1-Distill-Qwen-14B-4bit,450.0,9749.0,0.0,0
2026-06-26T15:15:33.865,timeseries,3,Weather Report Extended v2,mlx-community/DeepSeek-R1-Distill-Qwen-14B-4bit,308.0,9899.0,0.0,0
2026-06-26T15:15:33.927,timeseries,3,Weather Report Extended v2,mlx-community/DeepSeek-R1-Distill-Qwen-14B-4bit,1398.0,11053.0,0.0,0
2026-06-26T15:15:33.988,timeseries,3,Weather Report Extended v2,mlx-community/DeepSeek-R1-Distill-Qwen-14B-4bit,1543.0,9844.0,0.0,0
2026-06-26T15:15:34.051,timeseries,3,Weather Report Extended v2,mlx-community/DeepSeek-R1-Distill-Qwen-14B-4bit,834.0,11095.0,0.0,0
2026-06-26T15:15:34.113,timeseries,3,Weather Report Extended v2,mlx-community/DeepSeek-R1-Distill-Qwen-14B-4bit,309.0,9949.0,0.0,0
2026-06-26T15:15:34.176,timeseries,3,Weather Report Extended v2,mlx-community/DeepSeek-R1-Distill-Qwen-14B-4bit,446.0,11078.0,0.0,0
2026-06-26T15:15:34.237,timeseries,3,Weather Report Extended v2,mlx-community/DeepSeek-R1-Distill-Qwen-14B-4bit,500.0,9810.0,0.0,0
2026-06-26T15:15:34.300,timeseries,3,Weather Report Extended v2,mlx-community/DeepSeek-R1-Distill-Qwen-14B-4bit,463.0,11101.0,0.0,0
2026-06-26T15:15:34.363,timeseries,3,Weather Report Extended v2,mlx-community/DeepSeek-R1-Distill-Qwen-14B-4bit,796.0,9815.0,0.0,0
2026-06-26T15:15:34.425,timeseries,3,Weather Report Extended v2,mlx-community/DeepSeek-R1-Distill-Qwen-14B-4bit,445.0,11067.0,0.0,0
2026-06-26T15:15:34.488,timeseries,3,Weather Report Extended v2,mlx-community/DeepSeek-R1-Distill-Qwen-14B-4bit,495.0,9724.0,0.0,0
2026-06-26T15:15:34.550,timeseries,3,Weather Report Extended v2,mlx-community/DeepSeek-R1-Distill-Qwen-14B-4bit,1014.0,11158.0,0.0,0
2026-06-26T15:15:34.613,timeseries,3,Weather Report Extended v2,mlx-community/DeepSeek-R1-Distill-Qwen-14B-4bit,365.0,9740.0,0.0,0
2026-06-26T15:15:34.676,timeseries,3,Weather Report Extended v2,mlx-community/DeepSeek-R1-Distill-Qwen-14B-4bit,450.0,11178.0,0.0,0
2026-06-26T15:15:34.737,timeseries,3,Weather Report Extended v2,mlx-community/DeepSeek-R1-Distill-Qwen-14B-4bit,620.0,9677.0,0.0,0
2026-06-26T15:15:34.800,timeseries,3,Weather Report Extended v2,mlx-community/DeepSeek-R1-Distill-Qwen-14B-4bit,497.0,11140.0,0.0,0
2026-06-26T15:15:34.862,timeseries,3,Weather Report Extended v2,mlx-community/DeepSeek-R1-Distill-Qwen-14B-4bit,339.0,9818.0,0.0,0
2026-06-26T15:15:34.924,timeseries,3,Weather Report Extended v2,mlx-community/DeepSeek-R1-Distill-Qwen-14B-4bit,430.0,11096.0,0.0,0
2026-06-26T15:15:34.987,timeseries,3,Weather Report Extended v2,mlx-community/DeepSeek-R1-Distill-Qwen-14B-4bit,434.0,9801.0,0.0,0
2026-06-26T15:15:35.050,timeseries,3,Weather Report Extended v2,mlx-community/DeepSeek-R1-Distill-Qwen-14B-4bit,1068.0,9834.0,0.0,0
2026-06-26T15:15:35.113,timeseries,3,Weather Report Extended v2,mlx-community/DeepSeek-R1-Distill-Qwen-14B-4bit,367.0,11191.0,0.0,0
2026-06-26T15:15:35.175,timeseries,3,Weather Report Extended v2,mlx-community/DeepSeek-R1-Distill-Qwen-14B-4bit,458.0,10967.0,0.0,0
2026-06-26T15:15:35.237,timeseries,3,Weather Report Extended v2,mlx-community/DeepSeek-R1-Distill-Qwen-14B-4bit,433.0,9767.0,0.0,0
2026-06-26T15:15:35.299,timeseries,3,Weather Report Extended v2,mlx-community/DeepSeek-R1-Distill-Qwen-14B-4bit,517.0,9858.0,0.0,0
2026-06-26T15:15:35.362,timeseries,3,Weather Report Extended v2,mlx-community/DeepSeek-R1-Distill-Qwen-14B-4bit,770.0,11074.0,0.0,0
2026-06-26T15:15:35.426,timeseries,3,Weather Report Extended v2,mlx-community/DeepSeek-R1-Distill-Qwen-14B-4bit,547.0,11192.0,0.0,0
2026-06-26T15:15:35.488,timeseries,3,Weather Report Extended v2,mlx-community/DeepSeek-R1-Distill-Qwen-14B-4bit,804.0,9553.0,0.0,0
2026-06-26T15:15:35.553,timeseries,3,Weather Report Extended v2,mlx-community/DeepSeek-R1-Distill-Qwen-14B-4bit,1088.0,10960.0,0.0,0
2026-06-26T15:15:35.621,timeseries,3,Weather Report Extended v2,mlx-community/DeepSeek-R1-Distill-Qwen-14B-4bit,453.0,9895.0,0.0,0
2026-06-26T15:15:35.683,timeseries,3,Weather Report Extended v2,mlx-community/DeepSeek-R1-Distill-Qwen-14B-4bit,762.0,11720.0,0.0,0
2026-06-26T15:15:35.746,timeseries,3,Weather Report Extended v2,mlx-community/DeepSeek-R1-Distill-Qwen-14B-4bit,610.0,9041.0,0.0,0
2026-06-26T15:15:35.809,timeseries,3,Weather Report Extended v2,mlx-community/DeepSeek-R1-Distill-Qwen-14B-4bit,671.0,11098.0,0.0,0
2026-06-26T15:15:35.871,timeseries,3,Weather Report Extended v2,mlx-community/DeepSeek-R1-Distill-Qwen-14B-4bit,443.0,9600.0,0.0,0
2026-06-26T15:15:35.934,timeseries,3,Weather Report Extended v2,mlx-community/DeepSeek-R1-Distill-Qwen-14B-4bit,353.0,11179.0,0.0,0
2026-06-26T15:15:35.996,timeseries,3,Weather Report Extended v2,mlx-community/DeepSeek-R1-Distill-Qwen-14B-4bit,435.0,9817.0,0.0,0
2026-06-26T15:15:36.059,timeseries,3,Weather Report Extended v2,mlx-community/DeepSeek-R1-Distill-Qwen-14B-4bit,1019.0,11070.0,0.0,0
2026-06-26T15:15:36.121,timeseries,3,Weather Report Extended v2,mlx-community/DeepSeek-R1-Distill-Qwen-14B-4bit,477.0,9741.0,0.0,0
2026-06-26T15:15:36.184,timeseries,3,Weather Report Extended v2,mlx-community/DeepSeek-R1-Distill-Qwen-14B-4bit,350.0,11051.0,0.0,0
2026-06-26T15:15:36.248,timeseries,3,Weather Report Extended v2,mlx-community/DeepSeek-R1-Distill-Qwen-14B-4bit,439.0,9918.0,0.0,0
2026-06-26T15:15:36.311,timeseries,3,Weather Report Extended v2,mlx-community/DeepSeek-R1-Distill-Qwen-14B-4bit,503.0,10940.0,0.0,0
2026-06-26T15:15:36.374,timeseries,3,Weather Report Extended v2,mlx-community/DeepSeek-R1-Distill-Qwen-14B-4bit,880.0,9512.0,0.0,0
2026-06-26T15:15:36.437,timeseries,3,Weather Report Extended v2,mlx-community/DeepSeek-R1-Distill-Qwen-14B-4bit,348.0,10986.0,0.0,0
2026-06-26T15:15:36.501,timeseries,3,Weather Report Extended v2,mlx-community/DeepSeek-R1-Distill-Qwen-14B-4bit,966.0,9609.0,0.0,0
2026-06-26T15:15:36.562,timeseries,3,Weather Report Extended v2,mlx-community/DeepSeek-R1-Distill-Qwen-14B-4bit,3372.0,10978.0,0.0,0
2026-06-26T15:15:36.625,timeseries,3,Weather Report Extended v2,mlx-community/DeepSeek-R1-Distill-Qwen-14B-4bit,328.0,9549.0,0.0,0
2026-06-26T15:15:36.688,timeseries,3,Weather Report Extended v2,mlx-community/DeepSeek-R1-Distill-Qwen-14B-4bit,196.0,11416.0,0.0,0
2026-06-26T15:15:36.752,timeseries,3,Weather Report Extended v2,mlx-community/DeepSeek-R1-Distill-Qwen-14B-4bit,222.0,10997.0,0.0,0
2026-06-26T15:15:36.815,timeseries,3,Weather Report Extended v2,mlx-community/DeepSeek-R1-Distill-Qwen-14B-4bit,224.0,9732.0,0.0,0
2026-06-26T15:15:36.878,timeseries,3,Weather Report Extended v2,mlx-community/DeepSeek-R1-Distill-Qwen-14B-4bit,231.0,10704.0,0.0,0
2026-06-26T15:15:36.939,timeseries,3,Weather Report Extended v2,mlx-community/DeepSeek-R1-Distill-Qwen-14B-4bit,176.0,9754.0,0.0,0
2026-06-26T15:15:37.003,timeseries,3,Weather Report Extended v2,mlx-community/DeepSeek-R1-Distill-Qwen-14B-4bit,208.0,11135.0,0.0,0
2026-06-26T15:15:37.064,timeseries,3,Weather Report Extended v2,mlx-community/DeepSeek-R1-Distill-Qwen-14B-4bit,372.0,9808.0,0.0,0
2026-06-26T15:15:37.127,timeseries,3,Weather Report Extended v2,mlx-community/DeepSeek-R1-Distill-Qwen-14B-4bit,330.0,10975.0,0.0,0
2026-06-26T15:15:37.188,timeseries,3,Weather Report Extended v2,mlx-community/DeepSeek-R1-Distill-Qwen-14B-4bit,179.0,9863.0,0.0,0
2026-06-26T15:15:37.252,timeseries,3,Weather Report Extended v2,mlx-community/DeepSeek-R1-Distill-Qwen-14B-4bit,211.0,11277.0,0.0,0
2026-06-26T15:15:37.314,timeseries,3,Weather Report Extended v2,mlx-community/DeepSeek-R1-Distill-Qwen-14B-4bit,226.0,9804.0,0.0,0
2026-06-26T15:15:37.378,timeseries,3,Weather Report Extended v2,mlx-community/DeepSeek-R1-Distill-Qwen-14B-4bit,311.0,10753.0,0.0,0
2026-06-26T15:15:37.441,timeseries,3,Weather Report Extended v2,mlx-community/DeepSeek-R1-Distill-Qwen-14B-4bit,194.0,9865.0,0.0,0
2026-06-26T15:15:37.502,timeseries,3,Weather Report Extended v2,mlx-community/DeepSeek-R1-Distill-Qwen-14B-4bit,219.0,10913.0,0.0,0
2026-06-26T15:15:37.564,timeseries,3,Weather Report Extended v2,mlx-community/DeepSeek-R1-Distill-Qwen-14B-4bit,399.0,9652.0,0.0,0
2026-06-26T15:15:37.626,timeseries,3,Weather Report Extended v2,mlx-community/DeepSeek-R1-Distill-Qwen-14B-4bit,281.0,11550.0,0.0,0
2026-06-26T15:15:37.689,timeseries,3,Weather Report Extended v2,mlx-community/DeepSeek-R1-Distill-Qwen-14B-4bit,160.0,9789.0,0.0,0
2026-06-26T15:15:37.752,timeseries,3,Weather Report Extended v2,mlx-community/DeepSeek-R1-Distill-Qwen-14B-4bit,224.0,11148.0,0.0,0
2026-06-26T15:15:37.814,timeseries,3,Weather Report Extended v2,mlx-community/DeepSeek-R1-Distill-Qwen-14B-4bit,191.0,9728.0,0.0,0
2026-06-26T15:15:37.877,timeseries,3,Weather Report Extended v2,mlx-community/DeepSeek-R1-Distill-Qwen-14B-4bit,220.0,10959.0,0.0,0
2026-06-26T15:15:37.939,timeseries,3,Weather Report Extended v2,mlx-community/DeepSeek-R1-Distill-Qwen-14B-4bit,209.0,9810.0,0.0,0
2026-06-26T15:15:38.002,timeseries,3,Weather Report Extended v2,mlx-community/DeepSeek-R1-Distill-Qwen-14B-4bit,192.0,11128.0,0.0,0
2026-06-26T15:15:38.064,timeseries,3,Weather Report Extended v2,mlx-community/DeepSeek-R1-Distill-Qwen-14B-4bit,353.0,9713.0,0.0,0
2026-06-26T15:15:38.127,timeseries,3,Weather Report Extended v2,mlx-community/DeepSeek-R1-Distill-Qwen-14B-4bit,318.0,11093.0,0.0,0
2026-06-26T15:15:38.190,timeseries,3,Weather Report Extended v2,mlx-community/DeepSeek-R1-Distill-Qwen-14B-4bit,178.0,9905.0,0.0,0
2026-06-26T15:15:38.253,timeseries,3,Weather Report Extended v2,mlx-community/DeepSeek-R1-Distill-Qwen-14B-4bit,190.0,11016.0,0.0,0
2026-06-26T15:15:38.316,timeseries,3,Weather Report Extended v2,mlx-community/DeepSeek-R1-Distill-Qwen-14B-4bit,223.0,9686.0,0.0,0
2026-06-26T15:15:38.378,timeseries,3,Weather Report Extended v2,mlx-community/DeepSeek-R1-Distill-Qwen-14B-4bit,300.0,10938.0,0.0,0
2026-06-26T15:15:38.441,timeseries,3,Weather Report Extended v2,mlx-community/DeepSeek-R1-Distill-Qwen-14B-4bit,208.0,9756.0,0.0,0
2026-06-26T15:15:38.504,timeseries,3,Weather Report Extended v2,mlx-community/DeepSeek-R1-Distill-Qwen-14B-4bit,192.0,11167.0,0.0,0
2026-06-26T15:15:38.566,timeseries,3,Weather Report Extended v2,mlx-community/DeepSeek-R1-Distill-Qwen-14B-4bit,511.0,9618.0,0.0,0
2026-06-26T15:15:38.629,timeseries,3,Weather Report Extended v2,mlx-community/DeepSeek-R1-Distill-Qwen-14B-4bit,2467.0,10935.0,0.0,0
2026-06-26T15:15:38.689,timeseries,3,Weather Report Extended v2,mlx-community/DeepSeek-R1-Distill-Qwen-14B-4bit,404.0,9944.0,0.0,0
2026-06-26T15:15:38.752,timeseries,3,Weather Report Extended v2,mlx-community/DeepSeek-R1-Distill-Qwen-14B-4bit,385.0,11193.0,0.0,0
2026-06-26T15:15:38.814,timeseries,3,Weather Report Extended v2,mlx-community/DeepSeek-R1-Distill-Qwen-14B-4bit,311.0,10002.0,0.0,0
2026-06-26T15:15:38.876,timeseries,3,Weather Report Extended v2,mlx-community/DeepSeek-R1-Distill-Qwen-14B-4bit,1514.0,10997.0,0.0,0
2026-06-26T15:15:38.938,timeseries,3,Weather Report Extended v2,mlx-community/DeepSeek-R1-Distill-Qwen-14B-4bit,550.0,9904.0,0.0,0
2026-06-26T15:15:39.001,timeseries,3,Weather Report Extended v2,mlx-community/DeepSeek-R1-Distill-Qwen-14B-4bit,466.0,11221.0,0.0,0
2026-06-26T15:15:39.064,timeseries,3,Weather Report Extended v2,mlx-community/DeepSeek-R1-Distill-Qwen-14B-4bit,1048.0,9815.0,0.0,0
2026-06-26T15:15:39.126,timeseries,3,Weather Report Extended v2,mlx-community/DeepSeek-R1-Distill-Qwen-14B-4bit,462.0,11108.0,0.0,0
2026-06-26T15:15:39.188,timeseries,3,Weather Report Extended v2,mlx-community/DeepSeek-R1-Distill-Qwen-14B-4bit,413.0,9694.0,0.0,0
2026-06-26T15:15:39.253,timeseries,3,Weather Report Extended v2,mlx-community/DeepSeek-R1-Distill-Qwen-14B-4bit,450.0,11202.0,0.0,0
2026-06-26T15:15:39.314,timeseries,3,Weather Report Extended v2,mlx-community/DeepSeek-R1-Distill-Qwen-14B-4bit,708.0,9829.0,0.0,0
2026-06-26T15:15:39.376,timeseries,3,Weather Report Extended v2,mlx-community/DeepSeek-R1-Distill-Qwen-14B-4bit,609.0,10837.0,0.0,0
2026-06-26T15:15:39.438,timeseries,3,Weather Report Extended v2,mlx-community/DeepSeek-R1-Distill-Qwen-14B-4bit,326.0,9948.0,0.0,0
2026-06-26T15:15:39.500,timeseries,3,Weather Report Extended v2,mlx-community/DeepSeek-R1-Distill-Qwen-14B-4bit,512.0,11140.0,0.0,0
2026-06-26T15:15:39.563,timeseries,3,Weather Report Extended v2,mlx-community/DeepSeek-R1-Distill-Qwen-14B-4bit,981.0,9791.0,0.0,0
2026-06-26T15:15:39.626,timeseries,3,Weather Report Extended v2,mlx-community/DeepSeek-R1-Distill-Qwen-14B-4bit,465.0,11265.0,0.0,0
2026-06-26T15:15:39.688,timeseries,3,Weather Report Extended v2,mlx-community/DeepSeek-R1-Distill-Qwen-14B-4bit,337.0,9820.0,0.0,0
2026-06-26T15:15:39.751,timeseries,3,Weather Report Extended v2,mlx-community/DeepSeek-R1-Distill-Qwen-14B-4bit,566.0,10944.0,0.0,0
2026-06-26T15:15:39.813,timeseries,3,Weather Report Extended v2,mlx-community/DeepSeek-R1-Distill-Qwen-14B-4bit,437.0,9862.0,0.0,0
2026-06-26T15:15:39.876,timeseries,3,Weather Report Extended v2,mlx-community/DeepSeek-R1-Distill-Qwen-14B-4bit,448.0,11147.0,0.0,0
2026-06-26T15:15:39.938,timeseries,3,Weather Report Extended v2,mlx-community/DeepSeek-R1-Distill-Qwen-14B-4bit,353.0,9799.0,0.0,0
2026-06-26T15:15:40.001,timeseries,3,Weather Report Extended v2,mlx-community/DeepSeek-R1-Distill-Qwen-14B-4bit,670.0,11135.0,0.0,0
2026-06-26T15:15:40.064,timeseries,3,Weather Report Extended v2,mlx-community/DeepSeek-R1-Distill-Qwen-14B-4bit,1000.0,9824.0,0.0,0
2026-06-26T15:15:40.125,timeseries,3,Weather Report Extended v2,mlx-community/DeepSeek-R1-Distill-Qwen-14B-4bit,476.0,11124.0,0.0,0
2026-06-26T15:15:40.188,timeseries,3,Weather Report Extended v2,mlx-community/DeepSeek-R1-Distill-Qwen-14B-4bit,332.0,9657.0,0.0,0
2026-06-26T15:15:40.252,timeseries,3,Weather Report Extended v2,mlx-community/DeepSeek-R1-Distill-Qwen-14B-4bit,486.0,11301.0,0.0,0
2026-06-26T15:15:40.315,timeseries,3,Weather Report Extended v2,mlx-community/DeepSeek-R1-Distill-Qwen-14B-4bit,719.0,9750.0,0.0,0
2026-06-26T15:15:40.379,timeseries,3,Weather Report Extended v2,mlx-community/DeepSeek-R1-Distill-Qwen-14B-4bit,604.0,10783.0,0.0,0
2026-06-26T15:15:40.441,timeseries,3,Weather Report Extended v2,mlx-community/DeepSeek-R1-Distill-Qwen-14B-4bit,321.0,9800.0,0.0,0
2026-06-26T15:15:40.503,timeseries,3,Weather Report Extended v2,mlx-community/DeepSeek-R1-Distill-Qwen-14B-4bit,516.0,10934.0,0.0,0
2026-06-26T15:15:40.566,timeseries,3,Weather Report Extended v2,mlx-community/DeepSeek-R1-Distill-Qwen-14B-4bit,969.0,9839.0,0.0,0
2026-06-26T15:15:40.629,timeseries,3,Weather Report Extended v2,mlx-community/DeepSeek-R1-Distill-Qwen-14B-4bit,477.0,11166.0,0.0,0
2026-06-26T15:15:40.691,timeseries,3,Weather Report Extended v2,mlx-community/DeepSeek-R1-Distill-Qwen-14B-4bit,352.0,11116.0,0.0,0
2026-06-26T15:15:40.754,timeseries,3,Weather Report Extended v2,mlx-community/DeepSeek-R1-Distill-Qwen-14B-4bit,538.0,9660.0,0.0,0
2026-06-26T15:15:40.817,timeseries,3,Weather Report Extended v2,mlx-community/DeepSeek-R1-Distill-Qwen-14B-4bit,436.0,9876.0,0.0,0
2026-06-26T15:15:40.880,timeseries,3,Weather Report Extended v2,mlx-community/DeepSeek-R1-Distill-Qwen-14B-4bit,431.0,11140.0,0.0,0
2026-06-26T15:15:40.942,timeseries,3,Weather Report Extended v2,mlx-community/DeepSeek-R1-Distill-Qwen-14B-4bit,379.0,10987.0,0.0,0
2026-06-26T15:15:41.004,timeseries,3,Weather Report Extended v2,mlx-community/DeepSeek-R1-Distill-Qwen-14B-4bit,576.0,9759.0,0.0,0
2026-06-26T15:15:41.066,timeseries,3,Weather Report Extended v2,mlx-community/DeepSeek-R1-Distill-Qwen-14B-4bit,1057.0,9740.0,0.0,0
2026-06-26T15:15:41.129,timeseries,3,Weather Report Extended v2,mlx-community/DeepSeek-R1-Distill-Qwen-14B-4bit,476.0,11509.0,0.0,0
2026-06-26T15:15:41.192,timeseries,3,Weather Report Extended v2,mlx-community/DeepSeek-R1-Distill-Qwen-14B-4bit,380.0,11006.0,0.0,0
2026-06-26T15:15:41.255,timeseries,3,Weather Report Extended v2,mlx-community/DeepSeek-R1-Distill-Qwen-14B-4bit,413.0,9703.0,0.0,0
2026-06-26T15:15:41.318,timeseries,3,Weather Report Extended v2,mlx-community/DeepSeek-R1-Distill-Qwen-14B-4bit,880.0,11134.0,0.0,0
2026-06-26T15:15:41.381,timeseries,3,Weather Report Extended v2,mlx-community/DeepSeek-R1-Distill-Qwen-14B-4bit,486.0,9599.0,0.0,0
2026-06-26T15:15:41.444,timeseries,3,Weather Report Extended v2,mlx-community/DeepSeek-R1-Distill-Qwen-14B-4bit,428.0,11026.0,0.0,0
2026-06-26T15:15:41.506,timeseries,3,Weather Report Extended v2,mlx-community/DeepSeek-R1-Distill-Qwen-14B-4bit,335.0,9736.0,0.0,0
2026-06-26T15:15:41.569,timeseries,3,Weather Report Extended v2,mlx-community/DeepSeek-R1-Distill-Qwen-14B-4bit,1515.0,11068.0,0.0,0
2026-06-26T15:15:41.632,timeseries,3,Weather Report Extended v2,mlx-community/DeepSeek-R1-Distill-Qwen-14B-4bit,2846.0,9846.0,0.0,0
2026-06-26T15:15:41.694,timeseries,3,Weather Report Extended v2,mlx-community/DeepSeek-R1-Distill-Qwen-14B-4bit,300.0,10979.0,0.0,0
2026-06-26T15:15:41.756,timeseries,3,Weather Report Extended v2,mlx-community/DeepSeek-R1-Distill-Qwen-14B-4bit,319.0,9717.0,0.0,0
2026-06-26T15:15:41.819,timeseries,3,Weather Report Extended v2,mlx-community/DeepSeek-R1-Distill-Qwen-14B-4bit,240.0,11100.0,0.0,0
2026-06-26T15:15:41.884,timeseries,3,Weather Report Extended v2,mlx-community/DeepSeek-R1-Distill-Qwen-14B-4bit,209.0,9771.0,0.0,0
2026-06-26T15:15:41.946,timeseries,3,Weather Report Extended v2,mlx-community/DeepSeek-R1-Distill-Qwen-14B-4bit,175.0,11087.0,0.0,0
2026-06-26T15:15:42.008,timeseries,3,Weather Report Extended v2,mlx-community/DeepSeek-R1-Distill-Qwen-14B-4bit,232.0,10753.0,0.0,0
2026-06-26T15:15:42.071,timeseries,3,Weather Report Extended v2,mlx-community/DeepSeek-R1-Distill-Qwen-14B-4bit,487.0,9844.0,0.0,0
2026-06-26T15:15:42.135,timeseries,3,Weather Report Extended v2,mlx-community/DeepSeek-R1-Distill-Qwen-14B-4bit,272.0,11217.0,0.0,0
2026-06-26T15:15:42.197,timeseries,3,Weather Report Extended v2,mlx-community/DeepSeek-R1-Distill-Qwen-14B-4bit,223.0,9733.0,0.0,0
2026-06-26T15:15:42.260,timeseries,3,Weather Report Extended v2,mlx-community/DeepSeek-R1-Distill-Qwen-14B-4bit,187.0,10847.0,0.0,0
2026-06-26T15:15:42.322,timeseries,3,Weather Report Extended v2,mlx-community/DeepSeek-R1-Distill-Qwen-14B-4bit,226.0,9831.0,0.0,0
2026-06-26T15:15:42.386,timeseries,3,Weather Report Extended v2,mlx-community/DeepSeek-R1-Distill-Qwen-14B-4bit,315.0,10942.0,0.0,0
2026-06-26T15:15:42.450,timeseries,3,Weather Report Extended v2,mlx-community/DeepSeek-R1-Distill-Qwen-14B-4bit,177.0,9807.0,0.0,0
2026-06-26T15:15:42.510,timeseries,3,Weather Report Extended v2,mlx-community/DeepSeek-R1-Distill-Qwen-14B-4bit,203.0,10884.0,0.0,0
2026-06-26T15:15:42.572,timeseries,3,Weather Report Extended v2,mlx-community/DeepSeek-R1-Distill-Qwen-14B-4bit,380.0,9614.0,0.0,0
2026-06-26T15:15:42.636,timeseries,3,Weather Report Extended v2,mlx-community/DeepSeek-R1-Distill-Qwen-14B-4bit,279.0,11486.0,0.0,0
2026-06-26T15:15:42.700,timeseries,3,Weather Report Extended v2,mlx-community/DeepSeek-R1-Distill-Qwen-14B-4bit,178.0,9862.0,0.0,0
2026-06-26T15:15:42.763,timeseries,3,Weather Report Extended v2,mlx-community/DeepSeek-R1-Distill-Qwen-14B-4bit,203.0,10882.0,0.0,0
2026-06-26T15:15:42.826,timeseries,3,Weather Report Extended v2,mlx-community/DeepSeek-R1-Distill-Qwen-14B-4bit,221.0,10945.0,0.0,0
2026-06-26T15:15:42.889,timeseries,3,Weather Report Extended v2,mlx-community/DeepSeek-R1-Distill-Qwen-14B-4bit,221.0,9621.0,0.0,0
2026-06-26T15:15:42.952,timeseries,3,Weather Report Extended v2,mlx-community/DeepSeek-R1-Distill-Qwen-14B-4bit,191.0,11106.0,0.0,0
2026-06-26T15:15:43.013,timeseries,3,Weather Report Extended v2,mlx-community/DeepSeek-R1-Distill-Qwen-14B-4bit,174.0,9721.0,0.0,0
2026-06-26T15:15:43.075,timeseries,3,Weather Report Extended v2,mlx-community/DeepSeek-R1-Distill-Qwen-14B-4bit,427.0,10951.0,0.0,0
2026-06-26T15:15:43.139,timeseries,3,Weather Report Extended v2,mlx-community/DeepSeek-R1-Distill-Qwen-14B-4bit,343.0,9996.0,0.0,0
2026-06-26T15:15:43.202,timeseries,3,Weather Report Extended v2,mlx-community/DeepSeek-R1-Distill-Qwen-14B-4bit,209.0,11215.0,0.0,0
2026-06-26T15:15:43.265,timeseries,3,Weather Report Extended v2,mlx-community/DeepSeek-R1-Distill-Qwen-14B-4bit,189.0,9624.0,0.0,0
2026-06-26T15:15:43.327,timeseries,3,Weather Report Extended v2,mlx-community/DeepSeek-R1-Distill-Qwen-14B-4bit,224.0,11118.0,0.0,0
2026-06-26T15:15:43.389,timeseries,3,Weather Report Extended v2,mlx-community/DeepSeek-R1-Distill-Qwen-14B-4bit,316.0,9632.0,0.0,0
2026-06-26T15:15:43.453,timeseries,3,Weather Report Extended v2,mlx-community/DeepSeek-R1-Distill-Qwen-14B-4bit,224.0,11104.0,0.0,0
2026-06-26T15:15:43.514,timeseries,3,Weather Report Extended v2,mlx-community/DeepSeek-R1-Distill-Qwen-14B-4bit,176.0,9781.0,0.0,0
2026-06-26T15:15:43.577,timeseries,3,Weather Report Extended v2,mlx-community/DeepSeek-R1-Distill-Qwen-14B-4bit,378.0,10873.0,0.0,0
2026-06-26T15:15:43.641,timeseries,3,Weather Report Extended v2,mlx-community/DeepSeek-R1-Distill-Qwen-14B-4bit,228.0,9963.0,0.0,0
2026-06-26T15:15:43.703,timeseries,3,Weather Report Extended v2,mlx-community/DeepSeek-R1-Distill-Qwen-14B-4bit,191.0,11089.0,0.0,0
2026-06-26T15:15:43.767,timeseries,3,Weather Report Extended v2,mlx-community/DeepSeek-R1-Distill-Qwen-14B-4bit,189.0,9641.0,0.0,0
2026-06-26T15:15:43.829,timeseries,3,Weather Report Extended v2,mlx-community/DeepSeek-R1-Distill-Qwen-14B-4bit,192.0,11188.0,0.0,0
2026-06-26T15:15:43.896,timeseries,3,Weather Report Extended v2,mlx-community/DeepSeek-R1-Distill-Qwen-14B-4bit,220.0,10908.0,0.0,0
2026-06-26T15:15:43.958,timeseries,3,Weather Report Extended v2,mlx-community/DeepSeek-R1-Distill-Qwen-14B-4bit,238.0,9617.0,0.0,0
2026-06-26T15:15:44.020,timeseries,3,Weather Report Extended v2,mlx-community/DeepSeek-R1-Distill-Qwen-14B-4bit,1165.0,10409.0,0.0,0
2026-06-26T15:15:44.083,timeseries,3,Weather Report Extended v2,mlx-community/DeepSeek-R1-Distill-Qwen-14B-4bit,740.0,9815.0,0.0,0
2026-06-26T15:15:44.145,timeseries,3,Weather Report Extended v2,mlx-community/DeepSeek-R1-Distill-Qwen-14B-4bit,420.0,11316.0,0.0,0
2026-06-26T15:15:44.208,timeseries,3,Weather Report Extended v2,mlx-community/DeepSeek-R1-Distill-Qwen-14B-4bit,329.0,9543.0,0.0,0
2026-06-26T15:15:44.271,timeseries,3,Weather Report Extended v2,mlx-community/DeepSeek-R1-Distill-Qwen-14B-4bit,194.0,11302.0,0.0,0
2026-06-26T15:15:44.333,timeseries,3,Weather Report Extended v2,mlx-community/DeepSeek-R1-Distill-Qwen-14B-4bit,301.0,10995.0,0.0,0
2026-06-26T15:15:44.397,timeseries,3,Weather Report Extended v2,mlx-community/DeepSeek-R1-Distill-Qwen-14B-4bit,288.0,9769.0,0.0,0
2026-06-26T15:15:44.459,timeseries,3,Weather Report Extended v2,mlx-community/DeepSeek-R1-Distill-Qwen-14B-4bit,192.0,11139.0,0.0,0
2026-06-26T15:15:44.521,timeseries,3,Weather Report Extended v2,mlx-community/DeepSeek-R1-Distill-Qwen-14B-4bit,190.0,9690.0,0.0,0
2026-06-26T15:15:44.584,timeseries,3,Weather Report Extended v2,mlx-community/DeepSeek-R1-Distill-Qwen-14B-4bit,367.0,11069.0,0.0,0
2026-06-26T15:15:44.647,timeseries,3,Weather Report Extended v2,mlx-community/DeepSeek-R1-Distill-Qwen-14B-4bit,211.0,9970.0,0.0,0
2026-06-26T15:15:44.710,timeseries,3,Weather Report Extended v2,mlx-community/DeepSeek-R1-Distill-Qwen-14B-4bit,206.0,11006.0,0.0,0
2026-06-26T15:15:44.771,timeseries,3,Weather Report Extended v2,mlx-community/DeepSeek-R1-Distill-Qwen-14B-4bit,176.0,9761.0,0.0,0
2026-06-26T15:15:44.834,timeseries,3,Weather Report Extended v2,mlx-community/DeepSeek-R1-Distill-Qwen-14B-4bit,192.0,11144.0,0.0,0
2026-06-26T15:15:44.897,timeseries,3,Weather Report Extended v2,mlx-community/DeepSeek-R1-Distill-Qwen-14B-4bit,211.0,9888.0,0.0,0
2026-06-26T15:15:44.959,timeseries,3,Weather Report Extended v2,mlx-community/DeepSeek-R1-Distill-Qwen-14B-4bit,223.0,11064.0,0.0,0
2026-06-26T15:15:45.020,timeseries,3,Weather Report Extended v2,mlx-community/DeepSeek-R1-Distill-Qwen-14B-4bit,209.0,9798.0,0.0,0
2026-06-26T15:15:45.084,timeseries,3,Weather Report Extended v2,mlx-community/DeepSeek-R1-Distill-Qwen-14B-4bit,354.0,9787.0,0.0,0
2026-06-26T15:15:45.148,timeseries,3,Weather Report Extended v2,mlx-community/DeepSeek-R1-Distill-Qwen-14B-4bit,225.0,11240.0,0.0,0
2026-06-26T15:15:45.210,timeseries,3,Weather Report Extended v2,mlx-community/DeepSeek-R1-Distill-Qwen-14B-4bit,236.0,10930.0,0.0,0
2026-06-26T15:15:45.272,timeseries,3,Weather Report Extended v2,mlx-community/DeepSeek-R1-Distill-Qwen-14B-4bit,222.0,9689.0,0.0,0
2026-06-26T15:15:45.336,timeseries,3,Weather Report Extended v2,mlx-community/DeepSeek-R1-Distill-Qwen-14B-4bit,300.0,10979.0,0.0,0
2026-06-26T15:15:45.399,timeseries,3,Weather Report Extended v2,mlx-community/DeepSeek-R1-Distill-Qwen-14B-4bit,226.0,9881.0,0.0,0
2026-06-26T15:15:45.461,timeseries,3,Weather Report Extended v2,mlx-community/DeepSeek-R1-Distill-Qwen-14B-4bit,188.0,10934.0,0.0,0
2026-06-26T15:15:45.523,timeseries,3,Weather Report Extended v2,mlx-community/DeepSeek-R1-Distill-Qwen-14B-4bit,300.0,9563.0,0.0,0
2026-06-26T15:15:45.587,timeseries,3,Weather Report Extended v2,mlx-community/DeepSeek-R1-Distill-Qwen-14B-4bit,418.0,11162.0,0.0,0
2026-06-26T15:15:45.650,timeseries,3,Weather Report Extended v2,mlx-community/DeepSeek-R1-Distill-Qwen-14B-4bit,246.0,10079.0,0.0,0
2026-06-26T15:15:45.711,timeseries,3,Weather Report Extended v2,mlx-community/DeepSeek-R1-Distill-Qwen-14B-4bit,808.0,10628.0,0.0,0
2026-06-26T15:15:45.771,timeseries,3,Weather Report Extended v2,mlx-community/DeepSeek-R1-Distill-Qwen-14B-4bit,1081.0,9680.0,0.0,0
2026-06-26T15:15:45.832,timeseries,3,Weather Report Extended v2,mlx-community/DeepSeek-R1-Distill-Qwen-14B-4bit,946.0,11325.0,0.0,0
2026-06-26T15:15:45.895,timeseries,3,Weather Report Extended v2,mlx-community/DeepSeek-R1-Distill-Qwen-14B-4bit,925.0,10062.0,0.0,0
2026-06-26T15:15:45.955,timeseries,3,Weather Report Extended v2,mlx-community/DeepSeek-R1-Distill-Qwen-14B-4bit,1095.0,9973.0,0.0,0
2026-06-26T15:15:46.017,timeseries,3,Weather Report Extended v2,mlx-community/DeepSeek-R1-Distill-Qwen-14B-4bit,1019.0,11014.0,0.0,0
2026-06-26T15:15:46.078,timeseries,3,Weather Report Extended v2,mlx-community/DeepSeek-R1-Distill-Qwen-14B-4bit,1115.0,9954.0,0.0,0
2026-06-26T15:15:46.141,timeseries,3,Weather Report Extended v2,mlx-community/DeepSeek-R1-Distill-Qwen-14B-4bit,915.0,9962.0,0.0,0
2026-06-26T15:15:46.202,timeseries,3,Weather Report Extended v2,mlx-community/DeepSeek-R1-Distill-Qwen-14B-4bit,996.0,11346.0,0.0,0
2026-06-26T15:15:46.263,timeseries,3,Weather Report Extended v2,mlx-community/DeepSeek-R1-Distill-Qwen-14B-4bit,1248.0,9524.0,0.0,0
2026-06-26T15:15:46.324,timeseries,3,Weather Report Extended v2,mlx-community/DeepSeek-R1-Distill-Qwen-14B-4bit,1082.0,11514.0,0.0,0
2026-06-26T15:15:46.387,timeseries,3,Weather Report Extended v2,mlx-community/DeepSeek-R1-Distill-Qwen-14B-4bit,970.0,9849.0,0.0,0
2026-06-26T15:15:46.447,timeseries,3,Weather Report Extended v2,mlx-community/DeepSeek-R1-Distill-Qwen-14B-4bit,916.0,9973.0,0.0,0
2026-06-26T15:15:46.508,timeseries,3,Weather Report Extended v2,mlx-community/DeepSeek-R1-Distill-Qwen-14B-4bit,1199.0,11046.0,0.0,0
2026-06-26T15:15:46.569,timeseries,3,Weather Report Extended v2,mlx-community/DeepSeek-R1-Distill-Qwen-14B-4bit,1094.0,10030.0,0.0,0
2026-06-26T15:15:46.631,timeseries,3,Weather Report Extended v2,mlx-community/DeepSeek-R1-Distill-Qwen-14B-4bit,872.0,10083.0,0.0,0
2026-06-26T15:15:46.694,timeseries,3,Weather Report Extended v2,mlx-community/DeepSeek-R1-Distill-Qwen-14B-4bit,963.0,11342.0,0.0,0
2026-06-26T15:15:46.754,timeseries,3,Weather Report Extended v2,mlx-community/DeepSeek-R1-Distill-Qwen-14B-4bit,1779.0,9754.0,0.0,0
2026-06-26T15:15:46.814,timeseries,3,Weather Report Extended v2,mlx-community/DeepSeek-R1-Distill-Qwen-14B-4bit,2442.0,9205.0,0.0,0
2026-06-26T15:15:46.874,timeseries,3,Weather Report Extended v2,mlx-community/DeepSeek-R1-Distill-Qwen-14B-4bit,1042.0,11711.0,0.0,0
2026-06-26T15:15:46.934,timeseries,3,Weather Report Extended v2,mlx-community/DeepSeek-R1-Distill-Qwen-14B-4bit,968.0,10177.0,0.0,0
2026-06-26T15:15:46.995,timeseries,3,Weather Report Extended v2,mlx-community/DeepSeek-R1-Distill-Qwen-14B-4bit,1314.0,9968.0,0.0,0
2026-06-26T15:15:47.055,timeseries,3,Weather Report Extended v2,mlx-community/DeepSeek-R1-Distill-Qwen-14B-4bit,1731.0,10072.0,0.0,0
2026-06-26T15:15:47.115,timeseries,3,Weather Report Extended v2,mlx-community/DeepSeek-R1-Distill-Qwen-14B-4bit,1188.0,11569.0,0.0,0
2026-06-26T15:15:47.175,timeseries,3,Weather Report Extended v2,mlx-community/DeepSeek-R1-Distill-Qwen-14B-4bit,1131.0,10183.0,0.0,0
2026-06-26T15:15:47.235,timeseries,3,Weather Report Extended v2,mlx-community/DeepSeek-R1-Distill-Qwen-14B-4bit,1514.0,10057.0,0.0,0
2026-06-26T15:15:47.296,timeseries,3,Weather Report Extended v2,mlx-community/DeepSeek-R1-Distill-Qwen-14B-4bit,1320.0,10206.0,0.0,0
2026-06-26T15:15:47.355,timeseries,3,Weather Report Extended v2,mlx-community/DeepSeek-R1-Distill-Qwen-14B-4bit,1609.0,9949.0,0.0,0
2026-06-26T15:15:47.415,timeseries,3,Weather Report Extended v2,mlx-community/DeepSeek-R1-Distill-Qwen-14B-4bit,1142.0,11567.0,0.0,0
2026-06-26T15:15:47.476,timeseries,3,Weather Report Extended v2,mlx-community/DeepSeek-R1-Distill-Qwen-14B-4bit,1307.0,10157.0,0.0,0
2026-06-26T15:15:47.536,timeseries,3,Weather Report Extended v2,mlx-community/DeepSeek-R1-Distill-Qwen-14B-4bit,1702.0,10278.0,0.0,0
2026-06-26T15:15:47.597,timeseries,3,Weather Report Extended v2,mlx-community/DeepSeek-R1-Distill-Qwen-14B-4bit,1259.0,10072.0,0.0,0
2026-06-26T15:15:47.657,timeseries,3,Weather Report Extended v2,mlx-community/DeepSeek-R1-Distill-Qwen-14B-4bit,1169.0,11622.0,0.0,0
2026-06-26T15:15:47.717,timeseries,3,Weather Report Extended v2,mlx-community/DeepSeek-R1-Distill-Qwen-14B-4bit,1225.0,10045.0,0.0,0
2026-06-26T15:15:47.778,timeseries,3,Weather Report Extended v2,mlx-community/DeepSeek-R1-Distill-Qwen-14B-4bit,1198.0,10044.0,0.0,0
2026-06-26T15:15:47.838,timeseries,3,Weather Report Extended v2,mlx-community/DeepSeek-R1-Distill-Qwen-14B-4bit,1184.0,10209.0,0.0,0
2026-06-26T15:15:47.900,timeseries,3,Weather Report Extended v2,mlx-community/DeepSeek-R1-Distill-Qwen-14B-4bit,1087.0,11426.0,0.0,0
2026-06-26T15:15:47.963,timeseries,3,Weather Report Extended v2,mlx-community/DeepSeek-R1-Distill-Qwen-14B-4bit,1529.0,10139.0,0.0,0
2026-06-26T15:15:48.024,timeseries,3,Weather Report Extended v2,mlx-community/DeepSeek-R1-Distill-Qwen-14B-4bit,465.0,11199.0,0.0,0
2026-06-26T15:15:48.087,timeseries,3,Weather Report Extended v2,mlx-community/DeepSeek-R1-Distill-Qwen-14B-4bit,1146.0,9741.0,0.0,0
2026-06-26T15:15:48.149,timeseries,3,Weather Report Extended v2,mlx-community/DeepSeek-R1-Distill-Qwen-14B-4bit,375.0,10007.0,0.0,0
2026-06-26T15:15:48.212,timeseries,3,Weather Report Extended v2,mlx-community/DeepSeek-R1-Distill-Qwen-14B-4bit,466.0,11264.0,0.0,0
2026-06-26T15:15:48.275,timeseries,3,Weather Report Extended v2,mlx-community/DeepSeek-R1-Distill-Qwen-14B-4bit,416.0,9802.0,0.0,0
2026-06-26T15:15:48.337,timeseries,3,Weather Report Extended v2,mlx-community/DeepSeek-R1-Distill-Qwen-14B-4bit,1118.0,11120.0,0.0,0
2026-06-26T15:15:48.399,timeseries,3,Weather Report Extended v2,mlx-community/DeepSeek-R1-Distill-Qwen-14B-4bit,349.0,9733.0,0.0,0
2026-06-26T15:15:48.462,timeseries,3,Weather Report Extended v2,mlx-community/DeepSeek-R1-Distill-Qwen-14B-4bit,420.0,11302.0,0.0,0
2026-06-26T15:15:48.524,timeseries,3,Weather Report Extended v2,mlx-community/DeepSeek-R1-Distill-Qwen-14B-4bit,470.0,9926.0,0.0,0
2026-06-26T15:15:48.586,timeseries,3,Weather Report Extended v2,mlx-community/DeepSeek-R1-Distill-Qwen-14B-4bit,982.0,11147.0,0.0,0
2026-06-26T15:15:48.648,timeseries,3,Weather Report Extended v2,mlx-community/DeepSeek-R1-Distill-Qwen-14B-4bit,415.0,9779.0,0.0,0
2026-06-26T15:15:48.711,timeseries,3,Weather Report Extended v2,mlx-community/DeepSeek-R1-Distill-Qwen-14B-4bit,452.0,11308.0,0.0,0
2026-06-26T15:15:48.773,timeseries,3,Weather Report Extended v2,mlx-community/DeepSeek-R1-Distill-Qwen-14B-4bit,436.0,9909.0,0.0,0
2026-06-26T15:15:48.836,timeseries,3,Weather Report Extended v2,mlx-community/DeepSeek-R1-Distill-Qwen-14B-4bit,431.0,11169.0,0.0,0
2026-06-26T15:15:48.898,timeseries,3,Weather Report Extended v2,mlx-community/DeepSeek-R1-Distill-Qwen-14B-4bit,1420.0,9794.0,0.0,0
2026-06-26T15:15:48.961,timeseries,3,Weather Report Extended v2,mlx-community/DeepSeek-R1-Distill-Qwen-14B-4bit,475.0,11070.0,0.0,0
2026-06-26T15:15:49.022,timeseries,3,Weather Report Extended v2,mlx-community/DeepSeek-R1-Distill-Qwen-14B-4bit,455.0,9981.0,0.0,0
2026-06-26T15:15:49.084,timeseries,3,Weather Report Extended v2,mlx-community/DeepSeek-R1-Distill-Qwen-14B-4bit,1062.0,11108.0,0.0,0
2026-06-26T15:15:49.147,timeseries,3,Weather Report Extended v2,mlx-community/DeepSeek-R1-Distill-Qwen-14B-4bit,446.0,10168.0,0.0,0
2026-06-26T15:15:49.210,timeseries,3,Weather Report Extended v2,mlx-community/DeepSeek-R1-Distill-Qwen-14B-4bit,446.0,11134.0,0.0,0
2026-06-26T15:15:49.272,timeseries,3,Weather Report Extended v2,mlx-community/DeepSeek-R1-Distill-Qwen-14B-4bit,462.0,9767.0,0.0,0
2026-06-26T15:15:49.335,timeseries,3,Weather Report Extended v2,mlx-community/DeepSeek-R1-Distill-Qwen-14B-4bit,844.0,11099.0,0.0,0
2026-06-26T15:15:49.398,timeseries,3,Weather Report Extended v2,mlx-community/DeepSeek-R1-Distill-Qwen-14B-4bit,574.0,9792.0,0.0,0
2026-06-26T15:15:49.462,timeseries,3,Weather Report Extended v2,mlx-community/DeepSeek-R1-Distill-Qwen-14B-4bit,478.0,11148.0,0.0,0
2026-06-26T15:15:49.524,timeseries,3,Weather Report Extended v2,mlx-community/DeepSeek-R1-Distill-Qwen-14B-4bit,448.0,9808.0,0.0,0
2026-06-26T15:15:49.586,timeseries,3,Weather Report Extended v2,mlx-community/DeepSeek-R1-Distill-Qwen-14B-4bit,991.0,10855.0,0.0,0
2026-06-26T15:15:49.647,timeseries,3,Weather Report Extended v2,mlx-community/DeepSeek-R1-Distill-Qwen-14B-4bit,423.0,9982.0,0.0,0
2026-06-26T15:15:49.709,timeseries,3,Weather Report Extended v2,mlx-community/DeepSeek-R1-Distill-Qwen-14B-4bit,457.0,11447.0,0.0,0
2026-06-26T15:15:49.771,timeseries,3,Weather Report Extended v2,mlx-community/DeepSeek-R1-Distill-Qwen-14B-4bit,420.0,9912.0,0.0,0
2026-06-26T15:15:49.835,timeseries,3,Weather Report Extended v2,mlx-community/DeepSeek-R1-Distill-Qwen-14B-4bit,431.0,11217.0,0.0,0
2026-06-26T15:15:49.897,timeseries,3,Weather Report Extended v2,mlx-community/DeepSeek-R1-Distill-Qwen-14B-4bit,421.0,9938.0,0.0,0
2026-06-26T15:15:49.959,timeseries,3,Weather Report Extended v2,mlx-community/DeepSeek-R1-Distill-Qwen-14B-4bit,425.0,10990.0,0.0,0
2026-06-26T15:15:50.021,timeseries,3,Weather Report Extended v2,mlx-community/DeepSeek-R1-Distill-Qwen-14B-4bit,451.0,9889.0,0.0,0
2026-06-26T15:15:50.083,timeseries,3,Weather Report Extended v2,mlx-community/DeepSeek-R1-Distill-Qwen-14B-4bit,1012.0,11281.0,0.0,0
2026-06-26T15:15:50.146,timeseries,3,Weather Report Extended v2,mlx-community/DeepSeek-R1-Distill-Qwen-14B-4bit,388.0,9914.0,0.0,0
2026-06-26T15:15:50.208,timeseries,3,Weather Report Extended v2,mlx-community/DeepSeek-R1-Distill-Qwen-14B-4bit,464.0,11213.0,0.0,0
2026-06-26T15:15:50.272,timeseries,3,Weather Report Extended v2,mlx-community/DeepSeek-R1-Distill-Qwen-14B-4bit,448.0,9838.0,0.0,0
2026-06-26T15:15:50.334,timeseries,3,Weather Report Extended v2,mlx-community/DeepSeek-R1-Distill-Qwen-14B-4bit,874.0,11302.0,0.0,0
2026-06-26T15:15:50.396,timeseries,3,Weather Report Extended v2,mlx-community/DeepSeek-R1-Distill-Qwen-14B-4bit,420.0,9539.0,0.0,0
2026-06-26T15:15:50.458,timeseries,3,Weather Report Extended v2,mlx-community/DeepSeek-R1-Distill-Qwen-14B-4bit,648.0,11354.0,0.0,0
2026-06-26T15:15:50.521,timeseries,3,Weather Report Extended v2,mlx-community/DeepSeek-R1-Distill-Qwen-14B-4bit,495.0,9751.0,0.0,0
2026-06-26T15:15:50.583,timeseries,3,Weather Report Extended v2,mlx-community/DeepSeek-R1-Distill-Qwen-14B-4bit,975.0,11425.0,0.0,0
2026-06-26T15:15:50.646,timeseries,3,Weather Report Extended v2,mlx-community/DeepSeek-R1-Distill-Qwen-14B-4bit,366.0,9782.0,0.0,0
2026-06-26T15:15:50.709,timeseries,3,Weather Report Extended v2,mlx-community/DeepSeek-R1-Distill-Qwen-14B-4bit,511.0,11207.0,0.0,0
2026-06-26T15:15:50.770,timeseries,3,Weather Report Extended v2,mlx-community/DeepSeek-R1-Distill-Qwen-14B-4bit,449.0,9854.0,0.0,0
2026-06-26T15:15:50.834,timeseries,3,Weather Report Extended v2,mlx-community/DeepSeek-R1-Distill-Qwen-14B-4bit,428.0,9695.0,0.0,0
2026-06-26T15:15:50.896,timeseries,3,Weather Report Extended v2,mlx-community/DeepSeek-R1-Distill-Qwen-14B-4bit,341.0,11370.0,0.0,0
2026-06-26T15:15:50.959,timeseries,3,Weather Report Extended v2,mlx-community/DeepSeek-R1-Distill-Qwen-14B-4bit,503.0,11022.0,0.0,0
2026-06-26T15:15:51.021,timeseries,3,Weather Report Extended v2,mlx-community/DeepSeek-R1-Distill-Qwen-14B-4bit,433.0,9841.0,0.0,0
2026-06-26T15:15:51.083,timeseries,3,Weather Report Extended v2,mlx-community/DeepSeek-R1-Distill-Qwen-14B-4bit,1015.0,11313.0,0.0,0
2026-06-26T15:15:51.146,timeseries,3,Weather Report Extended v2,mlx-community/DeepSeek-R1-Distill-Qwen-14B-4bit,352.0,9842.0,0.0,0
2026-06-26T15:15:51.209,timeseries,3,Weather Report Extended v2,mlx-community/DeepSeek-R1-Distill-Qwen-14B-4bit,512.0,11210.0,0.0,0
2026-06-26T15:15:51.272,timeseries,3,Weather Report Extended v2,mlx-community/DeepSeek-R1-Distill-Qwen-14B-4bit,461.0,9744.0,0.0,0
2026-06-26T15:15:51.334,timeseries,3,Weather Report Extended v2,mlx-community/DeepSeek-R1-Distill-Qwen-14B-4bit,847.0,11150.0,0.0,0
2026-06-26T15:15:51.397,timeseries,3,Weather Report Extended v2,mlx-community/DeepSeek-R1-Distill-Qwen-14B-4bit,349.0,9761.0,0.0,0
2026-06-26T15:15:51.461,timeseries,3,Weather Report Extended v2,mlx-community/DeepSeek-R1-Distill-Qwen-14B-4bit,661.0,11295.0,0.0,0
2026-06-26T15:15:51.522,timeseries,3,Weather Report Extended v2,mlx-community/DeepSeek-R1-Distill-Qwen-14B-4bit,479.0,9791.0,0.0,0
2026-06-26T15:15:51.585,timeseries,3,Weather Report Extended v2,mlx-community/DeepSeek-R1-Distill-Qwen-14B-4bit,1009.0,11051.0,0.0,0
2026-06-26T15:15:51.647,timeseries,3,Weather Report Extended v2,mlx-community/DeepSeek-R1-Distill-Qwen-14B-4bit,341.0,9986.0,0.0,0
2026-06-26T15:15:51.710,timeseries,3,Weather Report Extended v2,mlx-community/DeepSeek-R1-Distill-Qwen-14B-4bit,522.0,11097.0,0.0,0
2026-06-26T15:15:51.771,timeseries,3,Weather Report Extended v2,mlx-community/DeepSeek-R1-Distill-Qwen-14B-4bit,436.0,9931.0,0.0,0
2026-06-26T15:15:51.834,timeseries,3,Weather Report Extended v2,mlx-community/DeepSeek-R1-Distill-Qwen-14B-4bit,1029.0,9688.0,0.0,0
2026-06-26T15:15:51.895,timeseries,3,Weather Report Extended v2,mlx-community/DeepSeek-R1-Distill-Qwen-14B-4bit,2608.0,11440.0,0.0,0
2026-06-26T15:15:51.956,timeseries,3,Weather Report Extended v2,mlx-community/DeepSeek-R1-Distill-Qwen-14B-4bit,458.0,9671.0,0.0,0
2026-06-26T15:15:52.017,timeseries,3,Weather Report Extended v2,mlx-community/DeepSeek-R1-Distill-Qwen-14B-4bit,280.0,11528.0,0.0,0
2026-06-26T15:15:52.080,timeseries,3,Weather Report Extended v2,mlx-community/DeepSeek-R1-Distill-Qwen-14B-4bit,438.0,9888.0,0.0,0
2026-06-26T15:15:52.144,timeseries,3,Weather Report Extended v2,mlx-community/DeepSeek-R1-Distill-Qwen-14B-4bit,230.0,11575.0,0.0,0
2026-06-26T15:15:52.206,timeseries,3,Weather Report Extended v2,mlx-community/DeepSeek-R1-Distill-Qwen-14B-4bit,238.0,9452.0,0.0,0
2026-06-26T15:15:52.271,timeseries,3,Weather Report Extended v2,mlx-community/DeepSeek-R1-Distill-Qwen-14B-4bit,249.0,10653.0,0.0,0
2026-06-26T15:15:52.335,timeseries,3,Weather Report Extended v2,mlx-community/DeepSeek-R1-Distill-Qwen-14B-4bit,258.0,11164.0,0.0,0
2026-06-26T15:15:52.398,timeseries,3,Weather Report Extended v2,mlx-community/DeepSeek-R1-Distill-Qwen-14B-4bit,632.0,9444.0,0.0,0
2026-06-26T15:15:52.460,timeseries,3,Weather Report Extended v2,mlx-community/DeepSeek-R1-Distill-Qwen-14B-4bit,187.0,11020.0,0.0,0
2026-06-26T15:15:52.522,timeseries,3,Weather Report Extended v2,mlx-community/DeepSeek-R1-Distill-Qwen-14B-4bit,257.0,9857.0,0.0,0
2026-06-26T15:15:52.585,timeseries,3,Weather Report Extended v2,mlx-community/DeepSeek-R1-Distill-Qwen-14B-4bit,432.0,11179.0,0.0,0
2026-06-26T15:15:52.647,timeseries,3,Weather Report Extended v2,mlx-community/DeepSeek-R1-Distill-Qwen-14B-4bit,259.0,10038.0,0.0,0
2026-06-26T15:15:52.710,timeseries,3,Weather Report Extended v2,mlx-community/DeepSeek-R1-Distill-Qwen-14B-4bit,190.0,11130.0,0.0,0
2026-06-26T15:15:52.775,timeseries,3,Weather Report Extended v2,mlx-community/DeepSeek-R1-Distill-Qwen-14B-4bit,208.0,9867.0,0.0,0
2026-06-26T15:15:52.837,timeseries,3,Weather Report Extended v2,mlx-community/DeepSeek-R1-Distill-Qwen-14B-4bit,176.0,11248.0,0.0,0
2026-06-26T15:15:52.900,timeseries,3,Weather Report Extended v2,mlx-community/DeepSeek-R1-Distill-Qwen-14B-4bit,217.0,9511.0,0.0,0
2026-06-26T15:15:52.962,timeseries,3,Weather Report Extended v2,mlx-community/DeepSeek-R1-Distill-Qwen-14B-4bit,209.0,11281.0,0.0,0
2026-06-26T15:15:53.025,timeseries,3,Weather Report Extended v2,mlx-community/DeepSeek-R1-Distill-Qwen-14B-4bit,190.0,9772.0,0.0,0
2026-06-26T15:15:53.088,timeseries,3,Weather Report Extended v2,mlx-community/DeepSeek-R1-Distill-Qwen-14B-4bit,419.0,11273.0,0.0,0
2026-06-26T15:15:53.150,timeseries,3,Weather Report Extended v2,mlx-community/DeepSeek-R1-Distill-Qwen-14B-4bit,223.0,11197.0,0.0,0
2026-06-26T15:15:53.213,timeseries,3,Weather Report Extended v2,mlx-community/DeepSeek-R1-Distill-Qwen-14B-4bit,191.0,9815.0,0.0,0
2026-06-26T15:15:53.275,timeseries,3,Weather Report Extended v2,mlx-community/DeepSeek-R1-Distill-Qwen-14B-4bit,191.0,11168.0,0.0,0
2026-06-26T15:15:53.338,timeseries,3,Weather Report Extended v2,mlx-community/DeepSeek-R1-Distill-Qwen-14B-4bit,320.0,9762.0,0.0,0
2026-06-26T15:15:53.401,timeseries,3,Weather Report Extended v2,mlx-community/DeepSeek-R1-Distill-Qwen-14B-4bit,273.0,11157.0,0.0,0
2026-06-26T15:15:53.464,timeseries,3,Weather Report Extended v2,mlx-community/DeepSeek-R1-Distill-Qwen-14B-4bit,209.0,9865.0,0.0,0
2026-06-26T15:15:53.527,timeseries,3,Weather Report Extended v2,mlx-community/DeepSeek-R1-Distill-Qwen-14B-4bit,203.0,10987.0,0.0,0
2026-06-26T15:15:53.589,timeseries,3,Weather Report Extended v2,mlx-community/DeepSeek-R1-Distill-Qwen-14B-4bit,445.0,9708.0,0.0,0
2026-06-26T15:15:53.652,timeseries,3,Weather Report Extended v2,mlx-community/DeepSeek-R1-Distill-Qwen-14B-4bit,290.0,11314.0,0.0,0
2026-06-26T15:15:53.715,timeseries,3,Weather Report Extended v2,mlx-community/DeepSeek-R1-Distill-Qwen-14B-4bit,193.0,9903.0,0.0,0
2026-06-26T15:15:53.777,timeseries,3,Weather Report Extended v2,mlx-community/DeepSeek-R1-Distill-Qwen-14B-4bit,314.0,10820.0,0.0,0
2026-06-26T15:15:53.839,timeseries,3,Weather Report Extended v2,mlx-community/DeepSeek-R1-Distill-Qwen-14B-4bit,193.0,9885.0,0.0,0
2026-06-26T15:15:53.902,timeseries,3,Weather Report Extended v2,mlx-community/DeepSeek-R1-Distill-Qwen-14B-4bit,225.0,11283.0,0.0,0
2026-06-26T15:15:53.967,timeseries,3,Weather Report Extended v2,mlx-community/DeepSeek-R1-Distill-Qwen-14B-4bit,192.0,9848.0,0.0,0
2026-06-26T15:15:54.030,timeseries,3,Weather Report Extended v2,mlx-community/DeepSeek-R1-Distill-Qwen-14B-4bit,238.0,11025.0,0.0,0
2026-06-26T15:15:54.092,timeseries,3,Weather Report Extended v2,mlx-community/DeepSeek-R1-Distill-Qwen-14B-4bit,1442.0,10676.0,0.0,0
2026-06-26T15:15:54.154,timeseries,3,Weather Report Extended v2,mlx-community/DeepSeek-R1-Distill-Qwen-14B-4bit,368.0,9837.0,0.0,0
2026-06-26T15:15:54.217,timeseries,3,Weather Report Extended v2,mlx-community/DeepSeek-R1-Distill-Qwen-14B-4bit,320.0,11228.0,0.0,0
2026-06-26T15:15:54.279,timeseries,3,Weather Report Extended v2,mlx-community/DeepSeek-R1-Distill-Qwen-14B-4bit,244.0,9935.0,0.0,0
2026-06-26T15:15:54.342,timeseries,3,Weather Report Extended v2,mlx-community/DeepSeek-R1-Distill-Qwen-14B-4bit,301.0,11053.0,0.0,0
2026-06-26T15:15:54.405,timeseries,3,Weather Report Extended v2,mlx-community/DeepSeek-R1-Distill-Qwen-14B-4bit,274.0,9892.0,0.0,0
2026-06-26T15:15:54.469,timeseries,3,Weather Report Extended v2,mlx-community/DeepSeek-R1-Distill-Qwen-14B-4bit,222.0,11102.0,0.0,0
2026-06-26T15:15:54.530,timeseries,3,Weather Report Extended v2,mlx-community/DeepSeek-R1-Distill-Qwen-14B-4bit,208.0,9777.0,0.0,0
2026-06-26T15:15:54.592,timeseries,3,Weather Report Extended v2,mlx-community/DeepSeek-R1-Distill-Qwen-14B-4bit,410.0,11047.0,0.0,0
2026-06-26T15:15:54.654,timeseries,3,Weather Report Extended v2,mlx-community/DeepSeek-R1-Distill-Qwen-14B-4bit,326.0,9982.0,0.0,0
2026-06-26T15:15:54.719,timeseries,3,Weather Report Extended v2,mlx-community/DeepSeek-R1-Distill-Qwen-14B-4bit,256.0,11175.0,0.0,0
2026-06-26T15:15:54.781,timeseries,3,Weather Report Extended v2,mlx-community/DeepSeek-R1-Distill-Qwen-14B-4bit,193.0,9883.0,0.0,0
2026-06-26T15:15:54.844,timeseries,3,Weather Report Extended v2,mlx-community/DeepSeek-R1-Distill-Qwen-14B-4bit,201.0,10812.0,0.0,0
2026-06-26T15:15:54.907,timeseries,3,Weather Report Extended v2,mlx-community/DeepSeek-R1-Distill-Qwen-14B-4bit,211.0,9944.0,0.0,0
2026-06-26T15:15:54.971,timeseries,3,Weather Report Extended v2,mlx-community/DeepSeek-R1-Distill-Qwen-14B-4bit,206.0,11071.0,0.0,0
2026-06-26T15:15:55.033,timeseries,3,Weather Report Extended v2,mlx-community/DeepSeek-R1-Distill-Qwen-14B-4bit,190.0,11096.0,0.0,0
2026-06-26T15:15:55.095,timeseries,3,Weather Report Extended v2,mlx-community/DeepSeek-R1-Distill-Qwen-14B-4bit,405.0,9585.0,0.0,0
2026-06-26T15:15:55.158,timeseries,3,Weather Report Extended v2,mlx-community/DeepSeek-R1-Distill-Qwen-14B-4bit,209.0,9891.0,0.0,0
2026-06-26T15:15:55.222,timeseries,3,Weather Report Extended v2,mlx-community/DeepSeek-R1-Distill-Qwen-14B-4bit,208.0,11242.0,0.0,0
2026-06-26T15:15:55.284,timeseries,3,Weather Report Extended v2,mlx-community/DeepSeek-R1-Distill-Qwen-14B-4bit,190.0,11072.0,0.0,0
2026-06-26T15:15:55.346,timeseries,3,Weather Report Extended v2,mlx-community/DeepSeek-R1-Distill-Qwen-14B-4bit,300.0,9640.0,0.0,0
2026-06-26T15:15:55.407,timeseries,3,Weather Report Extended v2,mlx-community/DeepSeek-R1-Distill-Qwen-14B-4bit,226.0,11265.0,0.0,0
2026-06-26T15:15:55.471,timeseries,3,Weather Report Extended v2,mlx-community/DeepSeek-R1-Distill-Qwen-14B-4bit,196.0,9983.0,0.0,0
2026-06-26T15:15:55.532,timeseries,3,Weather Report Extended v2,mlx-community/DeepSeek-R1-Distill-Qwen-14B-4bit,276.0,11258.0,0.0,0
2026-06-26T15:15:55.593,timeseries,3,Weather Report Extended v2,mlx-community/DeepSeek-R1-Distill-Qwen-14B-4bit,529.0,9588.0,0.0,0
2026-06-26T15:15:55.655,timeseries,3,Weather Report Extended v2,mlx-community/DeepSeek-R1-Distill-Qwen-14B-4bit,325.0,9940.0,0.0,0
2026-06-26T15:15:55.718,timeseries,3,Weather Report Extended v2,mlx-community/DeepSeek-R1-Distill-Qwen-14B-4bit,280.0,11535.0,0.0,0
2026-06-26T15:15:55.781,timeseries,3,Weather Report Extended v2,mlx-community/DeepSeek-R1-Distill-Qwen-14B-4bit,163.0,10000.0,0.0,0
2026-06-26T15:15:55.844,timeseries,3,Weather Report Extended v2,mlx-community/DeepSeek-R1-Distill-Qwen-14B-4bit,251.0,10982.0,0.0,0
2026-06-26T15:15:55.907,timeseries,3,Weather Report Extended v2,mlx-community/DeepSeek-R1-Distill-Qwen-14B-4bit,207.0,9769.0,0.0,0
2026-06-26T15:15:55.972,timeseries,3,Weather Report Extended v2,mlx-community/DeepSeek-R1-Distill-Qwen-14B-4bit,206.0,11072.0,0.0,0
2026-06-26T15:15:56.035,timeseries,3,Weather Report Extended v2,mlx-community/DeepSeek-R1-Distill-Qwen-14B-4bit,176.0,11203.0,0.0,0
2026-06-26T15:15:56.098,timeseries,3,Weather Report Extended v2,mlx-community/DeepSeek-R1-Distill-Qwen-14B-4bit,370.0,9486.0,0.0,0
2026-06-26T15:15:56.160,timeseries,3,Weather Report Extended v2,mlx-community/DeepSeek-R1-Distill-Qwen-14B-4bit,175.0,11161.0,0.0,0
2026-06-26T15:15:56.225,timeseries,3,Weather Report Extended v2,mlx-community/DeepSeek-R1-Distill-Qwen-14B-4bit,207.0,9722.0,0.0,0
2026-06-26T15:15:56.289,timeseries,3,Weather Report Extended v2,mlx-community/DeepSeek-R1-Distill-Qwen-14B-4bit,176.0,11212.0,0.0,0
2026-06-26T15:15:56.352,timeseries,3,Weather Report Extended v2,mlx-community/DeepSeek-R1-Distill-Qwen-14B-4bit,355.0,10724.0,0.0,0
2026-06-26T15:15:56.415,timeseries,3,Weather Report Extended v2,mlx-community/DeepSeek-R1-Distill-Qwen-14B-4bit,251.0,9634.0,0.0,0
2026-06-26T15:15:56.477,timeseries,3,Weather Report Extended v2,mlx-community/DeepSeek-R1-Distill-Qwen-14B-4bit,205.0,11040.0,0.0,0
2026-06-26T15:15:56.539,timeseries,3,Weather Report Extended v2,mlx-community/DeepSeek-R1-Distill-Qwen-14B-4bit,194.0,9918.0,0.0,0
2026-06-26T15:15:56.602,timeseries,3,Weather Report Extended v2,mlx-community/DeepSeek-R1-Distill-Qwen-14B-4bit,350.0,11131.0,0.0,0
2026-06-26T15:15:56.665,timeseries,3,Weather Report Extended v2,mlx-community/DeepSeek-R1-Distill-Qwen-14B-4bit,225.0,9880.0,0.0,0
2026-06-26T15:15:56.729,timeseries,3,Weather Report Extended v2,mlx-community/DeepSeek-R1-Distill-Qwen-14B-4bit,237.0,11059.0,0.0,0
2026-06-26T15:15:56.793,timeseries,3,Weather Report Extended v2,mlx-community/DeepSeek-R1-Distill-Qwen-14B-4bit,160.0,11201.0,0.0,0
2026-06-26T15:15:56.856,timeseries,3,Weather Report Extended v2,mlx-community/DeepSeek-R1-Distill-Qwen-14B-4bit,232.0,9471.0,0.0,0
2026-06-26T15:15:56.919,timeseries,3,Weather Report Extended v2,mlx-community/DeepSeek-R1-Distill-Qwen-14B-4bit,253.0,11015.0,0.0,0
2026-06-26T15:15:56.981,timeseries,3,Weather Report Extended v2,mlx-community/DeepSeek-R1-Distill-Qwen-14B-4bit,1717.0,9563.0,0.0,0
2026-06-26T15:15:57.044,timeseries,3,Weather Report Extended v2,mlx-community/DeepSeek-R1-Distill-Qwen-14B-4bit,1045.0,11054.0,0.0,0
2026-06-26T15:15:57.105,timeseries,3,Weather Report Extended v2,mlx-community/DeepSeek-R1-Distill-Qwen-14B-4bit,506.0,10114.0,0.0,0
2026-06-26T15:15:57.167,timeseries,3,Weather Report Extended v2,mlx-community/DeepSeek-R1-Distill-Qwen-14B-4bit,333.0,11131.0,0.0,0
2026-06-26T15:15:57.230,timeseries,3,Weather Report Extended v2,mlx-community/DeepSeek-R1-Distill-Qwen-14B-4bit,410.0,10075.0,0.0,0
2026-06-26T15:15:57.292,timeseries,3,Weather Report Extended v2,mlx-community/DeepSeek-R1-Distill-Qwen-14B-4bit,322.0,11290.0,0.0,0
2026-06-26T15:15:57.354,timeseries,3,Weather Report Extended v2,mlx-community/DeepSeek-R1-Distill-Qwen-14B-4bit,894.0,9757.0,0.0,0
2026-06-26T15:15:57.417,timeseries,3,Weather Report Extended v2,mlx-community/DeepSeek-R1-Distill-Qwen-14B-4bit,434.0,11320.0,0.0,0
2026-06-26T15:15:57.479,timeseries,3,Weather Report Extended v2,mlx-community/DeepSeek-R1-Distill-Qwen-14B-4bit,514.0,9902.0,0.0,0
2026-06-26T15:15:57.541,timeseries,3,Weather Report Extended v2,mlx-community/DeepSeek-R1-Distill-Qwen-14B-4bit,860.0,11152.0,0.0,0
2026-06-26T15:15:57.603,timeseries,3,Weather Report Extended v2,mlx-community/DeepSeek-R1-Distill-Qwen-14B-4bit,497.0,9918.0,0.0,0
2026-06-26T15:15:57.667,timeseries,3,Weather Report Extended v2,mlx-community/DeepSeek-R1-Distill-Qwen-14B-4bit,486.0,9980.0,0.0,0
2026-06-26T15:15:57.729,timeseries,3,Weather Report Extended v2,mlx-community/DeepSeek-R1-Distill-Qwen-14B-4bit,641.0,11272.0,0.0,0
2026-06-26T15:15:57.792,timeseries,3,Weather Report Extended v2,mlx-community/DeepSeek-R1-Distill-Qwen-14B-4bit,408.0,11043.0,0.0,0
2026-06-26T15:15:57.854,timeseries,3,Weather Report Extended v2,mlx-community/DeepSeek-R1-Distill-Qwen-14B-4bit,433.0,9874.0,0.0,0
2026-06-26T15:15:57.917,timeseries,3,Weather Report Extended v2,mlx-community/DeepSeek-R1-Distill-Qwen-14B-4bit,480.0,9855.0,0.0,0
2026-06-26T15:15:57.979,timeseries,3,Weather Report Extended v2,mlx-community/DeepSeek-R1-Distill-Qwen-14B-4bit,437.0,11387.0,0.0,0
2026-06-26T15:15:58.040,timeseries,3,Weather Report Extended v2,mlx-community/DeepSeek-R1-Distill-Qwen-14B-4bit,1001.0,9727.0,0.0,0
2026-06-26T15:15:58.103,timeseries,3,Weather Report Extended v2,mlx-community/DeepSeek-R1-Distill-Qwen-14B-4bit,516.0,11395.0,0.0,0
2026-06-26T15:15:58.166,timeseries,3,Weather Report Extended v2,mlx-community/DeepSeek-R1-Distill-Qwen-14B-4bit,436.0,9989.0,0.0,0
2026-06-26T15:15:58.229,timeseries,3,Weather Report Extended v2,mlx-community/DeepSeek-R1-Distill-Qwen-14B-4bit,462.0,11211.0,0.0,0
2026-06-26T15:15:58.291,timeseries,3,Weather Report Extended v2,mlx-community/DeepSeek-R1-Distill-Qwen-14B-4bit,411.0,11087.0,0.0,0
2026-06-26T15:15:58.354,timeseries,3,Weather Report Extended v2,mlx-community/DeepSeek-R1-Distill-Qwen-14B-4bit,844.0,9774.0,0.0,0
2026-06-26T15:15:58.417,timeseries,3,Weather Report Extended v2,mlx-community/DeepSeek-R1-Distill-Qwen-14B-4bit,435.0,9938.0,0.0,0
2026-06-26T15:15:58.479,timeseries,3,Weather Report Extended v2,mlx-community/DeepSeek-R1-Distill-Qwen-14B-4bit,449.0,11278.0,0.0,0
2026-06-26T15:15:58.542,timeseries,3,Weather Report Extended v2,mlx-community/DeepSeek-R1-Distill-Qwen-14B-4bit,913.0,11016.0,0.0,0
2026-06-26T15:15:58.603,timeseries,3,Weather Report Extended v2,mlx-community/DeepSeek-R1-Distill-Qwen-14B-4bit,485.0,10007.0,0.0,0
2026-06-26T15:15:58.667,timeseries,3,Weather Report Extended v2,mlx-community/DeepSeek-R1-Distill-Qwen-14B-4bit,464.0,9858.0,0.0,0
2026-06-26T15:15:58.731,timeseries,3,Weather Report Extended v2,mlx-community/DeepSeek-R1-Distill-Qwen-14B-4bit,469.0,11376.0,0.0,0
2026-06-26T15:15:58.797,timeseries,3,Weather Report Extended v2,mlx-community/DeepSeek-R1-Distill-Qwen-14B-4bit,632.0,11079.0,0.0,0
2026-06-26T15:15:58.860,timeseries,3,Weather Report Extended v2,mlx-community/DeepSeek-R1-Distill-Qwen-14B-4bit,756.0,10933.0,0.0,0
2026-06-26T15:15:58.923,timeseries,3,Weather Report Extended v2,mlx-community/DeepSeek-R1-Distill-Qwen-14B-4bit,1639.0,8967.0,0.0,0
2026-06-26T15:15:58.985,timeseries,3,Weather Report Extended v2,mlx-community/DeepSeek-R1-Distill-Qwen-14B-4bit,443.0,11131.0,0.0,0
2026-06-26T15:15:59.047,timeseries,3,Weather Report Extended v2,mlx-community/DeepSeek-R1-Distill-Qwen-14B-4bit,998.0,9864.0,0.0,0
2026-06-26T15:15:59.109,timeseries,3,Weather Report Extended v2,mlx-community/DeepSeek-R1-Distill-Qwen-14B-4bit,493.0,11244.0,0.0,0
2026-06-26T15:15:59.171,timeseries,3,Weather Report Extended v2,mlx-community/DeepSeek-R1-Distill-Qwen-14B-4bit,457.0,10054.0,0.0,0
2026-06-26T15:15:59.234,timeseries,3,Weather Report Extended v2,mlx-community/DeepSeek-R1-Distill-Qwen-14B-4bit,451.0,11339.0,0.0,0
2026-06-26T15:15:59.296,timeseries,3,Weather Report Extended v2,mlx-community/DeepSeek-R1-Distill-Qwen-14B-4bit,417.0,9848.0,0.0,0
2026-06-26T15:15:59.358,timeseries,3,Weather Report Extended v2,mlx-community/DeepSeek-R1-Distill-Qwen-14B-4bit,866.0,11258.0,0.0,0
2026-06-26T15:15:59.421,timeseries,3,Weather Report Extended v2,mlx-community/DeepSeek-R1-Distill-Qwen-14B-4bit,435.0,9927.0,0.0,0
2026-06-26T15:15:59.482,timeseries,3,Weather Report Extended v2,mlx-community/DeepSeek-R1-Distill-Qwen-14B-4bit,436.0,9948.0,0.0,0
2026-06-26T15:15:59.545,timeseries,3,Weather Report Extended v2,mlx-community/DeepSeek-R1-Distill-Qwen-14B-4bit,957.0,11217.0,0.0,0
2026-06-26T15:15:59.606,timeseries,3,Weather Report Extended v2,mlx-community/DeepSeek-R1-Distill-Qwen-14B-4bit,472.0,10064.0,0.0,0
2026-06-26T15:15:59.669,timeseries,3,Weather Report Extended v2,mlx-community/DeepSeek-R1-Distill-Qwen-14B-4bit,464.0,11238.0,0.0,0
2026-06-26T15:15:59.731,timeseries,3,Weather Report Extended v2,mlx-community/DeepSeek-R1-Distill-Qwen-14B-4bit,440.0,10007.0,0.0,0
2026-06-26T15:15:59.794,timeseries,3,Weather Report Extended v2,mlx-community/DeepSeek-R1-Distill-Qwen-14B-4bit,348.0,11137.0,0.0,0
2026-06-26T15:15:59.856,timeseries,3,Weather Report Extended v2,mlx-community/DeepSeek-R1-Distill-Qwen-14B-4bit,695.0,9963.0,0.0,0
2026-06-26T15:15:59.919,timeseries,3,Weather Report Extended v2,mlx-community/DeepSeek-R1-Distill-Qwen-14B-4bit,445.0,11197.0,0.0,0
2026-06-26T15:15:59.981,timeseries,3,Weather Report Extended v2,mlx-community/DeepSeek-R1-Distill-Qwen-14B-4bit,436.0,9938.0,0.0,0
2026-06-26T15:16:00.044,timeseries,3,Weather Report Extended v2,mlx-community/DeepSeek-R1-Distill-Qwen-14B-4bit,871.0,11117.0,0.0,0
2026-06-26T15:16:00.106,timeseries,3,Weather Report Extended v2,mlx-community/DeepSeek-R1-Distill-Qwen-14B-4bit,575.0,9875.0,0.0,0
2026-06-26T15:16:00.169,timeseries,3,Weather Report Extended v2,mlx-community/DeepSeek-R1-Distill-Qwen-14B-4bit,432.0,11268.0,0.0,0
2026-06-26T15:16:00.231,timeseries,3,Weather Report Extended v2,mlx-community/DeepSeek-R1-Distill-Qwen-14B-4bit,467.0,9917.0,0.0,0
2026-06-26T15:16:00.294,timeseries,3,Weather Report Extended v2,mlx-community/DeepSeek-R1-Distill-Qwen-14B-4bit,334.0,11171.0,0.0,0
2026-06-26T15:16:00.355,timeseries,3,Weather Report Extended v2,mlx-community/DeepSeek-R1-Distill-Qwen-14B-4bit,898.0,9850.0,0.0,0
2026-06-26T15:16:00.418,timeseries,3,Weather Report Extended v2,mlx-community/DeepSeek-R1-Distill-Qwen-14B-4bit,460.0,11173.0,0.0,0
2026-06-26T15:16:00.480,timeseries,3,Weather Report Extended v2,mlx-community/DeepSeek-R1-Distill-Qwen-14B-4bit,456.0,10022.0,0.0,0
2026-06-26T15:16:00.542,timeseries,3,Weather Report Extended v2,mlx-community/DeepSeek-R1-Distill-Qwen-14B-4bit,860.0,11202.0,0.0,0
2026-06-26T15:16:00.604,timeseries,3,Weather Report Extended v2,mlx-community/DeepSeek-R1-Distill-Qwen-14B-4bit,534.0,10012.0,0.0,0
2026-06-26T15:16:00.667,timeseries,3,Weather Report Extended v2,mlx-community/DeepSeek-R1-Distill-Qwen-14B-4bit,465.0,9904.0,0.0,0
2026-06-26T15:16:00.729,timeseries,3,Weather Report Extended v2,mlx-community/DeepSeek-R1-Distill-Qwen-14B-4bit,454.0,11384.0,0.0,0
2026-06-26T15:16:00.790,timeseries,3,Weather Report Extended v2,mlx-community/DeepSeek-R1-Distill-Qwen-14B-4bit,319.0,11227.0,0.0,0
2026-06-26T15:16:00.853,timeseries,3,Weather Report Extended v2,mlx-community/DeepSeek-R1-Distill-Qwen-14B-4bit,659.0,9905.0,0.0,0
2026-06-26T15:16:00.915,timeseries,3,Weather Report Extended v2,mlx-community/DeepSeek-R1-Distill-Qwen-14B-4bit,472.0,10033.0,0.0,0
2026-06-26T15:16:00.977,timeseries,3,Weather Report Extended v2,mlx-community/DeepSeek-R1-Distill-Qwen-14B-4bit,463.0,11227.0,0.0,0
2026-06-26T15:16:01.039,timeseries,3,Weather Report Extended v2,mlx-community/DeepSeek-R1-Distill-Qwen-14B-4bit,825.0,9932.0,0.0,0
2026-06-26T15:16:01.102,timeseries,3,Weather Report Extended v2,mlx-community/DeepSeek-R1-Distill-Qwen-14B-4bit,528.0,11291.0,0.0,0
2026-06-26T15:16:01.164,timeseries,3,Weather Report Extended v2,mlx-community/DeepSeek-R1-Distill-Qwen-14B-4bit,522.0,10114.0,0.0,0
2026-06-26T15:16:01.228,timeseries,3,Weather Report Extended v2,mlx-community/DeepSeek-R1-Distill-Qwen-14B-4bit,460.0,11146.0,0.0,0
2026-06-26T15:16:01.290,timeseries,3,Weather Report Extended v2,mlx-community/DeepSeek-R1-Distill-Qwen-14B-4bit,338.0,9915.0,0.0,0
2026-06-26T15:16:01.353,timeseries,3,Weather Report Extended v2,mlx-community/DeepSeek-R1-Distill-Qwen-14B-4bit,842.0,10927.0,0.0,0
2026-06-26T15:16:01.416,timeseries,3,Weather Report Extended v2,mlx-community/DeepSeek-R1-Distill-Qwen-14B-4bit,513.0,9909.0,0.0,0
2026-06-26T15:16:01.479,timeseries,3,Weather Report Extended v2,mlx-community/DeepSeek-R1-Distill-Qwen-14B-4bit,431.0,11201.0,0.0,0
2026-06-26T15:16:01.542,timeseries,3,Weather Report Extended v2,mlx-community/DeepSeek-R1-Distill-Qwen-14B-4bit,841.0,11136.0,0.0,0
2026-06-26T15:16:01.604,timeseries,3,Weather Report Extended v2,mlx-community/DeepSeek-R1-Distill-Qwen-14B-4bit,505.0,9801.0,0.0,0
2026-06-26T15:16:01.667,timeseries,3,Weather Report Extended v2,mlx-community/DeepSeek-R1-Distill-Qwen-14B-4bit,530.0,9893.0,0.0,0
2026-06-26T15:16:01.729,timeseries,3,Weather Report Extended v2,mlx-community/DeepSeek-R1-Distill-Qwen-14B-4bit,452.0,11375.0,0.0,0
2026-06-26T15:16:01.791,timeseries,3,Weather Report Extended v2,mlx-community/DeepSeek-R1-Distill-Qwen-14B-4bit,333.0,11191.0,0.0,0
2026-06-26T15:16:01.854,timeseries,3,Weather Report Extended v2,mlx-community/DeepSeek-R1-Distill-Qwen-14B-4bit,434.0,9908.0,0.0,0
2026-06-26T15:16:01.915,timeseries,3,Weather Report Extended v2,mlx-community/DeepSeek-R1-Distill-Qwen-14B-4bit,665.0,10020.0,0.0,0
2026-06-26T15:16:01.978,timeseries,3,Weather Report Extended v2,mlx-community/DeepSeek-R1-Distill-Qwen-14B-4bit,492.0,11131.0,0.0,0
2026-06-26T15:16:02.039,timeseries,3,Weather Report Extended v2,mlx-community/DeepSeek-R1-Distill-Qwen-14B-4bit,860.0,9982.0,0.0,0
2026-06-26T15:16:02.100,timeseries,3,Weather Report Extended v2,mlx-community/DeepSeek-R1-Distill-Qwen-14B-4bit,1425.0,11244.0,0.0,0
2026-06-26T15:16:02.164,timeseries,3,Weather Report Extended v2,mlx-community/DeepSeek-R1-Distill-Qwen-14B-4bit,2375.0,10212.0,0.0,0
2026-06-26T15:16:02.227,timeseries,3,Weather Report Extended v2,mlx-community/DeepSeek-R1-Distill-Qwen-14B-4bit,337.0,11211.0,0.0,0
2026-06-26T15:16:02.289,timeseries,3,Weather Report Extended v2,mlx-community/DeepSeek-R1-Distill-Qwen-14B-4bit,296.0,9601.0,0.0,0
2026-06-26T15:16:02.352,timeseries,3,Weather Report Extended v2,mlx-community/DeepSeek-R1-Distill-Qwen-14B-4bit,355.0,11285.0,0.0,0
2026-06-26T15:16:02.415,timeseries,3,Weather Report Extended v2,mlx-community/DeepSeek-R1-Distill-Qwen-14B-4bit,240.0,9880.0,0.0,0
2026-06-26T15:16:02.478,timeseries,3,Weather Report Extended v2,mlx-community/DeepSeek-R1-Distill-Qwen-14B-4bit,175.0,11197.0,0.0,0
2026-06-26T15:16:02.540,timeseries,3,Weather Report Extended v2,mlx-community/DeepSeek-R1-Distill-Qwen-14B-4bit,222.0,9757.0,0.0,0
2026-06-26T15:16:02.603,timeseries,3,Weather Report Extended v2,mlx-community/DeepSeek-R1-Distill-Qwen-14B-4bit,378.0,11058.0,0.0,0
2026-06-26T15:16:02.667,timeseries,3,Weather Report Extended v2,mlx-community/DeepSeek-R1-Distill-Qwen-14B-4bit,210.0,9949.0,0.0,0
2026-06-26T15:16:02.730,timeseries,3,Weather Report Extended v2,mlx-community/DeepSeek-R1-Distill-Qwen-14B-4bit,190.0,11125.0,0.0,0
2026-06-26T15:16:02.793,timeseries,3,Weather Report Extended v2,mlx-community/DeepSeek-R1-Distill-Qwen-14B-4bit,203.0,10992.0,0.0,0
2026-06-26T15:16:02.855,timeseries,3,Weather Report Extended v2,mlx-community/DeepSeek-R1-Distill-Qwen-14B-4bit,192.0,9852.0,0.0,0
2026-06-26T15:16:02.918,timeseries,3,Weather Report Extended v2,mlx-community/DeepSeek-R1-Distill-Qwen-14B-4bit,206.0,11117.0,0.0,0
2026-06-26T15:16:02.981,timeseries,3,Weather Report Extended v2,mlx-community/DeepSeek-R1-Distill-Qwen-14B-4bit,225.0,9915.0,0.0,0
2026-06-26T15:16:03.043,timeseries,3,Weather Report Extended v2,mlx-community/DeepSeek-R1-Distill-Qwen-14B-4bit,254.0,11075.0,0.0,0
2026-06-26T15:16:03.105,timeseries,3,Weather Report Extended v2,mlx-community/DeepSeek-R1-Distill-Qwen-14B-4bit,396.0,9752.0,0.0,0
2026-06-26T15:16:03.170,timeseries,3,Weather Report Extended v2,mlx-community/DeepSeek-R1-Distill-Qwen-14B-4bit,210.0,11403.0,0.0,0
2026-06-26T15:16:03.231,timeseries,3,Weather Report Extended v2,mlx-community/DeepSeek-R1-Distill-Qwen-14B-4bit,225.0,9831.0,0.0,0
2026-06-26T15:16:03.295,timeseries,3,Weather Report Extended v2,mlx-community/DeepSeek-R1-Distill-Qwen-14B-4bit,1088.0,10799.0,0.0,0
2026-06-26T15:16:03.356,timeseries,3,Weather Report Extended v2,mlx-community/DeepSeek-R1-Distill-Qwen-14B-4bit,1168.0,9941.0,0.0,0
2026-06-26T15:16:03.419,timeseries,3,Weather Report Extended v2,mlx-community/DeepSeek-R1-Distill-Qwen-14B-4bit,811.0,11192.0,0.0,0
2026-06-26T15:16:03.483,timeseries,3,Weather Report Extended v2,mlx-community/DeepSeek-R1-Distill-Qwen-14B-4bit,989.0,9938.0,0.0,0
2026-06-26T15:16:03.545,timeseries,3,Weather Report Extended v2,mlx-community/DeepSeek-R1-Distill-Qwen-14B-4bit,621.0,11170.0,0.0,0
2026-06-26T15:16:03.607,timeseries,3,Weather Report Extended v2,mlx-community/DeepSeek-R1-Distill-Qwen-14B-4bit,356.0,9594.0,0.0,0
2026-06-26T15:16:03.669,timeseries,3,Weather Report Extended v2,mlx-community/DeepSeek-R1-Distill-Qwen-14B-4bit,278.0,11460.0,0.0,0
2026-06-26T15:16:03.732,timeseries,3,Weather Report Extended v2,mlx-community/DeepSeek-R1-Distill-Qwen-14B-4bit,177.0,9936.0,0.0,0
2026-06-26T15:16:03.794,timeseries,3,Weather Report Extended v2,mlx-community/DeepSeek-R1-Distill-Qwen-14B-4bit,223.0,11160.0,0.0,0
2026-06-26T15:16:03.856,timeseries,3,Weather Report Extended v2,mlx-community/DeepSeek-R1-Distill-Qwen-14B-4bit,177.0,9908.0,0.0,0
2026-06-26T15:16:03.920,timeseries,3,Weather Report Extended v2,mlx-community/DeepSeek-R1-Distill-Qwen-14B-4bit,226.0,11325.0,0.0,0
2026-06-26T15:16:03.983,timeseries,3,Weather Report Extended v2,mlx-community/DeepSeek-R1-Distill-Qwen-14B-4bit,191.0,9830.0,0.0,0
2026-06-26T15:16:04.047,timeseries,3,Weather Report Extended v2,mlx-community/DeepSeek-R1-Distill-Qwen-14B-4bit,300.0,11065.0,0.0,0
2026-06-26T15:16:04.109,timeseries,3,Weather Report Extended v2,mlx-community/DeepSeek-R1-Distill-Qwen-14B-4bit,772.0,11043.0,0.0,0
2026-06-26T15:16:04.171,timeseries,3,Weather Report Extended v2,mlx-community/DeepSeek-R1-Distill-Qwen-14B-4bit,1212.0,9630.0,0.0,0
2026-06-26T15:16:04.233,timeseries,3,Weather Report Extended v2,mlx-community/DeepSeek-R1-Distill-Qwen-14B-4bit,274.0,11383.0,0.0,0
2026-06-26T15:16:04.295,timeseries,3,Weather Report Extended v2,mlx-community/DeepSeek-R1-Distill-Qwen-14B-4bit,403.0,9921.0,0.0,0
2026-06-26T15:16:04.359,timeseries,3,Weather Report Extended v2,mlx-community/DeepSeek-R1-Distill-Qwen-14B-4bit,417.0,9826.0,0.0,0
2026-06-26T15:16:04.422,timeseries,3,Weather Report Extended v2,mlx-community/DeepSeek-R1-Distill-Qwen-14B-4bit,226.0,11323.0,0.0,0
2026-06-26T15:16:04.485,timeseries,3,Weather Report Extended v2,mlx-community/DeepSeek-R1-Distill-Qwen-14B-4bit,233.0,10927.0,0.0,0
2026-06-26T15:16:04.548,timeseries,3,Weather Report Extended v2,mlx-community/DeepSeek-R1-Distill-Qwen-14B-4bit,241.0,9897.0,0.0,0
2026-06-26T15:16:04.612,timeseries,3,Weather Report Extended v2,mlx-community/DeepSeek-R1-Distill-Qwen-14B-4bit,344.0,11052.0,0.0,0
2026-06-26T15:16:04.675,timeseries,3,Weather Report Extended v2,mlx-community/DeepSeek-R1-Distill-Qwen-14B-4bit,192.0,9848.0,0.0,0
2026-06-26T15:16:04.738,timeseries,3,Weather Report Extended v2,mlx-community/DeepSeek-R1-Distill-Qwen-14B-4bit,188.0,11027.0,0.0,0
2026-06-26T15:16:04.801,timeseries,3,Weather Report Extended v2,mlx-community/DeepSeek-R1-Distill-Qwen-14B-4bit,206.0,11181.0,0.0,0
2026-06-26T15:16:04.864,timeseries,3,Weather Report Extended v2,mlx-community/DeepSeek-R1-Distill-Qwen-14B-4bit,222.0,9779.0,0.0,0
2026-06-26T15:16:04.927,timeseries,3,Weather Report Extended v2,mlx-community/DeepSeek-R1-Distill-Qwen-14B-4bit,175.0,11149.0,0.0,0
2026-06-26T15:16:04.991,timeseries,3,Weather Report Extended v2,mlx-community/DeepSeek-R1-Distill-Qwen-14B-4bit,189.0,9728.0,0.0,0
2026-06-26T15:16:05.053,timeseries,3,Weather Report Extended v2,mlx-community/DeepSeek-R1-Distill-Qwen-14B-4bit,458.0,10864.0,0.0,0
2026-06-26T15:16:05.117,timeseries,3,Weather Report Extended v2,mlx-community/DeepSeek-R1-Distill-Qwen-14B-4bit,458.0,9726.0,0.0,0
2026-06-26T15:16:05.180,timeseries,3,Weather Report Extended v2,mlx-community/DeepSeek-R1-Distill-Qwen-14B-4bit,209.0,11281.0,0.0,0
2026-06-26T15:16:05.243,timeseries,3,Weather Report Extended v2,mlx-community/DeepSeek-R1-Distill-Qwen-14B-4bit,187.0,10955.0,0.0,0
2026-06-26T15:16:05.306,timeseries,3,Weather Report Extended v2,mlx-community/DeepSeek-R1-Distill-Qwen-14B-4bit,207.0,9788.0,0.0,0
2026-06-26T15:16:05.370,timeseries,3,Weather Report Extended v2,mlx-community/DeepSeek-R1-Distill-Qwen-14B-4bit,349.0,11103.0,0.0,0
2026-06-26T15:16:05.433,timeseries,3,Weather Report Extended v2,mlx-community/DeepSeek-R1-Distill-Qwen-14B-4bit,237.0,9687.0,0.0,0
2026-06-26T15:16:05.497,timeseries,3,Weather Report Extended v2,mlx-community/DeepSeek-R1-Distill-Qwen-14B-4bit,234.0,10990.0,0.0,0
2026-06-26T15:16:05.559,timeseries,3,Weather Report Extended v2,mlx-community/DeepSeek-R1-Distill-Qwen-14B-4bit,526.0,11135.0,0.0,0
2026-06-26T15:16:05.623,timeseries,3,Weather Report Extended v2,mlx-community/DeepSeek-R1-Distill-Qwen-14B-4bit,346.0,9723.0,0.0,0
2026-06-26T15:16:05.686,timeseries,3,Weather Report Extended v2,mlx-community/DeepSeek-R1-Distill-Qwen-14B-4bit,209.0,11302.0,0.0,0
2026-06-26T15:16:05.748,timeseries,3,Weather Report Extended v2,mlx-community/DeepSeek-R1-Distill-Qwen-14B-4bit,188.0,9700.0,0.0,0
2026-06-26T15:16:05.811,timeseries,3,Weather Report Extended v2,mlx-community/DeepSeek-R1-Distill-Qwen-14B-4bit,206.0,11173.0,0.0,0
2026-06-26T15:16:05.875,timeseries,3,Weather Report Extended v2,mlx-community/DeepSeek-R1-Distill-Qwen-14B-4bit,209.0,9873.0,0.0,0
2026-06-26T15:16:05.937,timeseries,3,Weather Report Extended v2,mlx-community/DeepSeek-R1-Distill-Qwen-14B-4bit,190.0,11128.0,0.0,0
2026-06-26T15:16:05.999,timeseries,3,Weather Report Extended v2,mlx-community/DeepSeek-R1-Distill-Qwen-14B-4bit,203.0,10968.0,0.0,0
2026-06-26T15:16:06.061,timeseries,3,Weather Report Extended v2,mlx-community/DeepSeek-R1-Distill-Qwen-14B-4bit,375.0,10026.0,0.0,0
2026-06-26T15:16:06.125,timeseries,3,Weather Report Extended v2,mlx-community/DeepSeek-R1-Distill-Qwen-14B-4bit,420.0,10026.0,0.0,0
2026-06-26T15:16:06.188,timeseries,3,Weather Report Extended v2,mlx-community/DeepSeek-R1-Distill-Qwen-14B-4bit,224.0,11255.0,0.0,0
2026-06-26T15:16:06.251,timeseries,3,Weather Report Extended v2,mlx-community/DeepSeek-R1-Distill-Qwen-14B-4bit,204.0,11052.0,0.0,0
2026-06-26T15:16:06.313,timeseries,3,Weather Report Extended v2,mlx-community/DeepSeek-R1-Distill-Qwen-14B-4bit,223.0,9794.0,0.0,0
2026-06-26T15:16:06.377,timeseries,3,Weather Report Extended v2,mlx-community/DeepSeek-R1-Distill-Qwen-14B-4bit,317.0,11080.0,0.0,0
2026-06-26T15:16:06.439,timeseries,3,Weather Report Extended v2,mlx-community/DeepSeek-R1-Distill-Qwen-14B-4bit,238.0,9772.0,0.0,0
2026-06-26T15:16:06.502,timeseries,3,Weather Report Extended v2,mlx-community/DeepSeek-R1-Distill-Qwen-14B-4bit,205.0,11053.0,0.0,0
2026-06-26T15:16:06.563,timeseries,3,Weather Report Extended v2,mlx-community/DeepSeek-R1-Distill-Qwen-14B-4bit,386.0,9877.0,0.0,0
2026-06-26T15:16:06.626,timeseries,3,Weather Report Extended v2,mlx-community/DeepSeek-R1-Distill-Qwen-14B-4bit,273.0,11336.0,0.0,0
2026-06-26T15:16:06.689,timeseries,3,Weather Report Extended v2,mlx-community/DeepSeek-R1-Distill-Qwen-14B-4bit,195.0,9995.0,0.0,0
2026-06-26T15:16:06.751,timeseries,3,Weather Report Extended v2,mlx-community/DeepSeek-R1-Distill-Qwen-14B-4bit,190.0,11141.0,0.0,0
2026-06-26T15:16:06.814,timeseries,3,Weather Report Extended v2,mlx-community/DeepSeek-R1-Distill-Qwen-14B-4bit,209.0,9892.0,0.0,0
2026-06-26T15:16:06.876,timeseries,3,Weather Report Extended v2,mlx-community/DeepSeek-R1-Distill-Qwen-14B-4bit,191.0,11220.0,0.0,0
2026-06-26T15:16:06.937,timeseries,3,Weather Report Extended v2,mlx-community/DeepSeek-R1-Distill-Qwen-14B-4bit,177.0,9915.0,0.0,0
2026-06-26T15:16:06.998,timeseries,3,Weather Report Extended v2,mlx-community/DeepSeek-R1-Distill-Qwen-14B-4bit,180.0,10095.0,0.0,0
2026-06-26T15:16:07.062,timeseries,3,Weather Report Extended v2,mlx-community/DeepSeek-R1-Distill-Qwen-14B-4bit,385.0,11225.0,0.0,0
2026-06-26T15:16:07.123,timeseries,3,Weather Report Extended v2,mlx-community/DeepSeek-R1-Distill-Qwen-14B-4bit,245.0,10128.0,0.0,0
2026-06-26T15:16:07.186,timeseries,3,Weather Report Extended v2,mlx-community/DeepSeek-R1-Distill-Qwen-14B-4bit,289.0,11277.0,0.0,0
2026-06-26T15:16:07.251,timeseries,3,Weather Report Extended v2,mlx-community/DeepSeek-R1-Distill-Qwen-14B-4bit,271.0,9783.0,0.0,0
2026-06-26T15:16:07.313,timeseries,3,Weather Report Extended v2,mlx-community/DeepSeek-R1-Distill-Qwen-14B-4bit,2063.0,11113.0,0.0,0
2026-06-26T15:16:07.377,timeseries,3,Weather Report Extended v2,mlx-community/DeepSeek-R1-Distill-Qwen-14B-4bit,931.0,10672.0,0.0,0
2026-06-26T15:16:07.439,timeseries,3,Weather Report Extended v2,mlx-community/DeepSeek-R1-Distill-Qwen-14B-4bit,307.0,9977.0,0.0,0
2026-06-26T15:16:07.502,timeseries,3,Weather Report Extended v2,mlx-community/DeepSeek-R1-Distill-Qwen-14B-4bit,348.0,11158.0,0.0,0
2026-06-26T15:16:07.563,timeseries,3,Weather Report Extended v2,mlx-community/DeepSeek-R1-Distill-Qwen-14B-4bit,956.0,9978.0,0.0,0
2026-06-26T15:16:07.625,timeseries,3,Weather Report Extended v2,mlx-community/DeepSeek-R1-Distill-Qwen-14B-4bit,463.0,11322.0,0.0,0
2026-06-26T15:16:07.687,timeseries,3,Weather Report Extended v2,mlx-community/DeepSeek-R1-Distill-Qwen-14B-4bit,450.0,9922.0,0.0,0
2026-06-26T15:16:07.749,timeseries,3,Weather Report Extended v2,mlx-community/DeepSeek-R1-Distill-Qwen-14B-4bit,435.0,9954.0,0.0,0
2026-06-26T15:16:07.812,timeseries,3,Weather Report Extended v2,mlx-community/DeepSeek-R1-Distill-Qwen-14B-4bit,439.0,11487.0,0.0,0
2026-06-26T15:16:07.875,timeseries,3,Weather Report Extended v2,mlx-community/DeepSeek-R1-Distill-Qwen-14B-4bit,451.0,9949.0,0.0,0
2026-06-26T15:16:07.937,timeseries,3,Weather Report Extended v2,mlx-community/DeepSeek-R1-Distill-Qwen-14B-4bit,397.0,11228.0,0.0,0
2026-06-26T15:16:08.000,timeseries,3,Weather Report Extended v2,mlx-community/DeepSeek-R1-Distill-Qwen-14B-4bit,428.0,11185.0,0.0,0
2026-06-26T15:16:08.063,timeseries,3,Weather Report Extended v2,mlx-community/DeepSeek-R1-Distill-Qwen-14B-4bit,1106.0,9904.0,0.0,0
2026-06-26T15:16:08.125,timeseries,3,Weather Report Extended v2,mlx-community/DeepSeek-R1-Distill-Qwen-14B-4bit,477.0,11266.0,0.0,0
2026-06-26T15:16:08.187,timeseries,3,Weather Report Extended v2,mlx-community/DeepSeek-R1-Distill-Qwen-14B-4bit,578.0,9944.0,0.0,0
2026-06-26T15:16:08.251,timeseries,3,Weather Report Extended v2,mlx-community/DeepSeek-R1-Distill-Qwen-14B-4bit,447.0,9863.0,0.0,0
2026-06-26T15:16:08.314,timeseries,3,Weather Report Extended v2,mlx-community/DeepSeek-R1-Distill-Qwen-14B-4bit,617.0,11441.0,0.0,0
2026-06-26T15:16:08.376,timeseries,3,Weather Report Extended v2,mlx-community/DeepSeek-R1-Distill-Qwen-14B-4bit,712.0,10884.0,0.0,0
2026-06-26T15:16:08.438,timeseries,3,Weather Report Extended v2,mlx-community/DeepSeek-R1-Distill-Qwen-14B-4bit,418.0,9956.0,0.0,0
2026-06-26T15:16:08.501,timeseries,3,Weather Report Extended v2,mlx-community/DeepSeek-R1-Distill-Qwen-14B-4bit,429.0,11205.0,0.0,0
2026-06-26T15:16:08.564,timeseries,3,Weather Report Extended v2,mlx-community/DeepSeek-R1-Distill-Qwen-14B-4bit,2632.0,9851.0,0.0,0
2026-06-26T15:16:08.625,timeseries,3,Weather Report Extended v2,mlx-community/DeepSeek-R1-Distill-Qwen-14B-4bit,1781.0,11164.0,0.0,0
2026-06-26T15:16:08.687,timeseries,3,Weather Report Extended v2,mlx-community/DeepSeek-R1-Distill-Qwen-14B-4bit,338.0,9962.0,0.0,0
2026-06-26T15:16:08.750,timeseries,3,Weather Report Extended v2,mlx-community/DeepSeek-R1-Distill-Qwen-14B-4bit,325.0,10043.0,0.0,0
2026-06-26T15:16:08.813,timeseries,3,Weather Report Extended v2,mlx-community/DeepSeek-R1-Distill-Qwen-14B-4bit,210.0,11352.0,0.0,0
2026-06-26T15:16:08.875,timeseries,3,Weather Report Extended v2,mlx-community/DeepSeek-R1-Distill-Qwen-14B-4bit,190.0,11140.0,0.0,0
2026-06-26T15:16:08.937,timeseries,3,Weather Report Extended v2,mlx-community/DeepSeek-R1-Distill-Qwen-14B-4bit,382.0,9705.0,0.0,0
2026-06-26T15:16:09.000,timeseries,3,Weather Report Extended v2,mlx-community/DeepSeek-R1-Distill-Qwen-14B-4bit,663.0,11366.0,0.0,0
2026-06-26T15:16:09.063,timeseries,3,Weather Report Extended v2,mlx-community/DeepSeek-R1-Distill-Qwen-14B-4bit,527.0,9809.0,0.0,0
2026-06-26T15:16:09.126,timeseries,3,Weather Report Extended v2,mlx-community/DeepSeek-R1-Distill-Qwen-14B-4bit,254.0,11265.0,0.0,0
2026-06-26T15:16:09.188,timeseries,3,Weather Report Extended v2,mlx-community/DeepSeek-R1-Distill-Qwen-14B-4bit,208.0,9884.0,0.0,0
2026-06-26T15:16:09.252,timeseries,3,Weather Report Extended v2,mlx-community/DeepSeek-R1-Distill-Qwen-14B-4bit,254.0,11150.0,0.0,0
2026-06-26T15:16:09.314,timeseries,3,Weather Report Extended v2,mlx-community/DeepSeek-R1-Distill-Qwen-14B-4bit,212.0,10009.0,0.0,0
2026-06-26T15:16:09.378,timeseries,3,Weather Report Extended v2,mlx-community/DeepSeek-R1-Distill-Qwen-14B-4bit,405.0,10896.0,0.0,0
2026-06-26T15:16:09.440,timeseries,3,Weather Report Extended v2,mlx-community/DeepSeek-R1-Distill-Qwen-14B-4bit,225.0,9907.0,0.0,0
2026-06-26T15:16:09.502,timeseries,3,Weather Report Extended v2,mlx-community/DeepSeek-R1-Distill-Qwen-14B-4bit,204.0,11009.0,0.0,0
2026-06-26T15:16:09.564,timeseries,3,Weather Report Extended v2,mlx-community/DeepSeek-R1-Distill-Qwen-14B-4bit,418.0,9839.0,0.0,0
2026-06-26T15:16:09.627,timeseries,3,Weather Report Extended v2,mlx-community/DeepSeek-R1-Distill-Qwen-14B-4bit,242.0,11460.0,0.0,0
2026-06-26T15:16:09.688,timeseries,3,Weather Report Extended v2,mlx-community/DeepSeek-R1-Distill-Qwen-14B-4bit,225.0,9885.0,0.0,0
2026-06-26T15:16:09.752,timeseries,3,Weather Report Extended v2,mlx-community/DeepSeek-R1-Distill-Qwen-14B-4bit,207.0,11225.0,0.0,0
2026-06-26T15:16:09.815,timeseries,3,Weather Report Extended v2,mlx-community/DeepSeek-R1-Distill-Qwen-14B-4bit,195.0,10040.0,0.0,0
2026-06-26T15:16:09.877,timeseries,3,Weather Report Extended v2,mlx-community/DeepSeek-R1-Distill-Qwen-14B-4bit,221.0,11114.0,0.0,0
2026-06-26T15:16:09.939,timeseries,3,Weather Report Extended v2,mlx-community/DeepSeek-R1-Distill-Qwen-14B-4bit,175.0,9827.0,0.0,0
2026-06-26T15:16:10.002,timeseries,3,Weather Report Extended v2,mlx-community/DeepSeek-R1-Distill-Qwen-14B-4bit,318.0,11142.0,0.0,0
2026-06-26T15:16:10.064,timeseries,3,Weather Report Extended v2,mlx-community/DeepSeek-R1-Distill-Qwen-14B-4bit,310.0,10010.0,0.0,0
2026-06-26T15:16:10.126,timeseries,3,Weather Report Extended v2,mlx-community/DeepSeek-R1-Distill-Qwen-14B-4bit,270.0,11265.0,0.0,0
2026-06-26T15:16:10.188,timeseries,3,Weather Report Extended v2,mlx-community/DeepSeek-R1-Distill-Qwen-14B-4bit,209.0,9912.0,0.0,0
2026-06-26T15:16:10.252,timeseries,3,Weather Report Extended v2,mlx-community/DeepSeek-R1-Distill-Qwen-14B-4bit,208.0,11266.0,0.0,0
2026-06-26T15:16:10.314,timeseries,3,Weather Report Extended v2,mlx-community/DeepSeek-R1-Distill-Qwen-14B-4bit,242.0,9929.0,0.0,0
2026-06-26T15:16:10.377,timeseries,3,Weather Report Extended v2,mlx-community/DeepSeek-R1-Distill-Qwen-14B-4bit,331.0,11036.0,0.0,0
2026-06-26T15:16:10.438,timeseries,3,Weather Report Extended v2,mlx-community/DeepSeek-R1-Distill-Qwen-14B-4bit,225.0,9900.0,0.0,0
2026-06-26T15:16:10.500,timeseries,3,Weather Report Extended v2,mlx-community/DeepSeek-R1-Distill-Qwen-14B-4bit,210.0,11392.0,0.0,0
2026-06-26T15:16:10.562,timeseries,3,Weather Report Extended v2,mlx-community/DeepSeek-R1-Distill-Qwen-14B-4bit,306.0,9900.0,0.0,0
2026-06-26T15:16:10.625,timeseries,3,Weather Report Extended v2,mlx-community/DeepSeek-R1-Distill-Qwen-14B-4bit,291.0,11434.0,0.0,0
2026-06-26T15:16:10.687,timeseries,3,Weather Report Extended v2,mlx-community/DeepSeek-R1-Distill-Qwen-14B-4bit,223.0,9825.0,0.0,0
2026-06-26T15:16:10.751,timeseries,3,Weather Report Extended v2,mlx-community/DeepSeek-R1-Distill-Qwen-14B-4bit,193.0,9923.0,0.0,0
2026-06-26T15:16:10.813,timeseries,3,Weather Report Extended v2,mlx-community/DeepSeek-R1-Distill-Qwen-14B-4bit,192.0,11253.0,0.0,0
2026-06-26T15:16:10.876,timeseries,3,Weather Report Extended v2,mlx-community/DeepSeek-R1-Distill-Qwen-14B-4bit,189.0,11106.0,0.0,0
2026-06-26T15:16:10.939,timeseries,3,Weather Report Extended v2,mlx-community/DeepSeek-R1-Distill-Qwen-14B-4bit,193.0,9891.0,0.0,0
2026-06-26T15:16:11.000,timeseries,3,Weather Report Extended v2,mlx-community/DeepSeek-R1-Distill-Qwen-14B-4bit,207.0,11163.0,0.0,0
2026-06-26T15:16:11.062,timeseries,3,Weather Report Extended v2,mlx-community/DeepSeek-R1-Distill-Qwen-14B-4bit,335.0,9837.0,0.0,0
2026-06-26T15:16:11.125,timeseries,3,Weather Report Extended v2,mlx-community/DeepSeek-R1-Distill-Qwen-14B-4bit,277.0,10107.0,0.0,0
2026-06-26T15:16:11.189,timeseries,3,Weather Report Extended v2,mlx-community/DeepSeek-R1-Distill-Qwen-14B-4bit,194.0,11354.0,0.0,0
2026-06-26T15:16:11.252,timeseries,3,Weather Report Extended v2,mlx-community/DeepSeek-R1-Distill-Qwen-14B-4bit,191.0,11205.0,0.0,0
2026-06-26T15:16:11.316,timeseries,3,Weather Report Extended v2,mlx-community/DeepSeek-R1-Distill-Qwen-14B-4bit,206.0,9807.0,0.0,0
2026-06-26T15:16:11.378,timeseries,3,Weather Report Extended v2,mlx-community/DeepSeek-R1-Distill-Qwen-14B-4bit,884.0,10671.0,0.0,0
2026-06-26T15:16:11.441,timeseries,3,Weather Report Extended v2,mlx-community/DeepSeek-R1-Distill-Qwen-14B-4bit,369.0,9925.0,0.0,0
2026-06-26T15:16:11.504,timeseries,3,Weather Report Extended v2,mlx-community/DeepSeek-R1-Distill-Qwen-14B-4bit,331.0,11079.0,0.0,0
2026-06-26T15:16:11.567,timeseries,3,Weather Report Extended v2,mlx-community/DeepSeek-R1-Distill-Qwen-14B-4bit,410.0,11061.0,0.0,0
2026-06-26T15:16:11.629,timeseries,3,Weather Report Extended v2,mlx-community/DeepSeek-R1-Distill-Qwen-14B-4bit,318.0,9873.0,0.0,0
2026-06-26T15:16:11.693,timeseries,3,Weather Report Extended v2,mlx-community/DeepSeek-R1-Distill-Qwen-14B-4bit,209.0,11303.0,0.0,0
2026-06-26T15:16:11.756,timeseries,3,Weather Report Extended v2,mlx-community/DeepSeek-R1-Distill-Qwen-14B-4bit,223.0,9833.0,0.0,0
2026-06-26T15:16:11.819,timeseries,3,Weather Report Extended v2,mlx-community/DeepSeek-R1-Distill-Qwen-14B-4bit,219.0,11003.0,0.0,0
2026-06-26T15:16:11.881,timeseries,3,Weather Report Extended v2,mlx-community/DeepSeek-R1-Distill-Qwen-14B-4bit,192.0,9901.0,0.0,0
2026-06-26T15:16:11.944,timeseries,3,Weather Report Extended v2,mlx-community/DeepSeek-R1-Distill-Qwen-14B-4bit,190.0,11163.0,0.0,0
2026-06-26T15:16:12.006,timeseries,3,Weather Report Extended v2,mlx-community/DeepSeek-R1-Distill-Qwen-14B-4bit,196.0,10096.0,0.0,0
2026-06-26T15:16:12.069,timeseries,3,Weather Report Extended v2,mlx-community/DeepSeek-R1-Distill-Qwen-14B-4bit,374.0,10922.0,0.0,0
2026-06-26T15:16:12.130,timeseries,3,Weather Report Extended v2,mlx-community/DeepSeek-R1-Distill-Qwen-14B-4bit,260.0,10106.0,0.0,0
2026-06-26T15:16:12.193,timeseries,3,Weather Report Extended v2,mlx-community/DeepSeek-R1-Distill-Qwen-14B-4bit,207.0,11210.0,0.0,0
2026-06-26T15:16:12.256,timeseries,3,Weather Report Extended v2,mlx-community/DeepSeek-R1-Distill-Qwen-14B-4bit,162.0,9999.0,0.0,0
2026-06-26T15:16:12.319,timeseries,3,Weather Report Extended v2,mlx-community/DeepSeek-R1-Distill-Qwen-14B-4bit,223.0,11230.0,0.0,0
2026-06-26T15:16:12.382,timeseries,3,Weather Report Extended v2,mlx-community/DeepSeek-R1-Distill-Qwen-14B-4bit,1147.0,9684.0,0.0,0
2026-06-26T15:16:12.445,timeseries,3,Weather Report Extended v2,mlx-community/DeepSeek-R1-Distill-Qwen-14B-4bit,1863.0,11098.0,0.0,0
2026-06-26T15:16:12.506,timeseries,3,Weather Report Extended v2,mlx-community/DeepSeek-R1-Distill-Qwen-14B-4bit,352.0,9862.0,0.0,0
2026-06-26T15:16:12.567,timeseries,3,Weather Report Extended v2,mlx-community/DeepSeek-R1-Distill-Qwen-14B-4bit,727.0,11146.0,0.0,0
2026-06-26T15:16:12.630,timeseries,3,Weather Report Extended v2,mlx-community/DeepSeek-R1-Distill-Qwen-14B-4bit,326.0,10130.0,0.0,0
2026-06-26T15:16:12.693,timeseries,3,Weather Report Extended v2,mlx-community/DeepSeek-R1-Distill-Qwen-14B-4bit,295.0,11546.0,0.0,0
2026-06-26T15:16:12.756,timeseries,3,Weather Report Extended v2,mlx-community/DeepSeek-R1-Distill-Qwen-14B-4bit,175.0,9838.0,0.0,0
2026-06-26T15:16:12.819,timeseries,3,Weather Report Extended v2,mlx-community/DeepSeek-R1-Distill-Qwen-14B-4bit,222.0,11166.0,0.0,0
2026-06-26T15:16:12.883,timeseries,3,Weather Report Extended v2,mlx-community/DeepSeek-R1-Distill-Qwen-14B-4bit,224.0,9910.0,0.0,0
2026-06-26T15:16:12.945,timeseries,3,Weather Report Extended v2,mlx-community/DeepSeek-R1-Distill-Qwen-14B-4bit,204.0,11068.0,0.0,0
2026-06-26T15:16:13.007,timeseries,3,Weather Report Extended v2,mlx-community/DeepSeek-R1-Distill-Qwen-14B-4bit,172.0,9683.0,0.0,0
2026-06-26T15:16:13.069,timeseries,3,Weather Report Extended v2,mlx-community/DeepSeek-R1-Distill-Qwen-14B-4bit,385.0,11277.0,0.0,0
2026-06-26T15:16:13.133,timeseries,3,Weather Report Extended v2,mlx-community/DeepSeek-R1-Distill-Qwen-14B-4bit,277.0,10147.0,0.0,0
2026-06-26T15:16:13.195,timeseries,3,Weather Report Extended v2,mlx-community/DeepSeek-R1-Distill-Qwen-14B-4bit,192.0,11270.0,0.0,0
2026-06-26T15:16:13.259,timeseries,3,Weather Report Extended v2,mlx-community/DeepSeek-R1-Distill-Qwen-14B-4bit,187.0,9636.0,0.0,0
2026-06-26T15:16:13.320,timeseries,3,Weather Report Extended v2,mlx-community/DeepSeek-R1-Distill-Qwen-14B-4bit,225.0,11300.0,0.0,0
2026-06-26T15:16:13.384,timeseries,3,Weather Report Extended v2,mlx-community/DeepSeek-R1-Distill-Qwen-14B-4bit,320.0,9829.0,0.0,0
2026-06-26T15:16:13.447,timeseries,3,Weather Report Extended v2,mlx-community/DeepSeek-R1-Distill-Qwen-14B-4bit,225.0,11324.0,0.0,0
2026-06-26T15:16:13.508,timeseries,3,Weather Report Extended v2,mlx-community/DeepSeek-R1-Distill-Qwen-14B-4bit,203.0,10990.0,0.0,0
2026-06-26T15:16:13.570,timeseries,3,Weather Report Extended v2,mlx-community/DeepSeek-R1-Distill-Qwen-14B-4bit,417.0,9797.0,0.0,0
2026-06-26T15:16:13.634,timeseries,3,Weather Report Extended v2,mlx-community/DeepSeek-R1-Distill-Qwen-14B-4bit,247.0,10275.0,0.0,0
2026-06-26T15:16:13.697,timeseries,3,Weather Report Extended v2,mlx-community/DeepSeek-R1-Distill-Qwen-14B-4bit,192.0,11274.0,0.0,0
2026-06-26T15:16:13.760,timeseries,3,Weather Report Extended v2,mlx-community/DeepSeek-R1-Distill-Qwen-14B-4bit,268.0,10716.0,0.0,0
2026-06-26T15:16:13.822,timeseries,3,Weather Report Extended v2,mlx-community/DeepSeek-R1-Distill-Qwen-14B-4bit,238.0,9548.0,0.0,0
2026-06-26T15:16:13.886,timeseries,3,Weather Report Extended v2,mlx-community/DeepSeek-R1-Distill-Qwen-14B-4bit,206.0,11167.0,0.0,0
2026-06-26T15:16:13.948,timeseries,3,Weather Report Extended v2,mlx-community/DeepSeek-R1-Distill-Qwen-14B-4bit,192.0,9890.0,0.0,0
2026-06-26T15:16:14.010,timeseries,3,Weather Report Extended v2,mlx-community/DeepSeek-R1-Distill-Qwen-14B-4bit,189.0,11085.0,0.0,0
2026-06-26T15:16:14.074,timeseries,3,Weather Report Extended v2,mlx-community/DeepSeek-R1-Distill-Qwen-14B-4bit,352.0,9830.0,0.0,0
2026-06-26T15:16:14.136,timeseries,3,Weather Report Extended v2,mlx-community/DeepSeek-R1-Distill-Qwen-14B-4bit,227.0,11491.0,0.0,0
2026-06-26T15:16:14.198,timeseries,3,Weather Report Extended v2,mlx-community/DeepSeek-R1-Distill-Qwen-14B-4bit,1259.0,9454.0,0.0,0
2026-06-26T15:16:14.264,timeseries,3,Weather Report Extended v2,mlx-community/DeepSeek-R1-Distill-Qwen-14B-4bit,390.0,11499.0,0.0,0
2026-06-26T15:16:14.327,timeseries,3,Weather Report Extended v2,mlx-community/DeepSeek-R1-Distill-Qwen-14B-4bit,526.0,11229.0,0.0,0
2026-06-26T15:16:14.390,timeseries,3,Weather Report Extended v2,mlx-community/DeepSeek-R1-Distill-Qwen-14B-4bit,566.0,9416.0,0.0,0
2026-06-26T15:16:14.453,timeseries,3,Weather Report Extended v2,mlx-community/DeepSeek-R1-Distill-Qwen-14B-4bit,190.0,11172.0,0.0,0
2026-06-26T15:16:14.515,timeseries,3,Weather Report Extended v2,mlx-community/DeepSeek-R1-Distill-Qwen-14B-4bit,256.0,9861.0,0.0,0
2026-06-26T15:16:14.579,timeseries,3,Weather Report Extended v2,mlx-community/DeepSeek-R1-Distill-Qwen-14B-4bit,381.0,11117.0,0.0,0
2026-06-26T15:16:14.642,timeseries,3,Weather Report Extended v2,mlx-community/DeepSeek-R1-Distill-Qwen-14B-4bit,225.0,9985.0,0.0,0
2026-06-26T15:16:14.704,timeseries,3,Weather Report Extended v2,mlx-community/DeepSeek-R1-Distill-Qwen-14B-4bit,219.0,11004.0,0.0,0
2026-06-26T15:16:14.767,timeseries,3,Weather Report Extended v2,mlx-community/DeepSeek-R1-Distill-Qwen-14B-4bit,210.0,9966.0,0.0,0
2026-06-26T15:16:14.829,timeseries,3,Weather Report Extended v2,mlx-community/DeepSeek-R1-Distill-Qwen-14B-4bit,239.0,11227.0,0.0,0
2026-06-26T15:16:14.892,timeseries,3,Weather Report Extended v2,mlx-community/DeepSeek-R1-Distill-Qwen-14B-4bit,162.0,11371.0,0.0,0
2026-06-26T15:16:14.955,timeseries,3,Weather Report Extended v2,mlx-community/DeepSeek-R1-Distill-Qwen-14B-4bit,220.0,9748.0,0.0,0
2026-06-26T15:16:15.017,timeseries,3,Weather Report Extended v2,mlx-community/DeepSeek-R1-Distill-Qwen-14B-4bit,207.0,11222.0,0.0,0
2026-06-26T15:16:15.081,timeseries,3,Weather Report Extended v2,mlx-community/DeepSeek-R1-Distill-Qwen-14B-4bit,382.0,9784.0,0.0,0
2026-06-26T15:16:15.144,timeseries,3,Weather Report Extended v2,mlx-community/DeepSeek-R1-Distill-Qwen-14B-4bit,208.0,11334.0,0.0,0
2026-06-26T15:16:15.205,timeseries,3,Weather Report Extended v2,mlx-community/DeepSeek-R1-Distill-Qwen-14B-4bit,208.0,9872.0,0.0,0
2026-06-26T15:16:15.268,timeseries,3,Weather Report Extended v2,mlx-community/DeepSeek-R1-Distill-Qwen-14B-4bit,224.0,11256.0,0.0,0
2026-06-26T15:16:15.330,timeseries,3,Weather Report Extended v2,mlx-community/DeepSeek-R1-Distill-Qwen-14B-4bit,246.0,10090.0,0.0,0
2026-06-26T15:16:15.393,timeseries,3,Weather Report Extended v2,mlx-community/DeepSeek-R1-Distill-Qwen-14B-4bit,301.0,11124.0,0.0,0
2026-06-26T15:16:15.455,timeseries,3,Weather Report Extended v2,mlx-community/DeepSeek-R1-Distill-Qwen-14B-4bit,207.0,9825.0,0.0,0
2026-06-26T15:16:15.519,timeseries,3,Weather Report Extended v2,mlx-community/DeepSeek-R1-Distill-Qwen-14B-4bit,223.0,11223.0,0.0,0
2026-06-26T15:16:15.581,timeseries,3,Weather Report Extended v2,mlx-community/DeepSeek-R1-Distill-Qwen-14B-4bit,658.0,9799.0,0.0,0
2026-06-26T15:16:15.643,timeseries,3,Weather Report Extended v2,mlx-community/DeepSeek-R1-Distill-Qwen-14B-4bit,281.0,11104.0,0.0,0
2026-06-26T15:16:15.706,timeseries,3,Weather Report Extended v2,mlx-community/DeepSeek-R1-Distill-Qwen-14B-4bit,228.0,10017.0,0.0,0
2026-06-26T15:16:15.769,timeseries,3,Weather Report Extended v2,mlx-community/DeepSeek-R1-Distill-Qwen-14B-4bit,223.0,11229.0,0.0,0
2026-06-26T15:16:15.832,timeseries,3,Weather Report Extended v2,mlx-community/DeepSeek-R1-Distill-Qwen-14B-4bit,192.0,9898.0,0.0,0
2026-06-26T15:16:15.895,timeseries,3,Weather Report Extended v2,mlx-community/DeepSeek-R1-Distill-Qwen-14B-4bit,205.0,11148.0,0.0,0
2026-06-26T15:16:15.958,timeseries,3,Weather Report Extended v2,mlx-community/DeepSeek-R1-Distill-Qwen-14B-4bit,191.0,9783.0,0.0,0
2026-06-26T15:16:16.020,timeseries,3,Weather Report Extended v2,mlx-community/DeepSeek-R1-Distill-Qwen-14B-4bit,238.0,11178.0,0.0,0
2026-06-26T15:16:16.084,timeseries,3,Weather Report Extended v2,mlx-community/DeepSeek-R1-Distill-Qwen-14B-4bit,413.0,9722.0,0.0,0
2026-06-26T15:16:16.146,timeseries,3,Weather Report Extended v2,mlx-community/DeepSeek-R1-Distill-Qwen-14B-4bit,194.0,11502.0,0.0,0
2026-06-26T15:16:16.209,timeseries,3,Weather Report Extended v2,mlx-community/DeepSeek-R1-Distill-Qwen-14B-4bit,188.0,11019.0,0.0,0
2026-06-26T15:16:16.272,timeseries,3,Weather Report Extended v2,mlx-community/DeepSeek-R1-Distill-Qwen-14B-4bit,224.0,9890.0,0.0,0
2026-06-26T15:16:16.335,timeseries,3,Weather Report Extended v2,mlx-community/DeepSeek-R1-Distill-Qwen-14B-4bit,334.0,11102.0,0.0,0
2026-06-26T15:16:16.398,timeseries,3,Weather Report Extended v2,mlx-community/DeepSeek-R1-Distill-Qwen-14B-4bit,348.0,9812.0,0.0,0
2026-06-26T15:16:16.460,timeseries,3,Weather Report Extended v2,mlx-community/DeepSeek-R1-Distill-Qwen-14B-4bit,207.0,11236.0,0.0,0
2026-06-26T15:16:16.521,timeseries,3,Weather Report Extended v2,mlx-community/DeepSeek-R1-Distill-Qwen-14B-4bit,207.0,9862.0,0.0,0
2026-06-26T15:16:16.584,timeseries,3,Weather Report Extended v2,mlx-community/DeepSeek-R1-Distill-Qwen-14B-4bit,436.0,11342.0,0.0,0
2026-06-26T15:16:16.646,timeseries,3,Weather Report Extended v2,mlx-community/DeepSeek-R1-Distill-Qwen-14B-4bit,339.0,10078.0,0.0,0
2026-06-26T15:16:16.710,timeseries,3,Weather Report Extended v2,mlx-community/DeepSeek-R1-Distill-Qwen-14B-4bit,210.0,11368.0,0.0,0
2026-06-26T15:16:16.774,timeseries,3,Weather Report Extended v2,mlx-community/DeepSeek-R1-Distill-Qwen-14B-4bit,270.0,9725.0,0.0,0
2026-06-26T15:16:16.836,timeseries,3,Weather Report Extended v2,mlx-community/DeepSeek-R1-Distill-Qwen-14B-4bit,296.0,10761.0,0.0,0
2026-06-26T15:16:16.899,timeseries,3,Weather Report Extended v2,mlx-community/DeepSeek-R1-Distill-Qwen-14B-4bit,237.0,9791.0,0.0,0
2026-06-26T15:16:16.961,timeseries,3,Weather Report Extended v2,mlx-community/DeepSeek-R1-Distill-Qwen-14B-4bit,255.0,11224.0,0.0,0
2026-06-26T15:16:17.023,timeseries,3,Weather Report Extended v2,mlx-community/DeepSeek-R1-Distill-Qwen-14B-4bit,193.0,9915.0,0.0,0
2026-06-26T15:16:17.086,timeseries,3,Weather Report Extended v2,mlx-community/DeepSeek-R1-Distill-Qwen-14B-4bit,367.0,11203.0,0.0,0
2026-06-26T15:16:17.149,timeseries,3,Weather Report Extended v2,mlx-community/DeepSeek-R1-Distill-Qwen-14B-4bit,243.0,10064.0,0.0,0
2026-06-26T15:16:17.211,timeseries,3,Weather Report Extended v2,mlx-community/DeepSeek-R1-Distill-Qwen-14B-4bit,191.0,11236.0,0.0,0
2026-06-26T15:16:17.273,timeseries,3,Weather Report Extended v2,mlx-community/DeepSeek-R1-Distill-Qwen-14B-4bit,175.0,9829.0,0.0,0
2026-06-26T15:16:17.335,timeseries,3,Weather Report Extended v2,mlx-community/DeepSeek-R1-Distill-Qwen-14B-4bit,367.0,11175.0,0.0,0
2026-06-26T15:16:17.397,timeseries,3,Weather Report Extended v2,mlx-community/DeepSeek-R1-Distill-Qwen-14B-4bit,262.0,10110.0,0.0,0
2026-06-26T15:16:17.462,timeseries,3,Weather Report Extended v2,mlx-community/DeepSeek-R1-Distill-Qwen-14B-4bit,207.0,11239.0,0.0,0
2026-06-26T15:16:17.523,timeseries,3,Weather Report Extended v2,mlx-community/DeepSeek-R1-Distill-Qwen-14B-4bit,212.0,10013.0,0.0,0
2026-06-26T15:16:17.586,timeseries,3,Weather Report Extended v2,mlx-community/DeepSeek-R1-Distill-Qwen-14B-4bit,1898.0,10655.0,0.0,0
2026-06-26T15:16:17.648,timeseries,3,Weather Report Extended v2,mlx-community/DeepSeek-R1-Distill-Qwen-14B-4bit,1042.0,10096.0,0.0,0
2026-06-26T15:16:17.711,timeseries,3,Weather Report Extended v2,mlx-community/DeepSeek-R1-Distill-Qwen-14B-4bit,367.0,11303.0,0.0,0
2026-06-26T15:16:17.773,timeseries,3,Weather Report Extended v2,mlx-community/DeepSeek-R1-Distill-Qwen-14B-4bit,291.0,9984.0,0.0,0
2026-06-26T15:16:17.835,timeseries,3,Weather Report Extended v2,mlx-community/DeepSeek-R1-Distill-Qwen-14B-4bit,366.0,11255.0,0.0,0
2026-06-26T15:16:17.897,timeseries,3,Weather Report Extended v2,mlx-community/DeepSeek-R1-Distill-Qwen-14B-4bit,534.0,10042.0,0.0,788
