timestamp,record_type,task_id,task_name,model_name,cpu_power_mw,gpu_power_mw,ane_power_mw,current_token
2026-06-26T15:18:46.014,timeseries,1,User List,mlx-community/DeepSeek-R1-Distill-Qwen-14B-4bit,487.0,20420.0,0.0,0
2026-06-26T15:18:46.072,timeseries,1,User List,mlx-community/DeepSeek-R1-Distill-Qwen-14B-4bit,1432.0,20386.0,0.0,0
2026-06-26T15:18:46.133,timeseries,1,User List,mlx-community/DeepSeek-R1-Distill-Qwen-14B-4bit,545.0,19912.0,0.0,0
2026-06-26T15:18:46.196,timeseries,1,User List,mlx-community/DeepSeek-R1-Distill-Qwen-14B-4bit,296.0,19815.0,0.0,0
2026-06-26T15:18:46.258,timeseries,1,User List,mlx-community/DeepSeek-R1-Distill-Qwen-14B-4bit,312.0,21418.0,0.0,0
2026-06-26T15:18:46.318,timeseries,1,User List,mlx-community/DeepSeek-R1-Distill-Qwen-14B-4bit,836.0,18080.0,0.0,0
2026-06-26T15:18:46.380,timeseries,1,User List,mlx-community/DeepSeek-R1-Distill-Qwen-14B-4bit,215.0,18926.0,0.0,0
2026-06-26T15:18:46.442,timeseries,1,User List,mlx-community/DeepSeek-R1-Distill-Qwen-14B-4bit,2006.0,21317.0,0.0,0
2026-06-26T15:18:46.504,timeseries,1,User List,mlx-community/DeepSeek-R1-Distill-Qwen-14B-4bit,1795.0,18519.0,0.0,0
2026-06-26T15:18:46.565,timeseries,1,User List,mlx-community/DeepSeek-R1-Distill-Qwen-14B-4bit,533.0,21103.0,0.0,0
2026-06-26T15:18:46.627,timeseries,1,User List,mlx-community/DeepSeek-R1-Distill-Qwen-14B-4bit,420.0,8276.0,0.0,0
2026-06-26T15:18:46.690,timeseries,1,User List,mlx-community/DeepSeek-R1-Distill-Qwen-14B-4bit,197.0,9070.0,0.0,0
2026-06-26T15:18:46.754,timeseries,1,User List,mlx-community/DeepSeek-R1-Distill-Qwen-14B-4bit,144.0,10018.0,0.0,0
2026-06-26T15:18:46.815,timeseries,1,User List,mlx-community/DeepSeek-R1-Distill-Qwen-14B-4bit,801.0,240.0,0.0,0
2026-06-26T15:18:46.875,timeseries,1,User List,mlx-community/DeepSeek-R1-Distill-Qwen-14B-4bit,2411.0,548.0,0.0,0
2026-06-26T15:18:46.939,timeseries,1,User List,mlx-community/DeepSeek-R1-Distill-Qwen-14B-4bit,100.0,1194.0,0.0,0
2026-06-26T15:18:47.001,timeseries,1,User List,mlx-community/DeepSeek-R1-Distill-Qwen-14B-4bit,297.0,6866.0,0.0,0
2026-06-26T15:18:47.063,timeseries,1,User List,mlx-community/DeepSeek-R1-Distill-Qwen-14B-4bit,1234.0,8185.0,0.0,0
2026-06-26T15:18:47.125,timeseries,1,User List,mlx-community/DeepSeek-R1-Distill-Qwen-14B-4bit,561.0,9950.0,0.0,0
2026-06-26T15:18:47.186,timeseries,1,User List,mlx-community/DeepSeek-R1-Distill-Qwen-14B-4bit,520.0,8805.0,0.0,0
2026-06-26T15:18:47.250,timeseries,1,User List,mlx-community/DeepSeek-R1-Distill-Qwen-14B-4bit,339.0,8797.0,0.0,0
2026-06-26T15:18:47.312,timeseries,1,User List,mlx-community/DeepSeek-R1-Distill-Qwen-14B-4bit,729.0,10178.0,0.0,0
2026-06-26T15:18:47.375,timeseries,1,User List,mlx-community/DeepSeek-R1-Distill-Qwen-14B-4bit,898.0,9827.0,0.0,0
2026-06-26T15:18:47.437,timeseries,1,User List,mlx-community/DeepSeek-R1-Distill-Qwen-14B-4bit,527.0,8732.0,0.0,0
2026-06-26T15:18:47.498,timeseries,1,User List,mlx-community/DeepSeek-R1-Distill-Qwen-14B-4bit,350.0,8637.0,0.0,0
2026-06-26T15:18:47.561,timeseries,1,User List,mlx-community/DeepSeek-R1-Distill-Qwen-14B-4bit,1207.0,10144.0,0.0,0
2026-06-26T15:18:47.622,timeseries,1,User List,mlx-community/DeepSeek-R1-Distill-Qwen-14B-4bit,747.0,8882.0,0.0,0
2026-06-26T15:18:47.684,timeseries,1,User List,mlx-community/DeepSeek-R1-Distill-Qwen-14B-4bit,577.0,10000.0,0.0,0
2026-06-26T15:18:47.745,timeseries,1,User List,mlx-community/DeepSeek-R1-Distill-Qwen-14B-4bit,487.0,8859.0,0.0,0
2026-06-26T15:18:47.806,timeseries,1,User List,mlx-community/DeepSeek-R1-Distill-Qwen-14B-4bit,341.0,8895.0,0.0,0
2026-06-26T15:18:47.868,timeseries,1,User List,mlx-community/DeepSeek-R1-Distill-Qwen-14B-4bit,491.0,10236.0,0.0,0
2026-06-26T15:18:47.930,timeseries,1,User List,mlx-community/DeepSeek-R1-Distill-Qwen-14B-4bit,572.0,8979.0,0.0,0
2026-06-26T15:18:47.992,timeseries,1,User List,mlx-community/DeepSeek-R1-Distill-Qwen-14B-4bit,1063.0,10055.0,0.0,0
2026-06-26T15:18:48.054,timeseries,1,User List,mlx-community/DeepSeek-R1-Distill-Qwen-14B-4bit,1067.0,8793.0,0.0,0
2026-06-26T15:18:48.116,timeseries,1,User List,mlx-community/DeepSeek-R1-Distill-Qwen-14B-4bit,531.0,8855.0,0.0,0
2026-06-26T15:18:48.178,timeseries,1,User List,mlx-community/DeepSeek-R1-Distill-Qwen-14B-4bit,569.0,10177.0,0.0,0
2026-06-26T15:18:48.238,timeseries,1,User List,mlx-community/DeepSeek-R1-Distill-Qwen-14B-4bit,468.0,8878.0,0.0,0
2026-06-26T15:18:48.301,timeseries,1,User List,mlx-community/DeepSeek-R1-Distill-Qwen-14B-4bit,501.0,10093.0,0.0,0
2026-06-26T15:18:48.363,timeseries,1,User List,mlx-community/DeepSeek-R1-Distill-Qwen-14B-4bit,869.0,8973.0,0.0,0
2026-06-26T15:18:48.424,timeseries,1,User List,mlx-community/DeepSeek-R1-Distill-Qwen-14B-4bit,591.0,10061.0,0.0,0
2026-06-26T15:18:48.486,timeseries,1,User List,mlx-community/DeepSeek-R1-Distill-Qwen-14B-4bit,472.0,8936.0,0.0,0
2026-06-26T15:18:48.547,timeseries,1,User List,mlx-community/DeepSeek-R1-Distill-Qwen-14B-4bit,1150.0,8840.0,0.0,0
2026-06-26T15:18:48.610,timeseries,1,User List,mlx-community/DeepSeek-R1-Distill-Qwen-14B-4bit,358.0,10213.0,0.0,0
2026-06-26T15:18:48.671,timeseries,1,User List,mlx-community/DeepSeek-R1-Distill-Qwen-14B-4bit,796.0,8930.0,0.0,0
2026-06-26T15:18:48.733,timeseries,1,User List,mlx-community/DeepSeek-R1-Distill-Qwen-14B-4bit,625.0,10048.0,0.0,0
2026-06-26T15:18:48.795,timeseries,1,User List,mlx-community/DeepSeek-R1-Distill-Qwen-14B-4bit,491.0,8980.0,0.0,0
2026-06-26T15:18:48.857,timeseries,1,User List,mlx-community/DeepSeek-R1-Distill-Qwen-14B-4bit,500.0,8850.0,0.0,0
2026-06-26T15:18:48.919,timeseries,1,User List,mlx-community/DeepSeek-R1-Distill-Qwen-14B-4bit,340.0,10179.0,0.0,0
2026-06-26T15:18:48.980,timeseries,1,User List,mlx-community/DeepSeek-R1-Distill-Qwen-14B-4bit,562.0,8829.0,0.0,0
2026-06-26T15:18:49.043,timeseries,1,User List,mlx-community/DeepSeek-R1-Distill-Qwen-14B-4bit,1204.0,10051.0,0.0,0
2026-06-26T15:18:49.104,timeseries,1,User List,mlx-community/DeepSeek-R1-Distill-Qwen-14B-4bit,527.0,9062.0,0.0,0
2026-06-26T15:18:49.166,timeseries,1,User List,mlx-community/DeepSeek-R1-Distill-Qwen-14B-4bit,477.0,9972.0,0.0,0
2026-06-26T15:18:49.228,timeseries,1,User List,mlx-community/DeepSeek-R1-Distill-Qwen-14B-4bit,456.0,8954.0,0.0,0
2026-06-26T15:18:49.289,timeseries,1,User List,mlx-community/DeepSeek-R1-Distill-Qwen-14B-4bit,467.0,8860.0,0.0,0
2026-06-26T15:18:49.351,timeseries,1,User List,mlx-community/DeepSeek-R1-Distill-Qwen-14B-4bit,1005.0,10151.0,0.0,0
2026-06-26T15:18:49.413,timeseries,1,User List,mlx-community/DeepSeek-R1-Distill-Qwen-14B-4bit,488.0,8971.0,0.0,0
2026-06-26T15:18:49.475,timeseries,1,User List,mlx-community/DeepSeek-R1-Distill-Qwen-14B-4bit,436.0,10160.0,0.0,0
2026-06-26T15:18:49.536,timeseries,1,User List,mlx-community/DeepSeek-R1-Distill-Qwen-14B-4bit,1117.0,8906.0,0.0,0
2026-06-26T15:18:49.597,timeseries,1,User List,mlx-community/DeepSeek-R1-Distill-Qwen-14B-4bit,1310.0,8864.0,0.0,0
2026-06-26T15:18:49.658,timeseries,1,User List,mlx-community/DeepSeek-R1-Distill-Qwen-14B-4bit,983.0,10272.0,0.0,0
2026-06-26T15:18:49.720,timeseries,1,User List,mlx-community/DeepSeek-R1-Distill-Qwen-14B-4bit,691.0,9011.0,0.0,0
2026-06-26T15:18:49.781,timeseries,1,User List,mlx-community/DeepSeek-R1-Distill-Qwen-14B-4bit,470.0,8941.0,0.0,0
2026-06-26T15:18:49.843,timeseries,1,User List,mlx-community/DeepSeek-R1-Distill-Qwen-14B-4bit,488.0,10240.0,0.0,0
2026-06-26T15:18:49.905,timeseries,1,User List,mlx-community/DeepSeek-R1-Distill-Qwen-14B-4bit,474.0,9025.0,0.0,0
2026-06-26T15:18:49.968,timeseries,1,User List,mlx-community/DeepSeek-R1-Distill-Qwen-14B-4bit,580.0,10115.0,0.0,0
2026-06-26T15:18:50.030,timeseries,1,User List,mlx-community/DeepSeek-R1-Distill-Qwen-14B-4bit,357.0,8924.0,0.0,0
2026-06-26T15:18:50.092,timeseries,1,User List,mlx-community/DeepSeek-R1-Distill-Qwen-14B-4bit,1189.0,9970.0,0.0,0
2026-06-26T15:18:50.154,timeseries,1,User List,mlx-community/DeepSeek-R1-Distill-Qwen-14B-4bit,514.0,8846.0,0.0,0
2026-06-26T15:18:50.215,timeseries,1,User List,mlx-community/DeepSeek-R1-Distill-Qwen-14B-4bit,567.0,8938.0,0.0,0
2026-06-26T15:18:50.277,timeseries,1,User List,mlx-community/DeepSeek-R1-Distill-Qwen-14B-4bit,501.0,10159.0,0.0,0
2026-06-26T15:18:50.339,timeseries,1,User List,mlx-community/DeepSeek-R1-Distill-Qwen-14B-4bit,860.0,8896.0,0.0,0
2026-06-26T15:18:50.401,timeseries,1,User List,mlx-community/DeepSeek-R1-Distill-Qwen-14B-4bit,565.0,10194.0,0.0,0
2026-06-26T15:18:50.462,timeseries,1,User List,mlx-community/DeepSeek-R1-Distill-Qwen-14B-4bit,473.0,9010.0,0.0,0
2026-06-26T15:18:50.524,timeseries,1,User List,mlx-community/DeepSeek-R1-Distill-Qwen-14B-4bit,581.0,8869.0,0.0,0
2026-06-26T15:18:50.585,timeseries,1,User List,mlx-community/DeepSeek-R1-Distill-Qwen-14B-4bit,1055.0,10223.0,0.0,0
2026-06-26T15:18:50.646,timeseries,1,User List,mlx-community/DeepSeek-R1-Distill-Qwen-14B-4bit,504.0,8978.0,0.0,0
2026-06-26T15:18:50.708,timeseries,1,User List,mlx-community/DeepSeek-R1-Distill-Qwen-14B-4bit,489.0,10290.0,0.0,0
2026-06-26T15:18:50.770,timeseries,1,User List,mlx-community/DeepSeek-R1-Distill-Qwen-14B-4bit,800.0,9013.0,0.0,0
2026-06-26T15:18:50.831,timeseries,1,User List,mlx-community/DeepSeek-R1-Distill-Qwen-14B-4bit,473.0,8965.0,0.0,0
2026-06-26T15:18:50.893,timeseries,1,User List,mlx-community/DeepSeek-R1-Distill-Qwen-14B-4bit,339.0,10197.0,0.0,0
2026-06-26T15:18:50.955,timeseries,1,User List,mlx-community/DeepSeek-R1-Distill-Qwen-14B-4bit,471.0,8957.0,0.0,0
2026-06-26T15:18:51.016,timeseries,1,User List,mlx-community/DeepSeek-R1-Distill-Qwen-14B-4bit,565.0,10161.0,0.0,0
2026-06-26T15:18:51.078,timeseries,1,User List,mlx-community/DeepSeek-R1-Distill-Qwen-14B-4bit,1260.0,8934.0,0.0,0
2026-06-26T15:18:51.140,timeseries,1,User List,mlx-community/DeepSeek-R1-Distill-Qwen-14B-4bit,323.0,8938.0,0.0,0
2026-06-26T15:18:51.201,timeseries,1,User List,mlx-community/DeepSeek-R1-Distill-Qwen-14B-4bit,499.0,10149.0,0.0,0
2026-06-26T15:18:51.263,timeseries,1,User List,mlx-community/DeepSeek-R1-Distill-Qwen-14B-4bit,556.0,9020.0,0.0,0
2026-06-26T15:18:51.324,timeseries,1,User List,mlx-community/DeepSeek-R1-Distill-Qwen-14B-4bit,958.0,10212.0,0.0,0
2026-06-26T15:18:51.386,timeseries,1,User List,mlx-community/DeepSeek-R1-Distill-Qwen-14B-4bit,358.0,8993.0,0.0,0
2026-06-26T15:18:51.447,timeseries,1,User List,mlx-community/DeepSeek-R1-Distill-Qwen-14B-4bit,488.0,9012.0,0.0,0
2026-06-26T15:18:51.508,timeseries,1,User List,mlx-community/DeepSeek-R1-Distill-Qwen-14B-4bit,507.0,10328.0,0.0,0
2026-06-26T15:18:51.570,timeseries,1,User List,mlx-community/DeepSeek-R1-Distill-Qwen-14B-4bit,2240.0,8864.0,0.0,0
2026-06-26T15:18:51.631,timeseries,1,User List,mlx-community/DeepSeek-R1-Distill-Qwen-14B-4bit,2146.0,8945.0,0.0,0
2026-06-26T15:18:51.693,timeseries,1,User List,mlx-community/DeepSeek-R1-Distill-Qwen-14B-4bit,243.0,10202.0,0.0,0
2026-06-26T15:18:51.754,timeseries,1,User List,mlx-community/DeepSeek-R1-Distill-Qwen-14B-4bit,162.0,9000.0,0.0,0
2026-06-26T15:18:51.816,timeseries,1,User List,mlx-community/DeepSeek-R1-Distill-Qwen-14B-4bit,162.0,10227.0,0.0,0
2026-06-26T15:18:51.878,timeseries,1,User List,mlx-community/DeepSeek-R1-Distill-Qwen-14B-4bit,130.0,8979.0,0.0,0
2026-06-26T15:18:51.940,timeseries,1,User List,mlx-community/DeepSeek-R1-Distill-Qwen-14B-4bit,97.0,8978.0,0.0,0
2026-06-26T15:18:52.002,timeseries,1,User List,mlx-community/DeepSeek-R1-Distill-Qwen-14B-4bit,129.0,10207.0,0.0,0
2026-06-26T15:18:52.064,timeseries,1,User List,mlx-community/DeepSeek-R1-Distill-Qwen-14B-4bit,321.0,8794.0,0.0,0
2026-06-26T15:18:52.128,timeseries,1,User List,mlx-community/DeepSeek-R1-Distill-Qwen-14B-4bit,210.0,10206.0,0.0,0
2026-06-26T15:18:52.190,timeseries,1,User List,mlx-community/DeepSeek-R1-Distill-Qwen-14B-4bit,113.0,8897.0,0.0,0
2026-06-26T15:18:52.252,timeseries,1,User List,mlx-community/DeepSeek-R1-Distill-Qwen-14B-4bit,111.0,10007.0,0.0,0
2026-06-26T15:18:52.314,timeseries,1,User List,mlx-community/DeepSeek-R1-Distill-Qwen-14B-4bit,145.0,8880.0,0.0,0
2026-06-26T15:18:52.377,timeseries,1,User List,mlx-community/DeepSeek-R1-Distill-Qwen-14B-4bit,255.0,10049.0,0.0,0
2026-06-26T15:18:52.439,timeseries,1,User List,mlx-community/DeepSeek-R1-Distill-Qwen-14B-4bit,161.0,8935.0,0.0,0
2026-06-26T15:18:52.499,timeseries,1,User List,mlx-community/DeepSeek-R1-Distill-Qwen-14B-4bit,145.0,10184.0,0.0,0
2026-06-26T15:18:52.561,timeseries,1,User List,mlx-community/DeepSeek-R1-Distill-Qwen-14B-4bit,290.0,8886.0,0.0,0
2026-06-26T15:18:52.623,timeseries,1,User List,mlx-community/DeepSeek-R1-Distill-Qwen-14B-4bit,216.0,9246.0,0.0,0
2026-06-26T15:18:52.686,timeseries,1,User List,mlx-community/DeepSeek-R1-Distill-Qwen-14B-4bit,145.0,10184.0,0.0,0
2026-06-26T15:18:52.749,timeseries,1,User List,mlx-community/DeepSeek-R1-Distill-Qwen-14B-4bit,129.0,8974.0,0.0,0
2026-06-26T15:18:52.811,timeseries,1,User List,mlx-community/DeepSeek-R1-Distill-Qwen-14B-4bit,142.0,10052.0,0.0,0
2026-06-26T15:18:52.873,timeseries,1,User List,mlx-community/DeepSeek-R1-Distill-Qwen-14B-4bit,192.0,8827.0,0.0,0
2026-06-26T15:18:52.935,timeseries,1,User List,mlx-community/DeepSeek-R1-Distill-Qwen-14B-4bit,145.0,10198.0,0.0,0
2026-06-26T15:18:52.996,timeseries,1,User List,mlx-community/DeepSeek-R1-Distill-Qwen-14B-4bit,145.0,8929.0,0.0,0
2026-06-26T15:18:53.058,timeseries,1,User List,mlx-community/DeepSeek-R1-Distill-Qwen-14B-4bit,242.0,10185.0,0.0,0
2026-06-26T15:18:53.120,timeseries,1,User List,mlx-community/DeepSeek-R1-Distill-Qwen-14B-4bit,212.0,9042.0,0.0,0
2026-06-26T15:18:53.182,timeseries,1,User List,mlx-community/DeepSeek-R1-Distill-Qwen-14B-4bit,129.0,8967.0,0.0,0
2026-06-26T15:18:53.245,timeseries,1,User List,mlx-community/DeepSeek-R1-Distill-Qwen-14B-4bit,113.0,10245.0,0.0,0
2026-06-26T15:18:53.307,timeseries,1,User List,mlx-community/DeepSeek-R1-Distill-Qwen-14B-4bit,129.0,8929.0,0.0,0
2026-06-26T15:18:53.369,timeseries,1,User List,mlx-community/DeepSeek-R1-Distill-Qwen-14B-4bit,267.0,9867.0,0.0,0
2026-06-26T15:18:53.431,timeseries,1,User List,mlx-community/DeepSeek-R1-Distill-Qwen-14B-4bit,146.0,9034.0,0.0,0
2026-06-26T15:18:53.493,timeseries,1,User List,mlx-community/DeepSeek-R1-Distill-Qwen-14B-4bit,145.0,10181.0,0.0,0
2026-06-26T15:18:53.555,timeseries,1,User List,mlx-community/DeepSeek-R1-Distill-Qwen-14B-4bit,225.0,8847.0,0.0,0
2026-06-26T15:18:53.617,timeseries,1,User List,mlx-community/DeepSeek-R1-Distill-Qwen-14B-4bit,193.0,10207.0,0.0,0
2026-06-26T15:18:53.679,timeseries,1,User List,mlx-community/DeepSeek-R1-Distill-Qwen-14B-4bit,130.0,9017.0,0.0,0
2026-06-26T15:18:53.741,timeseries,1,User List,mlx-community/DeepSeek-R1-Distill-Qwen-14B-4bit,128.0,8885.0,0.0,0
2026-06-26T15:18:53.805,timeseries,1,User List,mlx-community/DeepSeek-R1-Distill-Qwen-14B-4bit,113.0,10196.0,0.0,0
2026-06-26T15:18:53.867,timeseries,1,User List,mlx-community/DeepSeek-R1-Distill-Qwen-14B-4bit,113.0,10169.0,0.0,0
2026-06-26T15:18:53.929,timeseries,1,User List,mlx-community/DeepSeek-R1-Distill-Qwen-14B-4bit,159.0,8809.0,0.0,0
2026-06-26T15:18:53.990,timeseries,1,User List,mlx-community/DeepSeek-R1-Distill-Qwen-14B-4bit,160.0,10168.0,0.0,0
2026-06-26T15:18:54.052,timeseries,1,User List,mlx-community/DeepSeek-R1-Distill-Qwen-14B-4bit,286.0,8779.0,0.0,0
2026-06-26T15:18:54.114,timeseries,1,User List,mlx-community/DeepSeek-R1-Distill-Qwen-14B-4bit,214.0,9101.0,0.0,0
2026-06-26T15:18:54.177,timeseries,1,User List,mlx-community/DeepSeek-R1-Distill-Qwen-14B-4bit,112.0,10187.0,0.0,0
2026-06-26T15:18:54.239,timeseries,1,User List,mlx-community/DeepSeek-R1-Distill-Qwen-14B-4bit,113.0,8945.0,0.0,0
2026-06-26T15:18:54.301,timeseries,1,User List,mlx-community/DeepSeek-R1-Distill-Qwen-14B-4bit,128.0,10156.0,0.0,0
2026-06-26T15:18:54.364,timeseries,1,User List,mlx-community/DeepSeek-R1-Distill-Qwen-14B-4bit,257.0,8877.0,0.0,0
2026-06-26T15:18:54.426,timeseries,1,User List,mlx-community/DeepSeek-R1-Distill-Qwen-14B-4bit,130.0,10271.0,0.0,0
2026-06-26T15:18:54.489,timeseries,1,User List,mlx-community/DeepSeek-R1-Distill-Qwen-14B-4bit,127.0,8796.0,0.0,0
2026-06-26T15:18:54.550,timeseries,1,User List,mlx-community/DeepSeek-R1-Distill-Qwen-14B-4bit,178.0,10200.0,0.0,0
2026-06-26T15:18:54.620,timeseries,1,User List,mlx-community/DeepSeek-R1-Distill-Qwen-14B-4bit,270.0,8820.0,0.0,0
2026-06-26T15:18:54.684,timeseries,1,User List,mlx-community/DeepSeek-R1-Distill-Qwen-14B-4bit,243.0,10078.0,0.0,0
2026-06-26T15:18:54.746,timeseries,1,User List,mlx-community/DeepSeek-R1-Distill-Qwen-14B-4bit,115.0,9076.0,0.0,0
2026-06-26T15:18:54.808,timeseries,1,User List,mlx-community/DeepSeek-R1-Distill-Qwen-14B-4bit,126.0,9982.0,0.0,0
2026-06-26T15:18:54.870,timeseries,1,User List,mlx-community/DeepSeek-R1-Distill-Qwen-14B-4bit,113.0,8965.0,0.0,0
2026-06-26T15:18:54.932,timeseries,1,User List,mlx-community/DeepSeek-R1-Distill-Qwen-14B-4bit,128.0,8847.0,0.0,0
2026-06-26T15:18:54.993,timeseries,1,User List,mlx-community/DeepSeek-R1-Distill-Qwen-14B-4bit,164.0,10355.0,0.0,0
2026-06-26T15:18:55.055,timeseries,1,User List,mlx-community/DeepSeek-R1-Distill-Qwen-14B-4bit,177.0,8926.0,0.0,0
2026-06-26T15:18:55.117,timeseries,1,User List,mlx-community/DeepSeek-R1-Distill-Qwen-14B-4bit,242.0,10224.0,0.0,0
2026-06-26T15:18:55.178,timeseries,1,User List,mlx-community/DeepSeek-R1-Distill-Qwen-14B-4bit,114.0,9081.0,0.0,0
2026-06-26T15:18:55.240,timeseries,1,User List,mlx-community/DeepSeek-R1-Distill-Qwen-14B-4bit,387.0,8813.0,0.0,0
2026-06-26T15:18:55.302,timeseries,1,User List,mlx-community/DeepSeek-R1-Distill-Qwen-14B-4bit,898.0,10252.0,0.0,0
2026-06-26T15:18:55.362,timeseries,1,User List,mlx-community/DeepSeek-R1-Distill-Qwen-14B-4bit,552.0,9010.0,0.0,0
2026-06-26T15:18:55.423,timeseries,1,User List,mlx-community/DeepSeek-R1-Distill-Qwen-14B-4bit,229.0,9126.0,0.0,0
2026-06-26T15:18:55.485,timeseries,1,User List,mlx-community/DeepSeek-R1-Distill-Qwen-14B-4bit,295.0,10429.0,0.0,0
2026-06-26T15:18:55.546,timeseries,1,User List,mlx-community/DeepSeek-R1-Distill-Qwen-14B-4bit,1100.0,8948.0,0.0,0
2026-06-26T15:18:55.608,timeseries,1,User List,mlx-community/DeepSeek-R1-Distill-Qwen-14B-4bit,357.0,10327.0,0.0,0
2026-06-26T15:18:55.670,timeseries,1,User List,mlx-community/DeepSeek-R1-Distill-Qwen-14B-4bit,506.0,9073.0,0.0,0
2026-06-26T15:18:55.731,timeseries,1,User List,mlx-community/DeepSeek-R1-Distill-Qwen-14B-4bit,569.0,9035.0,0.0,0
2026-06-26T15:18:55.793,timeseries,1,User List,mlx-community/DeepSeek-R1-Distill-Qwen-14B-4bit,499.0,10217.0,0.0,0
2026-06-26T15:18:55.855,timeseries,1,User List,mlx-community/DeepSeek-R1-Distill-Qwen-14B-4bit,830.0,9003.0,0.0,0
2026-06-26T15:18:55.917,timeseries,1,User List,mlx-community/DeepSeek-R1-Distill-Qwen-14B-4bit,500.0,10243.0,0.0,0
2026-06-26T15:18:55.979,timeseries,1,User List,mlx-community/DeepSeek-R1-Distill-Qwen-14B-4bit,487.0,9028.0,0.0,0
2026-06-26T15:18:56.041,timeseries,1,User List,mlx-community/DeepSeek-R1-Distill-Qwen-14B-4bit,1530.0,8941.0,0.0,0
2026-06-26T15:18:56.102,timeseries,1,User List,mlx-community/DeepSeek-R1-Distill-Qwen-14B-4bit,535.0,10269.0,0.0,0
2026-06-26T15:18:56.164,timeseries,1,User List,mlx-community/DeepSeek-R1-Distill-Qwen-14B-4bit,339.0,8997.0,0.0,0
2026-06-26T15:18:56.225,timeseries,1,User List,mlx-community/DeepSeek-R1-Distill-Qwen-14B-4bit,485.0,10276.0,0.0,0
2026-06-26T15:18:56.287,timeseries,1,User List,mlx-community/DeepSeek-R1-Distill-Qwen-14B-4bit,574.0,9125.0,0.0,0
2026-06-26T15:18:56.349,timeseries,1,User List,mlx-community/DeepSeek-R1-Distill-Qwen-14B-4bit,973.0,8963.0,0.0,0
2026-06-26T15:18:56.411,timeseries,1,User List,mlx-community/DeepSeek-R1-Distill-Qwen-14B-4bit,372.0,10348.0,0.0,0
2026-06-26T15:18:56.472,timeseries,1,User List,mlx-community/DeepSeek-R1-Distill-Qwen-14B-4bit,467.0,8992.0,0.0,0
2026-06-26T15:18:56.534,timeseries,1,User List,mlx-community/DeepSeek-R1-Distill-Qwen-14B-4bit,1113.0,10243.0,0.0,0
2026-06-26T15:18:56.596,timeseries,1,User List,mlx-community/DeepSeek-R1-Distill-Qwen-14B-4bit,641.0,9181.0,0.0,0
2026-06-26T15:18:56.657,timeseries,1,User List,mlx-community/DeepSeek-R1-Distill-Qwen-14B-4bit,1795.0,10047.0,0.0,0
2026-06-26T15:18:56.719,timeseries,1,User List,mlx-community/DeepSeek-R1-Distill-Qwen-14B-4bit,1790.0,9030.0,0.0,0
2026-06-26T15:18:56.780,timeseries,1,User List,mlx-community/DeepSeek-R1-Distill-Qwen-14B-4bit,276.0,9013.0,0.0,0
2026-06-26T15:18:56.844,timeseries,1,User List,mlx-community/DeepSeek-R1-Distill-Qwen-14B-4bit,163.0,10368.0,0.0,0
2026-06-26T15:18:56.906,timeseries,1,User List,mlx-community/DeepSeek-R1-Distill-Qwen-14B-4bit,130.0,9023.0,0.0,0
2026-06-26T15:18:56.969,timeseries,1,User List,mlx-community/DeepSeek-R1-Distill-Qwen-14B-4bit,95.0,10064.0,0.0,0
2026-06-26T15:18:57.030,timeseries,1,User List,mlx-community/DeepSeek-R1-Distill-Qwen-14B-4bit,145.0,8968.0,0.0,0
2026-06-26T15:18:57.092,timeseries,1,User List,mlx-community/DeepSeek-R1-Distill-Qwen-14B-4bit,380.0,10023.0,0.0,0
2026-06-26T15:18:57.156,timeseries,1,User List,mlx-community/DeepSeek-R1-Distill-Qwen-14B-4bit,164.0,9111.0,0.0,0
2026-06-26T15:18:57.218,timeseries,1,User List,mlx-community/DeepSeek-R1-Distill-Qwen-14B-4bit,113.0,10224.0,0.0,0
2026-06-26T15:18:57.279,timeseries,1,User List,mlx-community/DeepSeek-R1-Distill-Qwen-14B-4bit,110.0,8773.0,0.0,0
2026-06-26T15:18:57.341,timeseries,1,User List,mlx-community/DeepSeek-R1-Distill-Qwen-14B-4bit,274.0,10168.0,0.0,0
2026-06-26T15:18:57.403,timeseries,1,User List,mlx-community/DeepSeek-R1-Distill-Qwen-14B-4bit,148.0,9218.0,0.0,0
2026-06-26T15:18:57.466,timeseries,1,User List,mlx-community/DeepSeek-R1-Distill-Qwen-14B-4bit,147.0,9070.0,0.0,0
2026-06-26T15:18:57.528,timeseries,1,User List,mlx-community/DeepSeek-R1-Distill-Qwen-14B-4bit,112.0,10178.0,0.0,0
2026-06-26T15:18:57.590,timeseries,1,User List,mlx-community/DeepSeek-R1-Distill-Qwen-14B-4bit,301.0,8781.0,0.0,0
2026-06-26T15:18:57.652,timeseries,1,User List,mlx-community/DeepSeek-R1-Distill-Qwen-14B-4bit,130.0,10345.0,0.0,0
2026-06-26T15:18:57.716,timeseries,1,User List,mlx-community/DeepSeek-R1-Distill-Qwen-14B-4bit,128.0,8906.0,0.0,0
2026-06-26T15:18:57.778,timeseries,1,User List,mlx-community/DeepSeek-R1-Distill-Qwen-14B-4bit,129.0,10271.0,0.0,0
2026-06-26T15:18:57.840,timeseries,1,User List,mlx-community/DeepSeek-R1-Distill-Qwen-14B-4bit,110.0,8749.0,0.0,0
2026-06-26T15:18:57.903,timeseries,1,User List,mlx-community/DeepSeek-R1-Distill-Qwen-14B-4bit,145.0,10285.0,0.0,0
2026-06-26T15:18:57.966,timeseries,1,User List,mlx-community/DeepSeek-R1-Distill-Qwen-14B-4bit,112.0,8984.0,0.0,0
2026-06-26T15:18:58.026,timeseries,1,User List,mlx-community/DeepSeek-R1-Distill-Qwen-14B-4bit,128.0,10214.0,0.0,0
2026-06-26T15:18:58.088,timeseries,1,User List,mlx-community/DeepSeek-R1-Distill-Qwen-14B-4bit,348.0,8737.0,0.0,0
2026-06-26T15:18:58.151,timeseries,1,User List,mlx-community/DeepSeek-R1-Distill-Qwen-14B-4bit,215.0,10582.0,0.0,0
2026-06-26T15:18:58.212,timeseries,1,User List,mlx-community/DeepSeek-R1-Distill-Qwen-14B-4bit,114.0,9088.0,0.0,0
2026-06-26T15:18:58.275,timeseries,1,User List,mlx-community/DeepSeek-R1-Distill-Qwen-14B-4bit,127.0,10157.0,0.0,0
2026-06-26T15:18:58.337,timeseries,1,User List,mlx-community/DeepSeek-R1-Distill-Qwen-14B-4bit,227.0,8954.0,0.0,0
2026-06-26T15:18:58.398,timeseries,1,User List,mlx-community/DeepSeek-R1-Distill-Qwen-14B-4bit,193.0,8984.0,0.0,0
2026-06-26T15:18:58.461,timeseries,1,User List,mlx-community/DeepSeek-R1-Distill-Qwen-14B-4bit,129.0,10339.0,0.0,0
2026-06-26T15:18:58.522,timeseries,1,User List,mlx-community/DeepSeek-R1-Distill-Qwen-14B-4bit,113.0,9013.0,0.0,0
2026-06-26T15:18:58.585,timeseries,1,User List,mlx-community/DeepSeek-R1-Distill-Qwen-14B-4bit,272.0,10158.0,0.0,0
2026-06-26T15:18:58.648,timeseries,1,User List,mlx-community/DeepSeek-R1-Distill-Qwen-14B-4bit,162.0,9071.0,0.0,0
2026-06-26T15:18:58.710,timeseries,1,User List,mlx-community/DeepSeek-R1-Distill-Qwen-14B-4bit,128.0,10154.0,0.0,0
2026-06-26T15:18:58.772,timeseries,1,User List,mlx-community/DeepSeek-R1-Distill-Qwen-14B-4bit,112.0,8971.0,0.0,0
2026-06-26T15:18:58.835,timeseries,1,User List,mlx-community/DeepSeek-R1-Distill-Qwen-14B-4bit,129.0,10296.0,0.0,0
2026-06-26T15:18:58.897,timeseries,1,User List,mlx-community/DeepSeek-R1-Distill-Qwen-14B-4bit,113.0,9025.0,0.0,0
2026-06-26T15:18:58.959,timeseries,1,User List,mlx-community/DeepSeek-R1-Distill-Qwen-14B-4bit,126.0,10048.0,0.0,0
2026-06-26T15:18:59.020,timeseries,1,User List,mlx-community/DeepSeek-R1-Distill-Qwen-14B-4bit,129.0,9018.0,0.0,0
2026-06-26T15:18:59.081,timeseries,1,User List,mlx-community/DeepSeek-R1-Distill-Qwen-14B-4bit,290.0,8914.0,0.0,0
2026-06-26T15:18:59.144,timeseries,1,User List,mlx-community/DeepSeek-R1-Distill-Qwen-14B-4bit,214.0,10461.0,0.0,0
2026-06-26T15:18:59.206,timeseries,1,User List,mlx-community/DeepSeek-R1-Distill-Qwen-14B-4bit,98.0,9106.0,0.0,0
2026-06-26T15:18:59.268,timeseries,1,User List,mlx-community/DeepSeek-R1-Distill-Qwen-14B-4bit,128.0,10220.0,0.0,0
2026-06-26T15:18:59.330,timeseries,1,User List,mlx-community/DeepSeek-R1-Distill-Qwen-14B-4bit,177.0,8975.0,0.0,0
2026-06-26T15:18:59.392,timeseries,1,User List,mlx-community/DeepSeek-R1-Distill-Qwen-14B-4bit,224.0,10208.0,0.0,0
2026-06-26T15:18:59.454,timeseries,1,User List,mlx-community/DeepSeek-R1-Distill-Qwen-14B-4bit,115.0,9209.0,0.0,0
2026-06-26T15:18:59.516,timeseries,1,User List,mlx-community/DeepSeek-R1-Distill-Qwen-14B-4bit,126.0,10064.0,0.0,0
2026-06-26T15:18:59.578,timeseries,1,User List,mlx-community/DeepSeek-R1-Distill-Qwen-14B-4bit,273.0,8938.0,0.0,0
2026-06-26T15:18:59.641,timeseries,1,User List,mlx-community/DeepSeek-R1-Distill-Qwen-14B-4bit,471.0,9015.0,0.0,0
2026-06-26T15:18:59.707,timeseries,1,User List,mlx-community/DeepSeek-R1-Distill-Qwen-14B-4bit,552.0,10220.0,0.0,0
2026-06-26T15:18:59.769,timeseries,1,User List,mlx-community/DeepSeek-R1-Distill-Qwen-14B-4bit,552.0,9887.0,0.0,0
2026-06-26T15:18:59.831,timeseries,1,User List,mlx-community/DeepSeek-R1-Distill-Qwen-14B-4bit,151.0,8420.0,0.0,0
2026-06-26T15:18:59.893,timeseries,1,User List,mlx-community/DeepSeek-R1-Distill-Qwen-14B-4bit,130.0,10365.0,0.0,0
2026-06-26T15:18:59.956,timeseries,1,User List,mlx-community/DeepSeek-R1-Distill-Qwen-14B-4bit,147.0,9171.0,0.0,0
2026-06-26T15:19:00.018,timeseries,1,User List,mlx-community/DeepSeek-R1-Distill-Qwen-14B-4bit,128.0,10165.0,0.0,0
2026-06-26T15:19:00.080,timeseries,1,User List,mlx-community/DeepSeek-R1-Distill-Qwen-14B-4bit,285.0,8805.0,0.0,0
2026-06-26T15:19:00.142,timeseries,1,User List,mlx-community/DeepSeek-R1-Distill-Qwen-14B-4bit,162.0,10365.0,0.0,0
2026-06-26T15:19:00.204,timeseries,1,User List,mlx-community/DeepSeek-R1-Distill-Qwen-14B-4bit,193.0,9007.0,0.0,0
2026-06-26T15:19:00.267,timeseries,1,User List,mlx-community/DeepSeek-R1-Distill-Qwen-14B-4bit,114.0,9063.0,0.0,0
2026-06-26T15:19:00.329,timeseries,1,User List,mlx-community/DeepSeek-R1-Distill-Qwen-14B-4bit,160.0,10234.0,0.0,0
2026-06-26T15:19:00.391,timeseries,1,User List,mlx-community/DeepSeek-R1-Distill-Qwen-14B-4bit,191.0,8883.0,0.0,0
2026-06-26T15:19:00.453,timeseries,1,User List,mlx-community/DeepSeek-R1-Distill-Qwen-14B-4bit,144.0,10272.0,0.0,0
2026-06-26T15:19:00.516,timeseries,1,User List,mlx-community/DeepSeek-R1-Distill-Qwen-14B-4bit,129.0,9004.0,0.0,0
2026-06-26T15:19:00.576,timeseries,1,User List,mlx-community/DeepSeek-R1-Distill-Qwen-14B-4bit,241.0,10220.0,0.0,0
2026-06-26T15:19:00.638,timeseries,1,User List,mlx-community/DeepSeek-R1-Distill-Qwen-14B-4bit,350.0,8914.0,0.0,0
2026-06-26T15:19:00.700,timeseries,1,User List,mlx-community/DeepSeek-R1-Distill-Qwen-14B-4bit,167.0,10686.0,0.0,0
2026-06-26T15:19:00.763,timeseries,1,User List,mlx-community/DeepSeek-R1-Distill-Qwen-14B-4bit,144.0,8988.0,0.0,0
2026-06-26T15:19:00.825,timeseries,1,User List,mlx-community/DeepSeek-R1-Distill-Qwen-14B-4bit,128.0,10245.0,0.0,0
2026-06-26T15:19:00.887,timeseries,1,User List,mlx-community/DeepSeek-R1-Distill-Qwen-14B-4bit,96.0,8991.0,0.0,0
2026-06-26T15:19:00.950,timeseries,1,User List,mlx-community/DeepSeek-R1-Distill-Qwen-14B-4bit,144.0,10218.0,0.0,0
2026-06-26T15:19:01.012,timeseries,1,User List,mlx-community/DeepSeek-R1-Distill-Qwen-14B-4bit,129.0,9013.0,0.0,0
2026-06-26T15:19:01.075,timeseries,1,User List,mlx-community/DeepSeek-R1-Distill-Qwen-14B-4bit,288.0,8943.0,0.0,0
2026-06-26T15:19:01.137,timeseries,1,User List,mlx-community/DeepSeek-R1-Distill-Qwen-14B-4bit,162.0,10385.0,0.0,0
2026-06-26T15:19:01.199,timeseries,1,User List,mlx-community/DeepSeek-R1-Distill-Qwen-14B-4bit,142.0,8824.0,0.0,0
2026-06-26T15:19:01.262,timeseries,1,User List,mlx-community/DeepSeek-R1-Distill-Qwen-14B-4bit,178.0,10338.0,0.0,0
2026-06-26T15:19:01.324,timeseries,1,User List,mlx-community/DeepSeek-R1-Distill-Qwen-14B-4bit,145.0,9033.0,0.0,0
2026-06-26T15:19:01.386,timeseries,1,User List,mlx-community/DeepSeek-R1-Distill-Qwen-14B-4bit,223.0,10128.0,0.0,0
2026-06-26T15:19:01.447,timeseries,1,User List,mlx-community/DeepSeek-R1-Distill-Qwen-14B-4bit,112.0,9038.0,0.0,0
2026-06-26T15:19:01.508,timeseries,1,User List,mlx-community/DeepSeek-R1-Distill-Qwen-14B-4bit,130.0,10417.0,0.0,0
2026-06-26T15:19:01.569,timeseries,1,User List,mlx-community/DeepSeek-R1-Distill-Qwen-14B-4bit,260.0,9055.0,0.0,0
2026-06-26T15:19:01.633,timeseries,1,User List,mlx-community/DeepSeek-R1-Distill-Qwen-14B-4bit,165.0,9271.0,0.0,0
2026-06-26T15:19:01.695,timeseries,1,User List,mlx-community/DeepSeek-R1-Distill-Qwen-14B-4bit,114.0,10432.0,0.0,0
2026-06-26T15:19:01.756,timeseries,1,User List,mlx-community/DeepSeek-R1-Distill-Qwen-14B-4bit,125.0,8791.0,0.0,0
2026-06-26T15:19:01.818,timeseries,1,User List,mlx-community/DeepSeek-R1-Distill-Qwen-14B-4bit,487.0,10270.0,0.0,0
2026-06-26T15:19:01.880,timeseries,1,User List,mlx-community/DeepSeek-R1-Distill-Qwen-14B-4bit,1622.0,9032.0,0.0,0
2026-06-26T15:19:01.942,timeseries,1,User List,mlx-community/DeepSeek-R1-Distill-Qwen-14B-4bit,371.0,10314.0,0.0,0
2026-06-26T15:19:02.004,timeseries,1,User List,mlx-community/DeepSeek-R1-Distill-Qwen-14B-4bit,178.0,9130.0,0.0,0
2026-06-26T15:19:02.066,timeseries,1,User List,mlx-community/DeepSeek-R1-Distill-Qwen-14B-4bit,453.0,9020.0,0.0,0
2026-06-26T15:19:02.127,timeseries,1,User List,mlx-community/DeepSeek-R1-Distill-Qwen-14B-4bit,209.0,10337.0,0.0,0
2026-06-26T15:19:02.189,timeseries,1,User List,mlx-community/DeepSeek-R1-Distill-Qwen-14B-4bit,146.0,9077.0,0.0,0
2026-06-26T15:19:02.252,timeseries,1,User List,mlx-community/DeepSeek-R1-Distill-Qwen-14B-4bit,98.0,10499.0,0.0,0
2026-06-26T15:19:02.314,timeseries,1,User List,mlx-community/DeepSeek-R1-Distill-Qwen-14B-4bit,178.0,9061.0,0.0,0
2026-06-26T15:19:02.376,timeseries,1,User List,mlx-community/DeepSeek-R1-Distill-Qwen-14B-4bit,287.0,10187.0,0.0,0
2026-06-26T15:19:02.439,timeseries,1,User List,mlx-community/DeepSeek-R1-Distill-Qwen-14B-4bit,128.0,9028.0,0.0,0
2026-06-26T15:19:02.500,timeseries,1,User List,mlx-community/DeepSeek-R1-Distill-Qwen-14B-4bit,113.0,10304.0,0.0,0
2026-06-26T15:19:02.561,timeseries,1,User List,mlx-community/DeepSeek-R1-Distill-Qwen-14B-4bit,255.0,8898.0,0.0,0
2026-06-26T15:19:02.624,timeseries,1,User List,mlx-community/DeepSeek-R1-Distill-Qwen-14B-4bit,180.0,9226.0,0.0,0
2026-06-26T15:19:02.685,timeseries,1,User List,mlx-community/DeepSeek-R1-Distill-Qwen-14B-4bit,130.0,10413.0,0.0,0
2026-06-26T15:19:02.747,timeseries,1,User List,mlx-community/DeepSeek-R1-Distill-Qwen-14B-4bit,129.0,9026.0,0.0,0
2026-06-26T15:19:02.809,timeseries,1,User List,mlx-community/DeepSeek-R1-Distill-Qwen-14B-4bit,113.0,10400.0,0.0,0
2026-06-26T15:19:02.871,timeseries,1,User List,mlx-community/DeepSeek-R1-Distill-Qwen-14B-4bit,114.0,9122.0,0.0,0
2026-06-26T15:19:02.932,timeseries,1,User List,mlx-community/DeepSeek-R1-Distill-Qwen-14B-4bit,145.0,10319.0,0.0,0
2026-06-26T15:19:02.994,timeseries,1,User List,mlx-community/DeepSeek-R1-Distill-Qwen-14B-4bit,114.0,9144.0,0.0,0
2026-06-26T15:19:03.056,timeseries,1,User List,mlx-community/DeepSeek-R1-Distill-Qwen-14B-4bit,210.0,9050.0,0.0,0
2026-06-26T15:19:03.118,timeseries,1,User List,mlx-community/DeepSeek-R1-Distill-Qwen-14B-4bit,274.0,10363.0,0.0,0
2026-06-26T15:19:03.180,timeseries,1,User List,mlx-community/DeepSeek-R1-Distill-Qwen-14B-4bit,113.0,9067.0,0.0,0
2026-06-26T15:19:03.244,timeseries,1,User List,mlx-community/DeepSeek-R1-Distill-Qwen-14B-4bit,128.0,10303.0,0.0,0
2026-06-26T15:19:03.305,timeseries,1,User List,mlx-community/DeepSeek-R1-Distill-Qwen-14B-4bit,113.0,9065.0,0.0,0
2026-06-26T15:19:03.368,timeseries,1,User List,mlx-community/DeepSeek-R1-Distill-Qwen-14B-4bit,516.0,9901.0,0.0,0
2026-06-26T15:19:03.431,timeseries,1,User List,mlx-community/DeepSeek-R1-Distill-Qwen-14B-4bit,147.0,9250.0,0.0,0
2026-06-26T15:19:03.493,timeseries,1,User List,mlx-community/DeepSeek-R1-Distill-Qwen-14B-4bit,143.0,10165.0,0.0,0
2026-06-26T15:19:03.556,timeseries,1,User List,mlx-community/DeepSeek-R1-Distill-Qwen-14B-4bit,209.0,9015.0,0.0,0
2026-06-26T15:19:03.618,timeseries,1,User List,mlx-community/DeepSeek-R1-Distill-Qwen-14B-4bit,208.0,10243.0,0.0,0
2026-06-26T15:19:03.681,timeseries,1,User List,mlx-community/DeepSeek-R1-Distill-Qwen-14B-4bit,127.0,8919.0,0.0,0
2026-06-26T15:19:03.743,timeseries,1,User List,mlx-community/DeepSeek-R1-Distill-Qwen-14B-4bit,145.0,10349.0,0.0,0
2026-06-26T15:19:03.804,timeseries,1,User List,mlx-community/DeepSeek-R1-Distill-Qwen-14B-4bit,112.0,9044.0,0.0,0
2026-06-26T15:19:03.865,timeseries,1,User List,mlx-community/DeepSeek-R1-Distill-Qwen-14B-4bit,404.0,8963.0,0.0,0
2026-06-26T15:19:03.927,timeseries,1,User List,mlx-community/DeepSeek-R1-Distill-Qwen-14B-4bit,1148.0,10532.0,0.0,0
2026-06-26T15:19:03.990,timeseries,1,User List,mlx-community/DeepSeek-R1-Distill-Qwen-14B-4bit,294.0,9178.0,0.0,0
2026-06-26T15:19:04.051,timeseries,1,User List,mlx-community/DeepSeek-R1-Distill-Qwen-14B-4bit,1759.0,10294.0,0.0,0
2026-06-26T15:19:04.112,timeseries,1,User List,mlx-community/DeepSeek-R1-Distill-Qwen-14B-4bit,302.0,8968.0,0.0,0
2026-06-26T15:19:04.174,timeseries,1,User List,mlx-community/DeepSeek-R1-Distill-Qwen-14B-4bit,229.0,9209.0,0.0,0
2026-06-26T15:19:04.236,timeseries,1,User List,mlx-community/DeepSeek-R1-Distill-Qwen-14B-4bit,260.0,10452.0,0.0,0
2026-06-26T15:19:04.297,timeseries,1,User List,mlx-community/DeepSeek-R1-Distill-Qwen-14B-4bit,404.0,9117.0,0.0,0
2026-06-26T15:19:04.359,timeseries,1,User List,mlx-community/DeepSeek-R1-Distill-Qwen-14B-4bit,954.0,10369.0,0.0,0
2026-06-26T15:19:04.421,timeseries,1,User List,mlx-community/DeepSeek-R1-Distill-Qwen-14B-4bit,828.0,9175.0,0.0,0
2026-06-26T15:19:04.483,timeseries,1,User List,mlx-community/DeepSeek-R1-Distill-Qwen-14B-4bit,341.0,10445.0,0.0,0
2026-06-26T15:19:04.545,timeseries,1,User List,mlx-community/DeepSeek-R1-Distill-Qwen-14B-4bit,1144.0,9056.0,0.0,0
2026-06-26T15:19:04.605,timeseries,1,User List,mlx-community/DeepSeek-R1-Distill-Qwen-14B-4bit,503.0,9168.0,0.0,0
2026-06-26T15:19:04.668,timeseries,1,User List,mlx-community/DeepSeek-R1-Distill-Qwen-14B-4bit,615.0,10403.0,0.0,0
2026-06-26T15:19:04.729,timeseries,1,User List,mlx-community/DeepSeek-R1-Distill-Qwen-14B-4bit,345.0,9249.0,0.0,0
2026-06-26T15:19:04.792,timeseries,1,User List,mlx-community/DeepSeek-R1-Distill-Qwen-14B-4bit,496.0,10307.0,0.0,0
2026-06-26T15:19:04.853,timeseries,1,User List,mlx-community/DeepSeek-R1-Distill-Qwen-14B-4bit,471.0,9186.0,0.0,0
2026-06-26T15:19:04.914,timeseries,1,User List,mlx-community/DeepSeek-R1-Distill-Qwen-14B-4bit,578.0,9063.0,0.0,0
2026-06-26T15:19:04.975,timeseries,1,User List,mlx-community/DeepSeek-R1-Distill-Qwen-14B-4bit,473.0,10491.0,0.0,0
2026-06-26T15:19:05.037,timeseries,1,User List,mlx-community/DeepSeek-R1-Distill-Qwen-14B-4bit,967.0,9209.0,0.0,0
2026-06-26T15:19:05.098,timeseries,1,User List,mlx-community/DeepSeek-R1-Distill-Qwen-14B-4bit,538.0,9209.0,0.0,0
2026-06-26T15:19:05.161,timeseries,1,User List,mlx-community/DeepSeek-R1-Distill-Qwen-14B-4bit,604.0,10518.0,0.0,0
2026-06-26T15:19:05.221,timeseries,1,User List,mlx-community/DeepSeek-R1-Distill-Qwen-14B-4bit,485.0,9116.0,0.0,0
2026-06-26T15:19:05.282,timeseries,1,User List,mlx-community/DeepSeek-R1-Distill-Qwen-14B-4bit,1319.0,10295.0,0.0,0
2026-06-26T15:19:05.343,timeseries,1,User List,mlx-community/DeepSeek-R1-Distill-Qwen-14B-4bit,2056.0,9292.0,0.0,0
2026-06-26T15:19:05.403,timeseries,1,User List,mlx-community/DeepSeek-R1-Distill-Qwen-14B-4bit,278.0,9255.0,0.0,0
2026-06-26T15:19:05.467,timeseries,1,User List,mlx-community/DeepSeek-R1-Distill-Qwen-14B-4bit,198.0,9244.0,0.0,0
2026-06-26T15:19:05.528,timeseries,1,User List,mlx-community/DeepSeek-R1-Distill-Qwen-14B-4bit,98.0,10539.0,0.0,0
2026-06-26T15:19:05.590,timeseries,1,User List,mlx-community/DeepSeek-R1-Distill-Qwen-14B-4bit,301.0,8882.0,0.0,0
2026-06-26T15:19:05.653,timeseries,1,User List,mlx-community/DeepSeek-R1-Distill-Qwen-14B-4bit,146.0,10438.0,0.0,0
2026-06-26T15:19:05.716,timeseries,1,User List,mlx-community/DeepSeek-R1-Distill-Qwen-14B-4bit,129.0,9108.0,0.0,0
2026-06-26T15:19:05.780,timeseries,1,User List,mlx-community/DeepSeek-R1-Distill-Qwen-14B-4bit,113.0,10334.0,0.0,0
2026-06-26T15:19:05.842,timeseries,1,User List,mlx-community/DeepSeek-R1-Distill-Qwen-14B-4bit,143.0,10181.0,0.0,0
2026-06-26T15:19:05.904,timeseries,1,User List,mlx-community/DeepSeek-R1-Distill-Qwen-14B-4bit,187.0,8803.0,0.0,0
2026-06-26T15:19:05.968,timeseries,1,User List,mlx-community/DeepSeek-R1-Distill-Qwen-14B-4bit,144.0,10290.0,0.0,0
2026-06-26T15:19:06.030,timeseries,1,User List,mlx-community/DeepSeek-R1-Distill-Qwen-14B-4bit,113.0,9069.0,0.0,0
2026-06-26T15:19:06.093,timeseries,1,User List,mlx-community/DeepSeek-R1-Distill-Qwen-14B-4bit,283.0,10061.0,0.0,0
2026-06-26T15:19:06.154,timeseries,1,User List,mlx-community/DeepSeek-R1-Distill-Qwen-14B-4bit,145.0,9107.0,0.0,0
2026-06-26T15:19:06.217,timeseries,1,User List,mlx-community/DeepSeek-R1-Distill-Qwen-14B-4bit,128.0,10279.0,0.0,0
2026-06-26T15:19:06.279,timeseries,1,User List,mlx-community/DeepSeek-R1-Distill-Qwen-14B-4bit,130.0,9167.0,0.0,0
2026-06-26T15:19:06.341,timeseries,1,User List,mlx-community/DeepSeek-R1-Distill-Qwen-14B-4bit,208.0,8967.0,0.0,0
2026-06-26T15:19:06.403,timeseries,1,User List,mlx-community/DeepSeek-R1-Distill-Qwen-14B-4bit,129.0,10402.0,0.0,0
2026-06-26T15:19:06.464,timeseries,1,User List,mlx-community/DeepSeek-R1-Distill-Qwen-14B-4bit,145.0,9090.0,0.0,0
2026-06-26T15:19:06.525,timeseries,1,User List,mlx-community/DeepSeek-R1-Distill-Qwen-14B-4bit,147.0,10490.0,0.0,0
2026-06-26T15:19:06.587,timeseries,1,User List,mlx-community/DeepSeek-R1-Distill-Qwen-14B-4bit,290.0,8999.0,0.0,0
2026-06-26T15:19:06.650,timeseries,1,User List,mlx-community/DeepSeek-R1-Distill-Qwen-14B-4bit,148.0,10604.0,0.0,0
2026-06-26T15:19:06.712,timeseries,1,User List,mlx-community/DeepSeek-R1-Distill-Qwen-14B-4bit,129.0,9095.0,0.0,0
2026-06-26T15:19:06.774,timeseries,1,User List,mlx-community/DeepSeek-R1-Distill-Qwen-14B-4bit,128.0,9019.0,0.0,0
2026-06-26T15:19:06.837,timeseries,1,User List,mlx-community/DeepSeek-R1-Distill-Qwen-14B-4bit,113.0,10414.0,0.0,0
2026-06-26T15:19:06.899,timeseries,1,User List,mlx-community/DeepSeek-R1-Distill-Qwen-14B-4bit,113.0,9092.0,0.0,0
2026-06-26T15:19:06.961,timeseries,1,User List,mlx-community/DeepSeek-R1-Distill-Qwen-14B-4bit,174.0,10143.0,0.0,0
2026-06-26T15:19:07.023,timeseries,1,User List,mlx-community/DeepSeek-R1-Distill-Qwen-14B-4bit,1826.0,9016.0,0.0,0
2026-06-26T15:19:07.085,timeseries,1,User List,mlx-community/DeepSeek-R1-Distill-Qwen-14B-4bit,953.0,10368.0,0.0,0
2026-06-26T15:19:07.145,timeseries,1,User List,mlx-community/DeepSeek-R1-Distill-Qwen-14B-4bit,371.0,9087.0,0.0,0
2026-06-26T15:19:07.206,timeseries,1,User List,mlx-community/DeepSeek-R1-Distill-Qwen-14B-4bit,179.0,9191.0,0.0,0
2026-06-26T15:19:07.269,timeseries,1,User List,mlx-community/DeepSeek-R1-Distill-Qwen-14B-4bit,316.0,10746.0,0.0,0
2026-06-26T15:19:07.332,timeseries,1,User List,mlx-community/DeepSeek-R1-Distill-Qwen-14B-4bit,898.0,9212.0,0.0,0
2026-06-26T15:19:07.395,timeseries,1,User List,mlx-community/DeepSeek-R1-Distill-Qwen-14B-4bit,525.0,10304.0,0.0,0
2026-06-26T15:19:07.458,timeseries,1,User List,mlx-community/DeepSeek-R1-Distill-Qwen-14B-4bit,366.0,8997.0,0.0,0
2026-06-26T15:19:07.519,timeseries,1,User List,mlx-community/DeepSeek-R1-Distill-Qwen-14B-4bit,726.0,10183.0,0.0,0
2026-06-26T15:19:07.581,timeseries,1,User List,mlx-community/DeepSeek-R1-Distill-Qwen-14B-4bit,1215.0,9029.0,0.0,0
2026-06-26T15:19:07.643,timeseries,1,User List,mlx-community/DeepSeek-R1-Distill-Qwen-14B-4bit,520.0,10528.0,0.0,0
2026-06-26T15:19:07.705,timeseries,1,User List,mlx-community/DeepSeek-R1-Distill-Qwen-14B-4bit,519.0,9148.0,0.0,0
2026-06-26T15:19:07.767,timeseries,1,User List,mlx-community/DeepSeek-R1-Distill-Qwen-14B-4bit,337.0,10407.0,0.0,0
2026-06-26T15:19:07.828,timeseries,1,User List,mlx-community/DeepSeek-R1-Distill-Qwen-14B-4bit,580.0,9142.0,0.0,0
2026-06-26T15:19:07.889,timeseries,1,User List,mlx-community/DeepSeek-R1-Distill-Qwen-14B-4bit,503.0,9181.0,0.0,0
2026-06-26T15:19:07.951,timeseries,1,User List,mlx-community/DeepSeek-R1-Distill-Qwen-14B-4bit,455.0,10533.0,0.0,0
2026-06-26T15:19:08.013,timeseries,1,User List,mlx-community/DeepSeek-R1-Distill-Qwen-14B-4bit,361.0,9284.0,0.0,0
2026-06-26T15:19:08.075,timeseries,1,User List,mlx-community/DeepSeek-R1-Distill-Qwen-14B-4bit,1210.0,10434.0,0.0,0
2026-06-26T15:19:08.137,timeseries,1,User List,mlx-community/DeepSeek-R1-Distill-Qwen-14B-4bit,501.0,9148.0,0.0,0
2026-06-26T15:19:08.199,timeseries,1,User List,mlx-community/DeepSeek-R1-Distill-Qwen-14B-4bit,516.0,9150.0,0.0,0
2026-06-26T15:19:08.261,timeseries,1,User List,mlx-community/DeepSeek-R1-Distill-Qwen-14B-4bit,488.0,10498.0,0.0,0
2026-06-26T15:19:08.322,timeseries,1,User List,mlx-community/DeepSeek-R1-Distill-Qwen-14B-4bit,869.0,9072.0,0.0,0
2026-06-26T15:19:08.383,timeseries,1,User List,mlx-community/DeepSeek-R1-Distill-Qwen-14B-4bit,518.0,10515.0,0.0,0
2026-06-26T15:19:08.445,timeseries,1,User List,mlx-community/DeepSeek-R1-Distill-Qwen-14B-4bit,491.0,9310.0,0.0,0
2026-06-26T15:19:08.507,timeseries,1,User List,mlx-community/DeepSeek-R1-Distill-Qwen-14B-4bit,519.0,9167.0,0.0,0
2026-06-26T15:19:08.569,timeseries,1,User List,mlx-community/DeepSeek-R1-Distill-Qwen-14B-4bit,3341.0,10347.0,0.0,0
2026-06-26T15:19:08.630,timeseries,1,User List,mlx-community/DeepSeek-R1-Distill-Qwen-14B-4bit,1498.0,9088.0,0.0,0
2026-06-26T15:19:08.692,timeseries,1,User List,mlx-community/DeepSeek-R1-Distill-Qwen-14B-4bit,242.0,10442.0,0.0,0
2026-06-26T15:19:08.755,timeseries,1,User List,mlx-community/DeepSeek-R1-Distill-Qwen-14B-4bit,180.0,9319.0,0.0,0
2026-06-26T15:19:08.818,timeseries,1,User List,mlx-community/DeepSeek-R1-Distill-Qwen-14B-4bit,114.0,10529.0,0.0,0
2026-06-26T15:19:08.880,timeseries,1,User List,mlx-community/DeepSeek-R1-Distill-Qwen-14B-4bit,127.0,9005.0,0.0,0
2026-06-26T15:19:08.942,timeseries,1,User List,mlx-community/DeepSeek-R1-Distill-Qwen-14B-4bit,143.0,10261.0,0.0,0
2026-06-26T15:19:09.002,timeseries,1,User List,mlx-community/DeepSeek-R1-Distill-Qwen-14B-4bit,177.0,9175.0,0.0,0
2026-06-26T15:19:09.064,timeseries,1,User List,mlx-community/DeepSeek-R1-Distill-Qwen-14B-4bit,306.0,9035.0,0.0,0
2026-06-26T15:19:09.126,timeseries,1,User List,mlx-community/DeepSeek-R1-Distill-Qwen-14B-4bit,201.0,10853.0,0.0,0
2026-06-26T15:19:09.188,timeseries,1,User List,mlx-community/DeepSeek-R1-Distill-Qwen-14B-4bit,114.0,9194.0,0.0,0
2026-06-26T15:19:09.250,timeseries,1,User List,mlx-community/DeepSeek-R1-Distill-Qwen-14B-4bit,128.0,10368.0,0.0,0
2026-06-26T15:19:09.312,timeseries,1,User List,mlx-community/DeepSeek-R1-Distill-Qwen-14B-4bit,146.0,9128.0,0.0,0
2026-06-26T15:19:09.374,timeseries,1,User List,mlx-community/DeepSeek-R1-Distill-Qwen-14B-4bit,239.0,10283.0,0.0,0
2026-06-26T15:19:09.437,timeseries,1,User List,mlx-community/DeepSeek-R1-Distill-Qwen-14B-4bit,145.0,9203.0,0.0,0
2026-06-26T15:19:09.497,timeseries,1,User List,mlx-community/DeepSeek-R1-Distill-Qwen-14B-4bit,129.0,9143.0,0.0,0
2026-06-26T15:19:09.560,timeseries,1,User List,mlx-community/DeepSeek-R1-Distill-Qwen-14B-4bit,258.0,10384.0,0.0,0
2026-06-26T15:19:09.621,timeseries,1,User List,mlx-community/DeepSeek-R1-Distill-Qwen-14B-4bit,199.0,9408.0,0.0,0
2026-06-26T15:19:09.681,timeseries,1,User List,mlx-community/DeepSeek-R1-Distill-Qwen-14B-4bit,542.0,8939.0,0.0,0
2026-06-26T15:19:09.745,timeseries,1,User List,mlx-community/DeepSeek-R1-Distill-Qwen-14B-4bit,262.0,10593.0,0.0,0
2026-06-26T15:19:09.808,timeseries,1,User List,mlx-community/DeepSeek-R1-Distill-Qwen-14B-4bit,280.0,9306.0,0.0,0
2026-06-26T15:19:09.870,timeseries,1,User List,mlx-community/DeepSeek-R1-Distill-Qwen-14B-4bit,204.0,10114.0,0.0,0
2026-06-26T15:19:09.933,timeseries,1,User List,mlx-community/DeepSeek-R1-Distill-Qwen-14B-4bit,111.0,9013.0,0.0,0
2026-06-26T15:19:09.995,timeseries,1,User List,mlx-community/DeepSeek-R1-Distill-Qwen-14B-4bit,128.0,10394.0,0.0,0
2026-06-26T15:19:10.055,timeseries,1,User List,mlx-community/DeepSeek-R1-Distill-Qwen-14B-4bit,286.0,8968.0,0.0,0
2026-06-26T15:19:10.117,timeseries,1,User List,mlx-community/DeepSeek-R1-Distill-Qwen-14B-4bit,214.0,10673.0,0.0,0
2026-06-26T15:19:10.180,timeseries,1,User List,mlx-community/DeepSeek-R1-Distill-Qwen-14B-4bit,149.0,9350.0,0.0,0
2026-06-26T15:19:10.242,timeseries,1,User List,mlx-community/DeepSeek-R1-Distill-Qwen-14B-4bit,127.0,10336.0,0.0,0
2026-06-26T15:19:10.304,timeseries,1,User List,mlx-community/DeepSeek-R1-Distill-Qwen-14B-4bit,145.0,9116.0,0.0,0
2026-06-26T15:19:10.368,timeseries,1,User List,mlx-community/DeepSeek-R1-Distill-Qwen-14B-4bit,255.0,10294.0,0.0,0
2026-06-26T15:19:10.430,timeseries,1,User List,mlx-community/DeepSeek-R1-Distill-Qwen-14B-4bit,129.0,9190.0,0.0,0
2026-06-26T15:19:10.492,timeseries,1,User List,mlx-community/DeepSeek-R1-Distill-Qwen-14B-4bit,141.0,10153.0,0.0,0
2026-06-26T15:19:10.553,timeseries,1,User List,mlx-community/DeepSeek-R1-Distill-Qwen-14B-4bit,210.0,9134.0,0.0,0
2026-06-26T15:19:10.615,timeseries,1,User List,mlx-community/DeepSeek-R1-Distill-Qwen-14B-4bit,227.0,9212.0,0.0,0
2026-06-26T15:19:10.677,timeseries,1,User List,mlx-community/DeepSeek-R1-Distill-Qwen-14B-4bit,163.0,10539.0,0.0,0
2026-06-26T15:19:10.738,timeseries,1,User List,mlx-community/DeepSeek-R1-Distill-Qwen-14B-4bit,113.0,9198.0,0.0,0
2026-06-26T15:19:10.801,timeseries,1,User List,mlx-community/DeepSeek-R1-Distill-Qwen-14B-4bit,130.0,10526.0,0.0,0
2026-06-26T15:19:10.862,timeseries,1,User List,mlx-community/DeepSeek-R1-Distill-Qwen-14B-4bit,113.0,9201.0,0.0,0
2026-06-26T15:19:10.926,timeseries,1,User List,mlx-community/DeepSeek-R1-Distill-Qwen-14B-4bit,143.0,10333.0,0.0,0
2026-06-26T15:19:10.988,timeseries,1,User List,mlx-community/DeepSeek-R1-Distill-Qwen-14B-4bit,114.0,9262.0,0.0,0
2026-06-26T15:19:11.050,timeseries,1,User List,mlx-community/DeepSeek-R1-Distill-Qwen-14B-4bit,189.0,10204.0,0.0,0
2026-06-26T15:19:11.111,timeseries,1,User List,mlx-community/DeepSeek-R1-Distill-Qwen-14B-4bit,273.0,9119.0,0.0,0
2026-06-26T15:19:11.197,timeseries,1,User List,mlx-community/DeepSeek-R1-Distill-Qwen-14B-4bit,260.0,9117.0,0.0,0
2026-06-26T15:19:11.281,timeseries,1,User List,mlx-community/DeepSeek-R1-Distill-Qwen-14B-4bit,1505.0,14064.0,0.0,0
2026-06-26T15:19:11.367,timeseries,1,User List,mlx-community/DeepSeek-R1-Distill-Qwen-14B-4bit,1578.0,9141.0,0.0,0
2026-06-26T15:19:11.438,timeseries,1,User List,mlx-community/DeepSeek-R1-Distill-Qwen-14B-4bit,1645.0,9489.0,0.0,0
2026-06-26T15:19:11.500,timeseries,1,User List,mlx-community/DeepSeek-R1-Distill-Qwen-14B-4bit,996.0,8130.0,0.0,0
2026-06-26T15:19:11.562,timeseries,1,User List,mlx-community/DeepSeek-R1-Distill-Qwen-14B-4bit,1292.0,7637.0,0.0,0
2026-06-26T15:19:11.623,timeseries,1,User List,mlx-community/DeepSeek-R1-Distill-Qwen-14B-4bit,863.0,8841.0,0.0,0
2026-06-26T15:19:11.686,timeseries,1,User List,mlx-community/DeepSeek-R1-Distill-Qwen-14B-4bit,147.0,10606.0,0.0,0
2026-06-26T15:19:11.750,timeseries,1,User List,mlx-community/DeepSeek-R1-Distill-Qwen-14B-4bit,1022.0,8925.0,0.0,0
2026-06-26T15:19:11.813,timeseries,1,User List,mlx-community/DeepSeek-R1-Distill-Qwen-14B-4bit,865.0,9876.0,0.0,0
2026-06-26T15:19:11.876,timeseries,1,User List,mlx-community/DeepSeek-R1-Distill-Qwen-14B-4bit,937.0,10001.0,0.0,0
2026-06-26T15:19:11.938,timeseries,1,User List,mlx-community/DeepSeek-R1-Distill-Qwen-14B-4bit,284.0,8937.0,0.0,0
2026-06-26T15:19:11.998,timeseries,1,User List,mlx-community/DeepSeek-R1-Distill-Qwen-14B-4bit,159.0,10335.0,0.0,0
2026-06-26T15:19:12.063,timeseries,1,User List,mlx-community/DeepSeek-R1-Distill-Qwen-14B-4bit,243.0,9108.0,0.0,0
2026-06-26T15:19:12.124,timeseries,1,User List,mlx-community/DeepSeek-R1-Distill-Qwen-14B-4bit,230.0,10610.0,0.0,0
2026-06-26T15:19:12.185,timeseries,1,User List,mlx-community/DeepSeek-R1-Distill-Qwen-14B-4bit,1319.0,8690.0,0.0,0
2026-06-26T15:19:12.247,timeseries,1,User List,mlx-community/DeepSeek-R1-Distill-Qwen-14B-4bit,1006.0,9319.0,0.0,0
2026-06-26T15:19:12.310,timeseries,1,User List,mlx-community/DeepSeek-R1-Distill-Qwen-14B-4bit,242.0,10453.0,0.0,0
2026-06-26T15:19:12.372,timeseries,1,User List,mlx-community/DeepSeek-R1-Distill-Qwen-14B-4bit,487.0,9223.0,0.0,0
2026-06-26T15:19:12.434,timeseries,1,User List,mlx-community/DeepSeek-R1-Distill-Qwen-14B-4bit,285.0,10267.0,0.0,0
2026-06-26T15:19:12.497,timeseries,1,User List,mlx-community/DeepSeek-R1-Distill-Qwen-14B-4bit,424.0,9301.0,0.0,0
2026-06-26T15:19:12.560,timeseries,1,User List,mlx-community/DeepSeek-R1-Distill-Qwen-14B-4bit,1297.0,10295.0,0.0,0
2026-06-26T15:19:12.620,timeseries,1,User List,mlx-community/DeepSeek-R1-Distill-Qwen-14B-4bit,1280.0,8723.0,0.0,0
2026-06-26T15:19:12.682,timeseries,1,User List,mlx-community/DeepSeek-R1-Distill-Qwen-14B-4bit,1389.0,8814.0,0.0,0
2026-06-26T15:19:12.745,timeseries,1,User List,mlx-community/DeepSeek-R1-Distill-Qwen-14B-4bit,495.0,10727.0,0.0,0
2026-06-26T15:19:12.809,timeseries,1,User List,mlx-community/DeepSeek-R1-Distill-Qwen-14B-4bit,1554.0,9065.0,0.0,0
2026-06-26T15:19:12.870,timeseries,1,User List,mlx-community/DeepSeek-R1-Distill-Qwen-14B-4bit,1073.0,10036.0,0.0,0
2026-06-26T15:19:12.932,timeseries,1,User List,mlx-community/DeepSeek-R1-Distill-Qwen-14B-4bit,1193.0,8742.0,0.0,0
2026-06-26T15:19:12.995,timeseries,1,User List,mlx-community/DeepSeek-R1-Distill-Qwen-14B-4bit,510.0,10684.0,0.0,0
2026-06-26T15:19:13.057,timeseries,1,User List,mlx-community/DeepSeek-R1-Distill-Qwen-14B-4bit,1232.0,9055.0,0.0,0
2026-06-26T15:19:13.118,timeseries,1,User List,mlx-community/DeepSeek-R1-Distill-Qwen-14B-4bit,369.0,10455.0,0.0,0
2026-06-26T15:19:13.179,timeseries,1,User List,mlx-community/DeepSeek-R1-Distill-Qwen-14B-4bit,502.0,9209.0,0.0,0
2026-06-26T15:19:13.242,timeseries,1,User List,mlx-community/DeepSeek-R1-Distill-Qwen-14B-4bit,488.0,10608.0,0.0,0
2026-06-26T15:19:13.303,timeseries,1,User List,mlx-community/DeepSeek-R1-Distill-Qwen-14B-4bit,570.0,9301.0,0.0,0
2026-06-26T15:19:13.364,timeseries,1,User List,mlx-community/DeepSeek-R1-Distill-Qwen-14B-4bit,828.0,9186.0,0.0,0
2026-06-26T15:19:13.426,timeseries,1,User List,mlx-community/DeepSeek-R1-Distill-Qwen-14B-4bit,519.0,10600.0,0.0,0
2026-06-26T15:19:13.488,timeseries,1,User List,mlx-community/DeepSeek-R1-Distill-Qwen-14B-4bit,507.0,9288.0,0.0,0
2026-06-26T15:19:13.549,timeseries,1,User List,mlx-community/DeepSeek-R1-Distill-Qwen-14B-4bit,1143.0,10466.0,0.0,0
2026-06-26T15:19:13.611,timeseries,1,User List,mlx-community/DeepSeek-R1-Distill-Qwen-14B-4bit,534.0,9200.0,0.0,0
2026-06-26T15:19:13.673,timeseries,1,User List,mlx-community/DeepSeek-R1-Distill-Qwen-14B-4bit,358.0,9288.0,0.0,0
2026-06-26T15:19:13.735,timeseries,1,User List,mlx-community/DeepSeek-R1-Distill-Qwen-14B-4bit,485.0,10557.0,0.0,0
2026-06-26T15:19:13.796,timeseries,1,User List,mlx-community/DeepSeek-R1-Distill-Qwen-14B-4bit,663.0,9233.0,0.0,0
2026-06-26T15:19:13.859,timeseries,1,User List,mlx-community/DeepSeek-R1-Distill-Qwen-14B-4bit,625.0,10465.0,0.0,0
2026-06-26T15:19:13.920,timeseries,1,User List,mlx-community/DeepSeek-R1-Distill-Qwen-14B-4bit,311.0,9331.0,0.0,0
2026-06-26T15:19:13.981,timeseries,1,User List,mlx-community/DeepSeek-R1-Distill-Qwen-14B-4bit,482.0,9156.0,0.0,0
2026-06-26T15:19:14.044,timeseries,1,User List,mlx-community/DeepSeek-R1-Distill-Qwen-14B-4bit,1088.0,10592.0,0.0,0
2026-06-26T15:19:14.105,timeseries,1,User List,mlx-community/DeepSeek-R1-Distill-Qwen-14B-4bit,638.0,9337.0,0.0,0
2026-06-26T15:19:14.167,timeseries,1,User List,mlx-community/DeepSeek-R1-Distill-Qwen-14B-4bit,530.0,10438.0,0.0,0
2026-06-26T15:19:14.229,timeseries,1,User List,mlx-community/DeepSeek-R1-Distill-Qwen-14B-4bit,343.0,9331.0,0.0,0
2026-06-26T15:19:14.291,timeseries,1,User List,mlx-community/DeepSeek-R1-Distill-Qwen-14B-4bit,467.0,9187.0,0.0,0
2026-06-26T15:19:14.353,timeseries,1,User List,mlx-community/DeepSeek-R1-Distill-Qwen-14B-4bit,1017.0,10492.0,0.0,0
2026-06-26T15:19:14.414,timeseries,1,User List,mlx-community/DeepSeek-R1-Distill-Qwen-14B-4bit,497.0,9179.0,0.0,0
2026-06-26T15:19:14.476,timeseries,1,User List,mlx-community/DeepSeek-R1-Distill-Qwen-14B-4bit,340.0,10595.0,0.0,0
2026-06-26T15:19:14.537,timeseries,1,User List,mlx-community/DeepSeek-R1-Distill-Qwen-14B-4bit,1048.0,9334.0,0.0,0
2026-06-26T15:19:14.598,timeseries,1,User List,mlx-community/DeepSeek-R1-Distill-Qwen-14B-4bit,650.0,9282.0,0.0,0
2026-06-26T15:19:14.659,timeseries,1,User List,mlx-community/DeepSeek-R1-Distill-Qwen-14B-4bit,511.0,10745.0,0.0,0
2026-06-26T15:19:14.721,timeseries,1,User List,mlx-community/DeepSeek-R1-Distill-Qwen-14B-4bit,343.0,9303.0,0.0,0
2026-06-26T15:19:14.783,timeseries,1,User List,mlx-community/DeepSeek-R1-Distill-Qwen-14B-4bit,470.0,10578.0,0.0,0
2026-06-26T15:19:14.845,timeseries,1,User List,mlx-community/DeepSeek-R1-Distill-Qwen-14B-4bit,692.0,9221.0,0.0,0
2026-06-26T15:19:14.906,timeseries,1,User List,mlx-community/DeepSeek-R1-Distill-Qwen-14B-4bit,566.0,9228.0,0.0,0
2026-06-26T15:19:14.968,timeseries,1,User List,mlx-community/DeepSeek-R1-Distill-Qwen-14B-4bit,487.0,10564.0,0.0,0
2026-06-26T15:19:15.030,timeseries,1,User List,mlx-community/DeepSeek-R1-Distill-Qwen-14B-4bit,311.0,9356.0,0.0,0
2026-06-26T15:19:15.092,timeseries,1,User List,mlx-community/DeepSeek-R1-Distill-Qwen-14B-4bit,1149.0,10549.0,0.0,0
2026-06-26T15:19:15.154,timeseries,1,User List,mlx-community/DeepSeek-R1-Distill-Qwen-14B-4bit,566.0,9250.0,0.0,0
2026-06-26T15:19:15.215,timeseries,1,User List,mlx-community/DeepSeek-R1-Distill-Qwen-14B-4bit,497.0,9117.0,0.0,0
2026-06-26T15:19:15.277,timeseries,1,User List,mlx-community/DeepSeek-R1-Distill-Qwen-14B-4bit,345.0,10758.0,0.0,0
2026-06-26T15:19:15.339,timeseries,1,User List,mlx-community/DeepSeek-R1-Distill-Qwen-14B-4bit,2772.0,9164.0,0.0,0
2026-06-26T15:19:15.400,timeseries,1,User List,mlx-community/DeepSeek-R1-Distill-Qwen-14B-4bit,811.0,10406.0,0.0,0
2026-06-26T15:19:15.461,timeseries,1,User List,mlx-community/DeepSeek-R1-Distill-Qwen-14B-4bit,276.0,9282.0,0.0,0
2026-06-26T15:19:15.523,timeseries,1,User List,mlx-community/DeepSeek-R1-Distill-Qwen-14B-4bit,309.0,9260.0,0.0,0
2026-06-26T15:19:15.584,timeseries,1,User List,mlx-community/DeepSeek-R1-Distill-Qwen-14B-4bit,1143.0,10643.0,0.0,0
2026-06-26T15:19:15.646,timeseries,1,User List,mlx-community/DeepSeek-R1-Distill-Qwen-14B-4bit,608.0,9394.0,0.0,0
2026-06-26T15:19:15.708,timeseries,1,User List,mlx-community/DeepSeek-R1-Distill-Qwen-14B-4bit,471.0,10610.0,0.0,0
2026-06-26T15:19:15.770,timeseries,1,User List,mlx-community/DeepSeek-R1-Distill-Qwen-14B-4bit,483.0,9168.0,0.0,0
2026-06-26T15:19:15.831,timeseries,1,User List,mlx-community/DeepSeek-R1-Distill-Qwen-14B-4bit,339.0,9250.0,0.0,0
2026-06-26T15:19:15.893,timeseries,1,User List,mlx-community/DeepSeek-R1-Distill-Qwen-14B-4bit,1298.0,10543.0,0.0,0
2026-06-26T15:19:15.955,timeseries,1,User List,mlx-community/DeepSeek-R1-Distill-Qwen-14B-4bit,487.0,9309.0,0.0,0
2026-06-26T15:19:16.018,timeseries,1,User List,mlx-community/DeepSeek-R1-Distill-Qwen-14B-4bit,483.0,10493.0,0.0,0
2026-06-26T15:19:16.080,timeseries,1,User List,mlx-community/DeepSeek-R1-Distill-Qwen-14B-4bit,988.0,9250.0,0.0,0
2026-06-26T15:19:16.141,timeseries,1,User List,mlx-community/DeepSeek-R1-Distill-Qwen-14B-4bit,523.0,10358.0,0.0,0
2026-06-26T15:19:16.203,timeseries,1,User List,mlx-community/DeepSeek-R1-Distill-Qwen-14B-4bit,569.0,9293.0,0.0,0
2026-06-26T15:19:16.265,timeseries,1,User List,mlx-community/DeepSeek-R1-Distill-Qwen-14B-4bit,551.0,9275.0,0.0,0
2026-06-26T15:19:16.327,timeseries,1,User List,mlx-community/DeepSeek-R1-Distill-Qwen-14B-4bit,839.0,10498.0,0.0,0
2026-06-26T15:19:16.388,timeseries,1,User List,mlx-community/DeepSeek-R1-Distill-Qwen-14B-4bit,426.0,9404.0,0.0,0
2026-06-26T15:19:16.450,timeseries,1,User List,mlx-community/DeepSeek-R1-Distill-Qwen-14B-4bit,594.0,10515.0,0.0,0
2026-06-26T15:19:16.512,timeseries,1,User List,mlx-community/DeepSeek-R1-Distill-Qwen-14B-4bit,475.0,9409.0,0.0,0
2026-06-26T15:19:16.573,timeseries,1,User List,mlx-community/DeepSeek-R1-Distill-Qwen-14B-4bit,1132.0,9198.0,0.0,0
2026-06-26T15:19:16.635,timeseries,1,User List,mlx-community/DeepSeek-R1-Distill-Qwen-14B-4bit,320.0,10492.0,0.0,0
2026-06-26T15:19:16.700,timeseries,1,User List,mlx-community/DeepSeek-R1-Distill-Qwen-14B-4bit,603.0,9315.0,0.0,0
2026-06-26T15:19:16.764,timeseries,1,User List,mlx-community/DeepSeek-R1-Distill-Qwen-14B-4bit,488.0,10596.0,0.0,0
2026-06-26T15:19:16.825,timeseries,1,User List,mlx-community/DeepSeek-R1-Distill-Qwen-14B-4bit,588.0,9897.0,0.0,0
2026-06-26T15:19:16.887,timeseries,1,User List,mlx-community/DeepSeek-R1-Distill-Qwen-14B-4bit,388.0,8856.0,0.0,0
2026-06-26T15:19:16.949,timeseries,1,User List,mlx-community/DeepSeek-R1-Distill-Qwen-14B-4bit,764.0,9313.0,0.0,0
2026-06-26T15:19:17.011,timeseries,1,User List,mlx-community/DeepSeek-R1-Distill-Qwen-14B-4bit,468.0,10577.0,0.0,0
2026-06-26T15:19:17.073,timeseries,1,User List,mlx-community/DeepSeek-R1-Distill-Qwen-14B-4bit,1098.0,9217.0,0.0,0
2026-06-26T15:19:17.135,timeseries,1,User List,mlx-community/DeepSeek-R1-Distill-Qwen-14B-4bit,501.0,10547.0,0.0,0
2026-06-26T15:19:17.195,timeseries,1,User List,mlx-community/DeepSeek-R1-Distill-Qwen-14B-4bit,422.0,9309.0,0.0,0
2026-06-26T15:19:17.258,timeseries,1,User List,mlx-community/DeepSeek-R1-Distill-Qwen-14B-4bit,2607.0,9134.0,0.0,0
2026-06-26T15:19:17.318,timeseries,1,User List,mlx-community/DeepSeek-R1-Distill-Qwen-14B-4bit,1773.0,10875.0,0.0,0
2026-06-26T15:19:17.381,timeseries,1,User List,mlx-community/DeepSeek-R1-Distill-Qwen-14B-4bit,253.0,9034.0,0.0,0
2026-06-26T15:19:17.443,timeseries,1,User List,mlx-community/DeepSeek-R1-Distill-Qwen-14B-4bit,182.0,10849.0,0.0,0
2026-06-26T15:19:17.504,timeseries,1,User List,mlx-community/DeepSeek-R1-Distill-Qwen-14B-4bit,144.0,9140.0,0.0,0
2026-06-26T15:19:17.564,timeseries,1,User List,mlx-community/DeepSeek-R1-Distill-Qwen-14B-4bit,272.0,9113.0,0.0,0
2026-06-26T15:19:17.626,timeseries,1,User List,mlx-community/DeepSeek-R1-Distill-Qwen-14B-4bit,185.0,10974.0,0.0,0
2026-06-26T15:19:17.689,timeseries,1,User List,mlx-community/DeepSeek-R1-Distill-Qwen-14B-4bit,97.0,9256.0,0.0,0
2026-06-26T15:19:17.751,timeseries,1,User List,mlx-community/DeepSeek-R1-Distill-Qwen-14B-4bit,145.0,10537.0,0.0,0
2026-06-26T15:19:17.812,timeseries,1,User List,mlx-community/DeepSeek-R1-Distill-Qwen-14B-4bit,114.0,9310.0,0.0,0
2026-06-26T15:19:17.875,timeseries,1,User List,mlx-community/DeepSeek-R1-Distill-Qwen-14B-4bit,129.0,9211.0,0.0,0
2026-06-26T15:19:17.936,timeseries,1,User List,mlx-community/DeepSeek-R1-Distill-Qwen-14B-4bit,113.0,10580.0,0.0,0
2026-06-26T15:19:17.997,timeseries,1,User List,mlx-community/DeepSeek-R1-Distill-Qwen-14B-4bit,159.0,9076.0,0.0,0
2026-06-26T15:19:18.059,timeseries,1,User List,mlx-community/DeepSeek-R1-Distill-Qwen-14B-4bit,261.0,10653.0,0.0,0
2026-06-26T15:19:18.121,timeseries,1,User List,mlx-community/DeepSeek-R1-Distill-Qwen-14B-4bit,229.0,9383.0,0.0,0
2026-06-26T15:19:18.183,timeseries,1,User List,mlx-community/DeepSeek-R1-Distill-Qwen-14B-4bit,130.0,10618.0,0.0,0
2026-06-26T15:19:18.246,timeseries,1,User List,mlx-community/DeepSeek-R1-Distill-Qwen-14B-4bit,113.0,9217.0,0.0,0
2026-06-26T15:19:18.307,timeseries,1,User List,mlx-community/DeepSeek-R1-Distill-Qwen-14B-4bit,129.0,9231.0,0.0,0
2026-06-26T15:19:18.369,timeseries,1,User List,mlx-community/DeepSeek-R1-Distill-Qwen-14B-4bit,271.0,10368.0,0.0,0
2026-06-26T15:19:18.432,timeseries,1,User List,mlx-community/DeepSeek-R1-Distill-Qwen-14B-4bit,131.0,9388.0,0.0,0
2026-06-26T15:19:18.494,timeseries,1,User List,mlx-community/DeepSeek-R1-Distill-Qwen-14B-4bit,112.0,10494.0,0.0,0
2026-06-26T15:19:18.555,timeseries,1,User List,mlx-community/DeepSeek-R1-Distill-Qwen-14B-4bit,239.0,9091.0,0.0,0
2026-06-26T15:19:18.617,timeseries,1,User List,mlx-community/DeepSeek-R1-Distill-Qwen-14B-4bit,227.0,10624.0,0.0,0
2026-06-26T15:19:18.680,timeseries,1,User List,mlx-community/DeepSeek-R1-Distill-Qwen-14B-4bit,114.0,9380.0,0.0,0
2026-06-26T15:19:18.743,timeseries,1,User List,mlx-community/DeepSeek-R1-Distill-Qwen-14B-4bit,112.0,10473.0,0.0,0
2026-06-26T15:19:18.805,timeseries,1,User List,mlx-community/DeepSeek-R1-Distill-Qwen-14B-4bit,143.0,9128.0,0.0,0
2026-06-26T15:19:18.866,timeseries,1,User List,mlx-community/DeepSeek-R1-Distill-Qwen-14B-4bit,128.0,10461.0,0.0,0
2026-06-26T15:19:18.928,timeseries,1,User List,mlx-community/DeepSeek-R1-Distill-Qwen-14B-4bit,114.0,9320.0,0.0,0
2026-06-26T15:19:18.989,timeseries,1,User List,mlx-community/DeepSeek-R1-Distill-Qwen-14B-4bit,129.0,9252.0,0.0,0
2026-06-26T15:19:19.051,timeseries,1,User List,mlx-community/DeepSeek-R1-Distill-Qwen-14B-4bit,291.0,10462.0,0.0,0
2026-06-26T15:19:19.113,timeseries,1,User List,mlx-community/DeepSeek-R1-Distill-Qwen-14B-4bit,262.0,9391.0,0.0,0
2026-06-26T15:19:19.176,timeseries,1,User List,mlx-community/DeepSeek-R1-Distill-Qwen-14B-4bit,145.0,10510.0,0.0,0
2026-06-26T15:19:19.238,timeseries,1,User List,mlx-community/DeepSeek-R1-Distill-Qwen-14B-4bit,113.0,9231.0,0.0,0
2026-06-26T15:19:19.300,timeseries,1,User List,mlx-community/DeepSeek-R1-Distill-Qwen-14B-4bit,128.0,10463.0,0.0,0
2026-06-26T15:19:19.362,timeseries,1,User List,mlx-community/DeepSeek-R1-Distill-Qwen-14B-4bit,274.0,9203.0,0.0,0
2026-06-26T15:19:19.424,timeseries,1,User List,mlx-community/DeepSeek-R1-Distill-Qwen-14B-4bit,129.0,9255.0,0.0,0
2026-06-26T15:19:19.487,timeseries,1,User List,mlx-community/DeepSeek-R1-Distill-Qwen-14B-4bit,129.0,10619.0,0.0,0
2026-06-26T15:19:19.549,timeseries,1,User List,mlx-community/DeepSeek-R1-Distill-Qwen-14B-4bit,161.0,9221.0,0.0,0
2026-06-26T15:19:19.611,timeseries,1,User List,mlx-community/DeepSeek-R1-Distill-Qwen-14B-4bit,238.0,10356.0,0.0,0
2026-06-26T15:19:19.673,timeseries,1,User List,mlx-community/DeepSeek-R1-Distill-Qwen-14B-4bit,129.0,9272.0,0.0,0
2026-06-26T15:19:19.734,timeseries,1,User List,mlx-community/DeepSeek-R1-Distill-Qwen-14B-4bit,530.0,10430.0,0.0,0
2026-06-26T15:19:19.796,timeseries,1,User List,mlx-community/DeepSeek-R1-Distill-Qwen-14B-4bit,196.0,9344.0,0.0,0
2026-06-26T15:19:19.858,timeseries,1,User List,mlx-community/DeepSeek-R1-Distill-Qwen-14B-4bit,130.0,10685.0,0.0,0
2026-06-26T15:19:19.920,timeseries,1,User List,mlx-community/DeepSeek-R1-Distill-Qwen-14B-4bit,113.0,9284.0,0.0,0
2026-06-26T15:19:19.982,timeseries,1,User List,mlx-community/DeepSeek-R1-Distill-Qwen-14B-4bit,144.0,9157.0,0.0,0
2026-06-26T15:19:20.043,timeseries,1,User List,mlx-community/DeepSeek-R1-Distill-Qwen-14B-4bit,146.0,10646.0,0.0,0
2026-06-26T15:19:20.106,timeseries,1,User List,mlx-community/DeepSeek-R1-Distill-Qwen-14B-4bit,388.0,9204.0,0.0,0
2026-06-26T15:19:20.168,timeseries,1,User List,mlx-community/DeepSeek-R1-Distill-Qwen-14B-4bit,179.0,10641.0,0.0,0
2026-06-26T15:19:20.230,timeseries,1,User List,mlx-community/DeepSeek-R1-Distill-Qwen-14B-4bit,113.0,9253.0,0.0,0
2026-06-26T15:19:20.293,timeseries,1,User List,mlx-community/DeepSeek-R1-Distill-Qwen-14B-4bit,128.0,10474.0,0.0,0
2026-06-26T15:19:20.359,timeseries,1,User List,mlx-community/DeepSeek-R1-Distill-Qwen-14B-4bit,242.0,9179.0,0.0,0
2026-06-26T15:19:20.421,timeseries,1,User List,mlx-community/DeepSeek-R1-Distill-Qwen-14B-4bit,222.0,10389.0,0.0,0
2026-06-26T15:19:20.484,timeseries,1,User List,mlx-community/DeepSeek-R1-Distill-Qwen-14B-4bit,271.0,9785.0,0.0,0
2026-06-26T15:19:20.545,timeseries,1,User List,mlx-community/DeepSeek-R1-Distill-Qwen-14B-4bit,161.0,9260.0,0.0,0
2026-06-26T15:19:20.607,timeseries,1,User List,mlx-community/DeepSeek-R1-Distill-Qwen-14B-4bit,270.0,9048.0,0.0,0
2026-06-26T15:19:20.669,timeseries,1,User List,mlx-community/DeepSeek-R1-Distill-Qwen-14B-4bit,132.0,10881.0,0.0,0
2026-06-26T15:19:20.731,timeseries,1,User List,mlx-community/DeepSeek-R1-Distill-Qwen-14B-4bit,113.0,9299.0,0.0,0
2026-06-26T15:19:20.793,timeseries,1,User List,mlx-community/DeepSeek-R1-Distill-Qwen-14B-4bit,145.0,10537.0,0.0,0
2026-06-26T15:19:20.856,timeseries,1,User List,mlx-community/DeepSeek-R1-Distill-Qwen-14B-4bit,129.0,9270.0,0.0,0
2026-06-26T15:19:20.918,timeseries,1,User List,mlx-community/DeepSeek-R1-Distill-Qwen-14B-4bit,129.0,10552.0,0.0,0
2026-06-26T15:19:20.981,timeseries,1,User List,mlx-community/DeepSeek-R1-Distill-Qwen-14B-4bit,126.0,9106.0,0.0,0
2026-06-26T15:19:21.042,timeseries,1,User List,mlx-community/DeepSeek-R1-Distill-Qwen-14B-4bit,145.0,10558.0,0.0,0
2026-06-26T15:19:21.104,timeseries,1,User List,mlx-community/DeepSeek-R1-Distill-Qwen-14B-4bit,257.0,9214.0,0.0,0
2026-06-26T15:19:21.167,timeseries,1,User List,mlx-community/DeepSeek-R1-Distill-Qwen-14B-4bit,179.0,10688.0,0.0,0
2026-06-26T15:19:21.229,timeseries,1,User List,mlx-community/DeepSeek-R1-Distill-Qwen-14B-4bit,96.0,9193.0,0.0,0
2026-06-26T15:19:21.290,timeseries,1,User List,mlx-community/DeepSeek-R1-Distill-Qwen-14B-4bit,129.0,10549.0,0.0,0
2026-06-26T15:19:21.352,timeseries,1,User List,mlx-community/DeepSeek-R1-Distill-Qwen-14B-4bit,256.0,9138.0,0.0,0
2026-06-26T15:19:21.413,timeseries,1,User List,mlx-community/DeepSeek-R1-Distill-Qwen-14B-4bit,149.0,9537.0,0.0,0
2026-06-26T15:19:21.476,timeseries,1,User List,mlx-community/DeepSeek-R1-Distill-Qwen-14B-4bit,129.0,10578.0,0.0,0
2026-06-26T15:19:21.537,timeseries,1,User List,mlx-community/DeepSeek-R1-Distill-Qwen-14B-4bit,130.0,9318.0,0.0,0
2026-06-26T15:19:21.598,timeseries,1,User List,mlx-community/DeepSeek-R1-Distill-Qwen-14B-4bit,321.0,9179.0,0.0,0
2026-06-26T15:19:21.662,timeseries,1,User List,mlx-community/DeepSeek-R1-Distill-Qwen-14B-4bit,148.0,10821.0,0.0,0
2026-06-26T15:19:21.723,timeseries,1,User List,mlx-community/DeepSeek-R1-Distill-Qwen-14B-4bit,97.0,9286.0,0.0,0
2026-06-26T15:19:21.784,timeseries,1,User List,mlx-community/DeepSeek-R1-Distill-Qwen-14B-4bit,143.0,10448.0,0.0,0
2026-06-26T15:19:21.847,timeseries,1,User List,mlx-community/DeepSeek-R1-Distill-Qwen-14B-4bit,115.0,9408.0,0.0,0
2026-06-26T15:19:21.909,timeseries,1,User List,mlx-community/DeepSeek-R1-Distill-Qwen-14B-4bit,145.0,10583.0,0.0,0
2026-06-26T15:19:21.972,timeseries,1,User List,mlx-community/DeepSeek-R1-Distill-Qwen-14B-4bit,129.0,9269.0,0.0,0
2026-06-26T15:19:22.034,timeseries,1,User List,mlx-community/DeepSeek-R1-Distill-Qwen-14B-4bit,112.0,10511.0,0.0,0
2026-06-26T15:19:22.097,timeseries,1,User List,mlx-community/DeepSeek-R1-Distill-Qwen-14B-4bit,271.0,9110.0,0.0,0
2026-06-26T15:19:22.159,timeseries,1,User List,mlx-community/DeepSeek-R1-Distill-Qwen-14B-4bit,129.0,10545.0,0.0,0
2026-06-26T15:19:22.222,timeseries,1,User List,mlx-community/DeepSeek-R1-Distill-Qwen-14B-4bit,159.0,9132.0,0.0,0
2026-06-26T15:19:22.286,timeseries,1,User List,mlx-community/DeepSeek-R1-Distill-Qwen-14B-4bit,97.0,10632.0,0.0,0
2026-06-26T15:19:22.347,timeseries,1,User List,mlx-community/DeepSeek-R1-Distill-Qwen-14B-4bit,550.0,8901.0,0.0,0
2026-06-26T15:19:22.410,timeseries,1,User List,mlx-community/DeepSeek-R1-Distill-Qwen-14B-4bit,1662.0,10335.0,0.0,0
2026-06-26T15:19:22.471,timeseries,1,User List,mlx-community/DeepSeek-R1-Distill-Qwen-14B-4bit,356.0,9328.0,0.0,0
2026-06-26T15:19:22.532,timeseries,1,User List,mlx-community/DeepSeek-R1-Distill-Qwen-14B-4bit,367.0,10465.0,0.0,0
2026-06-26T15:19:22.594,timeseries,1,User List,mlx-community/DeepSeek-R1-Distill-Qwen-14B-4bit,442.0,9415.0,0.0,0
2026-06-26T15:19:22.656,timeseries,1,User List,mlx-community/DeepSeek-R1-Distill-Qwen-14B-4bit,181.0,9462.0,0.0,0
2026-06-26T15:19:22.719,timeseries,1,User List,mlx-community/DeepSeek-R1-Distill-Qwen-14B-4bit,145.0,10624.0,0.0,0
2026-06-26T15:19:22.781,timeseries,1,User List,mlx-community/DeepSeek-R1-Distill-Qwen-14B-4bit,145.0,9237.0,0.0,0
2026-06-26T15:19:22.843,timeseries,1,User List,mlx-community/DeepSeek-R1-Distill-Qwen-14B-4bit,127.0,10430.0,0.0,0
2026-06-26T15:19:22.905,timeseries,1,User List,mlx-community/DeepSeek-R1-Distill-Qwen-14B-4bit,129.0,9266.0,0.0,0
2026-06-26T15:19:22.969,timeseries,1,User List,mlx-community/DeepSeek-R1-Distill-Qwen-14B-4bit,129.0,10600.0,0.0,0
2026-06-26T15:19:23.032,timeseries,1,User List,mlx-community/DeepSeek-R1-Distill-Qwen-14B-4bit,130.0,9340.0,0.0,0
2026-06-26T15:19:23.094,timeseries,1,User List,mlx-community/DeepSeek-R1-Distill-Qwen-14B-4bit,282.0,10291.0,0.0,0
2026-06-26T15:19:23.157,timeseries,1,User List,mlx-community/DeepSeek-R1-Distill-Qwen-14B-4bit,159.0,9198.0,0.0,0
2026-06-26T15:19:23.219,timeseries,1,User List,mlx-community/DeepSeek-R1-Distill-Qwen-14B-4bit,144.0,10548.0,0.0,0
2026-06-26T15:19:23.280,timeseries,1,User List,mlx-community/DeepSeek-R1-Distill-Qwen-14B-4bit,174.0,9151.0,0.0,0
2026-06-26T15:19:23.343,timeseries,1,User List,mlx-community/DeepSeek-R1-Distill-Qwen-14B-4bit,274.0,10513.0,0.0,0
2026-06-26T15:19:23.404,timeseries,1,User List,mlx-community/DeepSeek-R1-Distill-Qwen-14B-4bit,164.0,9520.0,0.0,0
2026-06-26T15:19:23.468,timeseries,1,User List,mlx-community/DeepSeek-R1-Distill-Qwen-14B-4bit,144.0,10572.0,0.0,0
2026-06-26T15:19:23.530,timeseries,1,User List,mlx-community/DeepSeek-R1-Distill-Qwen-14B-4bit,145.0,9304.0,0.0,0
2026-06-26T15:19:23.592,timeseries,1,User List,mlx-community/DeepSeek-R1-Distill-Qwen-14B-4bit,298.0,10274.0,0.0,0
2026-06-26T15:19:23.654,timeseries,1,User List,mlx-community/DeepSeek-R1-Distill-Qwen-14B-4bit,130.0,9393.0,0.0,0
2026-06-26T15:19:23.717,timeseries,1,User List,mlx-community/DeepSeek-R1-Distill-Qwen-14B-4bit,160.0,10540.0,0.0,0
2026-06-26T15:19:23.778,timeseries,1,User List,mlx-community/DeepSeek-R1-Distill-Qwen-14B-4bit,145.0,9320.0,0.0,0
2026-06-26T15:19:23.843,timeseries,1,User List,mlx-community/DeepSeek-R1-Distill-Qwen-14B-4bit,144.0,9219.0,0.0,0
2026-06-26T15:19:23.905,timeseries,1,User List,mlx-community/DeepSeek-R1-Distill-Qwen-14B-4bit,129.0,10650.0,0.0,0
2026-06-26T15:19:23.968,timeseries,1,User List,mlx-community/DeepSeek-R1-Distill-Qwen-14B-4bit,155.0,10240.0,0.0,0
2026-06-26T15:19:24.030,timeseries,1,User List,mlx-community/DeepSeek-R1-Distill-Qwen-14B-4bit,147.0,9457.0,0.0,0
2026-06-26T15:19:24.093,timeseries,1,User List,mlx-community/DeepSeek-R1-Distill-Qwen-14B-4bit,299.0,10340.0,0.0,0
2026-06-26T15:19:24.155,timeseries,1,User List,mlx-community/DeepSeek-R1-Distill-Qwen-14B-4bit,160.0,9204.0,0.0,0
2026-06-26T15:19:24.217,timeseries,1,User List,mlx-community/DeepSeek-R1-Distill-Qwen-14B-4bit,95.0,10433.0,0.0,0
2026-06-26T15:19:24.278,timeseries,1,User List,mlx-community/DeepSeek-R1-Distill-Qwen-14B-4bit,163.0,9393.0,0.0,0
2026-06-26T15:19:24.339,timeseries,1,User List,mlx-community/DeepSeek-R1-Distill-Qwen-14B-4bit,257.0,9189.0,0.0,0
2026-06-26T15:19:24.402,timeseries,1,User List,mlx-community/DeepSeek-R1-Distill-Qwen-14B-4bit,181.0,10882.0,0.0,0
2026-06-26T15:19:24.465,timeseries,1,User List,mlx-community/DeepSeek-R1-Distill-Qwen-14B-4bit,97.0,9375.0,0.0,0
2026-06-26T15:19:24.527,timeseries,1,User List,mlx-community/DeepSeek-R1-Distill-Qwen-14B-4bit,144.0,10527.0,0.0,0
2026-06-26T15:19:24.589,timeseries,1,User List,mlx-community/DeepSeek-R1-Distill-Qwen-14B-4bit,287.0,9124.0,0.0,0
2026-06-26T15:19:24.652,timeseries,1,User List,mlx-community/DeepSeek-R1-Distill-Qwen-14B-4bit,146.0,10661.0,0.0,0
2026-06-26T15:19:24.714,timeseries,1,User List,mlx-community/DeepSeek-R1-Distill-Qwen-14B-4bit,112.0,9255.0,0.0,0
2026-06-26T15:19:24.776,timeseries,1,User List,mlx-community/DeepSeek-R1-Distill-Qwen-14B-4bit,127.0,10494.0,0.0,0
2026-06-26T15:19:24.838,timeseries,1,User List,mlx-community/DeepSeek-R1-Distill-Qwen-14B-4bit,130.0,9313.0,0.0,0
2026-06-26T15:19:24.900,timeseries,1,User List,mlx-community/DeepSeek-R1-Distill-Qwen-14B-4bit,145.0,10588.0,0.0,0
2026-06-26T15:19:24.962,timeseries,1,User List,mlx-community/DeepSeek-R1-Distill-Qwen-14B-4bit,128.0,9245.0,0.0,0
2026-06-26T15:19:25.024,timeseries,1,User List,mlx-community/DeepSeek-R1-Distill-Qwen-14B-4bit,128.0,10555.0,0.0,0
2026-06-26T15:19:25.086,timeseries,1,User List,mlx-community/DeepSeek-R1-Distill-Qwen-14B-4bit,306.0,9224.0,0.0,0
2026-06-26T15:19:25.148,timeseries,1,User List,mlx-community/DeepSeek-R1-Distill-Qwen-14B-4bit,146.0,9381.0,0.0,0
2026-06-26T15:19:25.210,timeseries,1,User List,mlx-community/DeepSeek-R1-Distill-Qwen-14B-4bit,128.0,10542.0,0.0,0
2026-06-26T15:19:25.271,timeseries,1,User List,mlx-community/DeepSeek-R1-Distill-Qwen-14B-4bit,98.0,9428.0,0.0,0
2026-06-26T15:19:25.334,timeseries,1,User List,mlx-community/DeepSeek-R1-Distill-Qwen-14B-4bit,258.0,10543.0,0.0,0
2026-06-26T15:19:25.396,timeseries,1,User List,mlx-community/DeepSeek-R1-Distill-Qwen-14B-4bit,1500.0,9166.0,0.0,0
2026-06-26T15:19:25.459,timeseries,1,User List,mlx-community/DeepSeek-R1-Distill-Qwen-14B-4bit,756.0,10284.0,0.0,0
2026-06-26T15:19:25.521,timeseries,1,User List,mlx-community/DeepSeek-R1-Distill-Qwen-14B-4bit,226.0,9264.0,0.0,0
2026-06-26T15:19:25.583,timeseries,1,User List,mlx-community/DeepSeek-R1-Distill-Qwen-14B-4bit,491.0,10411.0,0.0,0
2026-06-26T15:19:25.646,timeseries,1,User List,mlx-community/DeepSeek-R1-Distill-Qwen-14B-4bit,258.0,9317.0,0.0,0
2026-06-26T15:19:25.708,timeseries,1,User List,mlx-community/DeepSeek-R1-Distill-Qwen-14B-4bit,129.0,9316.0,0.0,0
2026-06-26T15:19:25.770,timeseries,1,User List,mlx-community/DeepSeek-R1-Distill-Qwen-14B-4bit,129.0,10589.0,0.0,0
2026-06-26T15:19:25.831,timeseries,1,User List,mlx-community/DeepSeek-R1-Distill-Qwen-14B-4bit,112.0,9239.0,0.0,0
2026-06-26T15:19:25.893,timeseries,1,User List,mlx-community/DeepSeek-R1-Distill-Qwen-14B-4bit,244.0,10694.0,0.0,0
2026-06-26T15:19:25.955,timeseries,1,User List,mlx-community/DeepSeek-R1-Distill-Qwen-14B-4bit,116.0,9540.0,0.0,0
2026-06-26T15:19:26.016,timeseries,1,User List,mlx-community/DeepSeek-R1-Distill-Qwen-14B-4bit,128.0,10562.0,0.0,0
2026-06-26T15:19:26.078,timeseries,1,User List,mlx-community/DeepSeek-R1-Distill-Qwen-14B-4bit,289.0,9243.0,0.0,0
2026-06-26T15:19:26.141,timeseries,1,User List,mlx-community/DeepSeek-R1-Distill-Qwen-14B-4bit,180.0,9434.0,0.0,0
2026-06-26T15:19:26.203,timeseries,1,User List,mlx-community/DeepSeek-R1-Distill-Qwen-14B-4bit,145.0,10625.0,0.0,0
2026-06-26T15:19:26.267,timeseries,1,User List,mlx-community/DeepSeek-R1-Distill-Qwen-14B-4bit,128.0,9216.0,0.0,0
2026-06-26T15:19:26.328,timeseries,1,User List,mlx-community/DeepSeek-R1-Distill-Qwen-14B-4bit,145.0,10574.0,0.0,0
2026-06-26T15:19:26.390,timeseries,1,User List,mlx-community/DeepSeek-R1-Distill-Qwen-14B-4bit,328.0,8991.0,0.0,0
2026-06-26T15:19:26.452,timeseries,1,User List,mlx-community/DeepSeek-R1-Distill-Qwen-14B-4bit,181.0,10878.0,0.0,0
2026-06-26T15:19:26.513,timeseries,1,User List,mlx-community/DeepSeek-R1-Distill-Qwen-14B-4bit,113.0,9336.0,0.0,0
2026-06-26T15:19:26.574,timeseries,1,User List,mlx-community/DeepSeek-R1-Distill-Qwen-14B-4bit,273.0,10514.0,0.0,0
2026-06-26T15:19:26.636,timeseries,1,User List,mlx-community/DeepSeek-R1-Distill-Qwen-14B-4bit,213.0,9452.0,0.0,0
2026-06-26T15:19:26.698,timeseries,1,User List,mlx-community/DeepSeek-R1-Distill-Qwen-14B-4bit,132.0,9517.0,0.0,0
2026-06-26T15:19:26.760,timeseries,1,User List,mlx-community/DeepSeek-R1-Distill-Qwen-14B-4bit,130.0,10691.0,0.0,0
2026-06-26T15:19:26.822,timeseries,1,User List,mlx-community/DeepSeek-R1-Distill-Qwen-14B-4bit,114.0,9420.0,0.0,0
2026-06-26T15:19:26.884,timeseries,1,User List,mlx-community/DeepSeek-R1-Distill-Qwen-14B-4bit,127.0,10501.0,0.0,0
2026-06-26T15:19:26.947,timeseries,1,User List,mlx-community/DeepSeek-R1-Distill-Qwen-14B-4bit,128.0,9251.0,0.0,0
2026-06-26T15:19:27.007,timeseries,1,User List,mlx-community/DeepSeek-R1-Distill-Qwen-14B-4bit,130.0,10692.0,0.0,0
2026-06-26T15:19:27.069,timeseries,1,User List,mlx-community/DeepSeek-R1-Distill-Qwen-14B-4bit,272.0,9193.0,0.0,0
2026-06-26T15:19:27.131,timeseries,1,User List,mlx-community/DeepSeek-R1-Distill-Qwen-14B-4bit,183.0,9590.0,0.0,0
2026-06-26T15:19:27.193,timeseries,1,User List,mlx-community/DeepSeek-R1-Distill-Qwen-14B-4bit,128.0,10543.0,0.0,0
2026-06-26T15:19:27.256,timeseries,1,User List,mlx-community/DeepSeek-R1-Distill-Qwen-14B-4bit,130.0,9393.0,0.0,0
2026-06-26T15:19:27.318,timeseries,1,User List,mlx-community/DeepSeek-R1-Distill-Qwen-14B-4bit,160.0,10506.0,0.0,0
2026-06-26T15:19:27.380,timeseries,1,User List,mlx-community/DeepSeek-R1-Distill-Qwen-14B-4bit,260.0,9357.0,0.0,0
2026-06-26T15:19:27.442,timeseries,1,User List,mlx-community/DeepSeek-R1-Distill-Qwen-14B-4bit,174.0,10455.0,0.0,0
2026-06-26T15:19:27.504,timeseries,1,User List,mlx-community/DeepSeek-R1-Distill-Qwen-14B-4bit,193.0,9232.0,0.0,0
2026-06-26T15:19:27.566,timeseries,1,User List,mlx-community/DeepSeek-R1-Distill-Qwen-14B-4bit,2229.0,9239.0,0.0,0
2026-06-26T15:19:27.628,timeseries,1,User List,mlx-community/DeepSeek-R1-Distill-Qwen-14B-4bit,372.0,10655.0,0.0,0
2026-06-26T15:19:27.688,timeseries,1,User List,mlx-community/DeepSeek-R1-Distill-Qwen-14B-4bit,336.0,9261.0,0.0,0
2026-06-26T15:19:27.750,timeseries,1,User List,mlx-community/DeepSeek-R1-Distill-Qwen-14B-4bit,227.0,10707.0,0.0,0
2026-06-26T15:19:27.812,timeseries,1,User List,mlx-community/DeepSeek-R1-Distill-Qwen-14B-4bit,247.0,9540.0,0.0,0
2026-06-26T15:19:27.873,timeseries,1,User List,mlx-community/DeepSeek-R1-Distill-Qwen-14B-4bit,438.0,9338.0,0.0,0
2026-06-26T15:19:27.935,timeseries,1,User List,mlx-community/DeepSeek-R1-Distill-Qwen-14B-4bit,340.0,10730.0,0.0,0
2026-06-26T15:19:27.997,timeseries,1,User List,mlx-community/DeepSeek-R1-Distill-Qwen-14B-4bit,548.0,9623.0,0.0,0
2026-06-26T15:19:28.059,timeseries,1,User List,mlx-community/DeepSeek-R1-Distill-Qwen-14B-4bit,1040.0,10557.0,0.0,0
2026-06-26T15:19:28.120,timeseries,1,User List,mlx-community/DeepSeek-R1-Distill-Qwen-14B-4bit,500.0,9331.0,0.0,0
2026-06-26T15:19:28.181,timeseries,1,User List,mlx-community/DeepSeek-R1-Distill-Qwen-14B-4bit,354.0,9292.0,0.0,0
2026-06-26T15:19:28.244,timeseries,1,User List,mlx-community/DeepSeek-R1-Distill-Qwen-14B-4bit,557.0,10853.0,0.0,0
2026-06-26T15:19:28.305,timeseries,1,User List,mlx-community/DeepSeek-R1-Distill-Qwen-14B-4bit,488.0,9428.0,0.0,0
2026-06-26T15:19:28.367,timeseries,1,User List,mlx-community/DeepSeek-R1-Distill-Qwen-14B-4bit,1257.0,10442.0,0.0,0
2026-06-26T15:19:28.428,timeseries,1,User List,mlx-community/DeepSeek-R1-Distill-Qwen-14B-4bit,489.0,9456.0,0.0,0
2026-06-26T15:19:28.490,timeseries,1,User List,mlx-community/DeepSeek-R1-Distill-Qwen-14B-4bit,615.0,9361.0,0.0,0
2026-06-26T15:19:28.551,timeseries,1,User List,mlx-community/DeepSeek-R1-Distill-Qwen-14B-4bit,1047.0,10799.0,0.0,0
2026-06-26T15:19:28.613,timeseries,1,User List,mlx-community/DeepSeek-R1-Distill-Qwen-14B-4bit,488.0,9453.0,0.0,0
2026-06-26T15:19:28.676,timeseries,1,User List,mlx-community/DeepSeek-R1-Distill-Qwen-14B-4bit,486.0,10712.0,0.0,0
2026-06-26T15:19:28.737,timeseries,1,User List,mlx-community/DeepSeek-R1-Distill-Qwen-14B-4bit,405.0,9391.0,0.0,0
2026-06-26T15:19:28.798,timeseries,1,User List,mlx-community/DeepSeek-R1-Distill-Qwen-14B-4bit,480.0,9284.0,0.0,0
2026-06-26T15:19:28.859,timeseries,1,User List,mlx-community/DeepSeek-R1-Distill-Qwen-14B-4bit,426.0,10854.0,0.0,0
2026-06-26T15:19:28.921,timeseries,1,User List,mlx-community/DeepSeek-R1-Distill-Qwen-14B-4bit,473.0,9452.0,0.0,0
2026-06-26T15:19:28.983,timeseries,1,User List,mlx-community/DeepSeek-R1-Distill-Qwen-14B-4bit,455.0,10765.0,0.0,0
2026-06-26T15:19:29.045,timeseries,1,User List,mlx-community/DeepSeek-R1-Distill-Qwen-14B-4bit,1035.0,9351.0,0.0,0
2026-06-26T15:19:29.107,timeseries,1,User List,mlx-community/DeepSeek-R1-Distill-Qwen-14B-4bit,518.0,9410.0,0.0,0
2026-06-26T15:19:29.168,timeseries,1,User List,mlx-community/DeepSeek-R1-Distill-Qwen-14B-4bit,502.0,10726.0,0.0,0
2026-06-26T15:19:29.230,timeseries,1,User List,mlx-community/DeepSeek-R1-Distill-Qwen-14B-4bit,464.0,9244.0,0.0,0
2026-06-26T15:19:29.291,timeseries,1,User List,mlx-community/DeepSeek-R1-Distill-Qwen-14B-4bit,408.0,10827.0,0.0,0
2026-06-26T15:19:29.353,timeseries,1,User List,mlx-community/DeepSeek-R1-Distill-Qwen-14B-4bit,844.0,9367.0,0.0,0
2026-06-26T15:19:29.415,timeseries,1,User List,mlx-community/DeepSeek-R1-Distill-Qwen-14B-4bit,472.0,9467.0,0.0,0
2026-06-26T15:19:29.477,timeseries,1,User List,mlx-community/DeepSeek-R1-Distill-Qwen-14B-4bit,452.0,10697.0,0.0,0
2026-06-26T15:19:29.538,timeseries,1,User List,mlx-community/DeepSeek-R1-Distill-Qwen-14B-4bit,1141.0,9437.0,0.0,0
2026-06-26T15:19:29.600,timeseries,1,User List,mlx-community/DeepSeek-R1-Distill-Qwen-14B-4bit,482.0,10679.0,0.0,0
2026-06-26T15:19:29.661,timeseries,1,User List,mlx-community/DeepSeek-R1-Distill-Qwen-14B-4bit,442.0,9503.0,0.0,0
2026-06-26T15:19:29.723,timeseries,1,User List,mlx-community/DeepSeek-R1-Distill-Qwen-14B-4bit,469.0,9341.0,0.0,0
2026-06-26T15:19:29.785,timeseries,1,User List,mlx-community/DeepSeek-R1-Distill-Qwen-14B-4bit,1394.0,10667.0,0.0,0
2026-06-26T15:19:29.846,timeseries,1,User List,mlx-community/DeepSeek-R1-Distill-Qwen-14B-4bit,403.0,9373.0,0.0,0
2026-06-26T15:19:29.909,timeseries,1,User List,mlx-community/DeepSeek-R1-Distill-Qwen-14B-4bit,455.0,10764.0,0.0,0
2026-06-26T15:19:29.970,timeseries,1,User List,mlx-community/DeepSeek-R1-Distill-Qwen-14B-4bit,439.0,9452.0,0.0,0
2026-06-26T15:19:30.032,timeseries,1,User List,mlx-community/DeepSeek-R1-Distill-Qwen-14B-4bit,596.0,9323.0,0.0,0
2026-06-26T15:19:30.094,timeseries,1,User List,mlx-community/DeepSeek-R1-Distill-Qwen-14B-4bit,941.0,10743.0,0.0,0
2026-06-26T15:19:30.156,timeseries,1,User List,mlx-community/DeepSeek-R1-Distill-Qwen-14B-4bit,468.0,9356.0,0.0,0
2026-06-26T15:19:30.217,timeseries,1,User List,mlx-community/DeepSeek-R1-Distill-Qwen-14B-4bit,455.0,10761.0,0.0,0
2026-06-26T15:19:30.279,timeseries,1,User List,mlx-community/DeepSeek-R1-Distill-Qwen-14B-4bit,533.0,9356.0,0.0,0
2026-06-26T15:19:30.340,timeseries,1,User List,mlx-community/DeepSeek-R1-Distill-Qwen-14B-4bit,748.0,9405.0,0.0,0
2026-06-26T15:19:30.402,timeseries,1,User List,mlx-community/DeepSeek-R1-Distill-Qwen-14B-4bit,502.0,10792.0,0.0,0
2026-06-26T15:19:30.463,timeseries,1,User List,mlx-community/DeepSeek-R1-Distill-Qwen-14B-4bit,442.0,9510.0,0.0,0
2026-06-26T15:19:30.526,timeseries,1,User List,mlx-community/DeepSeek-R1-Distill-Qwen-14B-4bit,469.0,10709.0,0.0,0
2026-06-26T15:19:30.587,timeseries,1,User List,mlx-community/DeepSeek-R1-Distill-Qwen-14B-4bit,1118.0,9396.0,0.0,0
2026-06-26T15:19:30.648,timeseries,1,User List,mlx-community/DeepSeek-R1-Distill-Qwen-14B-4bit,464.0,9306.0,0.0,0
2026-06-26T15:19:30.710,timeseries,1,User List,mlx-community/DeepSeek-R1-Distill-Qwen-14B-4bit,443.0,10887.0,0.0,0
2026-06-26T15:19:30.771,timeseries,1,User List,mlx-community/DeepSeek-R1-Distill-Qwen-14B-4bit,456.0,9433.0,0.0,0
2026-06-26T15:19:30.833,timeseries,1,User List,mlx-community/DeepSeek-R1-Distill-Qwen-14B-4bit,422.0,10784.0,0.0,0
2026-06-26T15:19:30.895,timeseries,1,User List,mlx-community/DeepSeek-R1-Distill-Qwen-14B-4bit,441.0,9490.0,0.0,0
2026-06-26T15:19:30.956,timeseries,1,User List,mlx-community/DeepSeek-R1-Distill-Qwen-14B-4bit,452.0,9382.0,0.0,0
2026-06-26T15:19:31.018,timeseries,1,User List,mlx-community/DeepSeek-R1-Distill-Qwen-14B-4bit,438.0,10745.0,0.0,0
2026-06-26T15:19:31.079,timeseries,1,User List,mlx-community/DeepSeek-R1-Distill-Qwen-14B-4bit,1126.0,9432.0,0.0,0
2026-06-26T15:19:31.142,timeseries,1,User List,mlx-community/DeepSeek-R1-Distill-Qwen-14B-4bit,371.0,10687.0,0.0,0
2026-06-26T15:19:31.203,timeseries,1,User List,mlx-community/DeepSeek-R1-Distill-Qwen-14B-4bit,439.0,9450.0,0.0,0
2026-06-26T15:19:31.264,timeseries,1,User List,mlx-community/DeepSeek-R1-Distill-Qwen-14B-4bit,450.0,9339.0,0.0,0
2026-06-26T15:19:31.326,timeseries,1,User List,mlx-community/DeepSeek-R1-Distill-Qwen-14B-4bit,931.0,10779.0,0.0,0
2026-06-26T15:19:31.387,timeseries,1,User List,mlx-community/DeepSeek-R1-Distill-Qwen-14B-4bit,343.0,9518.0,0.0,0
2026-06-26T15:19:31.448,timeseries,1,User List,mlx-community/DeepSeek-R1-Distill-Qwen-14B-4bit,455.0,9458.0,0.0,0
2026-06-26T15:19:31.512,timeseries,1,User List,mlx-community/DeepSeek-R1-Distill-Qwen-14B-4bit,441.0,10851.0,0.0,0
2026-06-26T15:19:31.573,timeseries,1,User List,mlx-community/DeepSeek-R1-Distill-Qwen-14B-4bit,1187.0,9386.0,0.0,0
2026-06-26T15:19:31.635,timeseries,1,User List,mlx-community/DeepSeek-R1-Distill-Qwen-14B-4bit,489.0,10494.0,0.0,0
2026-06-26T15:19:31.696,timeseries,1,User List,mlx-community/DeepSeek-R1-Distill-Qwen-14B-4bit,454.0,9415.0,0.0,0
2026-06-26T15:19:31.758,timeseries,1,User List,mlx-community/DeepSeek-R1-Distill-Qwen-14B-4bit,455.0,10780.0,0.0,0
2026-06-26T15:19:31.820,timeseries,1,User List,mlx-community/DeepSeek-R1-Distill-Qwen-14B-4bit,455.0,9441.0,0.0,0
2026-06-26T15:19:31.881,timeseries,1,User List,mlx-community/DeepSeek-R1-Distill-Qwen-14B-4bit,406.0,9413.0,0.0,0
2026-06-26T15:19:31.943,timeseries,1,User List,mlx-community/DeepSeek-R1-Distill-Qwen-14B-4bit,453.0,10736.0,0.0,0
2026-06-26T15:19:32.005,timeseries,1,User List,mlx-community/DeepSeek-R1-Distill-Qwen-14B-4bit,424.0,9483.0,0.0,0
2026-06-26T15:19:32.067,timeseries,1,User List,mlx-community/DeepSeek-R1-Distill-Qwen-14B-4bit,1030.0,10670.0,0.0,0
2026-06-26T15:19:32.129,timeseries,1,User List,mlx-community/DeepSeek-R1-Distill-Qwen-14B-4bit,569.0,9412.0,0.0,0
2026-06-26T15:19:32.190,timeseries,1,User List,mlx-community/DeepSeek-R1-Distill-Qwen-14B-4bit,339.0,9378.0,0.0,0
2026-06-26T15:19:32.253,timeseries,1,User List,mlx-community/DeepSeek-R1-Distill-Qwen-14B-4bit,436.0,10720.0,0.0,0
2026-06-26T15:19:32.316,timeseries,1,User List,mlx-community/DeepSeek-R1-Distill-Qwen-14B-4bit,834.0,9486.0,0.0,0
2026-06-26T15:19:32.376,timeseries,1,User List,mlx-community/DeepSeek-R1-Distill-Qwen-14B-4bit,586.0,10483.0,0.0,0
2026-06-26T15:19:32.437,timeseries,1,User List,mlx-community/DeepSeek-R1-Distill-Qwen-14B-4bit,341.0,9474.0,0.0,0
2026-06-26T15:19:32.500,timeseries,1,User List,mlx-community/DeepSeek-R1-Distill-Qwen-14B-4bit,457.0,9482.0,0.0,0
2026-06-26T15:19:32.562,timeseries,1,User List,mlx-community/DeepSeek-R1-Distill-Qwen-14B-4bit,991.0,10774.0,0.0,0
2026-06-26T15:19:32.622,timeseries,1,User List,mlx-community/DeepSeek-R1-Distill-Qwen-14B-4bit,670.0,9267.0,0.0,0
2026-06-26T15:19:32.683,timeseries,1,User List,mlx-community/DeepSeek-R1-Distill-Qwen-14B-4bit,1868.0,10640.0,0.0,0
2026-06-26T15:19:32.744,timeseries,1,User List,mlx-community/DeepSeek-R1-Distill-Qwen-14B-4bit,1628.0,9638.0,0.0,0
2026-06-26T15:19:32.806,timeseries,1,User List,mlx-community/DeepSeek-R1-Distill-Qwen-14B-4bit,227.0,9421.0,0.0,0
2026-06-26T15:19:32.869,timeseries,1,User List,mlx-community/DeepSeek-R1-Distill-Qwen-14B-4bit,164.0,10897.0,0.0,0
2026-06-26T15:19:32.931,timeseries,1,User List,mlx-community/DeepSeek-R1-Distill-Qwen-14B-4bit,130.0,9417.0,0.0,0
2026-06-26T15:19:32.994,timeseries,1,User List,mlx-community/DeepSeek-R1-Distill-Qwen-14B-4bit,126.0,10489.0,0.0,0
2026-06-26T15:19:33.055,timeseries,1,User List,mlx-community/DeepSeek-R1-Distill-Qwen-14B-4bit,209.0,9327.0,0.0,0
2026-06-26T15:19:33.117,timeseries,1,User List,mlx-community/DeepSeek-R1-Distill-Qwen-14B-4bit,3017.0,10672.0,0.0,0
2026-06-26T15:19:33.178,timeseries,1,User List,mlx-community/DeepSeek-R1-Distill-Qwen-14B-4bit,4017.0,9259.0,0.0,0
2026-06-26T15:19:33.239,timeseries,1,User List,mlx-community/DeepSeek-R1-Distill-Qwen-14B-4bit,5130.0,9405.0,0.0,0
2026-06-26T15:19:33.300,timeseries,1,User List,mlx-community/DeepSeek-R1-Distill-Qwen-14B-4bit,5658.0,10972.0,0.0,0
2026-06-26T15:19:33.361,timeseries,1,User List,mlx-community/DeepSeek-R1-Distill-Qwen-14B-4bit,5702.0,9737.0,0.0,0
2026-06-26T15:19:33.423,timeseries,1,User List,mlx-community/DeepSeek-R1-Distill-Qwen-14B-4bit,5581.0,9491.0,0.0,0
2026-06-26T15:19:33.485,timeseries,1,User List,mlx-community/DeepSeek-R1-Distill-Qwen-14B-4bit,2624.0,10854.0,0.0,0
2026-06-26T15:19:33.547,timeseries,1,User List,mlx-community/DeepSeek-R1-Distill-Qwen-14B-4bit,807.0,9395.0,0.0,0
2026-06-26T15:19:33.608,timeseries,1,User List,mlx-community/DeepSeek-R1-Distill-Qwen-14B-4bit,307.0,10777.0,0.0,0
2026-06-26T15:19:33.670,timeseries,1,User List,mlx-community/DeepSeek-R1-Distill-Qwen-14B-4bit,356.0,9407.0,0.0,0
2026-06-26T15:19:33.731,timeseries,1,User List,mlx-community/DeepSeek-R1-Distill-Qwen-14B-4bit,210.0,9422.0,0.0,0
2026-06-26T15:19:33.793,timeseries,1,User List,mlx-community/DeepSeek-R1-Distill-Qwen-14B-4bit,406.0,10818.0,0.0,0
2026-06-26T15:19:33.855,timeseries,1,User List,mlx-community/DeepSeek-R1-Distill-Qwen-14B-4bit,443.0,9571.0,0.0,0
2026-06-26T15:19:33.916,timeseries,1,User List,mlx-community/DeepSeek-R1-Distill-Qwen-14B-4bit,433.0,10678.0,0.0,0
2026-06-26T15:19:33.978,timeseries,1,User List,mlx-community/DeepSeek-R1-Distill-Qwen-14B-4bit,408.0,9489.0,0.0,0
2026-06-26T15:19:34.040,timeseries,1,User List,mlx-community/DeepSeek-R1-Distill-Qwen-14B-4bit,953.0,9405.0,0.0,0
2026-06-26T15:19:34.101,timeseries,1,User List,mlx-community/DeepSeek-R1-Distill-Qwen-14B-4bit,471.0,10825.0,0.0,0
2026-06-26T15:19:34.163,timeseries,1,User List,mlx-community/DeepSeek-R1-Distill-Qwen-14B-4bit,452.0,9404.0,0.0,0
2026-06-26T15:19:34.225,timeseries,1,User List,mlx-community/DeepSeek-R1-Distill-Qwen-14B-4bit,520.0,10796.0,0.0,0
2026-06-26T15:19:34.286,timeseries,1,User List,mlx-community/DeepSeek-R1-Distill-Qwen-14B-4bit,293.0,9517.0,0.0,0
2026-06-26T15:19:34.348,timeseries,1,User List,mlx-community/DeepSeek-R1-Distill-Qwen-14B-4bit,826.0,9410.0,0.0,0
2026-06-26T15:19:34.410,timeseries,1,User List,mlx-community/DeepSeek-R1-Distill-Qwen-14B-4bit,454.0,10854.0,0.0,0
2026-06-26T15:19:34.471,timeseries,1,User List,mlx-community/DeepSeek-R1-Distill-Qwen-14B-4bit,515.0,9366.0,0.0,0
2026-06-26T15:19:34.534,timeseries,1,User List,mlx-community/DeepSeek-R1-Distill-Qwen-14B-4bit,600.0,10782.0,0.0,0
2026-06-26T15:19:34.596,timeseries,1,User List,mlx-community/DeepSeek-R1-Distill-Qwen-14B-4bit,667.0,9505.0,0.0,0
2026-06-26T15:19:34.657,timeseries,1,User List,mlx-community/DeepSeek-R1-Distill-Qwen-14B-4bit,402.0,9373.0,0.0,0
2026-06-26T15:19:34.718,timeseries,1,User List,mlx-community/DeepSeek-R1-Distill-Qwen-14B-4bit,647.0,10759.0,0.0,0
2026-06-26T15:19:34.779,timeseries,1,User List,mlx-community/DeepSeek-R1-Distill-Qwen-14B-4bit,294.0,9549.0,0.0,0
2026-06-26T15:19:34.841,timeseries,1,User List,mlx-community/DeepSeek-R1-Distill-Qwen-14B-4bit,421.0,10803.0,0.0,0
2026-06-26T15:19:34.903,timeseries,1,User List,mlx-community/DeepSeek-R1-Distill-Qwen-14B-4bit,393.0,9566.0,0.0,0
2026-06-26T15:19:34.965,timeseries,1,User List,mlx-community/DeepSeek-R1-Distill-Qwen-14B-4bit,438.0,9464.0,0.0,0
2026-06-26T15:19:35.027,timeseries,1,User List,mlx-community/DeepSeek-R1-Distill-Qwen-14B-4bit,339.0,10750.0,0.0,0
2026-06-26T15:19:35.089,timeseries,1,User List,mlx-community/DeepSeek-R1-Distill-Qwen-14B-4bit,909.0,9460.0,0.0,0
2026-06-26T15:19:35.150,timeseries,1,User List,mlx-community/DeepSeek-R1-Distill-Qwen-14B-4bit,415.0,10667.0,0.0,0
2026-06-26T15:19:35.212,timeseries,1,User List,mlx-community/DeepSeek-R1-Distill-Qwen-14B-4bit,423.0,9504.0,0.0,0
2026-06-26T15:19:35.274,timeseries,1,User List,mlx-community/DeepSeek-R1-Distill-Qwen-14B-4bit,439.0,9473.0,0.0,0
2026-06-26T15:19:35.336,timeseries,1,User List,mlx-community/DeepSeek-R1-Distill-Qwen-14B-4bit,651.0,10810.0,0.0,0
2026-06-26T15:19:35.398,timeseries,1,User List,mlx-community/DeepSeek-R1-Distill-Qwen-14B-4bit,469.0,9461.0,0.0,0
2026-06-26T15:19:35.460,timeseries,1,User List,mlx-community/DeepSeek-R1-Distill-Qwen-14B-4bit,2261.0,10535.0,0.0,0
2026-06-26T15:19:35.522,timeseries,1,User List,mlx-community/DeepSeek-R1-Distill-Qwen-14B-4bit,451.0,9350.0,0.0,0
2026-06-26T15:19:35.583,timeseries,1,User List,mlx-community/DeepSeek-R1-Distill-Qwen-14B-4bit,626.0,10676.0,0.0,0
2026-06-26T15:19:35.645,timeseries,1,User List,mlx-community/DeepSeek-R1-Distill-Qwen-14B-4bit,344.0,9573.0,0.0,0
2026-06-26T15:19:35.706,timeseries,1,User List,mlx-community/DeepSeek-R1-Distill-Qwen-14B-4bit,372.0,9439.0,0.0,0
2026-06-26T15:19:35.768,timeseries,1,User List,mlx-community/DeepSeek-R1-Distill-Qwen-14B-4bit,602.0,10833.0,0.0,0
2026-06-26T15:19:35.830,timeseries,1,User List,mlx-community/DeepSeek-R1-Distill-Qwen-14B-4bit,276.0,9477.0,0.0,0
2026-06-26T15:19:35.891,timeseries,1,User List,mlx-community/DeepSeek-R1-Distill-Qwen-14B-4bit,707.0,10692.0,0.0,0
2026-06-26T15:19:35.953,timeseries,1,User List,mlx-community/DeepSeek-R1-Distill-Qwen-14B-4bit,392.0,9539.0,0.0,0
2026-06-26T15:19:36.015,timeseries,1,User List,mlx-community/DeepSeek-R1-Distill-Qwen-14B-4bit,437.0,9423.0,0.0,0
2026-06-26T15:19:36.077,timeseries,1,User List,mlx-community/DeepSeek-R1-Distill-Qwen-14B-4bit,840.0,10753.0,0.0,0
2026-06-26T15:19:36.138,timeseries,1,User List,mlx-community/DeepSeek-R1-Distill-Qwen-14B-4bit,403.0,9396.0,0.0,0
2026-06-26T15:19:36.201,timeseries,1,User List,mlx-community/DeepSeek-R1-Distill-Qwen-14B-4bit,357.0,10817.0,0.0,0
2026-06-26T15:19:36.263,timeseries,1,User List,mlx-community/DeepSeek-R1-Distill-Qwen-14B-4bit,374.0,9524.0,0.0,0
2026-06-26T15:19:36.325,timeseries,1,User List,mlx-community/DeepSeek-R1-Distill-Qwen-14B-4bit,812.0,10561.0,0.0,0
2026-06-26T15:19:36.387,timeseries,1,User List,mlx-community/DeepSeek-R1-Distill-Qwen-14B-4bit,292.0,9501.0,0.0,0
2026-06-26T15:19:36.448,timeseries,1,User List,mlx-community/DeepSeek-R1-Distill-Qwen-14B-4bit,387.0,9439.0,0.0,0
2026-06-26T15:19:36.511,timeseries,1,User List,mlx-community/DeepSeek-R1-Distill-Qwen-14B-4bit,372.0,10776.0,0.0,0
2026-06-26T15:19:36.572,timeseries,1,User List,mlx-community/DeepSeek-R1-Distill-Qwen-14B-4bit,996.0,9487.0,0.0,0
2026-06-26T15:19:36.634,timeseries,1,User List,mlx-community/DeepSeek-R1-Distill-Qwen-14B-4bit,287.0,10644.0,0.0,0
2026-06-26T15:19:36.695,timeseries,1,User List,mlx-community/DeepSeek-R1-Distill-Qwen-14B-4bit,358.0,9512.0,0.0,0
2026-06-26T15:19:36.756,timeseries,1,User List,mlx-community/DeepSeek-R1-Distill-Qwen-14B-4bit,372.0,9474.0,0.0,0
2026-06-26T15:19:36.818,timeseries,1,User List,mlx-community/DeepSeek-R1-Distill-Qwen-14B-4bit,601.0,10831.0,0.0,0
2026-06-26T15:19:36.879,timeseries,1,User List,mlx-community/DeepSeek-R1-Distill-Qwen-14B-4bit,248.0,9658.0,0.0,0
2026-06-26T15:19:36.941,timeseries,1,User List,mlx-community/DeepSeek-R1-Distill-Qwen-14B-4bit,370.0,10756.0,0.0,0
2026-06-26T15:19:37.002,timeseries,1,User List,mlx-community/DeepSeek-R1-Distill-Qwen-14B-4bit,375.0,9532.0,0.0,0
2026-06-26T15:19:37.063,timeseries,1,User List,mlx-community/DeepSeek-R1-Distill-Qwen-14B-4bit,1008.0,9444.0,0.0,0
2026-06-26T15:19:37.125,timeseries,1,User List,mlx-community/DeepSeek-R1-Distill-Qwen-14B-4bit,260.0,10854.0,0.0,0
2026-06-26T15:19:37.186,timeseries,1,User List,mlx-community/DeepSeek-R1-Distill-Qwen-14B-4bit,393.0,9561.0,0.0,0
2026-06-26T15:19:37.248,timeseries,1,User List,mlx-community/DeepSeek-R1-Distill-Qwen-14B-4bit,359.0,9550.0,0.0,0
2026-06-26T15:19:37.310,timeseries,1,User List,mlx-community/DeepSeek-R1-Distill-Qwen-14B-4bit,554.0,10887.0,0.0,0
2026-06-26T15:19:37.372,timeseries,1,User List,mlx-community/DeepSeek-R1-Distill-Qwen-14B-4bit,660.0,9346.0,0.0,0
2026-06-26T15:19:37.434,timeseries,1,User List,mlx-community/DeepSeek-R1-Distill-Qwen-14B-4bit,322.0,10761.0,0.0,0
2026-06-26T15:19:37.497,timeseries,1,User List,mlx-community/DeepSeek-R1-Distill-Qwen-14B-4bit,424.0,9546.0,0.0,0
2026-06-26T15:19:37.559,timeseries,1,User List,mlx-community/DeepSeek-R1-Distill-Qwen-14B-4bit,923.0,10811.0,0.0,0
2026-06-26T15:19:37.620,timeseries,1,User List,mlx-community/DeepSeek-R1-Distill-Qwen-14B-4bit,473.0,9230.0,0.0,0
2026-06-26T15:19:37.682,timeseries,1,User List,mlx-community/DeepSeek-R1-Distill-Qwen-14B-4bit,274.0,9449.0,0.0,0
2026-06-26T15:19:37.744,timeseries,1,User List,mlx-community/DeepSeek-R1-Distill-Qwen-14B-4bit,881.0,10897.0,0.0,0
2026-06-26T15:19:37.806,timeseries,1,User List,mlx-community/DeepSeek-R1-Distill-Qwen-14B-4bit,2679.0,9401.0,0.0,0
2026-06-26T15:19:37.868,timeseries,1,User List,mlx-community/DeepSeek-R1-Distill-Qwen-14B-4bit,416.0,10701.0,0.0,0
2026-06-26T15:19:37.930,timeseries,1,User List,mlx-community/DeepSeek-R1-Distill-Qwen-14B-4bit,243.0,9515.0,0.0,0
2026-06-26T15:19:37.991,timeseries,1,User List,mlx-community/DeepSeek-R1-Distill-Qwen-14B-4bit,145.0,10833.0,0.0,0
2026-06-26T15:19:38.052,timeseries,1,User List,mlx-community/DeepSeek-R1-Distill-Qwen-14B-4bit,291.0,9417.0,0.0,0
2026-06-26T15:19:38.113,timeseries,1,User List,mlx-community/DeepSeek-R1-Distill-Qwen-14B-4bit,262.0,9539.0,0.0,0
2026-06-26T15:19:38.176,timeseries,1,User List,mlx-community/DeepSeek-R1-Distill-Qwen-14B-4bit,131.0,10996.0,0.0,0
2026-06-26T15:19:38.238,timeseries,1,User List,mlx-community/DeepSeek-R1-Distill-Qwen-14B-4bit,130.0,9467.0,0.0,0
2026-06-26T15:19:38.299,timeseries,1,User List,mlx-community/DeepSeek-R1-Distill-Qwen-14B-4bit,128.0,10673.0,0.0,0
2026-06-26T15:19:38.360,timeseries,1,User List,mlx-community/DeepSeek-R1-Distill-Qwen-14B-4bit,276.0,9397.0,0.0,0
2026-06-26T15:19:38.421,timeseries,1,User List,mlx-community/DeepSeek-R1-Distill-Qwen-14B-4bit,148.0,9667.0,0.0,0
2026-06-26T15:19:38.484,timeseries,1,User List,mlx-community/DeepSeek-R1-Distill-Qwen-14B-4bit,147.0,10927.0,0.0,0
2026-06-26T15:19:38.546,timeseries,1,User List,mlx-community/DeepSeek-R1-Distill-Qwen-14B-4bit,211.0,9422.0,0.0,0
2026-06-26T15:19:38.609,timeseries,1,User List,mlx-community/DeepSeek-R1-Distill-Qwen-14B-4bit,1832.0,10437.0,0.0,0
2026-06-26T15:19:38.670,timeseries,1,User List,mlx-community/DeepSeek-R1-Distill-Qwen-14B-4bit,1010.0,9345.0,0.0,0
2026-06-26T15:19:38.732,timeseries,1,User List,mlx-community/DeepSeek-R1-Distill-Qwen-14B-4bit,350.0,9302.0,0.0,0
2026-06-26T15:19:38.793,timeseries,1,User List,mlx-community/DeepSeek-R1-Distill-Qwen-14B-4bit,263.0,10977.0,0.0,0
2026-06-26T15:19:38.855,timeseries,1,User List,mlx-community/DeepSeek-R1-Distill-Qwen-14B-4bit,343.0,9554.0,0.0,0
2026-06-26T15:19:38.919,timeseries,1,User List,mlx-community/DeepSeek-R1-Distill-Qwen-14B-4bit,580.0,10748.0,0.0,0
2026-06-26T15:19:38.980,timeseries,1,User List,mlx-community/DeepSeek-R1-Distill-Qwen-14B-4bit,324.0,9520.0,0.0,0
2026-06-26T15:19:39.043,timeseries,1,User List,mlx-community/DeepSeek-R1-Distill-Qwen-14B-4bit,962.0,10587.0,0.0,0
2026-06-26T15:19:39.104,timeseries,1,User List,mlx-community/DeepSeek-R1-Distill-Qwen-14B-4bit,407.0,9565.0,0.0,0
2026-06-26T15:19:39.167,timeseries,1,User List,mlx-community/DeepSeek-R1-Distill-Qwen-14B-4bit,462.0,10604.0,0.0,0
2026-06-26T15:19:39.228,timeseries,1,User List,mlx-community/DeepSeek-R1-Distill-Qwen-14B-4bit,277.0,9542.0,0.0,0
2026-06-26T15:19:39.289,timeseries,1,User List,mlx-community/DeepSeek-R1-Distill-Qwen-14B-4bit,384.0,9354.0,0.0,0
2026-06-26T15:19:39.350,timeseries,1,User List,mlx-community/DeepSeek-R1-Distill-Qwen-14B-4bit,771.0,10924.0,0.0,0
2026-06-26T15:19:39.412,timeseries,1,User List,mlx-community/DeepSeek-R1-Distill-Qwen-14B-4bit,472.0,9554.0,0.0,0
2026-06-26T15:19:39.474,timeseries,1,User List,mlx-community/DeepSeek-R1-Distill-Qwen-14B-4bit,261.0,9544.0,0.0,0
2026-06-26T15:19:39.536,timeseries,1,User List,mlx-community/DeepSeek-R1-Distill-Qwen-14B-4bit,839.0,10765.0,0.0,0
2026-06-26T15:19:39.597,timeseries,1,User List,mlx-community/DeepSeek-R1-Distill-Qwen-14B-4bit,467.0,9456.0,0.0,0
2026-06-26T15:19:39.659,timeseries,1,User List,mlx-community/DeepSeek-R1-Distill-Qwen-14B-4bit,456.0,10901.0,0.0,0
2026-06-26T15:19:39.721,timeseries,1,User List,mlx-community/DeepSeek-R1-Distill-Qwen-14B-4bit,243.0,9478.0,0.0,0
2026-06-26T15:19:39.783,timeseries,1,User List,mlx-community/DeepSeek-R1-Distill-Qwen-14B-4bit,1374.0,10746.0,0.0,0
2026-06-26T15:19:39.845,timeseries,1,User List,mlx-community/DeepSeek-R1-Distill-Qwen-14B-4bit,405.0,9467.0,0.0,0
2026-06-26T15:19:39.906,timeseries,1,User List,mlx-community/DeepSeek-R1-Distill-Qwen-14B-4bit,375.0,9537.0,0.0,0
2026-06-26T15:19:39.968,timeseries,1,User List,mlx-community/DeepSeek-R1-Distill-Qwen-14B-4bit,516.0,10753.0,0.0,0
2026-06-26T15:19:40.029,timeseries,1,User List,mlx-community/DeepSeek-R1-Distill-Qwen-14B-4bit,392.0,9550.0,0.0,0
2026-06-26T15:19:40.091,timeseries,1,User List,mlx-community/DeepSeek-R1-Distill-Qwen-14B-4bit,951.0,10784.0,0.0,0
2026-06-26T15:19:40.153,timeseries,1,User List,mlx-community/DeepSeek-R1-Distill-Qwen-14B-4bit,391.0,9519.0,0.0,0
2026-06-26T15:19:40.214,timeseries,1,User List,mlx-community/DeepSeek-R1-Distill-Qwen-14B-4bit,440.0,9492.0,0.0,0
2026-06-26T15:19:40.277,timeseries,1,User List,mlx-community/DeepSeek-R1-Distill-Qwen-14B-4bit,275.0,10821.0,0.0,0
2026-06-26T15:19:40.338,timeseries,1,User List,mlx-community/DeepSeek-R1-Distill-Qwen-14B-4bit,762.0,9489.0,0.0,0
2026-06-26T15:19:40.400,timeseries,1,User List,mlx-community/DeepSeek-R1-Distill-Qwen-14B-4bit,401.0,10764.0,0.0,0
2026-06-26T15:19:40.462,timeseries,1,User List,mlx-community/DeepSeek-R1-Distill-Qwen-14B-4bit,439.0,9520.0,0.0,0
2026-06-26T15:19:40.523,timeseries,1,User List,mlx-community/DeepSeek-R1-Distill-Qwen-14B-4bit,257.0,9408.0,0.0,0
2026-06-26T15:19:40.585,timeseries,1,User List,mlx-community/DeepSeek-R1-Distill-Qwen-14B-4bit,924.0,10843.0,0.0,0
2026-06-26T15:19:40.646,timeseries,1,User List,mlx-community/DeepSeek-R1-Distill-Qwen-14B-4bit,376.0,9588.0,0.0,0
2026-06-26T15:19:40.708,timeseries,1,User List,mlx-community/DeepSeek-R1-Distill-Qwen-14B-4bit,455.0,10874.0,0.0,0
2026-06-26T15:19:40.769,timeseries,1,User List,mlx-community/DeepSeek-R1-Distill-Qwen-14B-4bit,263.0,9602.0,0.0,0
2026-06-26T15:19:40.830,timeseries,1,User List,mlx-community/DeepSeek-R1-Distill-Qwen-14B-4bit,356.0,9494.0,0.0,0
2026-06-26T15:19:40.892,timeseries,1,User List,mlx-community/DeepSeek-R1-Distill-Qwen-14B-4bit,377.0,10992.0,0.0,0
2026-06-26T15:19:40.953,timeseries,1,User List,mlx-community/DeepSeek-R1-Distill-Qwen-14B-4bit,457.0,9557.0,0.0,0
2026-06-26T15:19:41.016,timeseries,1,User List,mlx-community/DeepSeek-R1-Distill-Qwen-14B-4bit,403.0,9445.0,0.0,0
2026-06-26T15:19:41.077,timeseries,1,User List,mlx-community/DeepSeek-R1-Distill-Qwen-14B-4bit,926.0,10868.0,0.0,0
2026-06-26T15:19:41.138,timeseries,1,User List,mlx-community/DeepSeek-R1-Distill-Qwen-14B-4bit,389.0,9497.0,0.0,0
2026-06-26T15:19:41.200,timeseries,1,User List,mlx-community/DeepSeek-R1-Distill-Qwen-14B-4bit,372.0,10841.0,0.0,0
2026-06-26T15:19:41.263,timeseries,1,User List,mlx-community/DeepSeek-R1-Distill-Qwen-14B-4bit,456.0,9501.0,0.0,0
2026-06-26T15:19:41.324,timeseries,1,User List,mlx-community/DeepSeek-R1-Distill-Qwen-14B-4bit,645.0,10776.0,0.0,0
2026-06-26T15:19:41.386,timeseries,1,User List,mlx-community/DeepSeek-R1-Distill-Qwen-14B-4bit,370.0,9459.0,0.0,0
2026-06-26T15:19:41.447,timeseries,1,User List,mlx-community/DeepSeek-R1-Distill-Qwen-14B-4bit,393.0,9628.0,0.0,0
2026-06-26T15:19:41.510,timeseries,1,User List,mlx-community/DeepSeek-R1-Distill-Qwen-14B-4bit,436.0,10826.0,0.0,0
2026-06-26T15:19:41.572,timeseries,1,User List,mlx-community/DeepSeek-R1-Distill-Qwen-14B-4bit,795.0,9524.0,0.0,0
2026-06-26T15:19:41.634,timeseries,1,User List,mlx-community/DeepSeek-R1-Distill-Qwen-14B-4bit,382.0,10677.0,0.0,0
2026-06-26T15:19:41.695,timeseries,1,User List,mlx-community/DeepSeek-R1-Distill-Qwen-14B-4bit,373.0,9512.0,0.0,0
2026-06-26T15:19:41.756,timeseries,1,User List,mlx-community/DeepSeek-R1-Distill-Qwen-14B-4bit,419.0,9433.0,0.0,0
2026-06-26T15:19:41.818,timeseries,1,User List,mlx-community/DeepSeek-R1-Distill-Qwen-14B-4bit,277.0,10949.0,0.0,0
2026-06-26T15:19:41.880,timeseries,1,User List,mlx-community/DeepSeek-R1-Distill-Qwen-14B-4bit,342.0,9558.0,0.0,0
2026-06-26T15:19:41.943,timeseries,1,User List,mlx-community/DeepSeek-R1-Distill-Qwen-14B-4bit,371.0,10798.0,0.0,0
2026-06-26T15:19:42.005,timeseries,1,User List,mlx-community/DeepSeek-R1-Distill-Qwen-14B-4bit,534.0,9492.0,0.0,0
2026-06-26T15:19:42.067,timeseries,1,User List,mlx-community/DeepSeek-R1-Distill-Qwen-14B-4bit,841.0,10579.0,0.0,0
2026-06-26T15:19:42.128,timeseries,1,User List,mlx-community/DeepSeek-R1-Distill-Qwen-14B-4bit,392.0,9592.0,0.0,0
2026-06-26T15:19:42.190,timeseries,1,User List,mlx-community/DeepSeek-R1-Distill-Qwen-14B-4bit,386.0,9419.0,0.0,0
2026-06-26T15:19:42.253,timeseries,1,User List,mlx-community/DeepSeek-R1-Distill-Qwen-14B-4bit,375.0,10920.0,0.0,0
2026-06-26T15:19:42.314,timeseries,1,User List,mlx-community/DeepSeek-R1-Distill-Qwen-14B-4bit,761.0,9460.0,0.0,0
2026-06-26T15:19:42.377,timeseries,1,User List,mlx-community/DeepSeek-R1-Distill-Qwen-14B-4bit,380.0,10606.0,0.0,0
2026-06-26T15:19:42.438,timeseries,1,User List,mlx-community/DeepSeek-R1-Distill-Qwen-14B-4bit,357.0,9570.0,0.0,0
2026-06-26T15:19:42.500,timeseries,1,User List,mlx-community/DeepSeek-R1-Distill-Qwen-14B-4bit,371.0,10795.0,0.0,0
2026-06-26T15:19:42.561,timeseries,1,User List,mlx-community/DeepSeek-R1-Distill-Qwen-14B-4bit,1007.0,9483.0,0.0,0
2026-06-26T15:19:42.623,timeseries,1,User List,mlx-community/DeepSeek-R1-Distill-Qwen-14B-4bit,261.0,9577.0,0.0,0
2026-06-26T15:19:42.685,timeseries,1,User List,mlx-community/DeepSeek-R1-Distill-Qwen-14B-4bit,373.0,10870.0,0.0,0
2026-06-26T15:19:42.747,timeseries,1,User List,mlx-community/DeepSeek-R1-Distill-Qwen-14B-4bit,356.0,9527.0,0.0,0
2026-06-26T15:19:42.809,timeseries,1,User List,mlx-community/DeepSeek-R1-Distill-Qwen-14B-4bit,449.0,10755.0,0.0,0
2026-06-26T15:19:42.870,timeseries,1,User List,mlx-community/DeepSeek-R1-Distill-Qwen-14B-4bit,261.0,9569.0,0.0,0
2026-06-26T15:19:42.931,timeseries,1,User List,mlx-community/DeepSeek-R1-Distill-Qwen-14B-4bit,3104.0,9313.0,0.0,0
2026-06-26T15:19:42.992,timeseries,1,User List,mlx-community/DeepSeek-R1-Distill-Qwen-14B-4bit,459.0,10998.0,0.0,0
2026-06-26T15:19:43.053,timeseries,1,User List,mlx-community/DeepSeek-R1-Distill-Qwen-14B-4bit,440.0,9492.0,0.0,0
2026-06-26T15:19:43.115,timeseries,1,User List,mlx-community/DeepSeek-R1-Distill-Qwen-14B-4bit,197.0,9674.0,0.0,0
2026-06-26T15:19:43.177,timeseries,1,User List,mlx-community/DeepSeek-R1-Distill-Qwen-14B-4bit,147.0,10956.0,0.0,0
2026-06-26T15:19:43.240,timeseries,1,User List,mlx-community/DeepSeek-R1-Distill-Qwen-14B-4bit,128.0,9433.0,0.0,0
2026-06-26T15:19:43.303,timeseries,1,User List,mlx-community/DeepSeek-R1-Distill-Qwen-14B-4bit,129.0,10825.0,0.0,0
2026-06-26T15:19:43.365,timeseries,1,User List,mlx-community/DeepSeek-R1-Distill-Qwen-14B-4bit,273.0,9334.0,0.0,0
2026-06-26T15:19:43.427,timeseries,1,User List,mlx-community/DeepSeek-R1-Distill-Qwen-14B-4bit,159.0,10665.0,0.0,0
2026-06-26T15:19:43.489,timeseries,1,User List,mlx-community/DeepSeek-R1-Distill-Qwen-14B-4bit,128.0,9428.0,0.0,0
2026-06-26T15:19:43.552,timeseries,1,User List,mlx-community/DeepSeek-R1-Distill-Qwen-14B-4bit,195.0,10850.0,0.0,0
2026-06-26T15:19:43.614,timeseries,1,User List,mlx-community/DeepSeek-R1-Distill-Qwen-14B-4bit,271.0,9378.0,0.0,0
2026-06-26T15:19:43.676,timeseries,1,User List,mlx-community/DeepSeek-R1-Distill-Qwen-14B-4bit,143.0,10622.0,0.0,0
2026-06-26T15:19:43.738,timeseries,1,User List,mlx-community/DeepSeek-R1-Distill-Qwen-14B-4bit,114.0,9537.0,0.0,0
2026-06-26T15:19:43.800,timeseries,1,User List,mlx-community/DeepSeek-R1-Distill-Qwen-14B-4bit,128.0,10768.0,0.0,0
2026-06-26T15:19:43.863,timeseries,1,User List,mlx-community/DeepSeek-R1-Distill-Qwen-14B-4bit,146.0,9486.0,0.0,0
2026-06-26T15:19:43.925,timeseries,1,User List,mlx-community/DeepSeek-R1-Distill-Qwen-14B-4bit,96.0,10802.0,0.0,0
2026-06-26T15:19:43.987,timeseries,1,User List,mlx-community/DeepSeek-R1-Distill-Qwen-14B-4bit,129.0,9462.0,0.0,0
2026-06-26T15:19:44.048,timeseries,1,User List,mlx-community/DeepSeek-R1-Distill-Qwen-14B-4bit,177.0,9463.0,0.0,0
2026-06-26T15:19:44.111,timeseries,1,User List,mlx-community/DeepSeek-R1-Distill-Qwen-14B-4bit,370.0,10789.0,0.0,0
2026-06-26T15:19:44.172,timeseries,1,User List,mlx-community/DeepSeek-R1-Distill-Qwen-14B-4bit,163.0,9567.0,0.0,0
2026-06-26T15:19:44.234,timeseries,1,User List,mlx-community/DeepSeek-R1-Distill-Qwen-14B-4bit,128.0,10751.0,0.0,0
2026-06-26T15:19:44.294,timeseries,1,User List,mlx-community/DeepSeek-R1-Distill-Qwen-14B-4bit,130.0,9562.0,0.0,0
2026-06-26T15:19:44.358,timeseries,1,User List,mlx-community/DeepSeek-R1-Distill-Qwen-14B-4bit,278.0,9567.0,0.0,0
2026-06-26T15:19:44.421,timeseries,1,User List,mlx-community/DeepSeek-R1-Distill-Qwen-14B-4bit,147.0,10985.0,0.0,0
2026-06-26T15:19:44.483,timeseries,1,User List,mlx-community/DeepSeek-R1-Distill-Qwen-14B-4bit,141.0,9203.0,0.0,0
2026-06-26T15:19:44.545,timeseries,1,User List,mlx-community/DeepSeek-R1-Distill-Qwen-14B-4bit,161.0,10760.0,0.0,0
2026-06-26T15:19:44.608,timeseries,1,User List,mlx-community/DeepSeek-R1-Distill-Qwen-14B-4bit,256.0,9391.0,0.0,0
2026-06-26T15:19:44.670,timeseries,1,User List,mlx-community/DeepSeek-R1-Distill-Qwen-14B-4bit,145.0,10801.0,0.0,0
2026-06-26T15:19:44.732,timeseries,1,User List,mlx-community/DeepSeek-R1-Distill-Qwen-14B-4bit,127.0,9348.0,0.0,0
2026-06-26T15:19:44.795,timeseries,1,User List,mlx-community/DeepSeek-R1-Distill-Qwen-14B-4bit,129.0,10811.0,0.0,0
2026-06-26T15:19:44.856,timeseries,1,User List,mlx-community/DeepSeek-R1-Distill-Qwen-14B-4bit,128.0,9448.0,0.0,0
2026-06-26T15:19:44.918,timeseries,1,User List,mlx-community/DeepSeek-R1-Distill-Qwen-14B-4bit,161.0,10762.0,0.0,0
2026-06-26T15:19:44.981,timeseries,1,User List,mlx-community/DeepSeek-R1-Distill-Qwen-14B-4bit,97.0,9563.0,0.0,0
2026-06-26T15:19:45.044,timeseries,1,User List,mlx-community/DeepSeek-R1-Distill-Qwen-14B-4bit,162.0,10898.0,0.0,0
2026-06-26T15:19:45.105,timeseries,1,User List,mlx-community/DeepSeek-R1-Distill-Qwen-14B-4bit,255.0,9333.0,0.0,0
2026-06-26T15:19:45.168,timeseries,1,User List,mlx-community/DeepSeek-R1-Distill-Qwen-14B-4bit,176.0,10730.0,0.0,0
2026-06-26T15:19:45.230,timeseries,1,User List,mlx-community/DeepSeek-R1-Distill-Qwen-14B-4bit,114.0,9567.0,0.0,0
2026-06-26T15:19:45.291,timeseries,1,User List,mlx-community/DeepSeek-R1-Distill-Qwen-14B-4bit,127.0,10704.0,0.0,0
2026-06-26T15:19:45.353,timeseries,1,User List,mlx-community/DeepSeek-R1-Distill-Qwen-14B-4bit,258.0,9430.0,0.0,0
2026-06-26T15:19:45.415,timeseries,1,User List,mlx-community/DeepSeek-R1-Distill-Qwen-14B-4bit,162.0,9553.0,0.0,0
2026-06-26T15:19:45.477,timeseries,1,User List,mlx-community/DeepSeek-R1-Distill-Qwen-14B-4bit,371.0,10748.0,0.0,0
2026-06-26T15:19:45.538,timeseries,1,User List,mlx-community/DeepSeek-R1-Distill-Qwen-14B-4bit,1252.0,9481.0,0.0,0
2026-06-26T15:19:45.599,timeseries,1,User List,mlx-community/DeepSeek-R1-Distill-Qwen-14B-4bit,371.0,10829.0,0.0,0
2026-06-26T15:19:45.662,timeseries,1,User List,mlx-community/DeepSeek-R1-Distill-Qwen-14B-4bit,228.0,9560.0,0.0,0
2026-06-26T15:19:45.724,timeseries,1,User List,mlx-community/DeepSeek-R1-Distill-Qwen-14B-4bit,165.0,9686.0,0.0,0
2026-06-26T15:19:45.786,timeseries,1,User List,mlx-community/DeepSeek-R1-Distill-Qwen-14B-4bit,128.0,10769.0,0.0,0
2026-06-26T15:19:45.847,timeseries,1,User List,mlx-community/DeepSeek-R1-Distill-Qwen-14B-4bit,113.0,9499.0,0.0,0
2026-06-26T15:19:45.910,timeseries,1,User List,mlx-community/DeepSeek-R1-Distill-Qwen-14B-4bit,225.0,10734.0,0.0,0
2026-06-26T15:19:45.973,timeseries,1,User List,mlx-community/DeepSeek-R1-Distill-Qwen-14B-4bit,131.0,9568.0,0.0,0
2026-06-26T15:19:46.036,timeseries,1,User List,mlx-community/DeepSeek-R1-Distill-Qwen-14B-4bit,127.0,10654.0,0.0,0
2026-06-26T15:19:46.098,timeseries,1,User List,mlx-community/DeepSeek-R1-Distill-Qwen-14B-4bit,270.0,9306.0,0.0,0
2026-06-26T15:19:46.159,timeseries,1,User List,mlx-community/DeepSeek-R1-Distill-Qwen-14B-4bit,145.0,10790.0,0.0,0
2026-06-26T15:19:46.221,timeseries,1,User List,mlx-community/DeepSeek-R1-Distill-Qwen-14B-4bit,176.0,9380.0,0.0,0
2026-06-26T15:19:46.282,timeseries,1,User List,mlx-community/DeepSeek-R1-Distill-Qwen-14B-4bit,114.0,10947.0,0.0,0
2026-06-26T15:19:46.344,timeseries,1,User List,mlx-community/DeepSeek-R1-Distill-Qwen-14B-4bit,261.0,9528.0,0.0,0
2026-06-26T15:19:46.406,timeseries,1,User List,mlx-community/DeepSeek-R1-Distill-Qwen-14B-4bit,163.0,9657.0,0.0,0
2026-06-26T15:19:46.469,timeseries,1,User List,mlx-community/DeepSeek-R1-Distill-Qwen-14B-4bit,144.0,10771.0,0.0,0
2026-06-26T15:19:46.531,timeseries,1,User List,mlx-community/DeepSeek-R1-Distill-Qwen-14B-4bit,115.0,9626.0,0.0,0
2026-06-26T15:19:46.593,timeseries,1,User List,mlx-community/DeepSeek-R1-Distill-Qwen-14B-4bit,285.0,10616.0,0.0,0
2026-06-26T15:19:46.661,timeseries,1,User List,mlx-community/DeepSeek-R1-Distill-Qwen-14B-4bit,129.0,9481.0,0.0,0
2026-06-26T15:19:46.725,timeseries,1,User List,mlx-community/DeepSeek-R1-Distill-Qwen-14B-4bit,177.0,10722.0,0.0,0
2026-06-26T15:19:46.787,timeseries,1,User List,mlx-community/DeepSeek-R1-Distill-Qwen-14B-4bit,281.0,9713.0,0.0,0
2026-06-26T15:19:46.850,timeseries,1,User List,mlx-community/DeepSeek-R1-Distill-Qwen-14B-4bit,216.0,10223.0,0.0,0
2026-06-26T15:19:46.912,timeseries,1,User List,mlx-community/DeepSeek-R1-Distill-Qwen-14B-4bit,129.0,9497.0,0.0,0
2026-06-26T15:19:46.974,timeseries,1,User List,mlx-community/DeepSeek-R1-Distill-Qwen-14B-4bit,112.0,9468.0,0.0,0
2026-06-26T15:19:47.036,timeseries,1,User List,mlx-community/DeepSeek-R1-Distill-Qwen-14B-4bit,163.0,10889.0,0.0,0
2026-06-26T15:19:47.098,timeseries,1,User List,mlx-community/DeepSeek-R1-Distill-Qwen-14B-4bit,302.0,9339.0,0.0,0
2026-06-26T15:19:47.159,timeseries,1,User List,mlx-community/DeepSeek-R1-Distill-Qwen-14B-4bit,162.0,10922.0,0.0,0
2026-06-26T15:19:47.219,timeseries,1,User List,mlx-community/DeepSeek-R1-Distill-Qwen-14B-4bit,114.0,9603.0,0.0,0
2026-06-26T15:19:47.281,timeseries,1,User List,mlx-community/DeepSeek-R1-Distill-Qwen-14B-4bit,164.0,9612.0,0.0,0
2026-06-26T15:19:47.342,timeseries,1,User List,mlx-community/DeepSeek-R1-Distill-Qwen-14B-4bit,213.0,10984.0,0.0,0
2026-06-26T15:19:47.405,timeseries,1,User List,mlx-community/DeepSeek-R1-Distill-Qwen-14B-4bit,163.0,9662.0,0.0,0
2026-06-26T15:19:47.467,timeseries,1,User List,mlx-community/DeepSeek-R1-Distill-Qwen-14B-4bit,129.0,10892.0,0.0,0
2026-06-26T15:19:47.529,timeseries,1,User List,mlx-community/DeepSeek-R1-Distill-Qwen-14B-4bit,145.0,9436.0,0.0,0
2026-06-26T15:19:47.592,timeseries,1,User List,mlx-community/DeepSeek-R1-Distill-Qwen-14B-4bit,318.0,10684.0,0.0,0
2026-06-26T15:19:47.654,timeseries,1,User List,mlx-community/DeepSeek-R1-Distill-Qwen-14B-4bit,145.0,9515.0,0.0,0
2026-06-26T15:19:47.716,timeseries,1,User List,mlx-community/DeepSeek-R1-Distill-Qwen-14B-4bit,143.0,10709.0,0.0,0
2026-06-26T15:19:47.779,timeseries,1,User List,mlx-community/DeepSeek-R1-Distill-Qwen-14B-4bit,145.0,9517.0,0.0,0
2026-06-26T15:19:47.841,timeseries,1,User List,mlx-community/DeepSeek-R1-Distill-Qwen-14B-4bit,98.0,9577.0,0.0,0
2026-06-26T15:19:47.904,timeseries,1,User List,mlx-community/DeepSeek-R1-Distill-Qwen-14B-4bit,142.0,10662.0,0.0,0
2026-06-26T15:19:47.965,timeseries,1,User List,mlx-community/DeepSeek-R1-Distill-Qwen-14B-4bit,131.0,9627.0,0.0,0
2026-06-26T15:19:48.027,timeseries,1,User List,mlx-community/DeepSeek-R1-Distill-Qwen-14B-4bit,1081.0,10311.0,0.0,0
2026-06-26T15:19:48.090,timeseries,1,User List,mlx-community/DeepSeek-R1-Distill-Qwen-14B-4bit,1828.0,9636.0,0.0,0
2026-06-26T15:19:48.151,timeseries,1,User List,mlx-community/DeepSeek-R1-Distill-Qwen-14B-4bit,223.0,10764.0,0.0,0
2026-06-26T15:19:48.213,timeseries,1,User List,mlx-community/DeepSeek-R1-Distill-Qwen-14B-4bit,240.0,9439.0,0.0,0
2026-06-26T15:19:48.275,timeseries,1,User List,mlx-community/DeepSeek-R1-Distill-Qwen-14B-4bit,325.0,10953.0,0.0,0
2026-06-26T15:19:48.337,timeseries,1,User List,mlx-community/DeepSeek-R1-Distill-Qwen-14B-4bit,992.0,9527.0,0.0,0
2026-06-26T15:19:48.398,timeseries,1,User List,mlx-community/DeepSeek-R1-Distill-Qwen-14B-4bit,290.0,9551.0,0.0,0
2026-06-26T15:19:48.459,timeseries,1,User List,mlx-community/DeepSeek-R1-Distill-Qwen-14B-4bit,373.0,10923.0,0.0,0
2026-06-26T15:19:48.521,timeseries,1,User List,mlx-community/DeepSeek-R1-Distill-Qwen-14B-4bit,365.0,9801.0,0.0,0
2026-06-26T15:19:48.582,timeseries,1,User List,mlx-community/DeepSeek-R1-Distill-Qwen-14B-4bit,1013.0,9439.0,0.0,0
2026-06-26T15:19:48.644,timeseries,1,User List,mlx-community/DeepSeek-R1-Distill-Qwen-14B-4bit,259.0,10911.0,0.0,0
2026-06-26T15:19:48.705,timeseries,1,User List,mlx-community/DeepSeek-R1-Distill-Qwen-14B-4bit,359.0,9621.0,0.0,0
2026-06-26T15:19:48.767,timeseries,1,User List,mlx-community/DeepSeek-R1-Distill-Qwen-14B-4bit,388.0,10916.0,0.0,0
2026-06-26T15:19:48.828,timeseries,1,User List,mlx-community/DeepSeek-R1-Distill-Qwen-14B-4bit,424.0,9613.0,0.0,0
2026-06-26T15:19:48.890,timeseries,1,User List,mlx-community/DeepSeek-R1-Distill-Qwen-14B-4bit,273.0,9486.0,0.0,0
2026-06-26T15:19:48.952,timeseries,1,User List,mlx-community/DeepSeek-R1-Distill-Qwen-14B-4bit,377.0,11039.0,0.0,0
2026-06-26T15:19:49.014,timeseries,1,User List,mlx-community/DeepSeek-R1-Distill-Qwen-14B-4bit,373.0,9568.0,0.0,0
2026-06-26T15:19:49.075,timeseries,1,User List,mlx-community/DeepSeek-R1-Distill-Qwen-14B-4bit,1082.0,10849.0,0.0,0
2026-06-26T15:19:49.137,timeseries,1,User List,mlx-community/DeepSeek-R1-Distill-Qwen-14B-4bit,277.0,9607.0,0.0,0
2026-06-26T15:19:49.198,timeseries,1,User List,mlx-community/DeepSeek-R1-Distill-Qwen-14B-4bit,387.0,9505.0,0.0,0
2026-06-26T15:19:49.260,timeseries,1,User List,mlx-community/DeepSeek-R1-Distill-Qwen-14B-4bit,392.0,11015.0,0.0,0
2026-06-26T15:19:49.322,timeseries,1,User List,mlx-community/DeepSeek-R1-Distill-Qwen-14B-4bit,747.0,9562.0,0.0,0
2026-06-26T15:19:49.384,timeseries,1,User List,mlx-community/DeepSeek-R1-Distill-Qwen-14B-4bit,630.0,10912.0,0.0,0
2026-06-26T15:19:49.445,timeseries,1,User List,mlx-community/DeepSeek-R1-Distill-Qwen-14B-4bit,275.0,9590.0,0.0,0
2026-06-26T15:19:49.506,timeseries,1,User List,mlx-community/DeepSeek-R1-Distill-Qwen-14B-4bit,372.0,9564.0,0.0,0
2026-06-26T15:19:49.568,timeseries,1,User List,mlx-community/DeepSeek-R1-Distill-Qwen-14B-4bit,949.0,11013.0,0.0,0
2026-06-26T15:19:49.629,timeseries,1,User List,mlx-community/DeepSeek-R1-Distill-Qwen-14B-4bit,471.0,9563.0,0.0,0
2026-06-26T15:19:49.691,timeseries,1,User List,mlx-community/DeepSeek-R1-Distill-Qwen-14B-4bit,262.0,11059.0,0.0,0
2026-06-26T15:19:49.753,timeseries,1,User List,mlx-community/DeepSeek-R1-Distill-Qwen-14B-4bit,373.0,9590.0,0.0,0
2026-06-26T15:19:49.814,timeseries,1,User List,mlx-community/DeepSeek-R1-Distill-Qwen-14B-4bit,1369.0,9451.0,0.0,0
2026-06-26T15:19:49.876,timeseries,1,User List,mlx-community/DeepSeek-R1-Distill-Qwen-14B-4bit,454.0,10923.0,0.0,0
2026-06-26T15:19:49.938,timeseries,1,User List,mlx-community/DeepSeek-R1-Distill-Qwen-14B-4bit,262.0,9661.0,0.0,0
2026-06-26T15:19:50.000,timeseries,1,User List,mlx-community/DeepSeek-R1-Distill-Qwen-14B-4bit,370.0,10860.0,0.0,0
2026-06-26T15:19:50.062,timeseries,1,User List,mlx-community/DeepSeek-R1-Distill-Qwen-14B-4bit,942.0,9569.0,0.0,0
2026-06-26T15:19:50.123,timeseries,1,User List,mlx-community/DeepSeek-R1-Distill-Qwen-14B-4bit,465.0,9460.0,0.0,0
2026-06-26T15:19:50.185,timeseries,1,User List,mlx-community/DeepSeek-R1-Distill-Qwen-14B-4bit,261.0,11000.0,0.0,0
2026-06-26T15:19:50.247,timeseries,1,User List,mlx-community/DeepSeek-R1-Distill-Qwen-14B-4bit,392.0,9628.0,0.0,0
2026-06-26T15:19:50.311,timeseries,1,User List,mlx-community/DeepSeek-R1-Distill-Qwen-14B-4bit,388.0,10898.0,0.0,0
2026-06-26T15:19:50.373,timeseries,1,User List,mlx-community/DeepSeek-R1-Distill-Qwen-14B-4bit,773.0,9482.0,0.0,0
2026-06-26T15:19:50.435,timeseries,1,User List,mlx-community/DeepSeek-R1-Distill-Qwen-14B-4bit,543.0,10462.0,0.0,0
2026-06-26T15:19:50.497,timeseries,1,User List,mlx-community/DeepSeek-R1-Distill-Qwen-14B-4bit,371.0,9524.0,0.0,0
2026-06-26T15:19:50.559,timeseries,1,User List,mlx-community/DeepSeek-R1-Distill-Qwen-14B-4bit,893.0,10927.0,0.0,0
2026-06-26T15:19:50.621,timeseries,1,User List,mlx-community/DeepSeek-R1-Distill-Qwen-14B-4bit,419.0,9544.0,0.0,0
2026-06-26T15:19:50.682,timeseries,1,User List,mlx-community/DeepSeek-R1-Distill-Qwen-14B-4bit,435.0,9484.0,0.0,0
2026-06-26T15:19:50.744,timeseries,1,User List,mlx-community/DeepSeek-R1-Distill-Qwen-14B-4bit,260.0,10966.0,0.0,0
2026-06-26T15:19:50.805,timeseries,1,User List,mlx-community/DeepSeek-R1-Distill-Qwen-14B-4bit,374.0,9616.0,0.0,0
2026-06-26T15:19:50.867,timeseries,1,User List,mlx-community/DeepSeek-R1-Distill-Qwen-14B-4bit,370.0,10868.0,0.0,0
2026-06-26T15:19:50.928,timeseries,1,User List,mlx-community/DeepSeek-R1-Distill-Qwen-14B-4bit,441.0,9643.0,0.0,0
2026-06-26T15:19:50.989,timeseries,1,User List,mlx-community/DeepSeek-R1-Distill-Qwen-14B-4bit,243.0,9601.0,0.0,0
2026-06-26T15:19:51.051,timeseries,1,User List,mlx-community/DeepSeek-R1-Distill-Qwen-14B-4bit,915.0,11014.0,0.0,0
2026-06-26T15:19:51.113,timeseries,1,User List,mlx-community/DeepSeek-R1-Distill-Qwen-14B-4bit,410.0,9715.0,0.0,0
2026-06-26T15:19:51.175,timeseries,1,User List,mlx-community/DeepSeek-R1-Distill-Qwen-14B-4bit,451.0,10851.0,0.0,0
2026-06-26T15:19:51.236,timeseries,1,User List,mlx-community/DeepSeek-R1-Distill-Qwen-14B-4bit,260.0,9587.0,0.0,0
2026-06-26T15:19:51.298,timeseries,1,User List,mlx-community/DeepSeek-R1-Distill-Qwen-14B-4bit,371.0,9541.0,0.0,0
2026-06-26T15:19:51.360,timeseries,1,User List,mlx-community/DeepSeek-R1-Distill-Qwen-14B-4bit,802.0,11028.0,0.0,0
2026-06-26T15:19:51.422,timeseries,1,User List,mlx-community/DeepSeek-R1-Distill-Qwen-14B-4bit,535.0,9611.0,0.0,0
2026-06-26T15:19:51.484,timeseries,1,User List,mlx-community/DeepSeek-R1-Distill-Qwen-14B-4bit,319.0,10777.0,0.0,0
2026-06-26T15:19:51.545,timeseries,1,User List,mlx-community/DeepSeek-R1-Distill-Qwen-14B-4bit,912.0,9610.0,0.0,0
2026-06-26T15:19:51.607,timeseries,1,User List,mlx-community/DeepSeek-R1-Distill-Qwen-14B-4bit,404.0,9573.0,0.0,0
2026-06-26T15:19:51.669,timeseries,1,User List,mlx-community/DeepSeek-R1-Distill-Qwen-14B-4bit,373.0,10958.0,0.0,0
2026-06-26T15:19:51.730,timeseries,1,User List,mlx-community/DeepSeek-R1-Distill-Qwen-14B-4bit,340.0,9564.0,0.0,0
2026-06-26T15:19:51.792,timeseries,1,User List,mlx-community/DeepSeek-R1-Distill-Qwen-14B-4bit,374.0,10964.0,0.0,0
2026-06-26T15:19:51.853,timeseries,1,User List,mlx-community/DeepSeek-R1-Distill-Qwen-14B-4bit,359.0,9632.0,0.0,0
2026-06-26T15:19:51.917,timeseries,1,User List,mlx-community/DeepSeek-R1-Distill-Qwen-14B-4bit,359.0,9655.0,0.0,0
2026-06-26T15:19:51.978,timeseries,1,User List,mlx-community/DeepSeek-R1-Distill-Qwen-14B-4bit,457.0,10979.0,0.0,0
2026-06-26T15:19:52.040,timeseries,1,User List,mlx-community/DeepSeek-R1-Distill-Qwen-14B-4bit,1030.0,9146.0,0.0,0
2026-06-26T15:19:52.101,timeseries,1,User List,mlx-community/DeepSeek-R1-Distill-Qwen-14B-4bit,614.0,10792.0,0.0,0
2026-06-26T15:19:52.163,timeseries,1,User List,mlx-community/DeepSeek-R1-Distill-Qwen-14B-4bit,390.0,9608.0,0.0,0
2026-06-26T15:19:52.224,timeseries,1,User List,mlx-community/DeepSeek-R1-Distill-Qwen-14B-4bit,456.0,10978.0,0.0,0
2026-06-26T15:19:52.285,timeseries,1,User List,mlx-community/DeepSeek-R1-Distill-Qwen-14B-4bit,309.0,9625.0,0.0,0
2026-06-26T15:19:52.348,timeseries,1,User List,mlx-community/DeepSeek-R1-Distill-Qwen-14B-4bit,770.0,9649.0,0.0,0
2026-06-26T15:19:52.410,timeseries,1,User List,mlx-community/DeepSeek-R1-Distill-Qwen-14B-4bit,406.0,11036.0,0.0,0
2026-06-26T15:19:52.472,timeseries,1,User List,mlx-community/DeepSeek-R1-Distill-Qwen-14B-4bit,621.0,9423.0,0.0,0
2026-06-26T15:19:52.534,timeseries,1,User List,mlx-community/DeepSeek-R1-Distill-Qwen-14B-4bit,599.0,10930.0,0.0,0
2026-06-26T15:19:52.595,timeseries,1,User List,mlx-community/DeepSeek-R1-Distill-Qwen-14B-4bit,615.0,9598.0,0.0,0
2026-06-26T15:19:52.657,timeseries,1,User List,mlx-community/DeepSeek-R1-Distill-Qwen-14B-4bit,370.0,9519.0,0.0,0
2026-06-26T15:19:52.719,timeseries,1,User List,mlx-community/DeepSeek-R1-Distill-Qwen-14B-4bit,375.0,10979.0,0.0,0
2026-06-26T15:19:52.781,timeseries,1,User List,mlx-community/DeepSeek-R1-Distill-Qwen-14B-4bit,339.0,9566.0,0.0,0
2026-06-26T15:19:52.843,timeseries,1,User List,mlx-community/DeepSeek-R1-Distill-Qwen-14B-4bit,374.0,10998.0,0.0,0
2026-06-26T15:19:52.904,timeseries,1,User List,mlx-community/DeepSeek-R1-Distill-Qwen-14B-4bit,371.0,9548.0,0.0,0
2026-06-26T15:19:52.966,timeseries,1,User List,mlx-community/DeepSeek-R1-Distill-Qwen-14B-4bit,370.0,10883.0,0.0,0
2026-06-26T15:19:53.028,timeseries,1,User List,mlx-community/DeepSeek-R1-Distill-Qwen-14B-4bit,327.0,9673.0,0.0,0
2026-06-26T15:19:53.090,timeseries,1,User List,mlx-community/DeepSeek-R1-Distill-Qwen-14B-4bit,1556.0,9548.0,0.0,0
2026-06-26T15:19:53.153,timeseries,1,User List,mlx-community/DeepSeek-R1-Distill-Qwen-14B-4bit,2448.0,10720.0,0.0,0
2026-06-26T15:19:53.216,timeseries,1,User List,mlx-community/DeepSeek-R1-Distill-Qwen-14B-4bit,258.0,9514.0,0.0,0
2026-06-26T15:19:53.278,timeseries,1,User List,mlx-community/DeepSeek-R1-Distill-Qwen-14B-4bit,159.0,10732.0,0.0,0
2026-06-26T15:19:53.340,timeseries,1,User List,mlx-community/DeepSeek-R1-Distill-Qwen-14B-4bit,337.0,9414.0,0.0,0
2026-06-26T15:19:53.402,timeseries,1,User List,mlx-community/DeepSeek-R1-Distill-Qwen-14B-4bit,416.0,10811.0,0.0,0
2026-06-26T15:19:53.466,timeseries,1,User List,mlx-community/DeepSeek-R1-Distill-Qwen-14B-4bit,129.0,9536.0,0.0,0
2026-06-26T15:19:53.528,timeseries,1,User List,mlx-community/DeepSeek-R1-Distill-Qwen-14B-4bit,145.0,10854.0,0.0,0
2026-06-26T15:19:53.591,timeseries,1,User List,mlx-community/DeepSeek-R1-Distill-Qwen-14B-4bit,359.0,9193.0,0.0,0
2026-06-26T15:19:53.653,timeseries,1,User List,mlx-community/DeepSeek-R1-Distill-Qwen-14B-4bit,162.0,10981.0,0.0,0
2026-06-26T15:19:53.716,timeseries,1,User List,mlx-community/DeepSeek-R1-Distill-Qwen-14B-4bit,143.0,9397.0,0.0,0
2026-06-26T15:19:53.778,timeseries,1,User List,mlx-community/DeepSeek-R1-Distill-Qwen-14B-4bit,129.0,10866.0,0.0,0
2026-06-26T15:19:53.840,timeseries,1,User List,mlx-community/DeepSeek-R1-Distill-Qwen-14B-4bit,128.0,9471.0,0.0,0
2026-06-26T15:19:53.903,timeseries,1,User List,mlx-community/DeepSeek-R1-Distill-Qwen-14B-4bit,129.0,10911.0,0.0,0
2026-06-26T15:19:53.965,timeseries,1,User List,mlx-community/DeepSeek-R1-Distill-Qwen-14B-4bit,129.0,9557.0,0.0,0
2026-06-26T15:19:54.027,timeseries,1,User List,mlx-community/DeepSeek-R1-Distill-Qwen-14B-4bit,192.0,10836.0,0.0,0
2026-06-26T15:19:54.088,timeseries,1,User List,mlx-community/DeepSeek-R1-Distill-Qwen-14B-4bit,334.0,9403.0,0.0,0
2026-06-26T15:19:54.151,timeseries,1,User List,mlx-community/DeepSeek-R1-Distill-Qwen-14B-4bit,196.0,11038.0,0.0,0
2026-06-26T15:19:54.213,timeseries,1,User List,mlx-community/DeepSeek-R1-Distill-Qwen-14B-4bit,130.0,9641.0,0.0,0
2026-06-26T15:19:54.275,timeseries,1,User List,mlx-community/DeepSeek-R1-Distill-Qwen-14B-4bit,127.0,10730.0,0.0,0
2026-06-26T15:19:54.337,timeseries,1,User List,mlx-community/DeepSeek-R1-Distill-Qwen-14B-4bit,211.0,9527.0,0.0,0
2026-06-26T15:19:54.400,timeseries,1,User List,mlx-community/DeepSeek-R1-Distill-Qwen-14B-4bit,178.0,9596.0,0.0,0
2026-06-26T15:19:54.462,timeseries,1,User List,mlx-community/DeepSeek-R1-Distill-Qwen-14B-4bit,160.0,10839.0,0.0,0
2026-06-26T15:19:54.524,timeseries,1,User List,mlx-community/DeepSeek-R1-Distill-Qwen-14B-4bit,127.0,9438.0,0.0,0
2026-06-26T15:19:54.587,timeseries,1,User List,mlx-community/DeepSeek-R1-Distill-Qwen-14B-4bit,352.0,10766.0,0.0,0
2026-06-26T15:19:54.649,timeseries,1,User List,mlx-community/DeepSeek-R1-Distill-Qwen-14B-4bit,193.0,9555.0,0.0,0
2026-06-26T15:19:54.711,timeseries,1,User List,mlx-community/DeepSeek-R1-Distill-Qwen-14B-4bit,112.0,10860.0,0.0,0
2026-06-26T15:19:54.774,timeseries,1,User List,mlx-community/DeepSeek-R1-Distill-Qwen-14B-4bit,129.0,9573.0,0.0,0
2026-06-26T15:19:54.836,timeseries,1,User List,mlx-community/DeepSeek-R1-Distill-Qwen-14B-4bit,144.0,10827.0,0.0,0
2026-06-26T15:19:54.897,timeseries,1,User List,mlx-community/DeepSeek-R1-Distill-Qwen-14B-4bit,112.0,9489.0,0.0,0
2026-06-26T15:19:54.959,timeseries,1,User List,mlx-community/DeepSeek-R1-Distill-Qwen-14B-4bit,145.0,10880.0,0.0,0
2026-06-26T15:19:55.019,timeseries,1,User List,mlx-community/DeepSeek-R1-Distill-Qwen-14B-4bit,148.0,9709.0,0.0,0
2026-06-26T15:19:55.081,timeseries,1,User List,mlx-community/DeepSeek-R1-Distill-Qwen-14B-4bit,323.0,9489.0,0.0,0
2026-06-26T15:19:55.143,timeseries,1,User List,mlx-community/DeepSeek-R1-Distill-Qwen-14B-4bit,149.0,11258.0,0.0,0
2026-06-26T15:19:55.205,timeseries,1,User List,mlx-community/DeepSeek-R1-Distill-Qwen-14B-4bit,145.0,9562.0,0.0,0
2026-06-26T15:19:55.268,timeseries,1,User List,mlx-community/DeepSeek-R1-Distill-Qwen-14B-4bit,113.0,10885.0,0.0,0
2026-06-26T15:19:55.331,timeseries,1,User List,mlx-community/DeepSeek-R1-Distill-Qwen-14B-4bit,194.0,9516.0,0.0,0
2026-06-26T15:19:55.393,timeseries,1,User List,mlx-community/DeepSeek-R1-Distill-Qwen-14B-4bit,223.0,10772.0,0.0,0
2026-06-26T15:19:55.456,timeseries,1,User List,mlx-community/DeepSeek-R1-Distill-Qwen-14B-4bit,128.0,9507.0,0.0,0
2026-06-26T15:19:55.518,timeseries,1,User List,mlx-community/DeepSeek-R1-Distill-Qwen-14B-4bit,161.0,10870.0,0.0,0
2026-06-26T15:19:55.580,timeseries,1,User List,mlx-community/DeepSeek-R1-Distill-Qwen-14B-4bit,1384.0,9152.0,0.0,0
2026-06-26T15:19:55.640,timeseries,1,User List,mlx-community/DeepSeek-R1-Distill-Qwen-14B-4bit,372.0,10943.0,0.0,0
2026-06-26T15:19:55.702,timeseries,1,User List,mlx-community/DeepSeek-R1-Distill-Qwen-14B-4bit,259.0,9610.0,0.0,0
2026-06-26T15:19:55.763,timeseries,1,User List,mlx-community/DeepSeek-R1-Distill-Qwen-14B-4bit,248.0,9812.0,0.0,0
2026-06-26T15:19:55.825,timeseries,1,User List,mlx-community/DeepSeek-R1-Distill-Qwen-14B-4bit,355.0,10933.0,0.0,0
2026-06-26T15:19:55.886,timeseries,1,User List,mlx-community/DeepSeek-R1-Distill-Qwen-14B-4bit,342.0,9643.0,0.0,0
2026-06-26T15:19:55.947,timeseries,1,User List,mlx-community/DeepSeek-R1-Distill-Qwen-14B-4bit,729.0,9575.0,0.0,0
2026-06-26T15:19:56.010,timeseries,1,User List,mlx-community/DeepSeek-R1-Distill-Qwen-14B-4bit,392.0,11071.0,0.0,0
2026-06-26T15:19:56.071,timeseries,1,User List,mlx-community/DeepSeek-R1-Distill-Qwen-14B-4bit,984.0,9704.0,0.0,0
2026-06-26T15:19:56.133,timeseries,1,User List,mlx-community/DeepSeek-R1-Distill-Qwen-14B-4bit,386.0,10862.0,0.0,0
2026-06-26T15:19:56.195,timeseries,1,User List,mlx-community/DeepSeek-R1-Distill-Qwen-14B-4bit,357.0,9616.0,0.0,0
2026-06-26T15:19:56.257,timeseries,1,User List,mlx-community/DeepSeek-R1-Distill-Qwen-14B-4bit,357.0,9640.0,0.0,0
2026-06-26T15:19:56.319,timeseries,1,User List,mlx-community/DeepSeek-R1-Distill-Qwen-14B-4bit,775.0,10931.0,0.0,0
2026-06-26T15:19:56.380,timeseries,1,User List,mlx-community/DeepSeek-R1-Distill-Qwen-14B-4bit,465.0,9512.0,0.0,0
2026-06-26T15:19:56.442,timeseries,1,User List,mlx-community/DeepSeek-R1-Distill-Qwen-14B-4bit,276.0,11036.0,0.0,0
2026-06-26T15:19:56.504,timeseries,1,User List,mlx-community/DeepSeek-R1-Distill-Qwen-14B-4bit,375.0,9683.0,0.0,0
2026-06-26T15:19:56.566,timeseries,1,User List,mlx-community/DeepSeek-R1-Distill-Qwen-14B-4bit,936.0,10924.0,0.0,0
2026-06-26T15:19:56.577,timeseries,1,User List,mlx-community/DeepSeek-R1-Distill-Qwen-14B-4bit,355.0,9563.0,0.0,863
2026-06-26T15:20:00.073,timeseries,2,Nested Product Conversion,mlx-community/DeepSeek-R1-Distill-Qwen-14B-4bit,970.0,21385.0,0.0,0
2026-06-26T15:20:00.130,timeseries,2,Nested Product Conversion,mlx-community/DeepSeek-R1-Distill-Qwen-14B-4bit,249.0,21251.0,0.0,0
2026-06-26T15:20:00.190,timeseries,2,Nested Product Conversion,mlx-community/DeepSeek-R1-Distill-Qwen-14B-4bit,266.0,21111.0,0.0,0
2026-06-26T15:20:00.252,timeseries,2,Nested Product Conversion,mlx-community/DeepSeek-R1-Distill-Qwen-14B-4bit,191.0,20855.0,0.0,0
2026-06-26T15:20:00.314,timeseries,2,Nested Product Conversion,mlx-community/DeepSeek-R1-Distill-Qwen-14B-4bit,482.0,19858.0,0.0,0
2026-06-26T15:20:00.375,timeseries,2,Nested Product Conversion,mlx-community/DeepSeek-R1-Distill-Qwen-14B-4bit,259.0,22225.0,0.0,0
2026-06-26T15:20:00.437,timeseries,2,Nested Product Conversion,mlx-community/DeepSeek-R1-Distill-Qwen-14B-4bit,146.0,19629.0,0.0,0
2026-06-26T15:20:00.498,timeseries,2,Nested Product Conversion,mlx-community/DeepSeek-R1-Distill-Qwen-14B-4bit,179.0,19806.0,0.0,0
2026-06-26T15:20:00.559,timeseries,2,Nested Product Conversion,mlx-community/DeepSeek-R1-Distill-Qwen-14B-4bit,681.0,22517.0,0.0,0
2026-06-26T15:20:00.621,timeseries,2,Nested Product Conversion,mlx-community/DeepSeek-R1-Distill-Qwen-14B-4bit,260.0,19609.0,0.0,0
2026-06-26T15:20:00.682,timeseries,2,Nested Product Conversion,mlx-community/DeepSeek-R1-Distill-Qwen-14B-4bit,147.0,22533.0,0.0,0
2026-06-26T15:20:00.743,timeseries,2,Nested Product Conversion,mlx-community/DeepSeek-R1-Distill-Qwen-14B-4bit,163.0,19766.0,0.0,0
2026-06-26T15:20:00.804,timeseries,2,Nested Product Conversion,mlx-community/DeepSeek-R1-Distill-Qwen-14B-4bit,98.0,19697.0,0.0,0
2026-06-26T15:20:00.865,timeseries,2,Nested Product Conversion,mlx-community/DeepSeek-R1-Distill-Qwen-14B-4bit,326.0,22405.0,0.0,0
2026-06-26T15:20:00.926,timeseries,2,Nested Product Conversion,mlx-community/DeepSeek-R1-Distill-Qwen-14B-4bit,115.0,19783.0,0.0,0
2026-06-26T15:20:00.987,timeseries,2,Nested Product Conversion,mlx-community/DeepSeek-R1-Distill-Qwen-14B-4bit,82.0,19716.0,0.0,0
2026-06-26T15:20:01.050,timeseries,2,Nested Product Conversion,mlx-community/DeepSeek-R1-Distill-Qwen-14B-4bit,606.0,22470.0,0.0,0
2026-06-26T15:20:01.111,timeseries,2,Nested Product Conversion,mlx-community/DeepSeek-R1-Distill-Qwen-14B-4bit,131.0,19839.0,0.0,0
2026-06-26T15:20:01.172,timeseries,2,Nested Product Conversion,mlx-community/DeepSeek-R1-Distill-Qwen-14B-4bit,534.0,10522.0,0.0,0
2026-06-26T15:20:01.233,timeseries,2,Nested Product Conversion,mlx-community/DeepSeek-R1-Distill-Qwen-14B-4bit,359.0,11074.0,0.0,0
2026-06-26T15:20:01.294,timeseries,2,Nested Product Conversion,mlx-community/DeepSeek-R1-Distill-Qwen-14B-4bit,1170.0,6987.0,0.0,0
2026-06-26T15:20:01.354,timeseries,2,Nested Product Conversion,mlx-community/DeepSeek-R1-Distill-Qwen-14B-4bit,3674.0,848.0,0.0,0
2026-06-26T15:20:01.415,timeseries,2,Nested Product Conversion,mlx-community/DeepSeek-R1-Distill-Qwen-14B-4bit,180.0,2032.0,0.0,0
2026-06-26T15:20:01.476,timeseries,2,Nested Product Conversion,mlx-community/DeepSeek-R1-Distill-Qwen-14B-4bit,49.0,1678.0,0.0,0
2026-06-26T15:20:01.537,timeseries,2,Nested Product Conversion,mlx-community/DeepSeek-R1-Distill-Qwen-14B-4bit,592.0,1660.0,0.0,0
2026-06-26T15:20:01.598,timeseries,2,Nested Product Conversion,mlx-community/DeepSeek-R1-Distill-Qwen-14B-4bit,82.0,1650.0,0.0,0
2026-06-26T15:20:01.661,timeseries,2,Nested Product Conversion,mlx-community/DeepSeek-R1-Distill-Qwen-14B-4bit,362.0,7410.0,0.0,0
2026-06-26T15:20:01.722,timeseries,2,Nested Product Conversion,mlx-community/DeepSeek-R1-Distill-Qwen-14B-4bit,402.0,9088.0,0.0,0
2026-06-26T15:20:01.784,timeseries,2,Nested Product Conversion,mlx-community/DeepSeek-R1-Distill-Qwen-14B-4bit,338.0,10694.0,0.0,0
2026-06-26T15:20:01.845,timeseries,2,Nested Product Conversion,mlx-community/DeepSeek-R1-Distill-Qwen-14B-4bit,410.0,9516.0,0.0,0
2026-06-26T15:20:01.907,timeseries,2,Nested Product Conversion,mlx-community/DeepSeek-R1-Distill-Qwen-14B-4bit,500.0,9419.0,0.0,0
2026-06-26T15:20:01.969,timeseries,2,Nested Product Conversion,mlx-community/DeepSeek-R1-Distill-Qwen-14B-4bit,357.0,10846.0,0.0,0
2026-06-26T15:20:02.032,timeseries,2,Nested Product Conversion,mlx-community/DeepSeek-R1-Distill-Qwen-14B-4bit,405.0,9468.0,0.0,0
2026-06-26T15:20:02.094,timeseries,2,Nested Product Conversion,mlx-community/DeepSeek-R1-Distill-Qwen-14B-4bit,969.0,10770.0,0.0,0
2026-06-26T15:20:02.156,timeseries,2,Nested Product Conversion,mlx-community/DeepSeek-R1-Distill-Qwen-14B-4bit,525.0,9237.0,0.0,0
2026-06-26T15:20:02.218,timeseries,2,Nested Product Conversion,mlx-community/DeepSeek-R1-Distill-Qwen-14B-4bit,354.0,10760.0,0.0,0
2026-06-26T15:20:02.279,timeseries,2,Nested Product Conversion,mlx-community/DeepSeek-R1-Distill-Qwen-14B-4bit,373.0,9509.0,0.0,0
2026-06-26T15:20:02.340,timeseries,2,Nested Product Conversion,mlx-community/DeepSeek-R1-Distill-Qwen-14B-4bit,803.0,9351.0,0.0,0
2026-06-26T15:20:02.402,timeseries,2,Nested Product Conversion,mlx-community/DeepSeek-R1-Distill-Qwen-14B-4bit,411.0,11039.0,0.0,0
2026-06-26T15:20:02.464,timeseries,2,Nested Product Conversion,mlx-community/DeepSeek-R1-Distill-Qwen-14B-4bit,325.0,9530.0,0.0,0
2026-06-26T15:20:02.526,timeseries,2,Nested Product Conversion,mlx-community/DeepSeek-R1-Distill-Qwen-14B-4bit,371.0,10808.0,0.0,0
2026-06-26T15:20:02.587,timeseries,2,Nested Product Conversion,mlx-community/DeepSeek-R1-Distill-Qwen-14B-4bit,943.0,9509.0,0.0,0
2026-06-26T15:20:02.648,timeseries,2,Nested Product Conversion,mlx-community/DeepSeek-R1-Distill-Qwen-14B-4bit,369.0,9373.0,0.0,0
2026-06-26T15:20:02.710,timeseries,2,Nested Product Conversion,mlx-community/DeepSeek-R1-Distill-Qwen-14B-4bit,344.0,10984.0,0.0,0
2026-06-26T15:20:02.772,timeseries,2,Nested Product Conversion,mlx-community/DeepSeek-R1-Distill-Qwen-14B-4bit,375.0,9569.0,0.0,0
2026-06-26T15:20:02.833,timeseries,2,Nested Product Conversion,mlx-community/DeepSeek-R1-Distill-Qwen-14B-4bit,390.0,10865.0,0.0,0
2026-06-26T15:20:02.895,timeseries,2,Nested Product Conversion,mlx-community/DeepSeek-R1-Distill-Qwen-14B-4bit,356.0,9485.0,0.0,0
2026-06-26T15:20:02.956,timeseries,2,Nested Product Conversion,mlx-community/DeepSeek-R1-Distill-Qwen-14B-4bit,615.0,9469.0,0.0,0
2026-06-26T15:20:03.018,timeseries,2,Nested Product Conversion,mlx-community/DeepSeek-R1-Distill-Qwen-14B-4bit,261.0,10918.0,0.0,0
2026-06-26T15:20:03.080,timeseries,2,Nested Product Conversion,mlx-community/DeepSeek-R1-Distill-Qwen-14B-4bit,934.0,9599.0,0.0,0
2026-06-26T15:20:03.142,timeseries,2,Nested Product Conversion,mlx-community/DeepSeek-R1-Distill-Qwen-14B-4bit,403.0,10791.0,0.0,0
2026-06-26T15:20:03.203,timeseries,2,Nested Product Conversion,mlx-community/DeepSeek-R1-Distill-Qwen-14B-4bit,438.0,9536.0,0.0,0
2026-06-26T15:20:03.263,timeseries,2,Nested Product Conversion,mlx-community/DeepSeek-R1-Distill-Qwen-14B-4bit,289.0,9378.0,0.0,0
2026-06-26T15:20:03.327,timeseries,2,Nested Product Conversion,mlx-community/DeepSeek-R1-Distill-Qwen-14B-4bit,1638.0,10842.0,0.0,0
2026-06-26T15:20:03.388,timeseries,2,Nested Product Conversion,mlx-community/DeepSeek-R1-Distill-Qwen-14B-4bit,2743.0,9618.0,0.0,0
2026-06-26T15:20:03.451,timeseries,2,Nested Product Conversion,mlx-community/DeepSeek-R1-Distill-Qwen-14B-4bit,305.0,10752.0,0.0,0
2026-06-26T15:20:03.511,timeseries,2,Nested Product Conversion,mlx-community/DeepSeek-R1-Distill-Qwen-14B-4bit,320.0,9345.0,0.0,0
2026-06-26T15:20:03.573,timeseries,2,Nested Product Conversion,mlx-community/DeepSeek-R1-Distill-Qwen-14B-4bit,367.0,9324.0,0.0,0
2026-06-26T15:20:03.635,timeseries,2,Nested Product Conversion,mlx-community/DeepSeek-R1-Distill-Qwen-14B-4bit,215.0,11055.0,0.0,0
2026-06-26T15:20:03.697,timeseries,2,Nested Product Conversion,mlx-community/DeepSeek-R1-Distill-Qwen-14B-4bit,129.0,9502.0,0.0,0
2026-06-26T15:20:03.760,timeseries,2,Nested Product Conversion,mlx-community/DeepSeek-R1-Distill-Qwen-14B-4bit,146.0,10808.0,0.0,0
2026-06-26T15:20:03.821,timeseries,2,Nested Product Conversion,mlx-community/DeepSeek-R1-Distill-Qwen-14B-4bit,97.0,9503.0,0.0,0
2026-06-26T15:20:03.884,timeseries,2,Nested Product Conversion,mlx-community/DeepSeek-R1-Distill-Qwen-14B-4bit,128.0,10700.0,0.0,0
2026-06-26T15:20:03.945,timeseries,2,Nested Product Conversion,mlx-community/DeepSeek-R1-Distill-Qwen-14B-4bit,130.0,9558.0,0.0,0
2026-06-26T15:20:04.007,timeseries,2,Nested Product Conversion,mlx-community/DeepSeek-R1-Distill-Qwen-14B-4bit,175.0,9330.0,0.0,0
2026-06-26T15:20:04.069,timeseries,2,Nested Product Conversion,mlx-community/DeepSeek-R1-Distill-Qwen-14B-4bit,585.0,10743.0,0.0,0
2026-06-26T15:20:04.131,timeseries,2,Nested Product Conversion,mlx-community/DeepSeek-R1-Distill-Qwen-14B-4bit,1563.0,9556.0,0.0,0
2026-06-26T15:20:04.193,timeseries,2,Nested Product Conversion,mlx-community/DeepSeek-R1-Distill-Qwen-14B-4bit,419.0,10801.0,0.0,0
2026-06-26T15:20:04.257,timeseries,2,Nested Product Conversion,mlx-community/DeepSeek-R1-Distill-Qwen-14B-4bit,1448.0,9380.0,0.0,0
2026-06-26T15:20:04.319,timeseries,2,Nested Product Conversion,mlx-community/DeepSeek-R1-Distill-Qwen-14B-4bit,512.0,10697.0,0.0,0
2026-06-26T15:20:04.381,timeseries,2,Nested Product Conversion,mlx-community/DeepSeek-R1-Distill-Qwen-14B-4bit,237.0,9292.0,0.0,0
2026-06-26T15:20:04.443,timeseries,2,Nested Product Conversion,mlx-community/DeepSeek-R1-Distill-Qwen-14B-4bit,273.0,10780.0,0.0,0
2026-06-26T15:20:04.505,timeseries,2,Nested Product Conversion,mlx-community/DeepSeek-R1-Distill-Qwen-14B-4bit,405.0,9485.0,0.0,0
2026-06-26T15:20:04.566,timeseries,2,Nested Product Conversion,mlx-community/DeepSeek-R1-Distill-Qwen-14B-4bit,1043.0,10737.0,0.0,0
2026-06-26T15:20:04.628,timeseries,2,Nested Product Conversion,mlx-community/DeepSeek-R1-Distill-Qwen-14B-4bit,405.0,9503.0,0.0,0
2026-06-26T15:20:04.691,timeseries,2,Nested Product Conversion,mlx-community/DeepSeek-R1-Distill-Qwen-14B-4bit,292.0,9515.0,0.0,0
2026-06-26T15:20:04.752,timeseries,2,Nested Product Conversion,mlx-community/DeepSeek-R1-Distill-Qwen-14B-4bit,371.0,10819.0,0.0,0
2026-06-26T15:20:04.814,timeseries,2,Nested Product Conversion,mlx-community/DeepSeek-R1-Distill-Qwen-14B-4bit,480.0,9408.0,0.0,0
2026-06-26T15:20:04.876,timeseries,2,Nested Product Conversion,mlx-community/DeepSeek-R1-Distill-Qwen-14B-4bit,374.0,10915.0,0.0,0
2026-06-26T15:20:04.938,timeseries,2,Nested Product Conversion,mlx-community/DeepSeek-R1-Distill-Qwen-14B-4bit,275.0,9452.0,0.0,0
2026-06-26T15:20:04.999,timeseries,2,Nested Product Conversion,mlx-community/DeepSeek-R1-Distill-Qwen-14B-4bit,371.0,10841.0,0.0,0
2026-06-26T15:20:05.060,timeseries,2,Nested Product Conversion,mlx-community/DeepSeek-R1-Distill-Qwen-14B-4bit,1172.0,9541.0,0.0,0
2026-06-26T15:20:05.122,timeseries,2,Nested Product Conversion,mlx-community/DeepSeek-R1-Distill-Qwen-14B-4bit,393.0,9655.0,0.0,0
2026-06-26T15:20:05.183,timeseries,2,Nested Product Conversion,mlx-community/DeepSeek-R1-Distill-Qwen-14B-4bit,389.0,10842.0,0.0,0
2026-06-26T15:20:05.246,timeseries,2,Nested Product Conversion,mlx-community/DeepSeek-R1-Distill-Qwen-14B-4bit,262.0,9624.0,0.0,0
2026-06-26T15:20:05.309,timeseries,2,Nested Product Conversion,mlx-community/DeepSeek-R1-Distill-Qwen-14B-4bit,455.0,10929.0,0.0,0
2026-06-26T15:20:05.371,timeseries,2,Nested Product Conversion,mlx-community/DeepSeek-R1-Distill-Qwen-14B-4bit,780.0,9345.0,0.0,0
2026-06-26T15:20:05.432,timeseries,2,Nested Product Conversion,mlx-community/DeepSeek-R1-Distill-Qwen-14B-4bit,457.0,9269.0,0.0,0
2026-06-26T15:20:05.495,timeseries,2,Nested Product Conversion,mlx-community/DeepSeek-R1-Distill-Qwen-14B-4bit,244.0,10932.0,0.0,0
2026-06-26T15:20:05.556,timeseries,2,Nested Product Conversion,mlx-community/DeepSeek-R1-Distill-Qwen-14B-4bit,992.0,9547.0,0.0,0
2026-06-26T15:20:05.617,timeseries,2,Nested Product Conversion,mlx-community/DeepSeek-R1-Distill-Qwen-14B-4bit,2349.0,10594.0,0.0,0
2026-06-26T15:20:05.678,timeseries,2,Nested Product Conversion,mlx-community/DeepSeek-R1-Distill-Qwen-14B-4bit,312.0,9658.0,0.0,0
2026-06-26T15:20:05.740,timeseries,2,Nested Product Conversion,mlx-community/DeepSeek-R1-Distill-Qwen-14B-4bit,309.0,9570.0,0.0,0
2026-06-26T15:20:05.802,timeseries,2,Nested Product Conversion,mlx-community/DeepSeek-R1-Distill-Qwen-14B-4bit,277.0,10951.0,0.0,0
2026-06-26T15:20:05.863,timeseries,2,Nested Product Conversion,mlx-community/DeepSeek-R1-Distill-Qwen-14B-4bit,441.0,9586.0,0.0,0
2026-06-26T15:20:05.924,timeseries,2,Nested Product Conversion,mlx-community/DeepSeek-R1-Distill-Qwen-14B-4bit,745.0,10853.0,0.0,0
2026-06-26T15:20:05.986,timeseries,2,Nested Product Conversion,mlx-community/DeepSeek-R1-Distill-Qwen-14B-4bit,411.0,9638.0,0.0,0
2026-06-26T15:20:06.048,timeseries,2,Nested Product Conversion,mlx-community/DeepSeek-R1-Distill-Qwen-14B-4bit,833.0,9586.0,0.0,0
2026-06-26T15:20:06.110,timeseries,2,Nested Product Conversion,mlx-community/DeepSeek-R1-Distill-Qwen-14B-4bit,652.0,10946.0,0.0,0
2026-06-26T15:20:06.171,timeseries,2,Nested Product Conversion,mlx-community/DeepSeek-R1-Distill-Qwen-14B-4bit,372.0,9536.0,0.0,0
2026-06-26T15:20:06.233,timeseries,2,Nested Product Conversion,mlx-community/DeepSeek-R1-Distill-Qwen-14B-4bit,388.0,9499.0,0.0,0
2026-06-26T15:20:06.294,timeseries,2,Nested Product Conversion,mlx-community/DeepSeek-R1-Distill-Qwen-14B-4bit,278.0,10957.0,0.0,0
2026-06-26T15:20:06.356,timeseries,2,Nested Product Conversion,mlx-community/DeepSeek-R1-Distill-Qwen-14B-4bit,843.0,9706.0,0.0,0
2026-06-26T15:20:06.418,timeseries,2,Nested Product Conversion,mlx-community/DeepSeek-R1-Distill-Qwen-14B-4bit,401.0,9488.0,0.0,0
2026-06-26T15:20:06.480,timeseries,2,Nested Product Conversion,mlx-community/DeepSeek-R1-Distill-Qwen-14B-4bit,374.0,10942.0,0.0,0
2026-06-26T15:20:06.541,timeseries,2,Nested Product Conversion,mlx-community/DeepSeek-R1-Distill-Qwen-14B-4bit,919.0,9427.0,0.0,0
2026-06-26T15:20:06.604,timeseries,2,Nested Product Conversion,mlx-community/DeepSeek-R1-Distill-Qwen-14B-4bit,374.0,10945.0,0.0,0
2026-06-26T15:20:06.665,timeseries,2,Nested Product Conversion,mlx-community/DeepSeek-R1-Distill-Qwen-14B-4bit,391.0,9593.0,0.0,0
2026-06-26T15:20:06.726,timeseries,2,Nested Product Conversion,mlx-community/DeepSeek-R1-Distill-Qwen-14B-4bit,371.0,9492.0,0.0,0
2026-06-26T15:20:06.788,timeseries,2,Nested Product Conversion,mlx-community/DeepSeek-R1-Distill-Qwen-14B-4bit,479.0,11072.0,0.0,0
2026-06-26T15:20:06.850,timeseries,2,Nested Product Conversion,mlx-community/DeepSeek-R1-Distill-Qwen-14B-4bit,310.0,9620.0,0.0,0
2026-06-26T15:20:06.913,timeseries,2,Nested Product Conversion,mlx-community/DeepSeek-R1-Distill-Qwen-14B-4bit,403.0,10838.0,0.0,0
2026-06-26T15:20:06.974,timeseries,2,Nested Product Conversion,mlx-community/DeepSeek-R1-Distill-Qwen-14B-4bit,356.0,9544.0,0.0,0
2026-06-26T15:20:07.036,timeseries,2,Nested Product Conversion,mlx-community/DeepSeek-R1-Distill-Qwen-14B-4bit,528.0,9430.0,0.0,0
2026-06-26T15:20:07.097,timeseries,2,Nested Product Conversion,mlx-community/DeepSeek-R1-Distill-Qwen-14B-4bit,788.0,11009.0,0.0,0
2026-06-26T15:20:07.159,timeseries,2,Nested Product Conversion,mlx-community/DeepSeek-R1-Distill-Qwen-14B-4bit,521.0,9583.0,0.0,0
2026-06-26T15:20:07.221,timeseries,2,Nested Product Conversion,mlx-community/DeepSeek-R1-Distill-Qwen-14B-4bit,372.0,10883.0,0.0,0
2026-06-26T15:20:07.283,timeseries,2,Nested Product Conversion,mlx-community/DeepSeek-R1-Distill-Qwen-14B-4bit,373.0,9550.0,0.0,0
2026-06-26T15:20:07.345,timeseries,2,Nested Product Conversion,mlx-community/DeepSeek-R1-Distill-Qwen-14B-4bit,775.0,9429.0,0.0,0
2026-06-26T15:20:07.407,timeseries,2,Nested Product Conversion,mlx-community/DeepSeek-R1-Distill-Qwen-14B-4bit,392.0,11015.0,0.0,0
2026-06-26T15:20:07.469,timeseries,2,Nested Product Conversion,mlx-community/DeepSeek-R1-Distill-Qwen-14B-4bit,403.0,9520.0,0.0,0
2026-06-26T15:20:07.531,timeseries,2,Nested Product Conversion,mlx-community/DeepSeek-R1-Distill-Qwen-14B-4bit,387.0,10843.0,0.0,0
2026-06-26T15:20:07.593,timeseries,2,Nested Product Conversion,mlx-community/DeepSeek-R1-Distill-Qwen-14B-4bit,922.0,9525.0,0.0,0
2026-06-26T15:20:07.655,timeseries,2,Nested Product Conversion,mlx-community/DeepSeek-R1-Distill-Qwen-14B-4bit,455.0,9553.0,0.0,0
2026-06-26T15:20:07.717,timeseries,2,Nested Product Conversion,mlx-community/DeepSeek-R1-Distill-Qwen-14B-4bit,306.0,10841.0,0.0,0
2026-06-26T15:20:07.778,timeseries,2,Nested Product Conversion,mlx-community/DeepSeek-R1-Distill-Qwen-14B-4bit,374.0,9576.0,0.0,0
2026-06-26T15:20:07.840,timeseries,2,Nested Product Conversion,mlx-community/DeepSeek-R1-Distill-Qwen-14B-4bit,389.0,10900.0,0.0,0
2026-06-26T15:20:07.902,timeseries,2,Nested Product Conversion,mlx-community/DeepSeek-R1-Distill-Qwen-14B-4bit,426.0,9634.0,0.0,0
2026-06-26T15:20:07.962,timeseries,2,Nested Product Conversion,mlx-community/DeepSeek-R1-Distill-Qwen-14B-4bit,276.0,9564.0,0.0,0
2026-06-26T15:20:08.025,timeseries,2,Nested Product Conversion,mlx-community/DeepSeek-R1-Distill-Qwen-14B-4bit,377.0,11055.0,0.0,0
2026-06-26T15:20:08.086,timeseries,2,Nested Product Conversion,mlx-community/DeepSeek-R1-Distill-Qwen-14B-4bit,965.0,9649.0,0.0,0
2026-06-26T15:20:08.149,timeseries,2,Nested Product Conversion,mlx-community/DeepSeek-R1-Distill-Qwen-14B-4bit,481.0,10830.0,0.0,0
2026-06-26T15:20:08.211,timeseries,2,Nested Product Conversion,mlx-community/DeepSeek-R1-Distill-Qwen-14B-4bit,439.0,9552.0,0.0,0
2026-06-26T15:20:08.274,timeseries,2,Nested Product Conversion,mlx-community/DeepSeek-R1-Distill-Qwen-14B-4bit,382.0,9402.0,0.0,0
2026-06-26T15:20:08.336,timeseries,2,Nested Product Conversion,mlx-community/DeepSeek-R1-Distill-Qwen-14B-4bit,782.0,10987.0,0.0,0
2026-06-26T15:20:08.399,timeseries,2,Nested Product Conversion,mlx-community/DeepSeek-R1-Distill-Qwen-14B-4bit,398.0,9436.0,0.0,0
2026-06-26T15:20:08.461,timeseries,2,Nested Product Conversion,mlx-community/DeepSeek-R1-Distill-Qwen-14B-4bit,467.0,10829.0,0.0,0
2026-06-26T15:20:08.522,timeseries,2,Nested Product Conversion,mlx-community/DeepSeek-R1-Distill-Qwen-14B-4bit,2599.0,9353.0,0.0,0
2026-06-26T15:20:08.585,timeseries,2,Nested Product Conversion,mlx-community/DeepSeek-R1-Distill-Qwen-14B-4bit,2756.0,10685.0,0.0,0
2026-06-26T15:20:08.647,timeseries,2,Nested Product Conversion,mlx-community/DeepSeek-R1-Distill-Qwen-14B-4bit,1862.0,9588.0,0.0,0
2026-06-26T15:20:08.709,timeseries,2,Nested Product Conversion,mlx-community/DeepSeek-R1-Distill-Qwen-14B-4bit,430.0,10760.0,0.0,0
2026-06-26T15:20:08.771,timeseries,2,Nested Product Conversion,mlx-community/DeepSeek-R1-Distill-Qwen-14B-4bit,196.0,9612.0,0.0,0
2026-06-26T15:20:08.833,timeseries,2,Nested Product Conversion,mlx-community/DeepSeek-R1-Distill-Qwen-14B-4bit,289.0,9506.0,0.0,0
2026-06-26T15:20:08.895,timeseries,2,Nested Product Conversion,mlx-community/DeepSeek-R1-Distill-Qwen-14B-4bit,389.0,10931.0,0.0,0
2026-06-26T15:20:08.957,timeseries,2,Nested Product Conversion,mlx-community/DeepSeek-R1-Distill-Qwen-14B-4bit,452.0,9532.0,0.0,0
2026-06-26T15:20:09.020,timeseries,2,Nested Product Conversion,mlx-community/DeepSeek-R1-Distill-Qwen-14B-4bit,417.0,10870.0,0.0,0
2026-06-26T15:20:09.081,timeseries,2,Nested Product Conversion,mlx-community/DeepSeek-R1-Distill-Qwen-14B-4bit,818.0,9631.0,0.0,0
2026-06-26T15:20:09.143,timeseries,2,Nested Product Conversion,mlx-community/DeepSeek-R1-Distill-Qwen-14B-4bit,415.0,10739.0,0.0,0
2026-06-26T15:20:09.205,timeseries,2,Nested Product Conversion,mlx-community/DeepSeek-R1-Distill-Qwen-14B-4bit,702.0,9643.0,0.0,0
2026-06-26T15:20:09.268,timeseries,2,Nested Product Conversion,mlx-community/DeepSeek-R1-Distill-Qwen-14B-4bit,450.0,9430.0,0.0,0
2026-06-26T15:20:09.330,timeseries,2,Nested Product Conversion,mlx-community/DeepSeek-R1-Distill-Qwen-14B-4bit,649.0,10926.0,0.0,0
2026-06-26T15:20:09.392,timeseries,2,Nested Product Conversion,mlx-community/DeepSeek-R1-Distill-Qwen-14B-4bit,416.0,9439.0,0.0,0
2026-06-26T15:20:09.453,timeseries,2,Nested Product Conversion,mlx-community/DeepSeek-R1-Distill-Qwen-14B-4bit,388.0,10906.0,0.0,0
2026-06-26T15:20:09.515,timeseries,2,Nested Product Conversion,mlx-community/DeepSeek-R1-Distill-Qwen-14B-4bit,412.0,9714.0,0.0,0
2026-06-26T15:20:09.576,timeseries,2,Nested Product Conversion,mlx-community/DeepSeek-R1-Distill-Qwen-14B-4bit,872.0,9496.0,0.0,0
2026-06-26T15:20:09.638,timeseries,2,Nested Product Conversion,mlx-community/DeepSeek-R1-Distill-Qwen-14B-4bit,397.0,11152.0,0.0,0
2026-06-26T15:20:09.699,timeseries,2,Nested Product Conversion,mlx-community/DeepSeek-R1-Distill-Qwen-14B-4bit,356.0,9543.0,0.0,0
2026-06-26T15:20:09.761,timeseries,2,Nested Product Conversion,mlx-community/DeepSeek-R1-Distill-Qwen-14B-4bit,451.0,10863.0,0.0,0
2026-06-26T15:20:09.823,timeseries,2,Nested Product Conversion,mlx-community/DeepSeek-R1-Distill-Qwen-14B-4bit,959.0,9510.0,0.0,0
2026-06-26T15:20:09.884,timeseries,2,Nested Product Conversion,mlx-community/DeepSeek-R1-Distill-Qwen-14B-4bit,749.0,9592.0,0.0,0
2026-06-26T15:20:09.945,timeseries,2,Nested Product Conversion,mlx-community/DeepSeek-R1-Distill-Qwen-14B-4bit,406.0,10950.0,0.0,0
2026-06-26T15:20:10.008,timeseries,2,Nested Product Conversion,mlx-community/DeepSeek-R1-Distill-Qwen-14B-4bit,476.0,9659.0,0.0,0
2026-06-26T15:20:10.070,timeseries,2,Nested Product Conversion,mlx-community/DeepSeek-R1-Distill-Qwen-14B-4bit,959.0,10928.0,0.0,0
2026-06-26T15:20:10.132,timeseries,2,Nested Product Conversion,mlx-community/DeepSeek-R1-Distill-Qwen-14B-4bit,304.0,9441.0,0.0,0
2026-06-26T15:20:10.194,timeseries,2,Nested Product Conversion,mlx-community/DeepSeek-R1-Distill-Qwen-14B-4bit,373.0,9558.0,0.0,0
2026-06-26T15:20:10.256,timeseries,2,Nested Product Conversion,mlx-community/DeepSeek-R1-Distill-Qwen-14B-4bit,761.0,10814.0,0.0,0
2026-06-26T15:20:10.317,timeseries,2,Nested Product Conversion,mlx-community/DeepSeek-R1-Distill-Qwen-14B-4bit,377.0,9674.0,0.0,0
2026-06-26T15:20:10.379,timeseries,2,Nested Product Conversion,mlx-community/DeepSeek-R1-Distill-Qwen-14B-4bit,797.0,10693.0,0.0,0
2026-06-26T15:20:10.442,timeseries,2,Nested Product Conversion,mlx-community/DeepSeek-R1-Distill-Qwen-14B-4bit,278.0,9688.0,0.0,0
2026-06-26T15:20:10.504,timeseries,2,Nested Product Conversion,mlx-community/DeepSeek-R1-Distill-Qwen-14B-4bit,371.0,9512.0,0.0,0
2026-06-26T15:20:10.566,timeseries,2,Nested Product Conversion,mlx-community/DeepSeek-R1-Distill-Qwen-14B-4bit,964.0,10817.0,0.0,0
2026-06-26T15:20:10.627,timeseries,2,Nested Product Conversion,mlx-community/DeepSeek-R1-Distill-Qwen-14B-4bit,420.0,9542.0,0.0,0
2026-06-26T15:20:10.689,timeseries,2,Nested Product Conversion,mlx-community/DeepSeek-R1-Distill-Qwen-14B-4bit,292.0,10938.0,0.0,0
2026-06-26T15:20:10.750,timeseries,2,Nested Product Conversion,mlx-community/DeepSeek-R1-Distill-Qwen-14B-4bit,376.0,9672.0,0.0,0
2026-06-26T15:20:10.813,timeseries,2,Nested Product Conversion,mlx-community/DeepSeek-R1-Distill-Qwen-14B-4bit,453.0,9565.0,0.0,0
2026-06-26T15:20:10.874,timeseries,2,Nested Product Conversion,mlx-community/DeepSeek-R1-Distill-Qwen-14B-4bit,358.0,10974.0,0.0,0
2026-06-26T15:20:10.936,timeseries,2,Nested Product Conversion,mlx-community/DeepSeek-R1-Distill-Qwen-14B-4bit,370.0,9474.0,0.0,0
2026-06-26T15:20:10.998,timeseries,2,Nested Product Conversion,mlx-community/DeepSeek-R1-Distill-Qwen-14B-4bit,260.0,10961.0,0.0,0
2026-06-26T15:20:11.060,timeseries,2,Nested Product Conversion,mlx-community/DeepSeek-R1-Distill-Qwen-14B-4bit,982.0,9637.0,0.0,0
2026-06-26T15:20:11.121,timeseries,2,Nested Product Conversion,mlx-community/DeepSeek-R1-Distill-Qwen-14B-4bit,435.0,9532.0,0.0,0
2026-06-26T15:20:11.183,timeseries,2,Nested Product Conversion,mlx-community/DeepSeek-R1-Distill-Qwen-14B-4bit,374.0,10919.0,0.0,0
2026-06-26T15:20:11.244,timeseries,2,Nested Product Conversion,mlx-community/DeepSeek-R1-Distill-Qwen-14B-4bit,276.0,9584.0,0.0,0
2026-06-26T15:20:11.306,timeseries,2,Nested Product Conversion,mlx-community/DeepSeek-R1-Distill-Qwen-14B-4bit,601.0,10962.0,0.0,0
2026-06-26T15:20:11.368,timeseries,2,Nested Product Conversion,mlx-community/DeepSeek-R1-Distill-Qwen-14B-4bit,783.0,9593.0,0.0,0
2026-06-26T15:20:11.430,timeseries,2,Nested Product Conversion,mlx-community/DeepSeek-R1-Distill-Qwen-14B-4bit,407.0,9662.0,0.0,0
2026-06-26T15:20:11.492,timeseries,2,Nested Product Conversion,mlx-community/DeepSeek-R1-Distill-Qwen-14B-4bit,276.0,10963.0,0.0,0
2026-06-26T15:20:11.554,timeseries,2,Nested Product Conversion,mlx-community/DeepSeek-R1-Distill-Qwen-14B-4bit,931.0,9459.0,0.0,0
2026-06-26T15:20:11.615,timeseries,2,Nested Product Conversion,mlx-community/DeepSeek-R1-Distill-Qwen-14B-4bit,452.0,10903.0,0.0,0
2026-06-26T15:20:11.677,timeseries,2,Nested Product Conversion,mlx-community/DeepSeek-R1-Distill-Qwen-14B-4bit,376.0,9656.0,0.0,0
2026-06-26T15:20:11.740,timeseries,2,Nested Product Conversion,mlx-community/DeepSeek-R1-Distill-Qwen-14B-4bit,391.0,9584.0,0.0,0
2026-06-26T15:20:11.801,timeseries,2,Nested Product Conversion,mlx-community/DeepSeek-R1-Distill-Qwen-14B-4bit,259.0,10913.0,0.0,0
2026-06-26T15:20:11.863,timeseries,2,Nested Product Conversion,mlx-community/DeepSeek-R1-Distill-Qwen-14B-4bit,448.0,9452.0,0.0,0
2026-06-26T15:20:11.925,timeseries,2,Nested Product Conversion,mlx-community/DeepSeek-R1-Distill-Qwen-14B-4bit,374.0,10986.0,0.0,0
2026-06-26T15:20:11.987,timeseries,2,Nested Product Conversion,mlx-community/DeepSeek-R1-Distill-Qwen-14B-4bit,341.0,9584.0,0.0,0
2026-06-26T15:20:12.048,timeseries,2,Nested Product Conversion,mlx-community/DeepSeek-R1-Distill-Qwen-14B-4bit,466.0,9470.0,0.0,0
2026-06-26T15:20:12.110,timeseries,2,Nested Product Conversion,mlx-community/DeepSeek-R1-Distill-Qwen-14B-4bit,832.0,10995.0,0.0,0
2026-06-26T15:20:12.172,timeseries,2,Nested Product Conversion,mlx-community/DeepSeek-R1-Distill-Qwen-14B-4bit,389.0,9569.0,0.0,0
2026-06-26T15:20:12.235,timeseries,2,Nested Product Conversion,mlx-community/DeepSeek-R1-Distill-Qwen-14B-4bit,389.0,10947.0,0.0,0
2026-06-26T15:20:12.296,timeseries,2,Nested Product Conversion,mlx-community/DeepSeek-R1-Distill-Qwen-14B-4bit,388.0,9511.0,0.0,0
2026-06-26T15:20:12.357,timeseries,2,Nested Product Conversion,mlx-community/DeepSeek-R1-Distill-Qwen-14B-4bit,886.0,9492.0,0.0,0
2026-06-26T15:20:12.419,timeseries,2,Nested Product Conversion,mlx-community/DeepSeek-R1-Distill-Qwen-14B-4bit,408.0,11061.0,0.0,0
2026-06-26T15:20:12.480,timeseries,2,Nested Product Conversion,mlx-community/DeepSeek-R1-Distill-Qwen-14B-4bit,360.0,9679.0,0.0,0
2026-06-26T15:20:12.542,timeseries,2,Nested Product Conversion,mlx-community/DeepSeek-R1-Distill-Qwen-14B-4bit,406.0,10963.0,0.0,0
2026-06-26T15:20:12.603,timeseries,2,Nested Product Conversion,mlx-community/DeepSeek-R1-Distill-Qwen-14B-4bit,882.0,9605.0,0.0,0
2026-06-26T15:20:12.665,timeseries,2,Nested Product Conversion,mlx-community/DeepSeek-R1-Distill-Qwen-14B-4bit,407.0,9631.0,0.0,0
2026-06-26T15:20:12.727,timeseries,2,Nested Product Conversion,mlx-community/DeepSeek-R1-Distill-Qwen-14B-4bit,375.0,10978.0,0.0,0
2026-06-26T15:20:12.789,timeseries,2,Nested Product Conversion,mlx-community/DeepSeek-R1-Distill-Qwen-14B-4bit,376.0,9650.0,0.0,0
2026-06-26T15:20:12.851,timeseries,2,Nested Product Conversion,mlx-community/DeepSeek-R1-Distill-Qwen-14B-4bit,453.0,9524.0,0.0,0
2026-06-26T15:20:12.913,timeseries,2,Nested Product Conversion,mlx-community/DeepSeek-R1-Distill-Qwen-14B-4bit,274.0,10883.0,0.0,0
2026-06-26T15:20:12.974,timeseries,2,Nested Product Conversion,mlx-community/DeepSeek-R1-Distill-Qwen-14B-4bit,373.0,9588.0,0.0,0
2026-06-26T15:20:13.036,timeseries,2,Nested Product Conversion,mlx-community/DeepSeek-R1-Distill-Qwen-14B-4bit,371.0,10905.0,0.0,0
2026-06-26T15:20:13.098,timeseries,2,Nested Product Conversion,mlx-community/DeepSeek-R1-Distill-Qwen-14B-4bit,1888.0,9344.0,0.0,0
2026-06-26T15:20:13.160,timeseries,2,Nested Product Conversion,mlx-community/DeepSeek-R1-Distill-Qwen-14B-4bit,291.0,10933.0,0.0,0
2026-06-26T15:20:13.222,timeseries,2,Nested Product Conversion,mlx-community/DeepSeek-R1-Distill-Qwen-14B-4bit,277.0,9628.0,0.0,0
2026-06-26T15:20:13.284,timeseries,2,Nested Product Conversion,mlx-community/DeepSeek-R1-Distill-Qwen-14B-4bit,371.0,9557.0,0.0,0
2026-06-26T15:20:13.346,timeseries,2,Nested Product Conversion,mlx-community/DeepSeek-R1-Distill-Qwen-14B-4bit,776.0,10892.0,0.0,0
2026-06-26T15:20:13.408,timeseries,2,Nested Product Conversion,mlx-community/DeepSeek-R1-Distill-Qwen-14B-4bit,518.0,9588.0,0.0,0
2026-06-26T15:20:13.470,timeseries,2,Nested Product Conversion,mlx-community/DeepSeek-R1-Distill-Qwen-14B-4bit,384.0,10825.0,0.0,0
2026-06-26T15:20:13.532,timeseries,2,Nested Product Conversion,mlx-community/DeepSeek-R1-Distill-Qwen-14B-4bit,379.0,9761.0,0.0,0
2026-06-26T15:20:13.593,timeseries,2,Nested Product Conversion,mlx-community/DeepSeek-R1-Distill-Qwen-14B-4bit,932.0,9499.0,0.0,0
2026-06-26T15:20:13.654,timeseries,2,Nested Product Conversion,mlx-community/DeepSeek-R1-Distill-Qwen-14B-4bit,1854.0,10751.0,0.0,0
2026-06-26T15:20:13.716,timeseries,2,Nested Product Conversion,mlx-community/DeepSeek-R1-Distill-Qwen-14B-4bit,1752.0,9628.0,0.0,0
2026-06-26T15:20:13.777,timeseries,2,Nested Product Conversion,mlx-community/DeepSeek-R1-Distill-Qwen-14B-4bit,261.0,9639.0,0.0,0
2026-06-26T15:20:13.840,timeseries,2,Nested Product Conversion,mlx-community/DeepSeek-R1-Distill-Qwen-14B-4bit,131.0,11041.0,0.0,0
2026-06-26T15:20:13.902,timeseries,2,Nested Product Conversion,mlx-community/DeepSeek-R1-Distill-Qwen-14B-4bit,164.0,9652.0,0.0,0
2026-06-26T15:20:13.964,timeseries,2,Nested Product Conversion,mlx-community/DeepSeek-R1-Distill-Qwen-14B-4bit,111.0,10741.0,0.0,0
2026-06-26T15:20:14.025,timeseries,2,Nested Product Conversion,mlx-community/DeepSeek-R1-Distill-Qwen-14B-4bit,129.0,9559.0,0.0,0
2026-06-26T15:20:14.086,timeseries,2,Nested Product Conversion,mlx-community/DeepSeek-R1-Distill-Qwen-14B-4bit,288.0,10728.0,0.0,0
2026-06-26T15:20:14.147,timeseries,2,Nested Product Conversion,mlx-community/DeepSeek-R1-Distill-Qwen-14B-4bit,186.0,10001.0,0.0,0
2026-06-26T15:20:14.209,timeseries,2,Nested Product Conversion,mlx-community/DeepSeek-R1-Distill-Qwen-14B-4bit,114.0,9646.0,0.0,0
2026-06-26T15:20:14.272,timeseries,2,Nested Product Conversion,mlx-community/DeepSeek-R1-Distill-Qwen-14B-4bit,145.0,10895.0,0.0,0
2026-06-26T15:20:14.334,timeseries,2,Nested Product Conversion,mlx-community/DeepSeek-R1-Distill-Qwen-14B-4bit,147.0,9614.0,0.0,0
2026-06-26T15:20:14.397,timeseries,2,Nested Product Conversion,mlx-community/DeepSeek-R1-Distill-Qwen-14B-4bit,252.0,10615.0,0.0,0
2026-06-26T15:20:14.459,timeseries,2,Nested Product Conversion,mlx-community/DeepSeek-R1-Distill-Qwen-14B-4bit,179.0,9620.0,0.0,0
2026-06-26T15:20:14.520,timeseries,2,Nested Product Conversion,mlx-community/DeepSeek-R1-Distill-Qwen-14B-4bit,143.0,10750.0,0.0,0
2026-06-26T15:20:14.582,timeseries,2,Nested Product Conversion,mlx-community/DeepSeek-R1-Distill-Qwen-14B-4bit,272.0,9423.0,0.0,0
2026-06-26T15:20:14.643,timeseries,2,Nested Product Conversion,mlx-community/DeepSeek-R1-Distill-Qwen-14B-4bit,199.0,9822.0,0.0,0
2026-06-26T15:20:14.706,timeseries,2,Nested Product Conversion,mlx-community/DeepSeek-R1-Distill-Qwen-14B-4bit,146.0,10965.0,0.0,0
2026-06-26T15:20:14.768,timeseries,2,Nested Product Conversion,mlx-community/DeepSeek-R1-Distill-Qwen-14B-4bit,114.0,9627.0,0.0,0
2026-06-26T15:20:14.830,timeseries,2,Nested Product Conversion,mlx-community/DeepSeek-R1-Distill-Qwen-14B-4bit,128.0,10830.0,0.0,0
2026-06-26T15:20:14.893,timeseries,2,Nested Product Conversion,mlx-community/DeepSeek-R1-Distill-Qwen-14B-4bit,129.0,9531.0,0.0,0
2026-06-26T15:20:14.956,timeseries,2,Nested Product Conversion,mlx-community/DeepSeek-R1-Distill-Qwen-14B-4bit,145.0,10857.0,0.0,0
2026-06-26T15:20:15.016,timeseries,2,Nested Product Conversion,mlx-community/DeepSeek-R1-Distill-Qwen-14B-4bit,128.0,9485.0,0.0,0
2026-06-26T15:20:15.078,timeseries,2,Nested Product Conversion,mlx-community/DeepSeek-R1-Distill-Qwen-14B-4bit,226.0,9514.0,0.0,0
2026-06-26T15:20:15.143,timeseries,2,Nested Product Conversion,mlx-community/DeepSeek-R1-Distill-Qwen-14B-4bit,229.0,11035.0,0.0,0
2026-06-26T15:20:15.209,timeseries,2,Nested Product Conversion,mlx-community/DeepSeek-R1-Distill-Qwen-14B-4bit,227.0,10866.0,0.0,0
2026-06-26T15:20:15.273,timeseries,2,Nested Product Conversion,mlx-community/DeepSeek-R1-Distill-Qwen-14B-4bit,384.0,8963.0,0.0,0
2026-06-26T15:20:15.335,timeseries,2,Nested Product Conversion,mlx-community/DeepSeek-R1-Distill-Qwen-14B-4bit,350.0,10097.0,0.0,0
2026-06-26T15:20:15.399,timeseries,2,Nested Product Conversion,mlx-community/DeepSeek-R1-Distill-Qwen-14B-4bit,252.0,10601.0,0.0,0
2026-06-26T15:20:15.459,timeseries,2,Nested Product Conversion,mlx-community/DeepSeek-R1-Distill-Qwen-14B-4bit,144.0,9496.0,0.0,0
2026-06-26T15:20:15.521,timeseries,2,Nested Product Conversion,mlx-community/DeepSeek-R1-Distill-Qwen-14B-4bit,192.0,9400.0,0.0,0
2026-06-26T15:20:15.584,timeseries,2,Nested Product Conversion,mlx-community/DeepSeek-R1-Distill-Qwen-14B-4bit,262.0,10992.0,0.0,0
2026-06-26T15:20:15.645,timeseries,2,Nested Product Conversion,mlx-community/DeepSeek-R1-Distill-Qwen-14B-4bit,245.0,9700.0,0.0,0
2026-06-26T15:20:15.707,timeseries,2,Nested Product Conversion,mlx-community/DeepSeek-R1-Distill-Qwen-14B-4bit,1234.0,10554.0,0.0,0
2026-06-26T15:20:15.768,timeseries,2,Nested Product Conversion,mlx-community/DeepSeek-R1-Distill-Qwen-14B-4bit,326.0,9669.0,0.0,0
2026-06-26T15:20:15.830,timeseries,2,Nested Product Conversion,mlx-community/DeepSeek-R1-Distill-Qwen-14B-4bit,229.0,9622.0,0.0,0
2026-06-26T15:20:15.892,timeseries,2,Nested Product Conversion,mlx-community/DeepSeek-R1-Distill-Qwen-14B-4bit,132.0,11149.0,0.0,0
2026-06-26T15:20:15.953,timeseries,2,Nested Product Conversion,mlx-community/DeepSeek-R1-Distill-Qwen-14B-4bit,208.0,9417.0,0.0,0
2026-06-26T15:20:16.016,timeseries,2,Nested Product Conversion,mlx-community/DeepSeek-R1-Distill-Qwen-14B-4bit,163.0,11044.0,0.0,0
2026-06-26T15:20:16.078,timeseries,2,Nested Product Conversion,mlx-community/DeepSeek-R1-Distill-Qwen-14B-4bit,195.0,9600.0,0.0,0
2026-06-26T15:20:16.141,timeseries,2,Nested Product Conversion,mlx-community/DeepSeek-R1-Distill-Qwen-14B-4bit,256.0,9441.0,0.0,0
2026-06-26T15:20:16.203,timeseries,2,Nested Product Conversion,mlx-community/DeepSeek-R1-Distill-Qwen-14B-4bit,129.0,10917.0,0.0,0
2026-06-26T15:20:16.266,timeseries,2,Nested Product Conversion,mlx-community/DeepSeek-R1-Distill-Qwen-14B-4bit,160.0,9436.0,0.0,0
2026-06-26T15:20:16.328,timeseries,2,Nested Product Conversion,mlx-community/DeepSeek-R1-Distill-Qwen-14B-4bit,129.0,10928.0,0.0,0
2026-06-26T15:20:16.390,timeseries,2,Nested Product Conversion,mlx-community/DeepSeek-R1-Distill-Qwen-14B-4bit,270.0,9336.0,0.0,0
2026-06-26T15:20:16.452,timeseries,2,Nested Product Conversion,mlx-community/DeepSeek-R1-Distill-Qwen-14B-4bit,128.0,10920.0,0.0,0
2026-06-26T15:20:16.513,timeseries,2,Nested Product Conversion,mlx-community/DeepSeek-R1-Distill-Qwen-14B-4bit,131.0,9715.0,0.0,0
2026-06-26T15:20:16.575,timeseries,2,Nested Product Conversion,mlx-community/DeepSeek-R1-Distill-Qwen-14B-4bit,370.0,10817.0,0.0,0
2026-06-26T15:20:16.636,timeseries,2,Nested Product Conversion,mlx-community/DeepSeek-R1-Distill-Qwen-14B-4bit,246.0,9681.0,0.0,0
2026-06-26T15:20:16.698,timeseries,2,Nested Product Conversion,mlx-community/DeepSeek-R1-Distill-Qwen-14B-4bit,114.0,9629.0,0.0,0
2026-06-26T15:20:16.762,timeseries,2,Nested Product Conversion,mlx-community/DeepSeek-R1-Distill-Qwen-14B-4bit,130.0,10975.0,0.0,0
2026-06-26T15:20:16.824,timeseries,2,Nested Product Conversion,mlx-community/DeepSeek-R1-Distill-Qwen-14B-4bit,226.0,9396.0,0.0,0
2026-06-26T15:20:16.887,timeseries,2,Nested Product Conversion,mlx-community/DeepSeek-R1-Distill-Qwen-14B-4bit,222.0,10588.0,0.0,0
2026-06-26T15:20:16.950,timeseries,2,Nested Product Conversion,mlx-community/DeepSeek-R1-Distill-Qwen-14B-4bit,113.0,9546.0,0.0,0
2026-06-26T15:20:17.013,timeseries,2,Nested Product Conversion,mlx-community/DeepSeek-R1-Distill-Qwen-14B-4bit,142.0,10666.0,0.0,0
2026-06-26T15:20:17.075,timeseries,2,Nested Product Conversion,mlx-community/DeepSeek-R1-Distill-Qwen-14B-4bit,176.0,9474.0,0.0,0
2026-06-26T15:20:17.137,timeseries,2,Nested Product Conversion,mlx-community/DeepSeek-R1-Distill-Qwen-14B-4bit,287.0,10764.0,0.0,0
2026-06-26T15:20:17.199,timeseries,2,Nested Product Conversion,mlx-community/DeepSeek-R1-Distill-Qwen-14B-4bit,129.0,9505.0,0.0,0
2026-06-26T15:20:17.261,timeseries,2,Nested Product Conversion,mlx-community/DeepSeek-R1-Distill-Qwen-14B-4bit,113.0,10907.0,0.0,0
2026-06-26T15:20:17.323,timeseries,2,Nested Product Conversion,mlx-community/DeepSeek-R1-Distill-Qwen-14B-4bit,144.0,9499.0,0.0,0
2026-06-26T15:20:17.385,timeseries,2,Nested Product Conversion,mlx-community/DeepSeek-R1-Distill-Qwen-14B-4bit,536.0,10875.0,0.0,0
2026-06-26T15:20:17.448,timeseries,2,Nested Product Conversion,mlx-community/DeepSeek-R1-Distill-Qwen-14B-4bit,146.0,9664.0,0.0,0
2026-06-26T15:20:17.510,timeseries,2,Nested Product Conversion,mlx-community/DeepSeek-R1-Distill-Qwen-14B-4bit,113.0,10872.0,0.0,0
2026-06-26T15:20:17.572,timeseries,2,Nested Product Conversion,mlx-community/DeepSeek-R1-Distill-Qwen-14B-4bit,207.0,9449.0,0.0,0
2026-06-26T15:20:17.634,timeseries,2,Nested Product Conversion,mlx-community/DeepSeek-R1-Distill-Qwen-14B-4bit,416.0,9438.0,0.0,0
2026-06-26T15:20:17.697,timeseries,2,Nested Product Conversion,mlx-community/DeepSeek-R1-Distill-Qwen-14B-4bit,179.0,11030.0,0.0,0
2026-06-26T15:20:17.758,timeseries,2,Nested Product Conversion,mlx-community/DeepSeek-R1-Distill-Qwen-14B-4bit,145.0,9532.0,0.0,0
2026-06-26T15:20:17.821,timeseries,2,Nested Product Conversion,mlx-community/DeepSeek-R1-Distill-Qwen-14B-4bit,112.0,10899.0,0.0,0
2026-06-26T15:20:17.882,timeseries,2,Nested Product Conversion,mlx-community/DeepSeek-R1-Distill-Qwen-14B-4bit,145.0,9580.0,0.0,0
2026-06-26T15:20:17.944,timeseries,2,Nested Product Conversion,mlx-community/DeepSeek-R1-Distill-Qwen-14B-4bit,129.0,10897.0,0.0,0
2026-06-26T15:20:18.008,timeseries,2,Nested Product Conversion,mlx-community/DeepSeek-R1-Distill-Qwen-14B-4bit,130.0,9618.0,0.0,0
2026-06-26T15:20:18.068,timeseries,2,Nested Product Conversion,mlx-community/DeepSeek-R1-Distill-Qwen-14B-4bit,129.0,10940.0,0.0,0
2026-06-26T15:20:18.131,timeseries,2,Nested Product Conversion,mlx-community/DeepSeek-R1-Distill-Qwen-14B-4bit,305.0,9489.0,0.0,0
2026-06-26T15:20:18.193,timeseries,2,Nested Product Conversion,mlx-community/DeepSeek-R1-Distill-Qwen-14B-4bit,146.0,9630.0,0.0,0
2026-06-26T15:20:18.256,timeseries,2,Nested Product Conversion,mlx-community/DeepSeek-R1-Distill-Qwen-14B-4bit,144.0,10885.0,0.0,0
2026-06-26T15:20:18.317,timeseries,2,Nested Product Conversion,mlx-community/DeepSeek-R1-Distill-Qwen-14B-4bit,128.0,9500.0,0.0,0
2026-06-26T15:20:18.380,timeseries,2,Nested Product Conversion,mlx-community/DeepSeek-R1-Distill-Qwen-14B-4bit,223.0,10770.0,0.0,0
2026-06-26T15:20:18.443,timeseries,2,Nested Product Conversion,mlx-community/DeepSeek-R1-Distill-Qwen-14B-4bit,163.0,9745.0,0.0,0
2026-06-26T15:20:18.505,timeseries,2,Nested Product Conversion,mlx-community/DeepSeek-R1-Distill-Qwen-14B-4bit,144.0,10828.0,0.0,0
2026-06-26T15:20:18.567,timeseries,2,Nested Product Conversion,mlx-community/DeepSeek-R1-Distill-Qwen-14B-4bit,159.0,9406.0,0.0,0
2026-06-26T15:20:18.629,timeseries,2,Nested Product Conversion,mlx-community/DeepSeek-R1-Distill-Qwen-14B-4bit,308.0,10957.0,0.0,0
2026-06-26T15:20:18.691,timeseries,2,Nested Product Conversion,mlx-community/DeepSeek-R1-Distill-Qwen-14B-4bit,210.0,9579.0,0.0,0
2026-06-26T15:20:18.753,timeseries,2,Nested Product Conversion,mlx-community/DeepSeek-R1-Distill-Qwen-14B-4bit,435.0,10819.0,0.0,0
2026-06-26T15:20:18.814,timeseries,2,Nested Product Conversion,mlx-community/DeepSeek-R1-Distill-Qwen-14B-4bit,1837.0,9475.0,0.0,0
2026-06-26T15:20:18.876,timeseries,2,Nested Product Conversion,mlx-community/DeepSeek-R1-Distill-Qwen-14B-4bit,420.0,9584.0,0.0,0
2026-06-26T15:20:18.938,timeseries,2,Nested Product Conversion,mlx-community/DeepSeek-R1-Distill-Qwen-14B-4bit,245.0,11079.0,0.0,0
2026-06-26T15:20:18.998,timeseries,2,Nested Product Conversion,mlx-community/DeepSeek-R1-Distill-Qwen-14B-4bit,248.0,9830.0,0.0,0
2026-06-26T15:20:19.060,timeseries,2,Nested Product Conversion,mlx-community/DeepSeek-R1-Distill-Qwen-14B-4bit,608.0,9507.0,0.0,0
2026-06-26T15:20:19.122,timeseries,2,Nested Product Conversion,mlx-community/DeepSeek-R1-Distill-Qwen-14B-4bit,1099.0,11260.0,0.0,0
2026-06-26T15:20:19.183,timeseries,2,Nested Product Conversion,mlx-community/DeepSeek-R1-Distill-Qwen-14B-4bit,340.0,9614.0,0.0,0
2026-06-26T15:20:19.245,timeseries,2,Nested Product Conversion,mlx-community/DeepSeek-R1-Distill-Qwen-14B-4bit,402.0,10928.0,0.0,0
2026-06-26T15:20:19.307,timeseries,2,Nested Product Conversion,mlx-community/DeepSeek-R1-Distill-Qwen-14B-4bit,375.0,9678.0,0.0,0
2026-06-26T15:20:19.369,timeseries,2,Nested Product Conversion,mlx-community/DeepSeek-R1-Distill-Qwen-14B-4bit,901.0,9495.0,0.0,0
2026-06-26T15:20:19.431,timeseries,2,Nested Product Conversion,mlx-community/DeepSeek-R1-Distill-Qwen-14B-4bit,374.0,11094.0,0.0,0
2026-06-26T15:20:19.492,timeseries,2,Nested Product Conversion,mlx-community/DeepSeek-R1-Distill-Qwen-14B-4bit,374.0,9666.0,0.0,0
2026-06-26T15:20:19.555,timeseries,2,Nested Product Conversion,mlx-community/DeepSeek-R1-Distill-Qwen-14B-4bit,388.0,10967.0,0.0,0
2026-06-26T15:20:19.617,timeseries,2,Nested Product Conversion,mlx-community/DeepSeek-R1-Distill-Qwen-14B-4bit,944.0,9664.0,0.0,0
2026-06-26T15:20:19.677,timeseries,2,Nested Product Conversion,mlx-community/DeepSeek-R1-Distill-Qwen-14B-4bit,543.0,10809.0,0.0,0
2026-06-26T15:20:19.739,timeseries,2,Nested Product Conversion,mlx-community/DeepSeek-R1-Distill-Qwen-14B-4bit,361.0,9762.0,0.0,0
2026-06-26T15:20:19.800,timeseries,2,Nested Product Conversion,mlx-community/DeepSeek-R1-Distill-Qwen-14B-4bit,376.0,9730.0,0.0,0
2026-06-26T15:20:19.862,timeseries,2,Nested Product Conversion,mlx-community/DeepSeek-R1-Distill-Qwen-14B-4bit,990.0,9612.0,0.0,0
2026-06-26T15:20:19.924,timeseries,2,Nested Product Conversion,mlx-community/DeepSeek-R1-Distill-Qwen-14B-4bit,819.0,11051.0,0.0,0
2026-06-26T15:20:19.986,timeseries,2,Nested Product Conversion,mlx-community/DeepSeek-R1-Distill-Qwen-14B-4bit,357.0,9643.0,0.0,0
2026-06-26T15:20:20.048,timeseries,2,Nested Product Conversion,mlx-community/DeepSeek-R1-Distill-Qwen-14B-4bit,416.0,10863.0,0.0,0
2026-06-26T15:20:20.109,timeseries,2,Nested Product Conversion,mlx-community/DeepSeek-R1-Distill-Qwen-14B-4bit,1010.0,9656.0,0.0,0
2026-06-26T15:20:20.170,timeseries,2,Nested Product Conversion,mlx-community/DeepSeek-R1-Distill-Qwen-14B-4bit,391.0,9669.0,0.0,0
2026-06-26T15:20:20.231,timeseries,2,Nested Product Conversion,mlx-community/DeepSeek-R1-Distill-Qwen-14B-4bit,326.0,11086.0,0.0,0
2026-06-26T15:20:20.292,timeseries,2,Nested Product Conversion,mlx-community/DeepSeek-R1-Distill-Qwen-14B-4bit,409.0,9729.0,0.0,0
2026-06-26T15:20:20.354,timeseries,2,Nested Product Conversion,mlx-community/DeepSeek-R1-Distill-Qwen-14B-4bit,784.0,9674.0,0.0,0
2026-06-26T15:20:20.416,timeseries,2,Nested Product Conversion,mlx-community/DeepSeek-R1-Distill-Qwen-14B-4bit,459.0,11143.0,0.0,0
2026-06-26T15:20:20.478,timeseries,2,Nested Product Conversion,mlx-community/DeepSeek-R1-Distill-Qwen-14B-4bit,440.0,9637.0,0.0,0
2026-06-26T15:20:20.542,timeseries,2,Nested Product Conversion,mlx-community/DeepSeek-R1-Distill-Qwen-14B-4bit,290.0,10914.0,0.0,0
2026-06-26T15:20:20.604,timeseries,2,Nested Product Conversion,mlx-community/DeepSeek-R1-Distill-Qwen-14B-4bit,913.0,9513.0,0.0,0
2026-06-26T15:20:20.666,timeseries,2,Nested Product Conversion,mlx-community/DeepSeek-R1-Distill-Qwen-14B-4bit,396.0,10758.0,0.0,0
2026-06-26T15:20:20.727,timeseries,2,Nested Product Conversion,mlx-community/DeepSeek-R1-Distill-Qwen-14B-4bit,582.0,9603.0,0.0,0
2026-06-26T15:20:20.789,timeseries,2,Nested Product Conversion,mlx-community/DeepSeek-R1-Distill-Qwen-14B-4bit,322.0,10953.0,0.0,0
2026-06-26T15:20:20.851,timeseries,2,Nested Product Conversion,mlx-community/DeepSeek-R1-Distill-Qwen-14B-4bit,376.0,9736.0,0.0,0
2026-06-26T15:20:20.912,timeseries,2,Nested Product Conversion,mlx-community/DeepSeek-R1-Distill-Qwen-14B-4bit,373.0,9657.0,0.0,0
2026-06-26T15:20:20.975,timeseries,2,Nested Product Conversion,mlx-community/DeepSeek-R1-Distill-Qwen-14B-4bit,370.0,10918.0,0.0,0
2026-06-26T15:20:21.036,timeseries,2,Nested Product Conversion,mlx-community/DeepSeek-R1-Distill-Qwen-14B-4bit,391.0,9671.0,0.0,0
2026-06-26T15:20:21.099,timeseries,2,Nested Product Conversion,mlx-community/DeepSeek-R1-Distill-Qwen-14B-4bit,869.0,10931.0,0.0,0
2026-06-26T15:20:21.160,timeseries,2,Nested Product Conversion,mlx-community/DeepSeek-R1-Distill-Qwen-14B-4bit,391.0,9681.0,0.0,0
2026-06-26T15:20:21.221,timeseries,2,Nested Product Conversion,mlx-community/DeepSeek-R1-Distill-Qwen-14B-4bit,383.0,9490.0,0.0,0
2026-06-26T15:20:21.284,timeseries,2,Nested Product Conversion,mlx-community/DeepSeek-R1-Distill-Qwen-14B-4bit,474.0,11077.0,0.0,0
2026-06-26T15:20:21.346,timeseries,2,Nested Product Conversion,mlx-community/DeepSeek-R1-Distill-Qwen-14B-4bit,620.0,9696.0,0.0,0
2026-06-26T15:20:21.408,timeseries,2,Nested Product Conversion,mlx-community/DeepSeek-R1-Distill-Qwen-14B-4bit,448.0,10863.0,0.0,0
2026-06-26T15:20:21.468,timeseries,2,Nested Product Conversion,mlx-community/DeepSeek-R1-Distill-Qwen-14B-4bit,372.0,9671.0,0.0,0
2026-06-26T15:20:21.530,timeseries,2,Nested Product Conversion,mlx-community/DeepSeek-R1-Distill-Qwen-14B-4bit,457.0,9679.0,0.0,0
2026-06-26T15:20:21.592,timeseries,2,Nested Product Conversion,mlx-community/DeepSeek-R1-Distill-Qwen-14B-4bit,832.0,11080.0,0.0,0
2026-06-26T15:20:21.654,timeseries,2,Nested Product Conversion,mlx-community/DeepSeek-R1-Distill-Qwen-14B-4bit,392.0,9730.0,0.0,0
2026-06-26T15:20:21.716,timeseries,2,Nested Product Conversion,mlx-community/DeepSeek-R1-Distill-Qwen-14B-4bit,389.0,10993.0,0.0,0
2026-06-26T15:20:21.777,timeseries,2,Nested Product Conversion,mlx-community/DeepSeek-R1-Distill-Qwen-14B-4bit,627.0,9577.0,0.0,0
2026-06-26T15:20:21.838,timeseries,2,Nested Product Conversion,mlx-community/DeepSeek-R1-Distill-Qwen-14B-4bit,357.0,9620.0,0.0,0
2026-06-26T15:20:21.900,timeseries,2,Nested Product Conversion,mlx-community/DeepSeek-R1-Distill-Qwen-14B-4bit,277.0,11106.0,0.0,0
2026-06-26T15:20:21.961,timeseries,2,Nested Product Conversion,mlx-community/DeepSeek-R1-Distill-Qwen-14B-4bit,376.0,9751.0,0.0,0
2026-06-26T15:20:22.023,timeseries,2,Nested Product Conversion,mlx-community/DeepSeek-R1-Distill-Qwen-14B-4bit,372.0,11036.0,0.0,0
2026-06-26T15:20:22.085,timeseries,2,Nested Product Conversion,mlx-community/DeepSeek-R1-Distill-Qwen-14B-4bit,980.0,9652.0,0.0,0
2026-06-26T15:20:22.147,timeseries,2,Nested Product Conversion,mlx-community/DeepSeek-R1-Distill-Qwen-14B-4bit,309.0,9677.0,0.0,0
2026-06-26T15:20:22.209,timeseries,2,Nested Product Conversion,mlx-community/DeepSeek-R1-Distill-Qwen-14B-4bit,369.0,10940.0,0.0,0
2026-06-26T15:20:22.271,timeseries,2,Nested Product Conversion,mlx-community/DeepSeek-R1-Distill-Qwen-14B-4bit,391.0,9685.0,0.0,0
2026-06-26T15:20:22.334,timeseries,2,Nested Product Conversion,mlx-community/DeepSeek-R1-Distill-Qwen-14B-4bit,448.0,10872.0,0.0,0
2026-06-26T15:20:22.396,timeseries,2,Nested Product Conversion,mlx-community/DeepSeek-R1-Distill-Qwen-14B-4bit,700.0,9640.0,0.0,0
2026-06-26T15:20:22.459,timeseries,2,Nested Product Conversion,mlx-community/DeepSeek-R1-Distill-Qwen-14B-4bit,430.0,10866.0,0.0,0
2026-06-26T15:20:22.520,timeseries,2,Nested Product Conversion,mlx-community/DeepSeek-R1-Distill-Qwen-14B-4bit,386.0,9597.0,0.0,0
2026-06-26T15:20:22.583,timeseries,2,Nested Product Conversion,mlx-community/DeepSeek-R1-Distill-Qwen-14B-4bit,1023.0,10880.0,0.0,0
2026-06-26T15:20:22.645,timeseries,2,Nested Product Conversion,mlx-community/DeepSeek-R1-Distill-Qwen-14B-4bit,439.0,9746.0,0.0,0
2026-06-26T15:20:22.707,timeseries,2,Nested Product Conversion,mlx-community/DeepSeek-R1-Distill-Qwen-14B-4bit,288.0,9537.0,0.0,0
2026-06-26T15:20:22.769,timeseries,2,Nested Product Conversion,mlx-community/DeepSeek-R1-Distill-Qwen-14B-4bit,420.0,11019.0,0.0,0
2026-06-26T15:20:22.830,timeseries,2,Nested Product Conversion,mlx-community/DeepSeek-R1-Distill-Qwen-14B-4bit,628.0,9644.0,0.0,0
2026-06-26T15:20:22.892,timeseries,2,Nested Product Conversion,mlx-community/DeepSeek-R1-Distill-Qwen-14B-4bit,421.0,11049.0,0.0,0
2026-06-26T15:20:22.954,timeseries,2,Nested Product Conversion,mlx-community/DeepSeek-R1-Distill-Qwen-14B-4bit,262.0,9768.0,0.0,0
2026-06-26T15:20:23.016,timeseries,2,Nested Product Conversion,mlx-community/DeepSeek-R1-Distill-Qwen-14B-4bit,403.0,9660.0,0.0,0
2026-06-26T15:20:23.078,timeseries,2,Nested Product Conversion,mlx-community/DeepSeek-R1-Distill-Qwen-14B-4bit,988.0,11043.0,0.0,0
2026-06-26T15:20:23.140,timeseries,2,Nested Product Conversion,mlx-community/DeepSeek-R1-Distill-Qwen-14B-4bit,402.0,9582.0,0.0,0
2026-06-26T15:20:23.202,timeseries,2,Nested Product Conversion,mlx-community/DeepSeek-R1-Distill-Qwen-14B-4bit,405.0,10976.0,0.0,0
2026-06-26T15:20:23.264,timeseries,2,Nested Product Conversion,mlx-community/DeepSeek-R1-Distill-Qwen-14B-4bit,275.0,9627.0,0.0,0
2026-06-26T15:20:23.327,timeseries,2,Nested Product Conversion,mlx-community/DeepSeek-R1-Distill-Qwen-14B-4bit,404.0,11001.0,0.0,0
2026-06-26T15:20:23.389,timeseries,2,Nested Product Conversion,mlx-community/DeepSeek-R1-Distill-Qwen-14B-4bit,820.0,9546.0,0.0,0
2026-06-26T15:20:23.451,timeseries,2,Nested Product Conversion,mlx-community/DeepSeek-R1-Distill-Qwen-14B-4bit,411.0,10806.0,0.0,0
2026-06-26T15:20:23.512,timeseries,2,Nested Product Conversion,mlx-community/DeepSeek-R1-Distill-Qwen-14B-4bit,246.0,9783.0,0.0,0
2026-06-26T15:20:23.573,timeseries,2,Nested Product Conversion,mlx-community/DeepSeek-R1-Distill-Qwen-14B-4bit,896.0,9520.0,0.0,0
2026-06-26T15:20:23.635,timeseries,2,Nested Product Conversion,mlx-community/DeepSeek-R1-Distill-Qwen-14B-4bit,492.0,11170.0,0.0,0
2026-06-26T15:20:23.696,timeseries,2,Nested Product Conversion,mlx-community/DeepSeek-R1-Distill-Qwen-14B-4bit,373.0,9655.0,0.0,0
2026-06-26T15:20:23.758,timeseries,2,Nested Product Conversion,mlx-community/DeepSeek-R1-Distill-Qwen-14B-4bit,276.0,11032.0,0.0,0
2026-06-26T15:20:23.819,timeseries,2,Nested Product Conversion,mlx-community/DeepSeek-R1-Distill-Qwen-14B-4bit,391.0,9728.0,0.0,0
2026-06-26T15:20:23.880,timeseries,2,Nested Product Conversion,mlx-community/DeepSeek-R1-Distill-Qwen-14B-4bit,3363.0,9568.0,0.0,0
2026-06-26T15:20:23.945,timeseries,2,Nested Product Conversion,mlx-community/DeepSeek-R1-Distill-Qwen-14B-4bit,603.0,11085.0,0.0,0
2026-06-26T15:20:24.008,timeseries,2,Nested Product Conversion,mlx-community/DeepSeek-R1-Distill-Qwen-14B-4bit,212.0,9724.0,0.0,0
2026-06-26T15:20:24.070,timeseries,2,Nested Product Conversion,mlx-community/DeepSeek-R1-Distill-Qwen-14B-4bit,219.0,10683.0,0.0,0
2026-06-26T15:20:24.132,timeseries,2,Nested Product Conversion,mlx-community/DeepSeek-R1-Distill-Qwen-14B-4bit,299.0,9320.0,0.0,0
2026-06-26T15:20:24.195,timeseries,2,Nested Product Conversion,mlx-community/DeepSeek-R1-Distill-Qwen-14B-4bit,146.0,11057.0,0.0,0
2026-06-26T15:20:24.257,timeseries,2,Nested Product Conversion,mlx-community/DeepSeek-R1-Distill-Qwen-14B-4bit,146.0,9607.0,0.0,0
2026-06-26T15:20:24.319,timeseries,2,Nested Product Conversion,mlx-community/DeepSeek-R1-Distill-Qwen-14B-4bit,143.0,10852.0,0.0,0
2026-06-26T15:20:24.381,timeseries,2,Nested Product Conversion,mlx-community/DeepSeek-R1-Distill-Qwen-14B-4bit,272.0,9452.0,0.0,0
2026-06-26T15:20:24.443,timeseries,2,Nested Product Conversion,mlx-community/DeepSeek-R1-Distill-Qwen-14B-4bit,163.0,11138.0,0.0,0
2026-06-26T15:20:24.507,timeseries,2,Nested Product Conversion,mlx-community/DeepSeek-R1-Distill-Qwen-14B-4bit,129.0,9627.0,0.0,0
2026-06-26T15:20:24.569,timeseries,2,Nested Product Conversion,mlx-community/DeepSeek-R1-Distill-Qwen-14B-4bit,145.0,10889.0,0.0,0
2026-06-26T15:20:24.631,timeseries,2,Nested Product Conversion,mlx-community/DeepSeek-R1-Distill-Qwen-14B-4bit,283.0,9334.0,0.0,0
2026-06-26T15:20:24.693,timeseries,2,Nested Product Conversion,mlx-community/DeepSeek-R1-Distill-Qwen-14B-4bit,129.0,11030.0,0.0,0
2026-06-26T15:20:24.756,timeseries,2,Nested Product Conversion,mlx-community/DeepSeek-R1-Distill-Qwen-14B-4bit,162.0,9628.0,0.0,0
2026-06-26T15:20:24.818,timeseries,2,Nested Product Conversion,mlx-community/DeepSeek-R1-Distill-Qwen-14B-4bit,145.0,9586.0,0.0,0
2026-06-26T15:20:24.880,timeseries,2,Nested Product Conversion,mlx-community/DeepSeek-R1-Distill-Qwen-14B-4bit,111.0,10819.0,0.0,0
2026-06-26T15:20:24.942,timeseries,2,Nested Product Conversion,mlx-community/DeepSeek-R1-Distill-Qwen-14B-4bit,177.0,9559.0,0.0,0
2026-06-26T15:20:25.005,timeseries,2,Nested Product Conversion,mlx-community/DeepSeek-R1-Distill-Qwen-14B-4bit,112.0,10920.0,0.0,0
2026-06-26T15:20:25.068,timeseries,2,Nested Product Conversion,mlx-community/DeepSeek-R1-Distill-Qwen-14B-4bit,145.0,9623.0,0.0,0
2026-06-26T15:20:25.130,timeseries,2,Nested Product Conversion,mlx-community/DeepSeek-R1-Distill-Qwen-14B-4bit,304.0,10839.0,0.0,0
2026-06-26T15:20:25.193,timeseries,2,Nested Product Conversion,mlx-community/DeepSeek-R1-Distill-Qwen-14B-4bit,142.0,9433.0,0.0,0
2026-06-26T15:20:25.255,timeseries,2,Nested Product Conversion,mlx-community/DeepSeek-R1-Distill-Qwen-14B-4bit,145.0,11001.0,0.0,0
2026-06-26T15:20:25.317,timeseries,2,Nested Product Conversion,mlx-community/DeepSeek-R1-Distill-Qwen-14B-4bit,177.0,9548.0,0.0,0
2026-06-26T15:20:25.380,timeseries,2,Nested Product Conversion,mlx-community/DeepSeek-R1-Distill-Qwen-14B-4bit,382.0,10672.0,0.0,0
2026-06-26T15:20:25.442,timeseries,2,Nested Product Conversion,mlx-community/DeepSeek-R1-Distill-Qwen-14B-4bit,178.0,9690.0,0.0,0
2026-06-26T15:20:25.504,timeseries,2,Nested Product Conversion,mlx-community/DeepSeek-R1-Distill-Qwen-14B-4bit,128.0,10924.0,0.0,0
2026-06-26T15:20:25.566,timeseries,2,Nested Product Conversion,mlx-community/DeepSeek-R1-Distill-Qwen-14B-4bit,129.0,9644.0,0.0,0
2026-06-26T15:20:25.629,timeseries,2,Nested Product Conversion,mlx-community/DeepSeek-R1-Distill-Qwen-14B-4bit,287.0,10841.0,0.0,0
2026-06-26T15:20:25.692,timeseries,2,Nested Product Conversion,mlx-community/DeepSeek-R1-Distill-Qwen-14B-4bit,131.0,9748.0,0.0,0
2026-06-26T15:20:25.753,timeseries,2,Nested Product Conversion,mlx-community/DeepSeek-R1-Distill-Qwen-14B-4bit,565.0,10564.0,0.0,0
2026-06-26T15:20:25.815,timeseries,2,Nested Product Conversion,mlx-community/DeepSeek-R1-Distill-Qwen-14B-4bit,869.0,9559.0,0.0,0
2026-06-26T15:20:25.877,timeseries,2,Nested Product Conversion,mlx-community/DeepSeek-R1-Distill-Qwen-14B-4bit,244.0,11072.0,0.0,0
2026-06-26T15:20:25.939,timeseries,2,Nested Product Conversion,mlx-community/DeepSeek-R1-Distill-Qwen-14B-4bit,259.0,9648.0,0.0,0
2026-06-26T15:20:26.001,timeseries,2,Nested Product Conversion,mlx-community/DeepSeek-R1-Distill-Qwen-14B-4bit,517.0,9588.0,0.0,0
2026-06-26T15:20:26.063,timeseries,2,Nested Product Conversion,mlx-community/DeepSeek-R1-Distill-Qwen-14B-4bit,146.0,11081.0,0.0,0
2026-06-26T15:20:26.125,timeseries,2,Nested Product Conversion,mlx-community/DeepSeek-R1-Distill-Qwen-14B-4bit,336.0,9485.0,0.0,0
2026-06-26T15:20:26.188,timeseries,2,Nested Product Conversion,mlx-community/DeepSeek-R1-Distill-Qwen-14B-4bit,162.0,11002.0,0.0,0
2026-06-26T15:20:26.251,timeseries,2,Nested Product Conversion,mlx-community/DeepSeek-R1-Distill-Qwen-14B-4bit,112.0,9600.0,0.0,0
2026-06-26T15:20:26.312,timeseries,2,Nested Product Conversion,mlx-community/DeepSeek-R1-Distill-Qwen-14B-4bit,144.0,10845.0,0.0,0
2026-06-26T15:20:26.373,timeseries,2,Nested Product Conversion,mlx-community/DeepSeek-R1-Distill-Qwen-14B-4bit,287.0,9459.0,0.0,0
2026-06-26T15:20:26.435,timeseries,2,Nested Product Conversion,mlx-community/DeepSeek-R1-Distill-Qwen-14B-4bit,164.0,9822.0,0.0,0
2026-06-26T15:20:26.498,timeseries,2,Nested Product Conversion,mlx-community/DeepSeek-R1-Distill-Qwen-14B-4bit,130.0,11113.0,0.0,0
2026-06-26T15:20:26.558,timeseries,2,Nested Product Conversion,mlx-community/DeepSeek-R1-Distill-Qwen-14B-4bit,129.0,9650.0,0.0,0
2026-06-26T15:20:26.621,timeseries,2,Nested Product Conversion,mlx-community/DeepSeek-R1-Distill-Qwen-14B-4bit,288.0,10863.0,0.0,0
2026-06-26T15:20:26.684,timeseries,2,Nested Product Conversion,mlx-community/DeepSeek-R1-Distill-Qwen-14B-4bit,148.0,9829.0,0.0,0
2026-06-26T15:20:26.746,timeseries,2,Nested Product Conversion,mlx-community/DeepSeek-R1-Distill-Qwen-14B-4bit,129.0,10962.0,0.0,0
2026-06-26T15:20:26.806,timeseries,2,Nested Product Conversion,mlx-community/DeepSeek-R1-Distill-Qwen-14B-4bit,127.0,9527.0,0.0,0
2026-06-26T15:20:26.869,timeseries,2,Nested Product Conversion,mlx-community/DeepSeek-R1-Distill-Qwen-14B-4bit,147.0,9748.0,0.0,0
2026-06-26T15:20:26.932,timeseries,2,Nested Product Conversion,mlx-community/DeepSeek-R1-Distill-Qwen-14B-4bit,146.0,11073.0,0.0,0
2026-06-26T15:20:26.994,timeseries,2,Nested Product Conversion,mlx-community/DeepSeek-R1-Distill-Qwen-14B-4bit,128.0,9500.0,0.0,0
2026-06-26T15:20:27.055,timeseries,2,Nested Product Conversion,mlx-community/DeepSeek-R1-Distill-Qwen-14B-4bit,160.0,10891.0,0.0,0
2026-06-26T15:20:27.117,timeseries,2,Nested Product Conversion,mlx-community/DeepSeek-R1-Distill-Qwen-14B-4bit,307.0,9610.0,0.0,0
2026-06-26T15:20:27.179,timeseries,2,Nested Product Conversion,mlx-community/DeepSeek-R1-Distill-Qwen-14B-4bit,179.0,11101.0,0.0,0
2026-06-26T15:20:27.242,timeseries,2,Nested Product Conversion,mlx-community/DeepSeek-R1-Distill-Qwen-14B-4bit,130.0,9681.0,0.0,0
2026-06-26T15:20:27.305,timeseries,2,Nested Product Conversion,mlx-community/DeepSeek-R1-Distill-Qwen-14B-4bit,113.0,10936.0,0.0,0
2026-06-26T15:20:27.367,timeseries,2,Nested Product Conversion,mlx-community/DeepSeek-R1-Distill-Qwen-14B-4bit,207.0,9505.0,0.0,0
2026-06-26T15:20:27.429,timeseries,2,Nested Product Conversion,mlx-community/DeepSeek-R1-Distill-Qwen-14B-4bit,223.0,10816.0,0.0,0
2026-06-26T15:20:27.492,timeseries,2,Nested Product Conversion,mlx-community/DeepSeek-R1-Distill-Qwen-14B-4bit,145.0,9660.0,0.0,0
2026-06-26T15:20:27.553,timeseries,2,Nested Product Conversion,mlx-community/DeepSeek-R1-Distill-Qwen-14B-4bit,145.0,10957.0,0.0,0
2026-06-26T15:20:27.615,timeseries,2,Nested Product Conversion,mlx-community/DeepSeek-R1-Distill-Qwen-14B-4bit,305.0,9551.0,0.0,0
2026-06-26T15:20:27.677,timeseries,2,Nested Product Conversion,mlx-community/DeepSeek-R1-Distill-Qwen-14B-4bit,163.0,9770.0,0.0,0
2026-06-26T15:20:27.739,timeseries,2,Nested Product Conversion,mlx-community/DeepSeek-R1-Distill-Qwen-14B-4bit,144.0,10919.0,0.0,0
2026-06-26T15:20:27.802,timeseries,2,Nested Product Conversion,mlx-community/DeepSeek-R1-Distill-Qwen-14B-4bit,144.0,9552.0,0.0,0
2026-06-26T15:20:27.863,timeseries,2,Nested Product Conversion,mlx-community/DeepSeek-R1-Distill-Qwen-14B-4bit,113.0,11020.0,0.0,0
2026-06-26T15:20:27.925,timeseries,2,Nested Product Conversion,mlx-community/DeepSeek-R1-Distill-Qwen-14B-4bit,146.0,9707.0,0.0,0
2026-06-26T15:20:27.988,timeseries,2,Nested Product Conversion,mlx-community/DeepSeek-R1-Distill-Qwen-14B-4bit,145.0,10982.0,0.0,0
2026-06-26T15:20:28.049,timeseries,2,Nested Product Conversion,mlx-community/DeepSeek-R1-Distill-Qwen-14B-4bit,113.0,9624.0,0.0,0
2026-06-26T15:20:28.111,timeseries,2,Nested Product Conversion,mlx-community/DeepSeek-R1-Distill-Qwen-14B-4bit,310.0,9647.0,0.0,0
2026-06-26T15:20:28.173,timeseries,2,Nested Product Conversion,mlx-community/DeepSeek-R1-Distill-Qwen-14B-4bit,193.0,11016.0,0.0,0
2026-06-26T15:20:28.235,timeseries,2,Nested Product Conversion,mlx-community/DeepSeek-R1-Distill-Qwen-14B-4bit,129.0,9612.0,0.0,0
2026-06-26T15:20:28.299,timeseries,2,Nested Product Conversion,mlx-community/DeepSeek-R1-Distill-Qwen-14B-4bit,144.0,10955.0,0.0,0
2026-06-26T15:20:28.361,timeseries,2,Nested Product Conversion,mlx-community/DeepSeek-R1-Distill-Qwen-14B-4bit,162.0,9644.0,0.0,0
2026-06-26T15:20:28.423,timeseries,2,Nested Product Conversion,mlx-community/DeepSeek-R1-Distill-Qwen-14B-4bit,235.0,10691.0,0.0,0
2026-06-26T15:20:28.485,timeseries,2,Nested Product Conversion,mlx-community/DeepSeek-R1-Distill-Qwen-14B-4bit,161.0,9668.0,0.0,0
2026-06-26T15:20:28.547,timeseries,2,Nested Product Conversion,mlx-community/DeepSeek-R1-Distill-Qwen-14B-4bit,145.0,10978.0,0.0,0
2026-06-26T15:20:28.610,timeseries,2,Nested Product Conversion,mlx-community/DeepSeek-R1-Distill-Qwen-14B-4bit,275.0,9613.0,0.0,0
2026-06-26T15:20:28.671,timeseries,2,Nested Product Conversion,mlx-community/DeepSeek-R1-Distill-Qwen-14B-4bit,147.0,11122.0,0.0,0
2026-06-26T15:20:28.734,timeseries,2,Nested Product Conversion,mlx-community/DeepSeek-R1-Distill-Qwen-14B-4bit,143.0,9506.0,0.0,0
2026-06-26T15:20:28.795,timeseries,2,Nested Product Conversion,mlx-community/DeepSeek-R1-Distill-Qwen-14B-4bit,130.0,9689.0,0.0,0
2026-06-26T15:20:28.859,timeseries,2,Nested Product Conversion,mlx-community/DeepSeek-R1-Distill-Qwen-14B-4bit,145.0,10971.0,0.0,0
2026-06-26T15:20:28.921,timeseries,2,Nested Product Conversion,mlx-community/DeepSeek-R1-Distill-Qwen-14B-4bit,114.0,11021.0,0.0,0
2026-06-26T15:20:28.983,timeseries,2,Nested Product Conversion,mlx-community/DeepSeek-R1-Distill-Qwen-14B-4bit,1253.0,9242.0,0.0,0
2026-06-26T15:20:29.044,timeseries,2,Nested Product Conversion,mlx-community/DeepSeek-R1-Distill-Qwen-14B-4bit,1154.0,9687.0,0.0,0
2026-06-26T15:20:29.106,timeseries,2,Nested Product Conversion,mlx-community/DeepSeek-R1-Distill-Qwen-14B-4bit,792.0,11024.0,0.0,0
2026-06-26T15:20:29.167,timeseries,2,Nested Product Conversion,mlx-community/DeepSeek-R1-Distill-Qwen-14B-4bit,343.0,9729.0,0.0,0
2026-06-26T15:20:29.229,timeseries,2,Nested Product Conversion,mlx-community/DeepSeek-R1-Distill-Qwen-14B-4bit,180.0,9778.0,0.0,0
2026-06-26T15:20:29.291,timeseries,2,Nested Product Conversion,mlx-community/DeepSeek-R1-Distill-Qwen-14B-4bit,310.0,11147.0,0.0,0
2026-06-26T15:20:29.353,timeseries,2,Nested Product Conversion,mlx-community/DeepSeek-R1-Distill-Qwen-14B-4bit,671.0,9782.0,0.0,0
2026-06-26T15:20:29.414,timeseries,2,Nested Product Conversion,mlx-community/DeepSeek-R1-Distill-Qwen-14B-4bit,585.0,10807.0,0.0,0
2026-06-26T15:20:29.476,timeseries,2,Nested Product Conversion,mlx-community/DeepSeek-R1-Distill-Qwen-14B-4bit,295.0,9789.0,0.0,0
2026-06-26T15:20:29.538,timeseries,2,Nested Product Conversion,mlx-community/DeepSeek-R1-Distill-Qwen-14B-4bit,482.0,9612.0,0.0,0
2026-06-26T15:20:29.600,timeseries,2,Nested Product Conversion,mlx-community/DeepSeek-R1-Distill-Qwen-14B-4bit,975.0,11086.0,0.0,0
2026-06-26T15:20:29.662,timeseries,2,Nested Product Conversion,mlx-community/DeepSeek-R1-Distill-Qwen-14B-4bit,467.0,9655.0,0.0,0
2026-06-26T15:20:29.724,timeseries,2,Nested Product Conversion,mlx-community/DeepSeek-R1-Distill-Qwen-14B-4bit,388.0,11001.0,0.0,0
2026-06-26T15:20:29.785,timeseries,2,Nested Product Conversion,mlx-community/DeepSeek-R1-Distill-Qwen-14B-4bit,276.0,9708.0,0.0,0
2026-06-26T15:20:29.848,timeseries,2,Nested Product Conversion,mlx-community/DeepSeek-R1-Distill-Qwen-14B-4bit,403.0,11013.0,0.0,0
2026-06-26T15:20:29.909,timeseries,2,Nested Product Conversion,mlx-community/DeepSeek-R1-Distill-Qwen-14B-4bit,1426.0,9611.0,0.0,0
2026-06-26T15:20:29.970,timeseries,2,Nested Product Conversion,mlx-community/DeepSeek-R1-Distill-Qwen-14B-4bit,417.0,9578.0,0.0,0
2026-06-26T15:20:30.033,timeseries,2,Nested Product Conversion,mlx-community/DeepSeek-R1-Distill-Qwen-14B-4bit,262.0,11183.0,0.0,0
2026-06-26T15:20:30.093,timeseries,2,Nested Product Conversion,mlx-community/DeepSeek-R1-Distill-Qwen-14B-4bit,961.0,9705.0,0.0,0
2026-06-26T15:20:30.155,timeseries,2,Nested Product Conversion,mlx-community/DeepSeek-R1-Distill-Qwen-14B-4bit,651.0,9735.0,0.0,0
2026-06-26T15:20:30.217,timeseries,2,Nested Product Conversion,mlx-community/DeepSeek-R1-Distill-Qwen-14B-4bit,391.0,11128.0,0.0,0
2026-06-26T15:20:30.278,timeseries,2,Nested Product Conversion,mlx-community/DeepSeek-R1-Distill-Qwen-14B-4bit,290.0,9603.0,0.0,0
2026-06-26T15:20:30.341,timeseries,2,Nested Product Conversion,mlx-community/DeepSeek-R1-Distill-Qwen-14B-4bit,405.0,11060.0,0.0,0
2026-06-26T15:20:30.401,timeseries,2,Nested Product Conversion,mlx-community/DeepSeek-R1-Distill-Qwen-14B-4bit,783.0,9717.0,0.0,0
2026-06-26T15:20:30.463,timeseries,2,Nested Product Conversion,mlx-community/DeepSeek-R1-Distill-Qwen-14B-4bit,455.0,9770.0,0.0,0
2026-06-26T15:20:30.525,timeseries,2,Nested Product Conversion,mlx-community/DeepSeek-R1-Distill-Qwen-14B-4bit,408.0,11125.0,0.0,0
2026-06-26T15:20:30.587,timeseries,2,Nested Product Conversion,mlx-community/DeepSeek-R1-Distill-Qwen-14B-4bit,801.0,9779.0,0.0,0
2026-06-26T15:20:30.648,timeseries,2,Nested Product Conversion,mlx-community/DeepSeek-R1-Distill-Qwen-14B-4bit,420.0,11057.0,0.0,0
2026-06-26T15:20:30.710,timeseries,2,Nested Product Conversion,mlx-community/DeepSeek-R1-Distill-Qwen-14B-4bit,466.0,9619.0,0.0,0
2026-06-26T15:20:30.772,timeseries,2,Nested Product Conversion,mlx-community/DeepSeek-R1-Distill-Qwen-14B-4bit,389.0,9681.0,0.0,0
2026-06-26T15:20:30.834,timeseries,2,Nested Product Conversion,mlx-community/DeepSeek-R1-Distill-Qwen-14B-4bit,259.0,11082.0,0.0,0
2026-06-26T15:20:30.895,timeseries,2,Nested Product Conversion,mlx-community/DeepSeek-R1-Distill-Qwen-14B-4bit,387.0,9668.0,0.0,0
2026-06-26T15:20:30.957,timeseries,2,Nested Product Conversion,mlx-community/DeepSeek-R1-Distill-Qwen-14B-4bit,437.0,11077.0,0.0,0
2026-06-26T15:20:31.018,timeseries,2,Nested Product Conversion,mlx-community/DeepSeek-R1-Distill-Qwen-14B-4bit,364.0,9916.0,0.0,0
2026-06-26T15:20:31.080,timeseries,2,Nested Product Conversion,mlx-community/DeepSeek-R1-Distill-Qwen-14B-4bit,837.0,9594.0,0.0,0
2026-06-26T15:20:31.141,timeseries,2,Nested Product Conversion,mlx-community/DeepSeek-R1-Distill-Qwen-14B-4bit,424.0,11175.0,0.0,0
2026-06-26T15:20:31.202,timeseries,2,Nested Product Conversion,mlx-community/DeepSeek-R1-Distill-Qwen-14B-4bit,618.0,9740.0,0.0,0
2026-06-26T15:20:31.264,timeseries,2,Nested Product Conversion,mlx-community/DeepSeek-R1-Distill-Qwen-14B-4bit,391.0,11150.0,0.0,0
2026-06-26T15:20:31.326,timeseries,2,Nested Product Conversion,mlx-community/DeepSeek-R1-Distill-Qwen-14B-4bit,375.0,9744.0,0.0,0
2026-06-26T15:20:31.388,timeseries,2,Nested Product Conversion,mlx-community/DeepSeek-R1-Distill-Qwen-14B-4bit,662.0,9602.0,0.0,0
2026-06-26T15:20:31.451,timeseries,2,Nested Product Conversion,mlx-community/DeepSeek-R1-Distill-Qwen-14B-4bit,422.0,11153.0,0.0,0
2026-06-26T15:20:31.512,timeseries,2,Nested Product Conversion,mlx-community/DeepSeek-R1-Distill-Qwen-14B-4bit,432.0,9578.0,0.0,0
2026-06-26T15:20:31.574,timeseries,2,Nested Product Conversion,mlx-community/DeepSeek-R1-Distill-Qwen-14B-4bit,756.0,10939.0,0.0,0
2026-06-26T15:20:31.635,timeseries,2,Nested Product Conversion,mlx-community/DeepSeek-R1-Distill-Qwen-14B-4bit,440.0,9790.0,0.0,0
2026-06-26T15:20:31.696,timeseries,2,Nested Product Conversion,mlx-community/DeepSeek-R1-Distill-Qwen-14B-4bit,404.0,9673.0,0.0,0
2026-06-26T15:20:31.758,timeseries,2,Nested Product Conversion,mlx-community/DeepSeek-R1-Distill-Qwen-14B-4bit,439.0,11131.0,0.0,0
2026-06-26T15:20:31.819,timeseries,2,Nested Product Conversion,mlx-community/DeepSeek-R1-Distill-Qwen-14B-4bit,377.0,9802.0,0.0,0
2026-06-26T15:20:31.882,timeseries,2,Nested Product Conversion,mlx-community/DeepSeek-R1-Distill-Qwen-14B-4bit,260.0,11098.0,0.0,0
2026-06-26T15:20:31.944,timeseries,2,Nested Product Conversion,mlx-community/DeepSeek-R1-Distill-Qwen-14B-4bit,374.0,9764.0,0.0,0
2026-06-26T15:20:32.005,timeseries,2,Nested Product Conversion,mlx-community/DeepSeek-R1-Distill-Qwen-14B-4bit,434.0,9619.0,0.0,0
2026-06-26T15:20:32.068,timeseries,2,Nested Product Conversion,mlx-community/DeepSeek-R1-Distill-Qwen-14B-4bit,388.0,11045.0,0.0,0
2026-06-26T15:20:32.129,timeseries,2,Nested Product Conversion,mlx-community/DeepSeek-R1-Distill-Qwen-14B-4bit,927.0,9698.0,0.0,0
2026-06-26T15:20:32.191,timeseries,2,Nested Product Conversion,mlx-community/DeepSeek-R1-Distill-Qwen-14B-4bit,303.0,10919.0,0.0,0
2026-06-26T15:20:32.252,timeseries,2,Nested Product Conversion,mlx-community/DeepSeek-R1-Distill-Qwen-14B-4bit,607.0,9815.0,0.0,0
2026-06-26T15:20:32.314,timeseries,2,Nested Product Conversion,mlx-community/DeepSeek-R1-Distill-Qwen-14B-4bit,390.0,9705.0,0.0,0
2026-06-26T15:20:32.376,timeseries,2,Nested Product Conversion,mlx-community/DeepSeek-R1-Distill-Qwen-14B-4bit,797.0,11062.0,0.0,0
2026-06-26T15:20:32.437,timeseries,2,Nested Product Conversion,mlx-community/DeepSeek-R1-Distill-Qwen-14B-4bit,275.0,9747.0,0.0,0
2026-06-26T15:20:32.499,timeseries,2,Nested Product Conversion,mlx-community/DeepSeek-R1-Distill-Qwen-14B-4bit,451.0,11028.0,0.0,0
2026-06-26T15:20:32.561,timeseries,2,Nested Product Conversion,mlx-community/DeepSeek-R1-Distill-Qwen-14B-4bit,377.0,9807.0,0.0,0
2026-06-26T15:20:32.623,timeseries,2,Nested Product Conversion,mlx-community/DeepSeek-R1-Distill-Qwen-14B-4bit,984.0,11019.0,0.0,0
2026-06-26T15:20:32.685,timeseries,2,Nested Product Conversion,mlx-community/DeepSeek-R1-Distill-Qwen-14B-4bit,257.0,9634.0,0.0,0
2026-06-26T15:20:32.746,timeseries,2,Nested Product Conversion,mlx-community/DeepSeek-R1-Distill-Qwen-14B-4bit,390.0,9758.0,0.0,0
2026-06-26T15:20:32.808,timeseries,2,Nested Product Conversion,mlx-community/DeepSeek-R1-Distill-Qwen-14B-4bit,452.0,11036.0,0.0,0
2026-06-26T15:20:32.870,timeseries,2,Nested Product Conversion,mlx-community/DeepSeek-R1-Distill-Qwen-14B-4bit,394.0,9833.0,0.0,0
2026-06-26T15:20:32.932,timeseries,2,Nested Product Conversion,mlx-community/DeepSeek-R1-Distill-Qwen-14B-4bit,372.0,9679.0,0.0,0
2026-06-26T15:20:32.994,timeseries,2,Nested Product Conversion,mlx-community/DeepSeek-R1-Distill-Qwen-14B-4bit,259.0,11082.0,0.0,0
2026-06-26T15:20:33.056,timeseries,2,Nested Product Conversion,mlx-community/DeepSeek-R1-Distill-Qwen-14B-4bit,435.0,9653.0,0.0,0
2026-06-26T15:20:33.118,timeseries,2,Nested Product Conversion,mlx-community/DeepSeek-R1-Distill-Qwen-14B-4bit,951.0,11026.0,0.0,0
2026-06-26T15:20:33.179,timeseries,2,Nested Product Conversion,mlx-community/DeepSeek-R1-Distill-Qwen-14B-4bit,372.0,9667.0,0.0,0
2026-06-26T15:20:33.241,timeseries,2,Nested Product Conversion,mlx-community/DeepSeek-R1-Distill-Qwen-14B-4bit,274.0,11044.0,0.0,0
2026-06-26T15:20:33.303,timeseries,2,Nested Product Conversion,mlx-community/DeepSeek-R1-Distill-Qwen-14B-4bit,607.0,9824.0,0.0,0
2026-06-26T15:20:33.364,timeseries,2,Nested Product Conversion,mlx-community/DeepSeek-R1-Distill-Qwen-14B-4bit,778.0,9672.0,0.0,0
2026-06-26T15:20:33.426,timeseries,2,Nested Product Conversion,mlx-community/DeepSeek-R1-Distill-Qwen-14B-4bit,419.0,11082.0,0.0,0
2026-06-26T15:20:33.487,timeseries,2,Nested Product Conversion,mlx-community/DeepSeek-R1-Distill-Qwen-14B-4bit,277.0,9804.0,0.0,0
2026-06-26T15:20:33.548,timeseries,2,Nested Product Conversion,mlx-community/DeepSeek-R1-Distill-Qwen-14B-4bit,4972.0,11054.0,0.0,0
2026-06-26T15:20:33.609,timeseries,2,Nested Product Conversion,mlx-community/DeepSeek-R1-Distill-Qwen-14B-4bit,5036.0,9842.0,0.0,0
2026-06-26T15:20:33.670,timeseries,2,Nested Product Conversion,mlx-community/DeepSeek-R1-Distill-Qwen-14B-4bit,5734.0,9953.0,0.0,0
2026-06-26T15:20:33.731,timeseries,2,Nested Product Conversion,mlx-community/DeepSeek-R1-Distill-Qwen-14B-4bit,5680.0,11214.0,0.0,0
2026-06-26T15:20:33.793,timeseries,2,Nested Product Conversion,mlx-community/DeepSeek-R1-Distill-Qwen-14B-4bit,5773.0,9866.0,0.0,0
2026-06-26T15:20:33.854,timeseries,2,Nested Product Conversion,mlx-community/DeepSeek-R1-Distill-Qwen-14B-4bit,4394.0,9961.0,0.0,0
2026-06-26T15:20:33.916,timeseries,2,Nested Product Conversion,mlx-community/DeepSeek-R1-Distill-Qwen-14B-4bit,387.0,11088.0,0.0,0
2026-06-26T15:20:33.978,timeseries,2,Nested Product Conversion,mlx-community/DeepSeek-R1-Distill-Qwen-14B-4bit,294.0,9807.0,0.0,0
2026-06-26T15:20:34.040,timeseries,2,Nested Product Conversion,mlx-community/DeepSeek-R1-Distill-Qwen-14B-4bit,679.0,9662.0,0.0,0
2026-06-26T15:20:34.102,timeseries,2,Nested Product Conversion,mlx-community/DeepSeek-R1-Distill-Qwen-14B-4bit,2776.0,10976.0,0.0,0
2026-06-26T15:20:34.163,timeseries,2,Nested Product Conversion,mlx-community/DeepSeek-R1-Distill-Qwen-14B-4bit,467.0,9668.0,0.0,0
2026-06-26T15:20:34.225,timeseries,2,Nested Product Conversion,mlx-community/DeepSeek-R1-Distill-Qwen-14B-4bit,259.0,11108.0,0.0,0
2026-06-26T15:20:34.287,timeseries,2,Nested Product Conversion,mlx-community/DeepSeek-R1-Distill-Qwen-14B-4bit,246.0,9823.0,0.0,0
2026-06-26T15:20:34.349,timeseries,2,Nested Product Conversion,mlx-community/DeepSeek-R1-Distill-Qwen-14B-4bit,630.0,9673.0,0.0,0
2026-06-26T15:20:34.410,timeseries,2,Nested Product Conversion,mlx-community/DeepSeek-R1-Distill-Qwen-14B-4bit,801.0,10952.0,0.0,0
2026-06-26T15:20:34.472,timeseries,2,Nested Product Conversion,mlx-community/DeepSeek-R1-Distill-Qwen-14B-4bit,376.0,9866.0,0.0,0
2026-06-26T15:20:34.535,timeseries,2,Nested Product Conversion,mlx-community/DeepSeek-R1-Distill-Qwen-14B-4bit,292.0,11106.0,0.0,0
2026-06-26T15:20:34.600,timeseries,2,Nested Product Conversion,mlx-community/DeepSeek-R1-Distill-Qwen-14B-4bit,1088.0,9697.0,0.0,0
2026-06-26T15:20:34.662,timeseries,2,Nested Product Conversion,mlx-community/DeepSeek-R1-Distill-Qwen-14B-4bit,411.0,10842.0,0.0,0
2026-06-26T15:20:34.723,timeseries,2,Nested Product Conversion,mlx-community/DeepSeek-R1-Distill-Qwen-14B-4bit,475.0,9200.0,0.0,0
2026-06-26T15:20:34.785,timeseries,2,Nested Product Conversion,mlx-community/DeepSeek-R1-Distill-Qwen-14B-4bit,391.0,11149.0,0.0,0
2026-06-26T15:20:34.847,timeseries,2,Nested Product Conversion,mlx-community/DeepSeek-R1-Distill-Qwen-14B-4bit,325.0,9747.0,0.0,0
2026-06-26T15:20:34.909,timeseries,2,Nested Product Conversion,mlx-community/DeepSeek-R1-Distill-Qwen-14B-4bit,404.0,11096.0,0.0,0
2026-06-26T15:20:34.970,timeseries,2,Nested Product Conversion,mlx-community/DeepSeek-R1-Distill-Qwen-14B-4bit,356.0,9741.0,0.0,0
2026-06-26T15:20:35.032,timeseries,2,Nested Product Conversion,mlx-community/DeepSeek-R1-Distill-Qwen-14B-4bit,373.0,9732.0,0.0,0
2026-06-26T15:20:35.093,timeseries,2,Nested Product Conversion,mlx-community/DeepSeek-R1-Distill-Qwen-14B-4bit,929.0,11153.0,0.0,0
2026-06-26T15:20:35.155,timeseries,2,Nested Product Conversion,mlx-community/DeepSeek-R1-Distill-Qwen-14B-4bit,422.0,9756.0,0.0,0
2026-06-26T15:20:35.217,timeseries,2,Nested Product Conversion,mlx-community/DeepSeek-R1-Distill-Qwen-14B-4bit,374.0,11164.0,0.0,0
2026-06-26T15:20:35.279,timeseries,2,Nested Product Conversion,mlx-community/DeepSeek-R1-Distill-Qwen-14B-4bit,388.0,9711.0,0.0,0
2026-06-26T15:20:35.341,timeseries,2,Nested Product Conversion,mlx-community/DeepSeek-R1-Distill-Qwen-14B-4bit,532.0,9660.0,0.0,0
2026-06-26T15:20:35.403,timeseries,2,Nested Product Conversion,mlx-community/DeepSeek-R1-Distill-Qwen-14B-4bit,760.0,11042.0,0.0,0
2026-06-26T15:20:35.464,timeseries,2,Nested Product Conversion,mlx-community/DeepSeek-R1-Distill-Qwen-14B-4bit,452.0,9715.0,0.0,0
2026-06-26T15:20:35.527,timeseries,2,Nested Product Conversion,mlx-community/DeepSeek-R1-Distill-Qwen-14B-4bit,371.0,11071.0,0.0,0
2026-06-26T15:20:35.589,timeseries,2,Nested Product Conversion,mlx-community/DeepSeek-R1-Distill-Qwen-14B-4bit,931.0,9769.0,0.0,0
2026-06-26T15:20:35.651,timeseries,2,Nested Product Conversion,mlx-community/DeepSeek-R1-Distill-Qwen-14B-4bit,369.0,11021.0,0.0,0
2026-06-26T15:20:35.712,timeseries,2,Nested Product Conversion,mlx-community/DeepSeek-R1-Distill-Qwen-14B-4bit,389.0,9731.0,0.0,0
2026-06-26T15:20:35.774,timeseries,2,Nested Product Conversion,mlx-community/DeepSeek-R1-Distill-Qwen-14B-4bit,354.0,9681.0,0.0,0
2026-06-26T15:20:35.836,timeseries,2,Nested Product Conversion,mlx-community/DeepSeek-R1-Distill-Qwen-14B-4bit,2422.0,11003.0,0.0,0
2026-06-26T15:20:35.897,timeseries,2,Nested Product Conversion,mlx-community/DeepSeek-R1-Distill-Qwen-14B-4bit,245.0,9781.0,0.0,0
2026-06-26T15:20:35.959,timeseries,2,Nested Product Conversion,mlx-community/DeepSeek-R1-Distill-Qwen-14B-4bit,289.0,11026.0,0.0,0
2026-06-26T15:20:36.020,timeseries,2,Nested Product Conversion,mlx-community/DeepSeek-R1-Distill-Qwen-14B-4bit,769.0,9797.0,0.0,0
2026-06-26T15:20:36.082,timeseries,2,Nested Product Conversion,mlx-community/DeepSeek-R1-Distill-Qwen-14B-4bit,937.0,9695.0,0.0,0
2026-06-26T15:20:36.144,timeseries,2,Nested Product Conversion,mlx-community/DeepSeek-R1-Distill-Qwen-14B-4bit,440.0,11156.0,0.0,0
2026-06-26T15:20:36.206,timeseries,2,Nested Product Conversion,mlx-community/DeepSeek-R1-Distill-Qwen-14B-4bit,340.0,9722.0,0.0,0
2026-06-26T15:20:36.268,timeseries,2,Nested Product Conversion,mlx-community/DeepSeek-R1-Distill-Qwen-14B-4bit,386.0,11054.0,0.0,0
2026-06-26T15:20:36.330,timeseries,2,Nested Product Conversion,mlx-community/DeepSeek-R1-Distill-Qwen-14B-4bit,391.0,9804.0,0.0,0
2026-06-26T15:20:36.393,timeseries,2,Nested Product Conversion,mlx-community/DeepSeek-R1-Distill-Qwen-14B-4bit,1034.0,9643.0,0.0,0
2026-06-26T15:20:36.454,timeseries,2,Nested Product Conversion,mlx-community/DeepSeek-R1-Distill-Qwen-14B-4bit,388.0,11084.0,0.0,0
2026-06-26T15:20:36.515,timeseries,2,Nested Product Conversion,mlx-community/DeepSeek-R1-Distill-Qwen-14B-4bit,396.0,9494.0,0.0,0
2026-06-26T15:20:36.578,timeseries,2,Nested Product Conversion,mlx-community/DeepSeek-R1-Distill-Qwen-14B-4bit,860.0,11126.0,0.0,0
2026-06-26T15:20:36.639,timeseries,2,Nested Product Conversion,mlx-community/DeepSeek-R1-Distill-Qwen-14B-4bit,509.0,9842.0,0.0,0
2026-06-26T15:20:36.702,timeseries,2,Nested Product Conversion,mlx-community/DeepSeek-R1-Distill-Qwen-14B-4bit,338.0,11063.0,0.0,0
2026-06-26T15:20:36.764,timeseries,2,Nested Product Conversion,mlx-community/DeepSeek-R1-Distill-Qwen-14B-4bit,389.0,9750.0,0.0,0
2026-06-26T15:20:36.825,timeseries,2,Nested Product Conversion,mlx-community/DeepSeek-R1-Distill-Qwen-14B-4bit,367.0,10970.0,0.0,0
2026-06-26T15:20:36.887,timeseries,2,Nested Product Conversion,mlx-community/DeepSeek-R1-Distill-Qwen-14B-4bit,394.0,9856.0,0.0,0
2026-06-26T15:20:36.948,timeseries,2,Nested Product Conversion,mlx-community/DeepSeek-R1-Distill-Qwen-14B-4bit,357.0,9746.0,0.0,0
2026-06-26T15:20:37.010,timeseries,2,Nested Product Conversion,mlx-community/DeepSeek-R1-Distill-Qwen-14B-4bit,355.0,11089.0,0.0,0
2026-06-26T15:20:37.072,timeseries,2,Nested Product Conversion,mlx-community/DeepSeek-R1-Distill-Qwen-14B-4bit,375.0,9801.0,0.0,0
2026-06-26T15:20:37.134,timeseries,2,Nested Product Conversion,mlx-community/DeepSeek-R1-Distill-Qwen-14B-4bit,945.0,11007.0,0.0,0
2026-06-26T15:20:37.196,timeseries,2,Nested Product Conversion,mlx-community/DeepSeek-R1-Distill-Qwen-14B-4bit,453.0,9689.0,0.0,0
2026-06-26T15:20:37.257,timeseries,2,Nested Product Conversion,mlx-community/DeepSeek-R1-Distill-Qwen-14B-4bit,274.0,9709.0,0.0,0
2026-06-26T15:20:37.319,timeseries,2,Nested Product Conversion,mlx-community/DeepSeek-R1-Distill-Qwen-14B-4bit,375.0,11208.0,0.0,0
2026-06-26T15:20:37.381,timeseries,2,Nested Product Conversion,mlx-community/DeepSeek-R1-Distill-Qwen-14B-4bit,785.0,9801.0,0.0,0
2026-06-26T15:20:37.442,timeseries,2,Nested Product Conversion,mlx-community/DeepSeek-R1-Distill-Qwen-14B-4bit,658.0,11033.0,0.0,0
2026-06-26T15:20:37.505,timeseries,2,Nested Product Conversion,mlx-community/DeepSeek-R1-Distill-Qwen-14B-4bit,291.0,9747.0,0.0,0
2026-06-26T15:20:37.568,timeseries,2,Nested Product Conversion,mlx-community/DeepSeek-R1-Distill-Qwen-14B-4bit,406.0,11125.0,0.0,0
2026-06-26T15:20:37.629,timeseries,2,Nested Product Conversion,mlx-community/DeepSeek-R1-Distill-Qwen-14B-4bit,952.0,9535.0,0.0,0
2026-06-26T15:20:37.691,timeseries,2,Nested Product Conversion,mlx-community/DeepSeek-R1-Distill-Qwen-14B-4bit,450.0,9643.0,0.0,0
2026-06-26T15:20:37.752,timeseries,2,Nested Product Conversion,mlx-community/DeepSeek-R1-Distill-Qwen-14B-4bit,326.0,11169.0,0.0,0
2026-06-26T15:20:37.814,timeseries,2,Nested Product Conversion,mlx-community/DeepSeek-R1-Distill-Qwen-14B-4bit,395.0,9912.0,0.0,0
2026-06-26T15:20:37.875,timeseries,2,Nested Product Conversion,mlx-community/DeepSeek-R1-Distill-Qwen-14B-4bit,370.0,9676.0,0.0,0
2026-06-26T15:20:37.937,timeseries,2,Nested Product Conversion,mlx-community/DeepSeek-R1-Distill-Qwen-14B-4bit,390.0,11157.0,0.0,0
2026-06-26T15:20:37.998,timeseries,2,Nested Product Conversion,mlx-community/DeepSeek-R1-Distill-Qwen-14B-4bit,442.0,9827.0,0.0,0
2026-06-26T15:20:38.060,timeseries,2,Nested Product Conversion,mlx-community/DeepSeek-R1-Distill-Qwen-14B-4bit,275.0,11110.0,0.0,0
2026-06-26T15:20:38.122,timeseries,2,Nested Product Conversion,mlx-community/DeepSeek-R1-Distill-Qwen-14B-4bit,958.0,9745.0,0.0,0
2026-06-26T15:20:38.183,timeseries,2,Nested Product Conversion,mlx-community/DeepSeek-R1-Distill-Qwen-14B-4bit,403.0,9695.0,0.0,0
2026-06-26T15:20:38.245,timeseries,2,Nested Product Conversion,mlx-community/DeepSeek-R1-Distill-Qwen-14B-4bit,455.0,11144.0,0.0,0
2026-06-26T15:20:38.307,timeseries,2,Nested Product Conversion,mlx-community/DeepSeek-R1-Distill-Qwen-14B-4bit,279.0,9876.0,0.0,0
2026-06-26T15:20:38.369,timeseries,2,Nested Product Conversion,mlx-community/DeepSeek-R1-Distill-Qwen-14B-4bit,777.0,11093.0,0.0,0
2026-06-26T15:20:38.430,timeseries,2,Nested Product Conversion,mlx-community/DeepSeek-R1-Distill-Qwen-14B-4bit,389.0,9772.0,0.0,0
2026-06-26T15:20:38.492,timeseries,2,Nested Product Conversion,mlx-community/DeepSeek-R1-Distill-Qwen-14B-4bit,626.0,9662.0,0.0,0
2026-06-26T15:20:38.555,timeseries,2,Nested Product Conversion,mlx-community/DeepSeek-R1-Distill-Qwen-14B-4bit,261.0,11210.0,0.0,0
2026-06-26T15:20:38.616,timeseries,2,Nested Product Conversion,mlx-community/DeepSeek-R1-Distill-Qwen-14B-4bit,3014.0,9660.0,0.0,0
2026-06-26T15:20:38.678,timeseries,2,Nested Product Conversion,mlx-community/DeepSeek-R1-Distill-Qwen-14B-4bit,1223.0,10865.0,0.0,0
2026-06-26T15:20:38.741,timeseries,2,Nested Product Conversion,mlx-community/DeepSeek-R1-Distill-Qwen-14B-4bit,275.0,9733.0,0.0,0
2026-06-26T15:20:38.803,timeseries,2,Nested Product Conversion,mlx-community/DeepSeek-R1-Distill-Qwen-14B-4bit,177.0,11051.0,0.0,0
2026-06-26T15:20:38.864,timeseries,2,Nested Product Conversion,mlx-community/DeepSeek-R1-Distill-Qwen-14B-4bit,144.0,9659.0,0.0,0
2026-06-26T15:20:38.927,timeseries,2,Nested Product Conversion,mlx-community/DeepSeek-R1-Distill-Qwen-14B-4bit,146.0,9724.0,0.0,0
2026-06-26T15:20:38.989,timeseries,2,Nested Product Conversion,mlx-community/DeepSeek-R1-Distill-Qwen-14B-4bit,163.0,11164.0,0.0,0
2026-06-26T15:20:39.050,timeseries,2,Nested Product Conversion,mlx-community/DeepSeek-R1-Distill-Qwen-14B-4bit,176.0,11068.0,0.0,0
2026-06-26T15:20:39.112,timeseries,2,Nested Product Conversion,mlx-community/DeepSeek-R1-Distill-Qwen-14B-4bit,272.0,9570.0,0.0,0
2026-06-26T15:20:39.174,timeseries,2,Nested Product Conversion,mlx-community/DeepSeek-R1-Distill-Qwen-14B-4bit,1563.0,9756.0,0.0,0
2026-06-26T15:20:39.235,timeseries,2,Nested Product Conversion,mlx-community/DeepSeek-R1-Distill-Qwen-14B-4bit,1309.0,11070.0,0.0,0
2026-06-26T15:20:39.298,timeseries,2,Nested Product Conversion,mlx-community/DeepSeek-R1-Distill-Qwen-14B-4bit,470.0,9723.0,0.0,0
2026-06-26T15:20:39.360,timeseries,2,Nested Product Conversion,mlx-community/DeepSeek-R1-Distill-Qwen-14B-4bit,307.0,11091.0,0.0,0
2026-06-26T15:20:39.422,timeseries,2,Nested Product Conversion,mlx-community/DeepSeek-R1-Distill-Qwen-14B-4bit,365.0,9561.0,0.0,0
2026-06-26T15:20:39.484,timeseries,2,Nested Product Conversion,mlx-community/DeepSeek-R1-Distill-Qwen-14B-4bit,275.0,9755.0,0.0,0
2026-06-26T15:20:39.546,timeseries,2,Nested Product Conversion,mlx-community/DeepSeek-R1-Distill-Qwen-14B-4bit,713.0,11110.0,0.0,0
2026-06-26T15:20:39.608,timeseries,2,Nested Product Conversion,mlx-community/DeepSeek-R1-Distill-Qwen-14B-4bit,842.0,9734.0,0.0,0
2026-06-26T15:20:39.669,timeseries,2,Nested Product Conversion,mlx-community/DeepSeek-R1-Distill-Qwen-14B-4bit,404.0,11131.0,0.0,0
2026-06-26T15:20:39.731,timeseries,2,Nested Product Conversion,mlx-community/DeepSeek-R1-Distill-Qwen-14B-4bit,388.0,9740.0,0.0,0
2026-06-26T15:20:39.792,timeseries,2,Nested Product Conversion,mlx-community/DeepSeek-R1-Distill-Qwen-14B-4bit,468.0,9723.0,0.0,0
2026-06-26T15:20:39.854,timeseries,2,Nested Product Conversion,mlx-community/DeepSeek-R1-Distill-Qwen-14B-4bit,342.0,11173.0,0.0,0
2026-06-26T15:20:39.916,timeseries,2,Nested Product Conversion,mlx-community/DeepSeek-R1-Distill-Qwen-14B-4bit,899.0,9793.0,0.0,0
2026-06-26T15:20:39.978,timeseries,2,Nested Product Conversion,mlx-community/DeepSeek-R1-Distill-Qwen-14B-4bit,837.0,11045.0,0.0,0
2026-06-26T15:20:40.040,timeseries,2,Nested Product Conversion,mlx-community/DeepSeek-R1-Distill-Qwen-14B-4bit,455.0,9782.0,0.0,0
2026-06-26T15:20:40.102,timeseries,2,Nested Product Conversion,mlx-community/DeepSeek-R1-Distill-Qwen-14B-4bit,999.0,11033.0,0.0,0
2026-06-26T15:20:40.164,timeseries,2,Nested Product Conversion,mlx-community/DeepSeek-R1-Distill-Qwen-14B-4bit,307.0,9763.0,0.0,0
2026-06-26T15:20:40.225,timeseries,2,Nested Product Conversion,mlx-community/DeepSeek-R1-Distill-Qwen-14B-4bit,386.0,9682.0,0.0,0
2026-06-26T15:20:40.288,timeseries,2,Nested Product Conversion,mlx-community/DeepSeek-R1-Distill-Qwen-14B-4bit,390.0,11171.0,0.0,0
2026-06-26T15:20:40.349,timeseries,2,Nested Product Conversion,mlx-community/DeepSeek-R1-Distill-Qwen-14B-4bit,453.0,9718.0,0.0,0
2026-06-26T15:20:40.411,timeseries,2,Nested Product Conversion,mlx-community/DeepSeek-R1-Distill-Qwen-14B-4bit,688.0,10968.0,0.0,0
2026-06-26T15:20:40.472,timeseries,2,Nested Product Conversion,mlx-community/DeepSeek-R1-Distill-Qwen-14B-4bit,394.0,9933.0,0.0,0
2026-06-26T15:20:40.534,timeseries,2,Nested Product Conversion,mlx-community/DeepSeek-R1-Distill-Qwen-14B-4bit,373.0,9769.0,0.0,0
2026-06-26T15:20:40.596,timeseries,2,Nested Product Conversion,mlx-community/DeepSeek-R1-Distill-Qwen-14B-4bit,1189.0,11171.0,0.0,0
2026-06-26T15:20:40.657,timeseries,2,Nested Product Conversion,mlx-community/DeepSeek-R1-Distill-Qwen-14B-4bit,307.0,9700.0,0.0,0
2026-06-26T15:20:40.719,timeseries,2,Nested Product Conversion,mlx-community/DeepSeek-R1-Distill-Qwen-14B-4bit,390.0,11169.0,0.0,0
2026-06-26T15:20:40.780,timeseries,2,Nested Product Conversion,mlx-community/DeepSeek-R1-Distill-Qwen-14B-4bit,358.0,9812.0,0.0,0
2026-06-26T15:20:40.841,timeseries,2,Nested Product Conversion,mlx-community/DeepSeek-R1-Distill-Qwen-14B-4bit,471.0,9799.0,0.0,0
2026-06-26T15:20:40.903,timeseries,2,Nested Product Conversion,mlx-community/DeepSeek-R1-Distill-Qwen-14B-4bit,342.0,11186.0,0.0,0
2026-06-26T15:20:40.964,timeseries,2,Nested Product Conversion,mlx-community/DeepSeek-R1-Distill-Qwen-14B-4bit,263.0,9894.0,0.0,0
2026-06-26T15:20:41.025,timeseries,2,Nested Product Conversion,mlx-community/DeepSeek-R1-Distill-Qwen-14B-4bit,373.0,9770.0,0.0,0
2026-06-26T15:20:41.087,timeseries,2,Nested Product Conversion,mlx-community/DeepSeek-R1-Distill-Qwen-14B-4bit,1003.0,11307.0,0.0,0
2026-06-26T15:20:41.149,timeseries,2,Nested Product Conversion,mlx-community/DeepSeek-R1-Distill-Qwen-14B-4bit,409.0,9858.0,0.0,0
2026-06-26T15:20:41.211,timeseries,2,Nested Product Conversion,mlx-community/DeepSeek-R1-Distill-Qwen-14B-4bit,288.0,11006.0,0.0,0
2026-06-26T15:20:41.273,timeseries,2,Nested Product Conversion,mlx-community/DeepSeek-R1-Distill-Qwen-14B-4bit,376.0,9848.0,0.0,0
2026-06-26T15:20:41.335,timeseries,2,Nested Product Conversion,mlx-community/DeepSeek-R1-Distill-Qwen-14B-4bit,448.0,9637.0,0.0,0
2026-06-26T15:20:41.399,timeseries,2,Nested Product Conversion,mlx-community/DeepSeek-R1-Distill-Qwen-14B-4bit,813.0,11136.0,0.0,0
2026-06-26T15:20:41.462,timeseries,2,Nested Product Conversion,mlx-community/DeepSeek-R1-Distill-Qwen-14B-4bit,452.0,11069.0,0.0,0
2026-06-26T15:20:41.523,timeseries,2,Nested Product Conversion,mlx-community/DeepSeek-R1-Distill-Qwen-14B-4bit,634.0,9220.0,0.0,0
2026-06-26T15:20:41.584,timeseries,2,Nested Product Conversion,mlx-community/DeepSeek-R1-Distill-Qwen-14B-4bit,933.0,9647.0,0.0,0
2026-06-26T15:20:41.646,timeseries,2,Nested Product Conversion,mlx-community/DeepSeek-R1-Distill-Qwen-14B-4bit,655.0,11284.0,0.0,0
2026-06-26T15:20:41.707,timeseries,2,Nested Product Conversion,mlx-community/DeepSeek-R1-Distill-Qwen-14B-4bit,294.0,9820.0,0.0,0
2026-06-26T15:20:41.768,timeseries,2,Nested Product Conversion,mlx-community/DeepSeek-R1-Distill-Qwen-14B-4bit,372.0,9756.0,0.0,0
2026-06-26T15:20:41.830,timeseries,2,Nested Product Conversion,mlx-community/DeepSeek-R1-Distill-Qwen-14B-4bit,392.0,11270.0,0.0,0
2026-06-26T15:20:41.891,timeseries,2,Nested Product Conversion,mlx-community/DeepSeek-R1-Distill-Qwen-14B-4bit,440.0,9839.0,0.0,0
2026-06-26T15:20:41.951,timeseries,2,Nested Product Conversion,mlx-community/DeepSeek-R1-Distill-Qwen-14B-4bit,378.0,11303.0,0.0,0
2026-06-26T15:20:42.013,timeseries,2,Nested Product Conversion,mlx-community/DeepSeek-R1-Distill-Qwen-14B-4bit,278.0,9869.0,0.0,0
2026-06-26T15:20:42.074,timeseries,2,Nested Product Conversion,mlx-community/DeepSeek-R1-Distill-Qwen-14B-4bit,393.0,9888.0,0.0,0
2026-06-26T15:20:42.135,timeseries,2,Nested Product Conversion,mlx-community/DeepSeek-R1-Distill-Qwen-14B-4bit,996.0,11232.0,0.0,0
2026-06-26T15:20:42.197,timeseries,2,Nested Product Conversion,mlx-community/DeepSeek-R1-Distill-Qwen-14B-4bit,392.0,9821.0,0.0,0
2026-06-26T15:20:42.258,timeseries,2,Nested Product Conversion,mlx-community/DeepSeek-R1-Distill-Qwen-14B-4bit,262.0,9874.0,0.0,0
2026-06-26T15:20:42.320,timeseries,2,Nested Product Conversion,mlx-community/DeepSeek-R1-Distill-Qwen-14B-4bit,374.0,11196.0,0.0,0
2026-06-26T15:20:42.382,timeseries,2,Nested Product Conversion,mlx-community/DeepSeek-R1-Distill-Qwen-14B-4bit,1172.0,9716.0,0.0,0
2026-06-26T15:20:42.443,timeseries,2,Nested Product Conversion,mlx-community/DeepSeek-R1-Distill-Qwen-14B-4bit,453.0,9794.0,0.0,0
2026-06-26T15:20:42.505,timeseries,2,Nested Product Conversion,mlx-community/DeepSeek-R1-Distill-Qwen-14B-4bit,277.0,11225.0,0.0,0
2026-06-26T15:20:42.566,timeseries,2,Nested Product Conversion,mlx-community/DeepSeek-R1-Distill-Qwen-14B-4bit,392.0,9877.0,0.0,0
2026-06-26T15:20:42.628,timeseries,2,Nested Product Conversion,mlx-community/DeepSeek-R1-Distill-Qwen-14B-4bit,1034.0,11099.0,0.0,0
2026-06-26T15:20:42.690,timeseries,2,Nested Product Conversion,mlx-community/DeepSeek-R1-Distill-Qwen-14B-4bit,570.0,9801.0,0.0,0
2026-06-26T15:20:42.751,timeseries,2,Nested Product Conversion,mlx-community/DeepSeek-R1-Distill-Qwen-14B-4bit,273.0,9690.0,0.0,0
2026-06-26T15:20:42.813,timeseries,2,Nested Product Conversion,mlx-community/DeepSeek-R1-Distill-Qwen-14B-4bit,372.0,11129.0,0.0,0
2026-06-26T15:20:42.875,timeseries,2,Nested Product Conversion,mlx-community/DeepSeek-R1-Distill-Qwen-14B-4bit,377.0,9895.0,0.0,0
2026-06-26T15:20:42.937,timeseries,2,Nested Product Conversion,mlx-community/DeepSeek-R1-Distill-Qwen-14B-4bit,486.0,11166.0,0.0,0
2026-06-26T15:20:42.999,timeseries,2,Nested Product Conversion,mlx-community/DeepSeek-R1-Distill-Qwen-14B-4bit,355.0,9730.0,0.0,0
2026-06-26T15:20:43.061,timeseries,2,Nested Product Conversion,mlx-community/DeepSeek-R1-Distill-Qwen-14B-4bit,273.0,9716.0,0.0,0
2026-06-26T15:20:43.123,timeseries,2,Nested Product Conversion,mlx-community/DeepSeek-R1-Distill-Qwen-14B-4bit,975.0,11201.0,0.0,0
2026-06-26T15:20:43.184,timeseries,2,Nested Product Conversion,mlx-community/DeepSeek-R1-Distill-Qwen-14B-4bit,449.0,9678.0,0.0,0
2026-06-26T15:20:43.246,timeseries,2,Nested Product Conversion,mlx-community/DeepSeek-R1-Distill-Qwen-14B-4bit,404.0,11107.0,0.0,0
2026-06-26T15:20:43.307,timeseries,2,Nested Product Conversion,mlx-community/DeepSeek-R1-Distill-Qwen-14B-4bit,262.0,9918.0,0.0,0
2026-06-26T15:20:43.370,timeseries,2,Nested Product Conversion,mlx-community/DeepSeek-R1-Distill-Qwen-14B-4bit,776.0,11111.0,0.0,0
2026-06-26T15:20:43.432,timeseries,2,Nested Product Conversion,mlx-community/DeepSeek-R1-Distill-Qwen-14B-4bit,472.0,9869.0,0.0,0
2026-06-26T15:20:43.493,timeseries,2,Nested Product Conversion,mlx-community/DeepSeek-R1-Distill-Qwen-14B-4bit,387.0,9714.0,0.0,0
2026-06-26T15:20:43.556,timeseries,2,Nested Product Conversion,mlx-community/DeepSeek-R1-Distill-Qwen-14B-4bit,274.0,11126.0,0.0,0
2026-06-26T15:20:43.618,timeseries,2,Nested Product Conversion,mlx-community/DeepSeek-R1-Distill-Qwen-14B-4bit,929.0,9823.0,0.0,0
2026-06-26T15:20:43.680,timeseries,2,Nested Product Conversion,mlx-community/DeepSeek-R1-Distill-Qwen-14B-4bit,586.0,10924.0,0.0,0
2026-06-26T15:20:43.741,timeseries,2,Nested Product Conversion,mlx-community/DeepSeek-R1-Distill-Qwen-14B-4bit,452.0,9772.0,0.0,0
2026-06-26T15:20:43.803,timeseries,2,Nested Product Conversion,mlx-community/DeepSeek-R1-Distill-Qwen-14B-4bit,258.0,11115.0,0.0,0
2026-06-26T15:20:43.865,timeseries,2,Nested Product Conversion,mlx-community/DeepSeek-R1-Distill-Qwen-14B-4bit,393.0,9884.0,0.0,0
2026-06-26T15:20:43.926,timeseries,2,Nested Product Conversion,mlx-community/DeepSeek-R1-Distill-Qwen-14B-4bit,388.0,9764.0,0.0,0
2026-06-26T15:20:43.989,timeseries,2,Nested Product Conversion,mlx-community/DeepSeek-R1-Distill-Qwen-14B-4bit,438.0,11200.0,0.0,0
2026-06-26T15:20:44.051,timeseries,2,Nested Product Conversion,mlx-community/DeepSeek-R1-Distill-Qwen-14B-4bit,372.0,9764.0,0.0,0
2026-06-26T15:20:44.113,timeseries,2,Nested Product Conversion,mlx-community/DeepSeek-R1-Distill-Qwen-14B-4bit,814.0,10993.0,0.0,0
2026-06-26T15:20:44.174,timeseries,2,Nested Product Conversion,mlx-community/DeepSeek-R1-Distill-Qwen-14B-4bit,391.0,9834.0,0.0,0
2026-06-26T15:20:44.236,timeseries,2,Nested Product Conversion,mlx-community/DeepSeek-R1-Distill-Qwen-14B-4bit,483.0,9709.0,0.0,0
2026-06-26T15:20:44.299,timeseries,2,Nested Product Conversion,mlx-community/DeepSeek-R1-Distill-Qwen-14B-4bit,686.0,11198.0,0.0,0
2026-06-26T15:20:44.361,timeseries,2,Nested Product Conversion,mlx-community/DeepSeek-R1-Distill-Qwen-14B-4bit,2924.0,9665.0,0.0,0
2026-06-26T15:20:44.423,timeseries,2,Nested Product Conversion,mlx-community/DeepSeek-R1-Distill-Qwen-14B-4bit,457.0,10864.0,0.0,0
2026-06-26T15:20:44.485,timeseries,2,Nested Product Conversion,mlx-community/DeepSeek-R1-Distill-Qwen-14B-4bit,288.0,9630.0,0.0,0
2026-06-26T15:20:44.546,timeseries,2,Nested Product Conversion,mlx-community/DeepSeek-R1-Distill-Qwen-14B-4bit,162.0,11187.0,0.0,0
2026-06-26T15:20:44.608,timeseries,2,Nested Product Conversion,mlx-community/DeepSeek-R1-Distill-Qwen-14B-4bit,243.0,9726.0,0.0,0
2026-06-26T15:20:44.671,timeseries,2,Nested Product Conversion,mlx-community/DeepSeek-R1-Distill-Qwen-14B-4bit,231.0,11366.0,0.0,0
2026-06-26T15:20:44.734,timeseries,2,Nested Product Conversion,mlx-community/DeepSeek-R1-Distill-Qwen-14B-4bit,161.0,9695.0,0.0,0
2026-06-26T15:20:44.797,timeseries,2,Nested Product Conversion,mlx-community/DeepSeek-R1-Distill-Qwen-14B-4bit,143.0,10935.0,0.0,0
2026-06-26T15:20:44.859,timeseries,2,Nested Product Conversion,mlx-community/DeepSeek-R1-Distill-Qwen-14B-4bit,127.0,9603.0,0.0,0
2026-06-26T15:20:44.921,timeseries,2,Nested Product Conversion,mlx-community/DeepSeek-R1-Distill-Qwen-14B-4bit,142.0,10904.0,0.0,0
2026-06-26T15:20:44.984,timeseries,2,Nested Product Conversion,mlx-community/DeepSeek-R1-Distill-Qwen-14B-4bit,113.0,9775.0,0.0,0
2026-06-26T15:20:45.045,timeseries,2,Nested Product Conversion,mlx-community/DeepSeek-R1-Distill-Qwen-14B-4bit,144.0,11033.0,0.0,0
2026-06-26T15:20:45.107,timeseries,2,Nested Product Conversion,mlx-community/DeepSeek-R1-Distill-Qwen-14B-4bit,273.0,9629.0,0.0,0
2026-06-26T15:20:45.168,timeseries,2,Nested Product Conversion,mlx-community/DeepSeek-R1-Distill-Qwen-14B-4bit,179.0,9876.0,0.0,0
2026-06-26T15:20:45.230,timeseries,2,Nested Product Conversion,mlx-community/DeepSeek-R1-Distill-Qwen-14B-4bit,131.0,11283.0,0.0,0
2026-06-26T15:20:45.292,timeseries,2,Nested Product Conversion,mlx-community/DeepSeek-R1-Distill-Qwen-14B-4bit,146.0,9767.0,0.0,0
2026-06-26T15:20:45.315,timeseries,2,Nested Product Conversion,mlx-community/DeepSeek-R1-Distill-Qwen-14B-4bit,129.0,11124.0,0.0,543
2026-06-26T15:20:48.752,timeseries,3,Weather Report Extended v2,mlx-community/DeepSeek-R1-Distill-Qwen-14B-4bit,216.0,21759.0,0.0,0
2026-06-26T15:20:48.809,timeseries,3,Weather Report Extended v2,mlx-community/DeepSeek-R1-Distill-Qwen-14B-4bit,196.0,21881.0,0.0,0
2026-06-26T15:20:48.869,timeseries,3,Weather Report Extended v2,mlx-community/DeepSeek-R1-Distill-Qwen-14B-4bit,193.0,21399.0,0.0,0
2026-06-26T15:20:48.931,timeseries,3,Weather Report Extended v2,mlx-community/DeepSeek-R1-Distill-Qwen-14B-4bit,314.0,21308.0,0.0,0
2026-06-26T15:20:48.993,timeseries,3,Weather Report Extended v2,mlx-community/DeepSeek-R1-Distill-Qwen-14B-4bit,218.0,20678.0,0.0,0
2026-06-26T15:20:49.054,timeseries,3,Weather Report Extended v2,mlx-community/DeepSeek-R1-Distill-Qwen-14B-4bit,97.0,22667.0,0.0,0
2026-06-26T15:20:49.115,timeseries,3,Weather Report Extended v2,mlx-community/DeepSeek-R1-Distill-Qwen-14B-4bit,620.0,19939.0,0.0,0
2026-06-26T15:20:49.176,timeseries,3,Weather Report Extended v2,mlx-community/DeepSeek-R1-Distill-Qwen-14B-4bit,98.0,20380.0,0.0,0
2026-06-26T15:20:49.238,timeseries,3,Weather Report Extended v2,mlx-community/DeepSeek-R1-Distill-Qwen-14B-4bit,179.0,22885.0,0.0,0
2026-06-26T15:20:49.300,timeseries,3,Weather Report Extended v2,mlx-community/DeepSeek-R1-Distill-Qwen-14B-4bit,66.0,20095.0,0.0,0
2026-06-26T15:20:49.362,timeseries,3,Weather Report Extended v2,mlx-community/DeepSeek-R1-Distill-Qwen-14B-4bit,456.0,20193.0,0.0,0
2026-06-26T15:20:49.424,timeseries,3,Weather Report Extended v2,mlx-community/DeepSeek-R1-Distill-Qwen-14B-4bit,177.0,22706.0,0.0,0
2026-06-26T15:20:49.485,timeseries,3,Weather Report Extended v2,mlx-community/DeepSeek-R1-Distill-Qwen-14B-4bit,2813.0,19882.0,0.0,0
2026-06-26T15:20:49.547,timeseries,3,Weather Report Extended v2,mlx-community/DeepSeek-R1-Distill-Qwen-14B-4bit,717.0,23016.0,0.0,0
2026-06-26T15:20:49.607,timeseries,3,Weather Report Extended v2,mlx-community/DeepSeek-R1-Distill-Qwen-14B-4bit,377.0,20499.0,0.0,0
2026-06-26T15:20:49.668,timeseries,3,Weather Report Extended v2,mlx-community/DeepSeek-R1-Distill-Qwen-14B-4bit,147.0,20295.0,0.0,0
2026-06-26T15:20:49.729,timeseries,3,Weather Report Extended v2,mlx-community/DeepSeek-R1-Distill-Qwen-14B-4bit,180.0,23157.0,0.0,0
2026-06-26T15:20:49.790,timeseries,3,Weather Report Extended v2,mlx-community/DeepSeek-R1-Distill-Qwen-14B-4bit,82.0,20615.0,0.0,0
2026-06-26T15:20:49.851,timeseries,3,Weather Report Extended v2,mlx-community/DeepSeek-R1-Distill-Qwen-14B-4bit,81.0,20101.0,0.0,0
2026-06-26T15:20:49.913,timeseries,3,Weather Report Extended v2,mlx-community/DeepSeek-R1-Distill-Qwen-14B-4bit,82.0,23073.0,0.0,0
2026-06-26T15:20:49.974,timeseries,3,Weather Report Extended v2,mlx-community/DeepSeek-R1-Distill-Qwen-14B-4bit,1246.0,20363.0,0.0,0
2026-06-26T15:20:50.035,timeseries,3,Weather Report Extended v2,mlx-community/DeepSeek-R1-Distill-Qwen-14B-4bit,146.0,20116.0,0.0,0
2026-06-26T15:20:50.096,timeseries,3,Weather Report Extended v2,mlx-community/DeepSeek-R1-Distill-Qwen-14B-4bit,640.0,23199.0,0.0,0
2026-06-26T15:20:50.157,timeseries,3,Weather Report Extended v2,mlx-community/DeepSeek-R1-Distill-Qwen-14B-4bit,99.0,20451.0,0.0,0
2026-06-26T15:20:50.219,timeseries,3,Weather Report Extended v2,mlx-community/DeepSeek-R1-Distill-Qwen-14B-4bit,97.0,20286.0,0.0,0
2026-06-26T15:20:50.280,timeseries,3,Weather Report Extended v2,mlx-community/DeepSeek-R1-Distill-Qwen-14B-4bit,147.0,23190.0,0.0,0
2026-06-26T15:20:50.342,timeseries,3,Weather Report Extended v2,mlx-community/DeepSeek-R1-Distill-Qwen-14B-4bit,98.0,20097.0,0.0,0
2026-06-26T15:20:50.402,timeseries,3,Weather Report Extended v2,mlx-community/DeepSeek-R1-Distill-Qwen-14B-4bit,474.0,20528.0,0.0,0
2026-06-26T15:20:50.464,timeseries,3,Weather Report Extended v2,mlx-community/DeepSeek-R1-Distill-Qwen-14B-4bit,163.0,23209.0,0.0,0
2026-06-26T15:20:50.524,timeseries,3,Weather Report Extended v2,mlx-community/DeepSeek-R1-Distill-Qwen-14B-4bit,164.0,20342.0,0.0,0
2026-06-26T15:20:50.586,timeseries,3,Weather Report Extended v2,mlx-community/DeepSeek-R1-Distill-Qwen-14B-4bit,618.0,20301.0,0.0,0
2026-06-26T15:20:50.647,timeseries,3,Weather Report Extended v2,mlx-community/DeepSeek-R1-Distill-Qwen-14B-4bit,116.0,23538.0,0.0,0
2026-06-26T15:20:50.709,timeseries,3,Weather Report Extended v2,mlx-community/DeepSeek-R1-Distill-Qwen-14B-4bit,81.0,20224.0,0.0,0
2026-06-26T15:20:50.770,timeseries,3,Weather Report Extended v2,mlx-community/DeepSeek-R1-Distill-Qwen-14B-4bit,163.0,20292.0,0.0,0
2026-06-26T15:20:50.831,timeseries,3,Weather Report Extended v2,mlx-community/DeepSeek-R1-Distill-Qwen-14B-4bit,81.0,23246.0,0.0,0
2026-06-26T15:20:50.892,timeseries,3,Weather Report Extended v2,mlx-community/DeepSeek-R1-Distill-Qwen-14B-4bit,65.0,20304.0,0.0,0
2026-06-26T15:20:50.954,timeseries,3,Weather Report Extended v2,mlx-community/DeepSeek-R1-Distill-Qwen-14B-4bit,246.0,20315.0,0.0,0
2026-06-26T15:20:51.015,timeseries,3,Weather Report Extended v2,mlx-community/DeepSeek-R1-Distill-Qwen-14B-4bit,292.0,23193.0,0.0,0
2026-06-26T15:20:51.077,timeseries,3,Weather Report Extended v2,mlx-community/DeepSeek-R1-Distill-Qwen-14B-4bit,196.0,20304.0,0.0,0
2026-06-26T15:20:51.139,timeseries,3,Weather Report Extended v2,mlx-community/DeepSeek-R1-Distill-Qwen-14B-4bit,616.0,23052.0,0.0,0
2026-06-26T15:20:51.200,timeseries,3,Weather Report Extended v2,mlx-community/DeepSeek-R1-Distill-Qwen-14B-4bit,114.0,20297.0,0.0,0
2026-06-26T15:20:51.261,timeseries,3,Weather Report Extended v2,mlx-community/DeepSeek-R1-Distill-Qwen-14B-4bit,97.0,20147.0,0.0,0
2026-06-26T15:20:51.324,timeseries,3,Weather Report Extended v2,mlx-community/DeepSeek-R1-Distill-Qwen-14B-4bit,197.0,23327.0,0.0,0
2026-06-26T15:20:51.385,timeseries,3,Weather Report Extended v2,mlx-community/DeepSeek-R1-Distill-Qwen-14B-4bit,1322.0,20265.0,0.0,0
2026-06-26T15:20:51.446,timeseries,3,Weather Report Extended v2,mlx-community/DeepSeek-R1-Distill-Qwen-14B-4bit,594.0,23154.0,0.0,0
2026-06-26T15:20:51.508,timeseries,3,Weather Report Extended v2,mlx-community/DeepSeek-R1-Distill-Qwen-14B-4bit,3000.0,20315.0,0.0,0
2026-06-26T15:20:51.570,timeseries,3,Weather Report Extended v2,mlx-community/DeepSeek-R1-Distill-Qwen-14B-4bit,1089.0,20146.0,0.0,0
2026-06-26T15:20:51.631,timeseries,3,Weather Report Extended v2,mlx-community/DeepSeek-R1-Distill-Qwen-14B-4bit,708.0,23022.0,0.0,0
2026-06-26T15:20:51.693,timeseries,3,Weather Report Extended v2,mlx-community/DeepSeek-R1-Distill-Qwen-14B-4bit,98.0,20372.0,0.0,0
2026-06-26T15:20:51.753,timeseries,3,Weather Report Extended v2,mlx-community/DeepSeek-R1-Distill-Qwen-14B-4bit,97.0,23013.0,0.0,0
2026-06-26T15:20:51.814,timeseries,3,Weather Report Extended v2,mlx-community/DeepSeek-R1-Distill-Qwen-14B-4bit,148.0,20487.0,0.0,0
2026-06-26T15:20:51.875,timeseries,3,Weather Report Extended v2,mlx-community/DeepSeek-R1-Distill-Qwen-14B-4bit,82.0,20530.0,0.0,0
2026-06-26T15:20:51.936,timeseries,3,Weather Report Extended v2,mlx-community/DeepSeek-R1-Distill-Qwen-14B-4bit,82.0,20357.0,0.0,0
2026-06-26T15:20:51.999,timeseries,3,Weather Report Extended v2,mlx-community/DeepSeek-R1-Distill-Qwen-14B-4bit,99.0,23325.0,0.0,0
2026-06-26T15:20:52.060,timeseries,3,Weather Report Extended v2,mlx-community/DeepSeek-R1-Distill-Qwen-14B-4bit,294.0,20595.0,0.0,0
2026-06-26T15:20:52.122,timeseries,3,Weather Report Extended v2,mlx-community/DeepSeek-R1-Distill-Qwen-14B-4bit,640.0,22776.0,0.0,0
2026-06-26T15:20:52.183,timeseries,3,Weather Report Extended v2,mlx-community/DeepSeek-R1-Distill-Qwen-14B-4bit,114.0,20209.0,0.0,0
2026-06-26T15:20:52.245,timeseries,3,Weather Report Extended v2,mlx-community/DeepSeek-R1-Distill-Qwen-14B-4bit,97.0,20325.0,0.0,0
2026-06-26T15:20:52.305,timeseries,3,Weather Report Extended v2,mlx-community/DeepSeek-R1-Distill-Qwen-14B-4bit,98.0,23304.0,0.0,0
2026-06-26T15:20:52.367,timeseries,3,Weather Report Extended v2,mlx-community/DeepSeek-R1-Distill-Qwen-14B-4bit,523.0,20362.0,0.0,0
2026-06-26T15:20:52.428,timeseries,3,Weather Report Extended v2,mlx-community/DeepSeek-R1-Distill-Qwen-14B-4bit,116.0,20910.0,0.0,0
2026-06-26T15:20:52.489,timeseries,3,Weather Report Extended v2,mlx-community/DeepSeek-R1-Distill-Qwen-14B-4bit,114.0,23518.0,0.0,0
2026-06-26T15:20:52.551,timeseries,3,Weather Report Extended v2,mlx-community/DeepSeek-R1-Distill-Qwen-14B-4bit,146.0,20247.0,0.0,0
2026-06-26T15:20:52.612,timeseries,3,Weather Report Extended v2,mlx-community/DeepSeek-R1-Distill-Qwen-14B-4bit,669.0,20380.0,0.0,0
2026-06-26T15:20:52.674,timeseries,3,Weather Report Extended v2,mlx-community/DeepSeek-R1-Distill-Qwen-14B-4bit,98.0,23596.0,0.0,0
2026-06-26T15:20:52.735,timeseries,3,Weather Report Extended v2,mlx-community/DeepSeek-R1-Distill-Qwen-14B-4bit,621.0,8485.0,0.0,0
2026-06-26T15:20:52.795,timeseries,3,Weather Report Extended v2,mlx-community/DeepSeek-R1-Distill-Qwen-14B-4bit,372.0,11429.0,0.0,0
2026-06-26T15:20:52.858,timeseries,3,Weather Report Extended v2,mlx-community/DeepSeek-R1-Distill-Qwen-14B-4bit,997.0,7358.0,0.0,0
2026-06-26T15:20:52.919,timeseries,3,Weather Report Extended v2,mlx-community/DeepSeek-R1-Distill-Qwen-14B-4bit,3602.0,810.0,0.0,0
2026-06-26T15:20:52.980,timeseries,3,Weather Report Extended v2,mlx-community/DeepSeek-R1-Distill-Qwen-14B-4bit,80.0,2206.0,0.0,0
2026-06-26T15:20:53.042,timeseries,3,Weather Report Extended v2,mlx-community/DeepSeek-R1-Distill-Qwen-14B-4bit,65.0,1927.0,0.0,0
2026-06-26T15:20:53.104,timeseries,3,Weather Report Extended v2,mlx-community/DeepSeek-R1-Distill-Qwen-14B-4bit,866.0,1928.0,0.0,0
2026-06-26T15:20:53.166,timeseries,3,Weather Report Extended v2,mlx-community/DeepSeek-R1-Distill-Qwen-14B-4bit,163.0,4327.0,0.0,0
2026-06-26T15:20:53.228,timeseries,3,Weather Report Extended v2,mlx-community/DeepSeek-R1-Distill-Qwen-14B-4bit,322.0,9648.0,0.0,0
2026-06-26T15:20:53.291,timeseries,3,Weather Report Extended v2,mlx-community/DeepSeek-R1-Distill-Qwen-14B-4bit,405.0,10883.0,0.0,0
2026-06-26T15:20:53.353,timeseries,3,Weather Report Extended v2,mlx-community/DeepSeek-R1-Distill-Qwen-14B-4bit,371.0,9733.0,0.0,0
2026-06-26T15:20:53.415,timeseries,3,Weather Report Extended v2,mlx-community/DeepSeek-R1-Distill-Qwen-14B-4bit,884.0,10890.0,0.0,0
2026-06-26T15:20:53.477,timeseries,3,Weather Report Extended v2,mlx-community/DeepSeek-R1-Distill-Qwen-14B-4bit,406.0,9882.0,0.0,0
2026-06-26T15:20:53.539,timeseries,3,Weather Report Extended v2,mlx-community/DeepSeek-R1-Distill-Qwen-14B-4bit,403.0,11128.0,0.0,0
2026-06-26T15:20:53.601,timeseries,3,Weather Report Extended v2,mlx-community/DeepSeek-R1-Distill-Qwen-14B-4bit,821.0,9723.0,0.0,0
2026-06-26T15:20:53.664,timeseries,3,Weather Report Extended v2,mlx-community/DeepSeek-R1-Distill-Qwen-14B-4bit,496.0,9705.0,0.0,0
2026-06-26T15:20:53.726,timeseries,3,Weather Report Extended v2,mlx-community/DeepSeek-R1-Distill-Qwen-14B-4bit,390.0,11272.0,0.0,0
2026-06-26T15:20:53.786,timeseries,3,Weather Report Extended v2,mlx-community/DeepSeek-R1-Distill-Qwen-14B-4bit,399.0,9642.0,0.0,0
2026-06-26T15:20:53.848,timeseries,3,Weather Report Extended v2,mlx-community/DeepSeek-R1-Distill-Qwen-14B-4bit,310.0,11279.0,0.0,0
2026-06-26T15:20:53.910,timeseries,3,Weather Report Extended v2,mlx-community/DeepSeek-R1-Distill-Qwen-14B-4bit,457.0,9907.0,0.0,0
2026-06-26T15:20:53.972,timeseries,3,Weather Report Extended v2,mlx-community/DeepSeek-R1-Distill-Qwen-14B-4bit,406.0,11280.0,0.0,0
2026-06-26T15:20:54.033,timeseries,3,Weather Report Extended v2,mlx-community/DeepSeek-R1-Distill-Qwen-14B-4bit,418.0,9792.0,0.0,0
2026-06-26T15:20:54.095,timeseries,3,Weather Report Extended v2,mlx-community/DeepSeek-R1-Distill-Qwen-14B-4bit,823.0,9760.0,0.0,0
2026-06-26T15:20:54.156,timeseries,3,Weather Report Extended v2,mlx-community/DeepSeek-R1-Distill-Qwen-14B-4bit,637.0,11305.0,0.0,0
2026-06-26T15:20:54.218,timeseries,3,Weather Report Extended v2,mlx-community/DeepSeek-R1-Distill-Qwen-14B-4bit,411.0,9935.0,0.0,0
2026-06-26T15:20:54.279,timeseries,3,Weather Report Extended v2,mlx-community/DeepSeek-R1-Distill-Qwen-14B-4bit,390.0,9822.0,0.0,0
2026-06-26T15:20:54.342,timeseries,3,Weather Report Extended v2,mlx-community/DeepSeek-R1-Distill-Qwen-14B-4bit,388.0,11161.0,0.0,0
2026-06-26T15:20:54.404,timeseries,3,Weather Report Extended v2,mlx-community/DeepSeek-R1-Distill-Qwen-14B-4bit,762.0,9755.0,0.0,0
2026-06-26T15:20:54.466,timeseries,3,Weather Report Extended v2,mlx-community/DeepSeek-R1-Distill-Qwen-14B-4bit,399.0,11087.0,0.0,0
2026-06-26T15:20:54.527,timeseries,3,Weather Report Extended v2,mlx-community/DeepSeek-R1-Distill-Qwen-14B-4bit,627.0,9732.0,0.0,0
2026-06-26T15:20:54.590,timeseries,3,Weather Report Extended v2,mlx-community/DeepSeek-R1-Distill-Qwen-14B-4bit,3637.0,11007.0,0.0,0
2026-06-26T15:20:54.651,timeseries,3,Weather Report Extended v2,mlx-community/DeepSeek-R1-Distill-Qwen-14B-4bit,228.0,9920.0,0.0,0
2026-06-26T15:20:54.713,timeseries,3,Weather Report Extended v2,mlx-community/DeepSeek-R1-Distill-Qwen-14B-4bit,400.0,9667.0,0.0,0
2026-06-26T15:20:54.775,timeseries,3,Weather Report Extended v2,mlx-community/DeepSeek-R1-Distill-Qwen-14B-4bit,131.0,11330.0,0.0,0
2026-06-26T15:20:54.837,timeseries,3,Weather Report Extended v2,mlx-community/DeepSeek-R1-Distill-Qwen-14B-4bit,161.0,9702.0,0.0,0
2026-06-26T15:20:54.898,timeseries,3,Weather Report Extended v2,mlx-community/DeepSeek-R1-Distill-Qwen-14B-4bit,113.0,11151.0,0.0,0
2026-06-26T15:20:54.960,timeseries,3,Weather Report Extended v2,mlx-community/DeepSeek-R1-Distill-Qwen-14B-4bit,146.0,9822.0,0.0,0
2026-06-26T15:20:55.022,timeseries,3,Weather Report Extended v2,mlx-community/DeepSeek-R1-Distill-Qwen-14B-4bit,146.0,11204.0,0.0,0
2026-06-26T15:20:55.085,timeseries,3,Weather Report Extended v2,mlx-community/DeepSeek-R1-Distill-Qwen-14B-4bit,177.0,9709.0,0.0,0
2026-06-26T15:20:55.148,timeseries,3,Weather Report Extended v2,mlx-community/DeepSeek-R1-Distill-Qwen-14B-4bit,307.0,11124.0,0.0,0
2026-06-26T15:20:55.209,timeseries,3,Weather Report Extended v2,mlx-community/DeepSeek-R1-Distill-Qwen-14B-4bit,224.0,9651.0,0.0,0
2026-06-26T15:20:55.272,timeseries,3,Weather Report Extended v2,mlx-community/DeepSeek-R1-Distill-Qwen-14B-4bit,128.0,9684.0,0.0,0
2026-06-26T15:20:55.335,timeseries,3,Weather Report Extended v2,mlx-community/DeepSeek-R1-Distill-Qwen-14B-4bit,146.0,11194.0,0.0,0
2026-06-26T15:20:55.396,timeseries,3,Weather Report Extended v2,mlx-community/DeepSeek-R1-Distill-Qwen-14B-4bit,254.0,9509.0,0.0,0
2026-06-26T15:20:55.459,timeseries,3,Weather Report Extended v2,mlx-community/DeepSeek-R1-Distill-Qwen-14B-4bit,177.0,11121.0,0.0,0
2026-06-26T15:20:55.522,timeseries,3,Weather Report Extended v2,mlx-community/DeepSeek-R1-Distill-Qwen-14B-4bit,146.0,9787.0,0.0,0
2026-06-26T15:20:55.583,timeseries,3,Weather Report Extended v2,mlx-community/DeepSeek-R1-Distill-Qwen-14B-4bit,160.0,11076.0,0.0,0
2026-06-26T15:20:55.646,timeseries,3,Weather Report Extended v2,mlx-community/DeepSeek-R1-Distill-Qwen-14B-4bit,270.0,9574.0,0.0,0
2026-06-26T15:20:55.708,timeseries,3,Weather Report Extended v2,mlx-community/DeepSeek-R1-Distill-Qwen-14B-4bit,147.0,11283.0,0.0,0
2026-06-26T15:20:55.770,timeseries,3,Weather Report Extended v2,mlx-community/DeepSeek-R1-Distill-Qwen-14B-4bit,127.0,9581.0,0.0,0
2026-06-26T15:20:55.834,timeseries,3,Weather Report Extended v2,mlx-community/DeepSeek-R1-Distill-Qwen-14B-4bit,145.0,11129.0,0.0,0
2026-06-26T15:20:55.895,timeseries,3,Weather Report Extended v2,mlx-community/DeepSeek-R1-Distill-Qwen-14B-4bit,129.0,9742.0,0.0,0
2026-06-26T15:20:55.958,timeseries,3,Weather Report Extended v2,mlx-community/DeepSeek-R1-Distill-Qwen-14B-4bit,1109.0,10756.0,0.0,0
2026-06-26T15:20:56.019,timeseries,3,Weather Report Extended v2,mlx-community/DeepSeek-R1-Distill-Qwen-14B-4bit,552.0,9798.0,0.0,0
2026-06-26T15:20:56.080,timeseries,3,Weather Report Extended v2,mlx-community/DeepSeek-R1-Distill-Qwen-14B-4bit,321.0,11106.0,0.0,0
2026-06-26T15:20:56.143,timeseries,3,Weather Report Extended v2,mlx-community/DeepSeek-R1-Distill-Qwen-14B-4bit,488.0,9859.0,0.0,0
2026-06-26T15:20:56.206,timeseries,3,Weather Report Extended v2,mlx-community/DeepSeek-R1-Distill-Qwen-14B-4bit,180.0,9877.0,0.0,0
2026-06-26T15:20:56.268,timeseries,3,Weather Report Extended v2,mlx-community/DeepSeek-R1-Distill-Qwen-14B-4bit,175.0,10951.0,0.0,0
2026-06-26T15:20:56.329,timeseries,3,Weather Report Extended v2,mlx-community/DeepSeek-R1-Distill-Qwen-14B-4bit,112.0,9687.0,0.0,0
2026-06-26T15:20:56.392,timeseries,3,Weather Report Extended v2,mlx-community/DeepSeek-R1-Distill-Qwen-14B-4bit,291.0,11122.0,0.0,0
2026-06-26T15:20:56.453,timeseries,3,Weather Report Extended v2,mlx-community/DeepSeek-R1-Distill-Qwen-14B-4bit,163.0,9890.0,0.0,0
2026-06-26T15:20:56.517,timeseries,3,Weather Report Extended v2,mlx-community/DeepSeek-R1-Distill-Qwen-14B-4bit,127.0,11037.0,0.0,0
2026-06-26T15:20:56.578,timeseries,3,Weather Report Extended v2,mlx-community/DeepSeek-R1-Distill-Qwen-14B-4bit,146.0,9843.0,0.0,0
2026-06-26T15:20:56.640,timeseries,3,Weather Report Extended v2,mlx-community/DeepSeek-R1-Distill-Qwen-14B-4bit,286.0,10958.0,0.0,0
2026-06-26T15:20:56.704,timeseries,3,Weather Report Extended v2,mlx-community/DeepSeek-R1-Distill-Qwen-14B-4bit,146.0,9840.0,0.0,0
2026-06-26T15:20:56.766,timeseries,3,Weather Report Extended v2,mlx-community/DeepSeek-R1-Distill-Qwen-14B-4bit,128.0,11016.0,0.0,0
2026-06-26T15:20:56.828,timeseries,3,Weather Report Extended v2,mlx-community/DeepSeek-R1-Distill-Qwen-14B-4bit,156.0,9496.0,0.0,0
2026-06-26T15:20:56.890,timeseries,3,Weather Report Extended v2,mlx-community/DeepSeek-R1-Distill-Qwen-14B-4bit,129.0,11136.0,0.0,0
2026-06-26T15:20:56.953,timeseries,3,Weather Report Extended v2,mlx-community/DeepSeek-R1-Distill-Qwen-14B-4bit,130.0,9839.0,0.0,0
2026-06-26T15:20:57.016,timeseries,3,Weather Report Extended v2,mlx-community/DeepSeek-R1-Distill-Qwen-14B-4bit,145.0,11121.0,0.0,0
2026-06-26T15:20:57.078,timeseries,3,Weather Report Extended v2,mlx-community/DeepSeek-R1-Distill-Qwen-14B-4bit,112.0,9698.0,0.0,0
2026-06-26T15:20:57.140,timeseries,3,Weather Report Extended v2,mlx-community/DeepSeek-R1-Distill-Qwen-14B-4bit,300.0,10862.0,0.0,0
2026-06-26T15:20:57.202,timeseries,3,Weather Report Extended v2,mlx-community/DeepSeek-R1-Distill-Qwen-14B-4bit,129.0,9815.0,0.0,0
2026-06-26T15:20:57.265,timeseries,3,Weather Report Extended v2,mlx-community/DeepSeek-R1-Distill-Qwen-14B-4bit,144.0,9657.0,0.0,0
2026-06-26T15:20:57.326,timeseries,3,Weather Report Extended v2,mlx-community/DeepSeek-R1-Distill-Qwen-14B-4bit,146.0,11270.0,0.0,0
2026-06-26T15:20:57.388,timeseries,3,Weather Report Extended v2,mlx-community/DeepSeek-R1-Distill-Qwen-14B-4bit,254.0,9537.0,0.0,0
2026-06-26T15:20:57.451,timeseries,3,Weather Report Extended v2,mlx-community/DeepSeek-R1-Distill-Qwen-14B-4bit,180.0,11362.0,0.0,0
2026-06-26T15:20:57.515,timeseries,3,Weather Report Extended v2,mlx-community/DeepSeek-R1-Distill-Qwen-14B-4bit,161.0,9803.0,0.0,0
2026-06-26T15:20:57.577,timeseries,3,Weather Report Extended v2,mlx-community/DeepSeek-R1-Distill-Qwen-14B-4bit,128.0,11012.0,0.0,0
2026-06-26T15:20:57.638,timeseries,3,Weather Report Extended v2,mlx-community/DeepSeek-R1-Distill-Qwen-14B-4bit,326.0,9338.0,0.0,0
2026-06-26T15:20:57.701,timeseries,3,Weather Report Extended v2,mlx-community/DeepSeek-R1-Distill-Qwen-14B-4bit,179.0,11278.0,0.0,0
2026-06-26T15:20:57.762,timeseries,3,Weather Report Extended v2,mlx-community/DeepSeek-R1-Distill-Qwen-14B-4bit,130.0,9819.0,0.0,0
2026-06-26T15:20:57.824,timeseries,3,Weather Report Extended v2,mlx-community/DeepSeek-R1-Distill-Qwen-14B-4bit,146.0,11161.0,0.0,0
2026-06-26T15:20:57.887,timeseries,3,Weather Report Extended v2,mlx-community/DeepSeek-R1-Distill-Qwen-14B-4bit,113.0,9815.0,0.0,0
2026-06-26T15:20:57.948,timeseries,3,Weather Report Extended v2,mlx-community/DeepSeek-R1-Distill-Qwen-14B-4bit,144.0,11073.0,0.0,0
2026-06-26T15:20:58.011,timeseries,3,Weather Report Extended v2,mlx-community/DeepSeek-R1-Distill-Qwen-14B-4bit,129.0,9775.0,0.0,0
2026-06-26T15:20:58.074,timeseries,3,Weather Report Extended v2,mlx-community/DeepSeek-R1-Distill-Qwen-14B-4bit,145.0,11182.0,0.0,0
2026-06-26T15:20:58.137,timeseries,3,Weather Report Extended v2,mlx-community/DeepSeek-R1-Distill-Qwen-14B-4bit,269.0,9555.0,0.0,0
2026-06-26T15:20:58.199,timeseries,3,Weather Report Extended v2,mlx-community/DeepSeek-R1-Distill-Qwen-14B-4bit,159.0,11010.0,0.0,0
2026-06-26T15:20:58.261,timeseries,3,Weather Report Extended v2,mlx-community/DeepSeek-R1-Distill-Qwen-14B-4bit,129.0,9784.0,0.0,0
2026-06-26T15:20:58.322,timeseries,3,Weather Report Extended v2,mlx-community/DeepSeek-R1-Distill-Qwen-14B-4bit,128.0,11105.0,0.0,0
2026-06-26T15:20:58.384,timeseries,3,Weather Report Extended v2,mlx-community/DeepSeek-R1-Distill-Qwen-14B-4bit,373.0,9704.0,0.0,0
2026-06-26T15:20:58.447,timeseries,3,Weather Report Extended v2,mlx-community/DeepSeek-R1-Distill-Qwen-14B-4bit,179.0,9935.0,0.0,0
2026-06-26T15:20:58.509,timeseries,3,Weather Report Extended v2,mlx-community/DeepSeek-R1-Distill-Qwen-14B-4bit,129.0,11152.0,0.0,0
2026-06-26T15:20:58.570,timeseries,3,Weather Report Extended v2,mlx-community/DeepSeek-R1-Distill-Qwen-14B-4bit,127.0,9655.0,0.0,0
2026-06-26T15:20:58.632,timeseries,3,Weather Report Extended v2,mlx-community/DeepSeek-R1-Distill-Qwen-14B-4bit,356.0,11130.0,0.0,0
2026-06-26T15:20:58.694,timeseries,3,Weather Report Extended v2,mlx-community/DeepSeek-R1-Distill-Qwen-14B-4bit,147.0,9955.0,0.0,0
2026-06-26T15:20:58.757,timeseries,3,Weather Report Extended v2,mlx-community/DeepSeek-R1-Distill-Qwen-14B-4bit,128.0,11115.0,0.0,0
2026-06-26T15:20:58.818,timeseries,3,Weather Report Extended v2,mlx-community/DeepSeek-R1-Distill-Qwen-14B-4bit,130.0,9830.0,0.0,0
2026-06-26T15:20:58.880,timeseries,3,Weather Report Extended v2,mlx-community/DeepSeek-R1-Distill-Qwen-14B-4bit,144.0,9660.0,0.0,0
2026-06-26T15:20:58.942,timeseries,3,Weather Report Extended v2,mlx-community/DeepSeek-R1-Distill-Qwen-14B-4bit,115.0,11412.0,0.0,0
2026-06-26T15:20:59.004,timeseries,3,Weather Report Extended v2,mlx-community/DeepSeek-R1-Distill-Qwen-14B-4bit,145.0,9738.0,0.0,0
2026-06-26T15:20:59.063,timeseries,3,Weather Report Extended v2,mlx-community/DeepSeek-R1-Distill-Qwen-14B-4bit,129.0,11149.0,0.0,0
2026-06-26T15:20:59.127,timeseries,3,Weather Report Extended v2,mlx-community/DeepSeek-R1-Distill-Qwen-14B-4bit,339.0,9752.0,0.0,0
2026-06-26T15:20:59.189,timeseries,3,Weather Report Extended v2,mlx-community/DeepSeek-R1-Distill-Qwen-14B-4bit,168.0,11601.0,0.0,0
2026-06-26T15:20:59.251,timeseries,3,Weather Report Extended v2,mlx-community/DeepSeek-R1-Distill-Qwen-14B-4bit,157.0,9553.0,0.0,0
2026-06-26T15:20:59.314,timeseries,3,Weather Report Extended v2,mlx-community/DeepSeek-R1-Distill-Qwen-14B-4bit,129.0,9771.0,0.0,0
2026-06-26T15:20:59.376,timeseries,3,Weather Report Extended v2,mlx-community/DeepSeek-R1-Distill-Qwen-14B-4bit,225.0,11063.0,0.0,0
2026-06-26T15:20:59.438,timeseries,3,Weather Report Extended v2,mlx-community/DeepSeek-R1-Distill-Qwen-14B-4bit,335.0,9654.0,0.0,0
2026-06-26T15:20:59.500,timeseries,3,Weather Report Extended v2,mlx-community/DeepSeek-R1-Distill-Qwen-14B-4bit,146.0,11304.0,0.0,0
2026-06-26T15:20:59.561,timeseries,3,Weather Report Extended v2,mlx-community/DeepSeek-R1-Distill-Qwen-14B-4bit,128.0,9749.0,0.0,0
2026-06-26T15:20:59.625,timeseries,3,Weather Report Extended v2,mlx-community/DeepSeek-R1-Distill-Qwen-14B-4bit,307.0,11109.0,0.0,0
2026-06-26T15:20:59.686,timeseries,3,Weather Report Extended v2,mlx-community/DeepSeek-R1-Distill-Qwen-14B-4bit,228.0,9793.0,0.0,0
2026-06-26T15:20:59.748,timeseries,3,Weather Report Extended v2,mlx-community/DeepSeek-R1-Distill-Qwen-14B-4bit,1793.0,10776.0,0.0,0
2026-06-26T15:20:59.810,timeseries,3,Weather Report Extended v2,mlx-community/DeepSeek-R1-Distill-Qwen-14B-4bit,621.0,9881.0,0.0,0
2026-06-26T15:20:59.872,timeseries,3,Weather Report Extended v2,mlx-community/DeepSeek-R1-Distill-Qwen-14B-4bit,274.0,9785.0,0.0,0
2026-06-26T15:20:59.933,timeseries,3,Weather Report Extended v2,mlx-community/DeepSeek-R1-Distill-Qwen-14B-4bit,291.0,11222.0,0.0,0
2026-06-26T15:20:59.994,timeseries,3,Weather Report Extended v2,mlx-community/DeepSeek-R1-Distill-Qwen-14B-4bit,1070.0,9746.0,0.0,0
2026-06-26T15:21:00.056,timeseries,3,Weather Report Extended v2,mlx-community/DeepSeek-R1-Distill-Qwen-14B-4bit,260.0,11267.0,0.0,0
2026-06-26T15:21:00.117,timeseries,3,Weather Report Extended v2,mlx-community/DeepSeek-R1-Distill-Qwen-14B-4bit,864.0,9881.0,0.0,0
2026-06-26T15:21:00.178,timeseries,3,Weather Report Extended v2,mlx-community/DeepSeek-R1-Distill-Qwen-14B-4bit,487.0,9884.0,0.0,0
2026-06-26T15:21:00.241,timeseries,3,Weather Report Extended v2,mlx-community/DeepSeek-R1-Distill-Qwen-14B-4bit,391.0,11281.0,0.0,0
2026-06-26T15:21:00.304,timeseries,3,Weather Report Extended v2,mlx-community/DeepSeek-R1-Distill-Qwen-14B-4bit,278.0,9942.0,0.0,0
2026-06-26T15:21:00.366,timeseries,3,Weather Report Extended v2,mlx-community/DeepSeek-R1-Distill-Qwen-14B-4bit,786.0,11084.0,0.0,0
2026-06-26T15:21:00.428,timeseries,3,Weather Report Extended v2,mlx-community/DeepSeek-R1-Distill-Qwen-14B-4bit,431.0,9710.0,0.0,0
2026-06-26T15:21:00.490,timeseries,3,Weather Report Extended v2,mlx-community/DeepSeek-R1-Distill-Qwen-14B-4bit,624.0,11095.0,0.0,0
2026-06-26T15:21:00.551,timeseries,3,Weather Report Extended v2,mlx-community/DeepSeek-R1-Distill-Qwen-14B-4bit,260.0,9869.0,0.0,0
2026-06-26T15:21:00.613,timeseries,3,Weather Report Extended v2,mlx-community/DeepSeek-R1-Distill-Qwen-14B-4bit,934.0,9754.0,0.0,0
2026-06-26T15:21:00.674,timeseries,3,Weather Report Extended v2,mlx-community/DeepSeek-R1-Distill-Qwen-14B-4bit,405.0,11264.0,0.0,0
2026-06-26T15:21:00.736,timeseries,3,Weather Report Extended v2,mlx-community/DeepSeek-R1-Distill-Qwen-14B-4bit,473.0,9868.0,0.0,0
2026-06-26T15:21:00.798,timeseries,3,Weather Report Extended v2,mlx-community/DeepSeek-R1-Distill-Qwen-14B-4bit,260.0,11281.0,0.0,0
2026-06-26T15:21:00.860,timeseries,3,Weather Report Extended v2,mlx-community/DeepSeek-R1-Distill-Qwen-14B-4bit,403.0,9764.0,0.0,0
2026-06-26T15:21:00.922,timeseries,3,Weather Report Extended v2,mlx-community/DeepSeek-R1-Distill-Qwen-14B-4bit,373.0,9868.0,0.0,0
2026-06-26T15:21:00.984,timeseries,3,Weather Report Extended v2,mlx-community/DeepSeek-R1-Distill-Qwen-14B-4bit,452.0,11191.0,0.0,0
2026-06-26T15:21:01.045,timeseries,3,Weather Report Extended v2,mlx-community/DeepSeek-R1-Distill-Qwen-14B-4bit,356.0,9815.0,0.0,0
2026-06-26T15:21:01.107,timeseries,3,Weather Report Extended v2,mlx-community/DeepSeek-R1-Distill-Qwen-14B-4bit,854.0,11146.0,0.0,0
2026-06-26T15:21:01.170,timeseries,3,Weather Report Extended v2,mlx-community/DeepSeek-R1-Distill-Qwen-14B-4bit,422.0,9878.0,0.0,0
2026-06-26T15:21:01.232,timeseries,3,Weather Report Extended v2,mlx-community/DeepSeek-R1-Distill-Qwen-14B-4bit,454.0,11225.0,0.0,0
2026-06-26T15:21:01.294,timeseries,3,Weather Report Extended v2,mlx-community/DeepSeek-R1-Distill-Qwen-14B-4bit,558.0,9553.0,0.0,0
2026-06-26T15:21:01.356,timeseries,3,Weather Report Extended v2,mlx-community/DeepSeek-R1-Distill-Qwen-14B-4bit,259.0,11249.0,0.0,0
2026-06-26T15:21:01.418,timeseries,3,Weather Report Extended v2,mlx-community/DeepSeek-R1-Distill-Qwen-14B-4bit,811.0,9658.0,0.0,0
2026-06-26T15:21:01.478,timeseries,3,Weather Report Extended v2,mlx-community/DeepSeek-R1-Distill-Qwen-14B-4bit,619.0,9927.0,0.0,0
2026-06-26T15:21:01.540,timeseries,3,Weather Report Extended v2,mlx-community/DeepSeek-R1-Distill-Qwen-14B-4bit,376.0,11299.0,0.0,0
2026-06-26T15:21:01.602,timeseries,3,Weather Report Extended v2,mlx-community/DeepSeek-R1-Distill-Qwen-14B-4bit,834.0,9929.0,0.0,0
2026-06-26T15:21:01.664,timeseries,3,Weather Report Extended v2,mlx-community/DeepSeek-R1-Distill-Qwen-14B-4bit,419.0,9825.0,0.0,0
2026-06-26T15:21:01.726,timeseries,3,Weather Report Extended v2,mlx-community/DeepSeek-R1-Distill-Qwen-14B-4bit,407.0,11295.0,0.0,0
2026-06-26T15:21:01.787,timeseries,3,Weather Report Extended v2,mlx-community/DeepSeek-R1-Distill-Qwen-14B-4bit,435.0,9763.0,0.0,0
2026-06-26T15:21:01.849,timeseries,3,Weather Report Extended v2,mlx-community/DeepSeek-R1-Distill-Qwen-14B-4bit,290.0,11205.0,0.0,0
2026-06-26T15:21:01.911,timeseries,3,Weather Report Extended v2,mlx-community/DeepSeek-R1-Distill-Qwen-14B-4bit,390.0,9897.0,0.0,0
2026-06-26T15:21:01.973,timeseries,3,Weather Report Extended v2,mlx-community/DeepSeek-R1-Distill-Qwen-14B-4bit,371.0,11227.0,0.0,0
2026-06-26T15:21:02.034,timeseries,3,Weather Report Extended v2,mlx-community/DeepSeek-R1-Distill-Qwen-14B-4bit,439.0,9890.0,0.0,0
2026-06-26T15:21:02.096,timeseries,3,Weather Report Extended v2,mlx-community/DeepSeek-R1-Distill-Qwen-14B-4bit,937.0,9757.0,0.0,0
2026-06-26T15:21:02.158,timeseries,3,Weather Report Extended v2,mlx-community/DeepSeek-R1-Distill-Qwen-14B-4bit,308.0,11273.0,0.0,0
2026-06-26T15:21:02.220,timeseries,3,Weather Report Extended v2,mlx-community/DeepSeek-R1-Distill-Qwen-14B-4bit,371.0,9823.0,0.0,0
2026-06-26T15:21:02.282,timeseries,3,Weather Report Extended v2,mlx-community/DeepSeek-R1-Distill-Qwen-14B-4bit,468.0,11181.0,0.0,0
2026-06-26T15:21:02.344,timeseries,3,Weather Report Extended v2,mlx-community/DeepSeek-R1-Distill-Qwen-14B-4bit,375.0,9885.0,0.0,0
2026-06-26T15:21:02.407,timeseries,3,Weather Report Extended v2,mlx-community/DeepSeek-R1-Distill-Qwen-14B-4bit,688.0,11090.0,0.0,0
2026-06-26T15:21:02.468,timeseries,3,Weather Report Extended v2,mlx-community/DeepSeek-R1-Distill-Qwen-14B-4bit,387.0,9857.0,0.0,0
2026-06-26T15:21:02.530,timeseries,3,Weather Report Extended v2,mlx-community/DeepSeek-R1-Distill-Qwen-14B-4bit,623.0,9720.0,0.0,0
2026-06-26T15:21:02.592,timeseries,3,Weather Report Extended v2,mlx-community/DeepSeek-R1-Distill-Qwen-14B-4bit,978.0,11284.0,0.0,0
2026-06-26T15:21:02.654,timeseries,3,Weather Report Extended v2,mlx-community/DeepSeek-R1-Distill-Qwen-14B-4bit,291.0,9818.0,0.0,0
2026-06-26T15:21:02.715,timeseries,3,Weather Report Extended v2,mlx-community/DeepSeek-R1-Distill-Qwen-14B-4bit,404.0,11210.0,0.0,0
2026-06-26T15:21:02.777,timeseries,3,Weather Report Extended v2,mlx-community/DeepSeek-R1-Distill-Qwen-14B-4bit,454.0,9849.0,0.0,0
2026-06-26T15:21:02.838,timeseries,3,Weather Report Extended v2,mlx-community/DeepSeek-R1-Distill-Qwen-14B-4bit,406.0,9864.0,0.0,0
2026-06-26T15:21:02.900,timeseries,3,Weather Report Extended v2,mlx-community/DeepSeek-R1-Distill-Qwen-14B-4bit,278.0,11336.0,0.0,0
2026-06-26T15:21:02.962,timeseries,3,Weather Report Extended v2,mlx-community/DeepSeek-R1-Distill-Qwen-14B-4bit,373.0,9854.0,0.0,0
2026-06-26T15:21:03.024,timeseries,3,Weather Report Extended v2,mlx-community/DeepSeek-R1-Distill-Qwen-14B-4bit,388.0,11206.0,0.0,0
2026-06-26T15:21:03.085,timeseries,3,Weather Report Extended v2,mlx-community/DeepSeek-R1-Distill-Qwen-14B-4bit,942.0,9863.0,0.0,0
2026-06-26T15:21:03.147,timeseries,3,Weather Report Extended v2,mlx-community/DeepSeek-R1-Distill-Qwen-14B-4bit,470.0,9841.0,0.0,0
2026-06-26T15:21:03.209,timeseries,3,Weather Report Extended v2,mlx-community/DeepSeek-R1-Distill-Qwen-14B-4bit,276.0,11286.0,0.0,0
2026-06-26T15:21:03.270,timeseries,3,Weather Report Extended v2,mlx-community/DeepSeek-R1-Distill-Qwen-14B-4bit,372.0,9823.0,0.0,0
2026-06-26T15:21:03.332,timeseries,3,Weather Report Extended v2,mlx-community/DeepSeek-R1-Distill-Qwen-14B-4bit,452.0,11243.0,0.0,0
2026-06-26T15:21:03.393,timeseries,3,Weather Report Extended v2,mlx-community/DeepSeek-R1-Distill-Qwen-14B-4bit,803.0,9896.0,0.0,0
2026-06-26T15:21:03.456,timeseries,3,Weather Report Extended v2,mlx-community/DeepSeek-R1-Distill-Qwen-14B-4bit,291.0,9905.0,0.0,0
2026-06-26T15:21:03.517,timeseries,3,Weather Report Extended v2,mlx-community/DeepSeek-R1-Distill-Qwen-14B-4bit,373.0,11273.0,0.0,0
2026-06-26T15:21:03.580,timeseries,3,Weather Report Extended v2,mlx-community/DeepSeek-R1-Distill-Qwen-14B-4bit,660.0,9784.0,0.0,0
2026-06-26T15:21:03.642,timeseries,3,Weather Report Extended v2,mlx-community/DeepSeek-R1-Distill-Qwen-14B-4bit,922.0,11229.0,0.0,0
2026-06-26T15:21:03.703,timeseries,3,Weather Report Extended v2,mlx-community/DeepSeek-R1-Distill-Qwen-14B-4bit,273.0,9756.0,0.0,0
2026-06-26T15:21:03.765,timeseries,3,Weather Report Extended v2,mlx-community/DeepSeek-R1-Distill-Qwen-14B-4bit,404.0,11231.0,0.0,0
2026-06-26T15:21:03.826,timeseries,3,Weather Report Extended v2,mlx-community/DeepSeek-R1-Distill-Qwen-14B-4bit,459.0,10000.0,0.0,0
2026-06-26T15:21:03.888,timeseries,3,Weather Report Extended v2,mlx-community/DeepSeek-R1-Distill-Qwen-14B-4bit,387.0,9832.0,0.0,0
2026-06-26T15:21:03.950,timeseries,3,Weather Report Extended v2,mlx-community/DeepSeek-R1-Distill-Qwen-14B-4bit,371.0,11203.0,0.0,0
2026-06-26T15:21:04.011,timeseries,3,Weather Report Extended v2,mlx-community/DeepSeek-R1-Distill-Qwen-14B-4bit,260.0,9869.0,0.0,0
2026-06-26T15:21:04.073,timeseries,3,Weather Report Extended v2,mlx-community/DeepSeek-R1-Distill-Qwen-14B-4bit,452.0,11225.0,0.0,0
2026-06-26T15:21:04.135,timeseries,3,Weather Report Extended v2,mlx-community/DeepSeek-R1-Distill-Qwen-14B-4bit,977.0,9882.0,0.0,0
2026-06-26T15:21:04.197,timeseries,3,Weather Report Extended v2,mlx-community/DeepSeek-R1-Distill-Qwen-14B-4bit,405.0,9825.0,0.0,0
2026-06-26T15:21:04.258,timeseries,3,Weather Report Extended v2,mlx-community/DeepSeek-R1-Distill-Qwen-14B-4bit,291.0,11244.0,0.0,0
2026-06-26T15:21:04.322,timeseries,3,Weather Report Extended v2,mlx-community/DeepSeek-R1-Distill-Qwen-14B-4bit,2475.0,9753.0,0.0,0
2026-06-26T15:21:04.385,timeseries,3,Weather Report Extended v2,mlx-community/DeepSeek-R1-Distill-Qwen-14B-4bit,861.0,11224.0,0.0,0
2026-06-26T15:21:04.447,timeseries,3,Weather Report Extended v2,mlx-community/DeepSeek-R1-Distill-Qwen-14B-4bit,813.0,9503.0,0.0,0
2026-06-26T15:21:04.507,timeseries,3,Weather Report Extended v2,mlx-community/DeepSeek-R1-Distill-Qwen-14B-4bit,608.0,11094.0,0.0,0
2026-06-26T15:21:04.569,timeseries,3,Weather Report Extended v2,mlx-community/DeepSeek-R1-Distill-Qwen-14B-4bit,259.0,9871.0,0.0,0
2026-06-26T15:21:04.631,timeseries,3,Weather Report Extended v2,mlx-community/DeepSeek-R1-Distill-Qwen-14B-4bit,575.0,9973.0,0.0,0
2026-06-26T15:21:04.693,timeseries,3,Weather Report Extended v2,mlx-community/DeepSeek-R1-Distill-Qwen-14B-4bit,195.0,11269.0,0.0,0
2026-06-26T15:21:04.754,timeseries,3,Weather Report Extended v2,mlx-community/DeepSeek-R1-Distill-Qwen-14B-4bit,130.0,9858.0,0.0,0
2026-06-26T15:21:04.816,timeseries,3,Weather Report Extended v2,mlx-community/DeepSeek-R1-Distill-Qwen-14B-4bit,371.0,11122.0,0.0,0
2026-06-26T15:21:04.878,timeseries,3,Weather Report Extended v2,mlx-community/DeepSeek-R1-Distill-Qwen-14B-4bit,1835.0,9775.0,0.0,0
2026-06-26T15:21:04.939,timeseries,3,Weather Report Extended v2,mlx-community/DeepSeek-R1-Distill-Qwen-14B-4bit,437.0,11236.0,0.0,0
2026-06-26T15:21:05.001,timeseries,3,Weather Report Extended v2,mlx-community/DeepSeek-R1-Distill-Qwen-14B-4bit,195.0,9878.0,0.0,0
2026-06-26T15:21:05.063,timeseries,3,Weather Report Extended v2,mlx-community/DeepSeek-R1-Distill-Qwen-14B-4bit,261.0,9950.0,0.0,0
2026-06-26T15:21:05.125,timeseries,3,Weather Report Extended v2,mlx-community/DeepSeek-R1-Distill-Qwen-14B-4bit,1085.0,11258.0,0.0,0
2026-06-26T15:21:05.186,timeseries,3,Weather Report Extended v2,mlx-community/DeepSeek-R1-Distill-Qwen-14B-4bit,404.0,9844.0,0.0,0
2026-06-26T15:21:05.248,timeseries,3,Weather Report Extended v2,mlx-community/DeepSeek-R1-Distill-Qwen-14B-4bit,404.0,11215.0,0.0,0
2026-06-26T15:21:05.309,timeseries,3,Weather Report Extended v2,mlx-community/DeepSeek-R1-Distill-Qwen-14B-4bit,293.0,9910.0,0.0,0
2026-06-26T15:21:05.370,timeseries,3,Weather Report Extended v2,mlx-community/DeepSeek-R1-Distill-Qwen-14B-4bit,829.0,9905.0,0.0,0
2026-06-26T15:21:05.432,timeseries,3,Weather Report Extended v2,mlx-community/DeepSeek-R1-Distill-Qwen-14B-4bit,475.0,11375.0,0.0,0
2026-06-26T15:21:05.493,timeseries,3,Weather Report Extended v2,mlx-community/DeepSeek-R1-Distill-Qwen-14B-4bit,407.0,9920.0,0.0,0
2026-06-26T15:21:05.555,timeseries,3,Weather Report Extended v2,mlx-community/DeepSeek-R1-Distill-Qwen-14B-4bit,276.0,9877.0,0.0,0
2026-06-26T15:21:05.617,timeseries,3,Weather Report Extended v2,mlx-community/DeepSeek-R1-Distill-Qwen-14B-4bit,923.0,11250.0,0.0,0
2026-06-26T15:21:05.677,timeseries,3,Weather Report Extended v2,mlx-community/DeepSeek-R1-Distill-Qwen-14B-4bit,653.0,9965.0,0.0,0
2026-06-26T15:21:05.739,timeseries,3,Weather Report Extended v2,mlx-community/DeepSeek-R1-Distill-Qwen-14B-4bit,391.0,9912.0,0.0,0
2026-06-26T15:21:05.801,timeseries,3,Weather Report Extended v2,mlx-community/DeepSeek-R1-Distill-Qwen-14B-4bit,278.0,11404.0,0.0,0
2026-06-26T15:21:05.863,timeseries,3,Weather Report Extended v2,mlx-community/DeepSeek-R1-Distill-Qwen-14B-4bit,388.0,9837.0,0.0,0
2026-06-26T15:21:05.925,timeseries,3,Weather Report Extended v2,mlx-community/DeepSeek-R1-Distill-Qwen-14B-4bit,452.0,11249.0,0.0,0
2026-06-26T15:21:05.986,timeseries,3,Weather Report Extended v2,mlx-community/DeepSeek-R1-Distill-Qwen-14B-4bit,1736.0,9752.0,0.0,0
2026-06-26T15:21:06.047,timeseries,3,Weather Report Extended v2,mlx-community/DeepSeek-R1-Distill-Qwen-14B-4bit,1211.0,9786.0,0.0,0
2026-06-26T15:21:06.109,timeseries,3,Weather Report Extended v2,mlx-community/DeepSeek-R1-Distill-Qwen-14B-4bit,490.0,11319.0,0.0,0
2026-06-26T15:21:06.171,timeseries,3,Weather Report Extended v2,mlx-community/DeepSeek-R1-Distill-Qwen-14B-4bit,195.0,9915.0,0.0,0
2026-06-26T15:21:06.233,timeseries,3,Weather Report Extended v2,mlx-community/DeepSeek-R1-Distill-Qwen-14B-4bit,129.0,11196.0,0.0,0
2026-06-26T15:21:06.295,timeseries,3,Weather Report Extended v2,mlx-community/DeepSeek-R1-Distill-Qwen-14B-4bit,146.0,9865.0,0.0,0
2026-06-26T15:21:06.356,timeseries,3,Weather Report Extended v2,mlx-community/DeepSeek-R1-Distill-Qwen-14B-4bit,131.0,11332.0,0.0,0
2026-06-26T15:21:06.421,timeseries,3,Weather Report Extended v2,mlx-community/DeepSeek-R1-Distill-Qwen-14B-4bit,557.0,9584.0,0.0,0
2026-06-26T15:21:06.489,timeseries,3,Weather Report Extended v2,mlx-community/DeepSeek-R1-Distill-Qwen-14B-4bit,230.0,11401.0,0.0,0
2026-06-26T15:21:06.550,timeseries,3,Weather Report Extended v2,mlx-community/DeepSeek-R1-Distill-Qwen-14B-4bit,399.0,10474.0,0.0,0
2026-06-26T15:21:06.613,timeseries,3,Weather Report Extended v2,mlx-community/DeepSeek-R1-Distill-Qwen-14B-4bit,456.0,8827.0,0.0,0
2026-06-26T15:21:06.675,timeseries,3,Weather Report Extended v2,mlx-community/DeepSeek-R1-Distill-Qwen-14B-4bit,197.0,11453.0,0.0,0
2026-06-26T15:21:06.737,timeseries,3,Weather Report Extended v2,mlx-community/DeepSeek-R1-Distill-Qwen-14B-4bit,176.0,9721.0,0.0,0
2026-06-26T15:21:06.799,timeseries,3,Weather Report Extended v2,mlx-community/DeepSeek-R1-Distill-Qwen-14B-4bit,145.0,11206.0,0.0,0
2026-06-26T15:21:06.861,timeseries,3,Weather Report Extended v2,mlx-community/DeepSeek-R1-Distill-Qwen-14B-4bit,113.0,9835.0,0.0,0
2026-06-26T15:21:06.924,timeseries,3,Weather Report Extended v2,mlx-community/DeepSeek-R1-Distill-Qwen-14B-4bit,128.0,11164.0,0.0,0
2026-06-26T15:21:06.985,timeseries,3,Weather Report Extended v2,mlx-community/DeepSeek-R1-Distill-Qwen-14B-4bit,145.0,9812.0,0.0,0
2026-06-26T15:21:07.045,timeseries,3,Weather Report Extended v2,mlx-community/DeepSeek-R1-Distill-Qwen-14B-4bit,128.0,9734.0,0.0,0
2026-06-26T15:21:07.107,timeseries,3,Weather Report Extended v2,mlx-community/DeepSeek-R1-Distill-Qwen-14B-4bit,246.0,11389.0,0.0,0
2026-06-26T15:21:07.169,timeseries,3,Weather Report Extended v2,mlx-community/DeepSeek-R1-Distill-Qwen-14B-4bit,215.0,10096.0,0.0,0
2026-06-26T15:21:07.232,timeseries,3,Weather Report Extended v2,mlx-community/DeepSeek-R1-Distill-Qwen-14B-4bit,144.0,11153.0,0.0,0
2026-06-26T15:21:07.296,timeseries,3,Weather Report Extended v2,mlx-community/DeepSeek-R1-Distill-Qwen-14B-4bit,145.0,9790.0,0.0,0
2026-06-26T15:21:07.358,timeseries,3,Weather Report Extended v2,mlx-community/DeepSeek-R1-Distill-Qwen-14B-4bit,113.0,11143.0,0.0,0
2026-06-26T15:21:07.420,timeseries,3,Weather Report Extended v2,mlx-community/DeepSeek-R1-Distill-Qwen-14B-4bit,296.0,9441.0,0.0,0
2026-06-26T15:21:07.482,timeseries,3,Weather Report Extended v2,mlx-community/DeepSeek-R1-Distill-Qwen-14B-4bit,211.0,11290.0,0.0,0
2026-06-26T15:21:07.544,timeseries,3,Weather Report Extended v2,mlx-community/DeepSeek-R1-Distill-Qwen-14B-4bit,144.0,9805.0,0.0,0
2026-06-26T15:21:07.606,timeseries,3,Weather Report Extended v2,mlx-community/DeepSeek-R1-Distill-Qwen-14B-4bit,274.0,9760.0,0.0,0
2026-06-26T15:21:07.670,timeseries,3,Weather Report Extended v2,mlx-community/DeepSeek-R1-Distill-Qwen-14B-4bit,289.0,11215.0,0.0,0
2026-06-26T15:21:07.731,timeseries,3,Weather Report Extended v2,mlx-community/DeepSeek-R1-Distill-Qwen-14B-4bit,179.0,11368.0,0.0,0
2026-06-26T15:21:07.794,timeseries,3,Weather Report Extended v2,mlx-community/DeepSeek-R1-Distill-Qwen-14B-4bit,191.0,9713.0,0.0,0
2026-06-26T15:21:07.857,timeseries,3,Weather Report Extended v2,mlx-community/DeepSeek-R1-Distill-Qwen-14B-4bit,162.0,9886.0,0.0,0
2026-06-26T15:21:07.918,timeseries,3,Weather Report Extended v2,mlx-community/DeepSeek-R1-Distill-Qwen-14B-4bit,142.0,11016.0,0.0,0
2026-06-26T15:21:07.981,timeseries,3,Weather Report Extended v2,mlx-community/DeepSeek-R1-Distill-Qwen-14B-4bit,160.0,9788.0,0.0,0
2026-06-26T15:21:08.043,timeseries,3,Weather Report Extended v2,mlx-community/DeepSeek-R1-Distill-Qwen-14B-4bit,162.0,11327.0,0.0,0
2026-06-26T15:21:08.105,timeseries,3,Weather Report Extended v2,mlx-community/DeepSeek-R1-Distill-Qwen-14B-4bit,271.0,9661.0,0.0,0
2026-06-26T15:21:08.166,timeseries,3,Weather Report Extended v2,mlx-community/DeepSeek-R1-Distill-Qwen-14B-4bit,210.0,11289.0,0.0,0
2026-06-26T15:21:08.228,timeseries,3,Weather Report Extended v2,mlx-community/DeepSeek-R1-Distill-Qwen-14B-4bit,130.0,9878.0,0.0,0
2026-06-26T15:21:08.291,timeseries,3,Weather Report Extended v2,mlx-community/DeepSeek-R1-Distill-Qwen-14B-4bit,146.0,11255.0,0.0,0
2026-06-26T15:21:08.352,timeseries,3,Weather Report Extended v2,mlx-community/DeepSeek-R1-Distill-Qwen-14B-4bit,129.0,9854.0,0.0,0
2026-06-26T15:21:08.415,timeseries,3,Weather Report Extended v2,mlx-community/DeepSeek-R1-Distill-Qwen-14B-4bit,273.0,9694.0,0.0,0
2026-06-26T15:21:08.477,timeseries,3,Weather Report Extended v2,mlx-community/DeepSeek-R1-Distill-Qwen-14B-4bit,162.0,11319.0,0.0,0
2026-06-26T15:21:08.542,timeseries,3,Weather Report Extended v2,mlx-community/DeepSeek-R1-Distill-Qwen-14B-4bit,143.0,9647.0,0.0,0
2026-06-26T15:21:08.603,timeseries,3,Weather Report Extended v2,mlx-community/DeepSeek-R1-Distill-Qwen-14B-4bit,274.0,11126.0,0.0,0
2026-06-26T15:21:08.665,timeseries,3,Weather Report Extended v2,mlx-community/DeepSeek-R1-Distill-Qwen-14B-4bit,1894.0,10692.0,0.0,0
2026-06-26T15:21:08.728,timeseries,3,Weather Report Extended v2,mlx-community/DeepSeek-R1-Distill-Qwen-14B-4bit,957.0,9880.0,0.0,0
2026-06-26T15:21:08.788,timeseries,3,Weather Report Extended v2,mlx-community/DeepSeek-R1-Distill-Qwen-14B-4bit,401.0,9743.0,0.0,0
2026-06-26T15:21:08.850,timeseries,3,Weather Report Extended v2,mlx-community/DeepSeek-R1-Distill-Qwen-14B-4bit,307.0,11250.0,0.0,0
2026-06-26T15:21:08.912,timeseries,3,Weather Report Extended v2,mlx-community/DeepSeek-R1-Distill-Qwen-14B-4bit,328.0,9963.0,0.0,0
2026-06-26T15:21:08.974,timeseries,3,Weather Report Extended v2,mlx-community/DeepSeek-R1-Distill-Qwen-14B-4bit,291.0,11283.0,0.0,0
2026-06-26T15:21:09.036,timeseries,3,Weather Report Extended v2,mlx-community/DeepSeek-R1-Distill-Qwen-14B-4bit,405.0,9920.0,0.0,0
2026-06-26T15:21:09.098,timeseries,3,Weather Report Extended v2,mlx-community/DeepSeek-R1-Distill-Qwen-14B-4bit,1011.0,9809.0,0.0,0
2026-06-26T15:21:09.160,timeseries,3,Weather Report Extended v2,mlx-community/DeepSeek-R1-Distill-Qwen-14B-4bit,452.0,11222.0,0.0,0
2026-06-26T15:21:09.221,timeseries,3,Weather Report Extended v2,mlx-community/DeepSeek-R1-Distill-Qwen-14B-4bit,275.0,9856.0,0.0,0
2026-06-26T15:21:09.283,timeseries,3,Weather Report Extended v2,mlx-community/DeepSeek-R1-Distill-Qwen-14B-4bit,387.0,11235.0,0.0,0
2026-06-26T15:21:09.345,timeseries,3,Weather Report Extended v2,mlx-community/DeepSeek-R1-Distill-Qwen-14B-4bit,459.0,10005.0,0.0,0
2026-06-26T15:21:09.407,timeseries,3,Weather Report Extended v2,mlx-community/DeepSeek-R1-Distill-Qwen-14B-4bit,808.0,11249.0,0.0,0
2026-06-26T15:21:09.469,timeseries,3,Weather Report Extended v2,mlx-community/DeepSeek-R1-Distill-Qwen-14B-4bit,289.0,9805.0,0.0,0
2026-06-26T15:21:09.530,timeseries,3,Weather Report Extended v2,mlx-community/DeepSeek-R1-Distill-Qwen-14B-4bit,371.0,9863.0,0.0,0
2026-06-26T15:21:09.593,timeseries,3,Weather Report Extended v2,mlx-community/DeepSeek-R1-Distill-Qwen-14B-4bit,1086.0,11265.0,0.0,0
2026-06-26T15:21:09.654,timeseries,3,Weather Report Extended v2,mlx-community/DeepSeek-R1-Distill-Qwen-14B-4bit,408.0,9964.0,0.0,0
2026-06-26T15:21:09.715,timeseries,3,Weather Report Extended v2,mlx-community/DeepSeek-R1-Distill-Qwen-14B-4bit,286.0,11056.0,0.0,0
2026-06-26T15:21:09.777,timeseries,3,Weather Report Extended v2,mlx-community/DeepSeek-R1-Distill-Qwen-14B-4bit,395.0,10047.0,0.0,0
2026-06-26T15:21:09.838,timeseries,3,Weather Report Extended v2,mlx-community/DeepSeek-R1-Distill-Qwen-14B-4bit,631.0,9871.0,0.0,0
2026-06-26T15:21:09.900,timeseries,3,Weather Report Extended v2,mlx-community/DeepSeek-R1-Distill-Qwen-14B-4bit,867.0,11343.0,0.0,0
2026-06-26T15:21:09.962,timeseries,3,Weather Report Extended v2,mlx-community/DeepSeek-R1-Distill-Qwen-14B-4bit,2671.0,9729.0,0.0,0
2026-06-26T15:21:10.023,timeseries,3,Weather Report Extended v2,mlx-community/DeepSeek-R1-Distill-Qwen-14B-4bit,987.0,11200.0,0.0,0
2026-06-26T15:21:10.084,timeseries,3,Weather Report Extended v2,mlx-community/DeepSeek-R1-Distill-Qwen-14B-4bit,437.0,9854.0,0.0,0
2026-06-26T15:21:10.146,timeseries,3,Weather Report Extended v2,mlx-community/DeepSeek-R1-Distill-Qwen-14B-4bit,504.0,9909.0,0.0,0
2026-06-26T15:21:10.209,timeseries,3,Weather Report Extended v2,mlx-community/DeepSeek-R1-Distill-Qwen-14B-4bit,167.0,11587.0,0.0,0
2026-06-26T15:21:10.271,timeseries,3,Weather Report Extended v2,mlx-community/DeepSeek-R1-Distill-Qwen-14B-4bit,158.0,9682.0,0.0,0
2026-06-26T15:21:10.332,timeseries,3,Weather Report Extended v2,mlx-community/DeepSeek-R1-Distill-Qwen-14B-4bit,144.0,11114.0,0.0,0
2026-06-26T15:21:10.395,timeseries,3,Weather Report Extended v2,mlx-community/DeepSeek-R1-Distill-Qwen-14B-4bit,294.0,9884.0,0.0,0
2026-06-26T15:21:10.456,timeseries,3,Weather Report Extended v2,mlx-community/DeepSeek-R1-Distill-Qwen-14B-4bit,163.0,11376.0,0.0,0
2026-06-26T15:21:10.519,timeseries,3,Weather Report Extended v2,mlx-community/DeepSeek-R1-Distill-Qwen-14B-4bit,142.0,9685.0,0.0,0
2026-06-26T15:21:10.581,timeseries,3,Weather Report Extended v2,mlx-community/DeepSeek-R1-Distill-Qwen-14B-4bit,130.0,9965.0,0.0,0
2026-06-26T15:21:10.643,timeseries,3,Weather Report Extended v2,mlx-community/DeepSeek-R1-Distill-Qwen-14B-4bit,319.0,11063.0,0.0,0
2026-06-26T15:21:10.706,timeseries,3,Weather Report Extended v2,mlx-community/DeepSeek-R1-Distill-Qwen-14B-4bit,147.0,9925.0,0.0,0
2026-06-26T15:21:10.768,timeseries,3,Weather Report Extended v2,mlx-community/DeepSeek-R1-Distill-Qwen-14B-4bit,127.0,11050.0,0.0,0
2026-06-26T15:21:10.829,timeseries,3,Weather Report Extended v2,mlx-community/DeepSeek-R1-Distill-Qwen-14B-4bit,128.0,9723.0,0.0,0
2026-06-26T15:21:10.891,timeseries,3,Weather Report Extended v2,mlx-community/DeepSeek-R1-Distill-Qwen-14B-4bit,211.0,11262.0,0.0,0
2026-06-26T15:21:10.953,timeseries,3,Weather Report Extended v2,mlx-community/DeepSeek-R1-Distill-Qwen-14B-4bit,131.0,10022.0,0.0,0
2026-06-26T15:21:11.016,timeseries,3,Weather Report Extended v2,mlx-community/DeepSeek-R1-Distill-Qwen-14B-4bit,129.0,11227.0,0.0,0
2026-06-26T15:21:11.077,timeseries,3,Weather Report Extended v2,mlx-community/DeepSeek-R1-Distill-Qwen-14B-4bit,144.0,9768.0,0.0,0
2026-06-26T15:21:11.139,timeseries,3,Weather Report Extended v2,mlx-community/DeepSeek-R1-Distill-Qwen-14B-4bit,285.0,9606.0,0.0,0
2026-06-26T15:21:11.202,timeseries,3,Weather Report Extended v2,mlx-community/DeepSeek-R1-Distill-Qwen-14B-4bit,164.0,11428.0,0.0,0
2026-06-26T15:21:11.265,timeseries,3,Weather Report Extended v2,mlx-community/DeepSeek-R1-Distill-Qwen-14B-4bit,129.0,9831.0,0.0,0
2026-06-26T15:21:11.326,timeseries,3,Weather Report Extended v2,mlx-community/DeepSeek-R1-Distill-Qwen-14B-4bit,143.0,11042.0,0.0,0
2026-06-26T15:21:11.388,timeseries,3,Weather Report Extended v2,mlx-community/DeepSeek-R1-Distill-Qwen-14B-4bit,257.0,9729.0,0.0,0
2026-06-26T15:21:11.451,timeseries,3,Weather Report Extended v2,mlx-community/DeepSeek-R1-Distill-Qwen-14B-4bit,212.0,11421.0,0.0,0
2026-06-26T15:21:11.513,timeseries,3,Weather Report Extended v2,mlx-community/DeepSeek-R1-Distill-Qwen-14B-4bit,129.0,9816.0,0.0,0
2026-06-26T15:21:11.576,timeseries,3,Weather Report Extended v2,mlx-community/DeepSeek-R1-Distill-Qwen-14B-4bit,143.0,11051.0,0.0,0
2026-06-26T15:21:11.638,timeseries,3,Weather Report Extended v2,mlx-community/DeepSeek-R1-Distill-Qwen-14B-4bit,304.0,9716.0,0.0,0
2026-06-26T15:21:11.699,timeseries,3,Weather Report Extended v2,mlx-community/DeepSeek-R1-Distill-Qwen-14B-4bit,177.0,11230.0,0.0,0
2026-06-26T15:21:11.761,timeseries,3,Weather Report Extended v2,mlx-community/DeepSeek-R1-Distill-Qwen-14B-4bit,130.0,9900.0,0.0,0
2026-06-26T15:21:11.823,timeseries,3,Weather Report Extended v2,mlx-community/DeepSeek-R1-Distill-Qwen-14B-4bit,113.0,11254.0,0.0,0
2026-06-26T15:21:11.885,timeseries,3,Weather Report Extended v2,mlx-community/DeepSeek-R1-Distill-Qwen-14B-4bit,144.0,9790.0,0.0,0
2026-06-26T15:21:11.947,timeseries,3,Weather Report Extended v2,mlx-community/DeepSeek-R1-Distill-Qwen-14B-4bit,162.0,9867.0,0.0,0
2026-06-26T15:21:12.010,timeseries,3,Weather Report Extended v2,mlx-community/DeepSeek-R1-Distill-Qwen-14B-4bit,145.0,11243.0,0.0,0
2026-06-26T15:21:12.071,timeseries,3,Weather Report Extended v2,mlx-community/DeepSeek-R1-Distill-Qwen-14B-4bit,113.0,9876.0,0.0,0
2026-06-26T15:21:12.132,timeseries,3,Weather Report Extended v2,mlx-community/DeepSeek-R1-Distill-Qwen-14B-4bit,303.0,11049.0,0.0,0
2026-06-26T15:21:12.194,timeseries,3,Weather Report Extended v2,mlx-community/DeepSeek-R1-Distill-Qwen-14B-4bit,147.0,9956.0,0.0,0
2026-06-26T15:21:12.258,timeseries,3,Weather Report Extended v2,mlx-community/DeepSeek-R1-Distill-Qwen-14B-4bit,130.0,9940.0,0.0,0
2026-06-26T15:21:12.319,timeseries,3,Weather Report Extended v2,mlx-community/DeepSeek-R1-Distill-Qwen-14B-4bit,130.0,11291.0,0.0,0
2026-06-26T15:21:12.382,timeseries,3,Weather Report Extended v2,mlx-community/DeepSeek-R1-Distill-Qwen-14B-4bit,208.0,9708.0,0.0,0
2026-06-26T15:21:12.444,timeseries,3,Weather Report Extended v2,mlx-community/DeepSeek-R1-Distill-Qwen-14B-4bit,225.0,11179.0,0.0,0
2026-06-26T15:21:12.507,timeseries,3,Weather Report Extended v2,mlx-community/DeepSeek-R1-Distill-Qwen-14B-4bit,159.0,9739.0,0.0,0
2026-06-26T15:21:12.569,timeseries,3,Weather Report Extended v2,mlx-community/DeepSeek-R1-Distill-Qwen-14B-4bit,145.0,11211.0,0.0,0
2026-06-26T15:21:12.630,timeseries,3,Weather Report Extended v2,mlx-community/DeepSeek-R1-Distill-Qwen-14B-4bit,269.0,9641.0,0.0,0
2026-06-26T15:21:12.693,timeseries,3,Weather Report Extended v2,mlx-community/DeepSeek-R1-Distill-Qwen-14B-4bit,179.0,11373.0,0.0,0
2026-06-26T15:21:12.755,timeseries,3,Weather Report Extended v2,mlx-community/DeepSeek-R1-Distill-Qwen-14B-4bit,146.0,9880.0,0.0,0
2026-06-26T15:21:12.817,timeseries,3,Weather Report Extended v2,mlx-community/DeepSeek-R1-Distill-Qwen-14B-4bit,128.0,11165.0,0.0,0
2026-06-26T15:21:12.880,timeseries,3,Weather Report Extended v2,mlx-community/DeepSeek-R1-Distill-Qwen-14B-4bit,113.0,9836.0,0.0,0
2026-06-26T15:21:12.941,timeseries,3,Weather Report Extended v2,mlx-community/DeepSeek-R1-Distill-Qwen-14B-4bit,144.0,11153.0,0.0,0
2026-06-26T15:21:13.003,timeseries,3,Weather Report Extended v2,mlx-community/DeepSeek-R1-Distill-Qwen-14B-4bit,160.0,9736.0,0.0,0
2026-06-26T15:21:13.064,timeseries,3,Weather Report Extended v2,mlx-community/DeepSeek-R1-Distill-Qwen-14B-4bit,131.0,9966.0,0.0,0
2026-06-26T15:21:13.127,timeseries,3,Weather Report Extended v2,mlx-community/DeepSeek-R1-Distill-Qwen-14B-4bit,276.0,11283.0,0.0,0
2026-06-26T15:21:13.188,timeseries,3,Weather Report Extended v2,mlx-community/DeepSeek-R1-Distill-Qwen-14B-4bit,162.0,9878.0,0.0,0
2026-06-26T15:21:13.250,timeseries,3,Weather Report Extended v2,mlx-community/DeepSeek-R1-Distill-Qwen-14B-4bit,146.0,11315.0,0.0,0
2026-06-26T15:21:13.315,timeseries,3,Weather Report Extended v2,mlx-community/DeepSeek-R1-Distill-Qwen-14B-4bit,130.0,9891.0,0.0,0
2026-06-26T15:21:13.377,timeseries,3,Weather Report Extended v2,mlx-community/DeepSeek-R1-Distill-Qwen-14B-4bit,161.0,11158.0,0.0,0
2026-06-26T15:21:13.438,timeseries,3,Weather Report Extended v2,mlx-community/DeepSeek-R1-Distill-Qwen-14B-4bit,232.0,9428.0,0.0,0
2026-06-26T15:21:13.501,timeseries,3,Weather Report Extended v2,mlx-community/DeepSeek-R1-Distill-Qwen-14B-4bit,146.0,11349.0,0.0,0
2026-06-26T15:21:13.562,timeseries,3,Weather Report Extended v2,mlx-community/DeepSeek-R1-Distill-Qwen-14B-4bit,145.0,9840.0,0.0,0
2026-06-26T15:21:13.624,timeseries,3,Weather Report Extended v2,mlx-community/DeepSeek-R1-Distill-Qwen-14B-4bit,303.0,11021.0,0.0,0
2026-06-26T15:21:13.686,timeseries,3,Weather Report Extended v2,mlx-community/DeepSeek-R1-Distill-Qwen-14B-4bit,165.0,10086.0,0.0,0
2026-06-26T15:21:13.748,timeseries,3,Weather Report Extended v2,mlx-community/DeepSeek-R1-Distill-Qwen-14B-4bit,144.0,9756.0,0.0,0
2026-06-26T15:21:13.810,timeseries,3,Weather Report Extended v2,mlx-community/DeepSeek-R1-Distill-Qwen-14B-4bit,130.0,11315.0,0.0,0
2026-06-26T15:21:13.873,timeseries,3,Weather Report Extended v2,mlx-community/DeepSeek-R1-Distill-Qwen-14B-4bit,129.0,9844.0,0.0,0
2026-06-26T15:21:13.935,timeseries,3,Weather Report Extended v2,mlx-community/DeepSeek-R1-Distill-Qwen-14B-4bit,112.0,11197.0,0.0,0
2026-06-26T15:21:13.996,timeseries,3,Weather Report Extended v2,mlx-community/DeepSeek-R1-Distill-Qwen-14B-4bit,128.0,9780.0,0.0,0
2026-06-26T15:21:14.058,timeseries,3,Weather Report Extended v2,mlx-community/DeepSeek-R1-Distill-Qwen-14B-4bit,193.0,11192.0,0.0,0
2026-06-26T15:21:14.119,timeseries,3,Weather Report Extended v2,mlx-community/DeepSeek-R1-Distill-Qwen-14B-4bit,329.0,9998.0,0.0,0
2026-06-26T15:21:14.181,timeseries,3,Weather Report Extended v2,mlx-community/DeepSeek-R1-Distill-Qwen-14B-4bit,193.0,9851.0,0.0,0
2026-06-26T15:21:14.244,timeseries,3,Weather Report Extended v2,mlx-community/DeepSeek-R1-Distill-Qwen-14B-4bit,130.0,11346.0,0.0,0
2026-06-26T15:21:14.305,timeseries,3,Weather Report Extended v2,mlx-community/DeepSeek-R1-Distill-Qwen-14B-4bit,145.0,9825.0,0.0,0
2026-06-26T15:21:14.368,timeseries,3,Weather Report Extended v2,mlx-community/DeepSeek-R1-Distill-Qwen-14B-4bit,161.0,11190.0,0.0,0
2026-06-26T15:21:14.431,timeseries,3,Weather Report Extended v2,mlx-community/DeepSeek-R1-Distill-Qwen-14B-4bit,278.0,9980.0,0.0,0
2026-06-26T15:21:14.493,timeseries,3,Weather Report Extended v2,mlx-community/DeepSeek-R1-Distill-Qwen-14B-4bit,157.0,10977.0,0.0,0
2026-06-26T15:21:14.553,timeseries,3,Weather Report Extended v2,mlx-community/DeepSeek-R1-Distill-Qwen-14B-4bit,128.0,9770.0,0.0,0
2026-06-26T15:21:14.616,timeseries,3,Weather Report Extended v2,mlx-community/DeepSeek-R1-Distill-Qwen-14B-4bit,295.0,9934.0,0.0,0
2026-06-26T15:21:14.678,timeseries,3,Weather Report Extended v2,mlx-community/DeepSeek-R1-Distill-Qwen-14B-4bit,164.0,11443.0,0.0,0
2026-06-26T15:21:14.741,timeseries,3,Weather Report Extended v2,mlx-community/DeepSeek-R1-Distill-Qwen-14B-4bit,127.0,11038.0,0.0,0
2026-06-26T15:21:14.803,timeseries,3,Weather Report Extended v2,mlx-community/DeepSeek-R1-Distill-Qwen-14B-4bit,145.0,9848.0,0.0,0
2026-06-26T15:21:14.866,timeseries,3,Weather Report Extended v2,mlx-community/DeepSeek-R1-Distill-Qwen-14B-4bit,144.0,9739.0,0.0,0
2026-06-26T15:21:14.928,timeseries,3,Weather Report Extended v2,mlx-community/DeepSeek-R1-Distill-Qwen-14B-4bit,129.0,11190.0,0.0,0
2026-06-26T15:21:14.991,timeseries,3,Weather Report Extended v2,mlx-community/DeepSeek-R1-Distill-Qwen-14B-4bit,112.0,9798.0,0.0,0
2026-06-26T15:21:15.052,timeseries,3,Weather Report Extended v2,mlx-community/DeepSeek-R1-Distill-Qwen-14B-4bit,162.0,11216.0,0.0,0
2026-06-26T15:21:15.114,timeseries,3,Weather Report Extended v2,mlx-community/DeepSeek-R1-Distill-Qwen-14B-4bit,2162.0,9468.0,0.0,0
2026-06-26T15:21:15.176,timeseries,3,Weather Report Extended v2,mlx-community/DeepSeek-R1-Distill-Qwen-14B-4bit,619.0,11360.0,0.0,0
2026-06-26T15:21:15.237,timeseries,3,Weather Report Extended v2,mlx-community/DeepSeek-R1-Distill-Qwen-14B-4bit,309.0,9918.0,0.0,0
2026-06-26T15:21:15.300,timeseries,3,Weather Report Extended v2,mlx-community/DeepSeek-R1-Distill-Qwen-14B-4bit,258.0,11275.0,0.0,0
2026-06-26T15:21:15.362,timeseries,3,Weather Report Extended v2,mlx-community/DeepSeek-R1-Distill-Qwen-14B-4bit,525.0,10026.0,0.0,0
2026-06-26T15:21:15.424,timeseries,3,Weather Report Extended v2,mlx-community/DeepSeek-R1-Distill-Qwen-14B-4bit,616.0,11018.0,0.0,0
2026-06-26T15:21:15.485,timeseries,3,Weather Report Extended v2,mlx-community/DeepSeek-R1-Distill-Qwen-14B-4bit,306.0,9825.0,0.0,0
2026-06-26T15:21:15.549,timeseries,3,Weather Report Extended v2,mlx-community/DeepSeek-R1-Distill-Qwen-14B-4bit,372.0,9876.0,0.0,0
2026-06-26T15:21:15.610,timeseries,3,Weather Report Extended v2,mlx-community/DeepSeek-R1-Distill-Qwen-14B-4bit,1044.0,11375.0,0.0,0
2026-06-26T15:21:15.672,timeseries,3,Weather Report Extended v2,mlx-community/DeepSeek-R1-Distill-Qwen-14B-4bit,411.0,9652.0,0.0,0
2026-06-26T15:21:15.734,timeseries,3,Weather Report Extended v2,mlx-community/DeepSeek-R1-Distill-Qwen-14B-4bit,406.0,11333.0,0.0,0
2026-06-26T15:21:15.796,timeseries,3,Weather Report Extended v2,mlx-community/DeepSeek-R1-Distill-Qwen-14B-4bit,274.0,9857.0,0.0,0
2026-06-26T15:21:15.857,timeseries,3,Weather Report Extended v2,mlx-community/DeepSeek-R1-Distill-Qwen-14B-4bit,372.0,11318.0,0.0,0
2026-06-26T15:21:15.919,timeseries,3,Weather Report Extended v2,mlx-community/DeepSeek-R1-Distill-Qwen-14B-4bit,438.0,9899.0,0.0,0
2026-06-26T15:21:15.981,timeseries,3,Weather Report Extended v2,mlx-community/DeepSeek-R1-Distill-Qwen-14B-4bit,373.0,9891.0,0.0,0
2026-06-26T15:21:16.044,timeseries,3,Weather Report Extended v2,mlx-community/DeepSeek-R1-Distill-Qwen-14B-4bit,2590.0,11120.0,0.0,0
2026-06-26T15:21:16.106,timeseries,3,Weather Report Extended v2,mlx-community/DeepSeek-R1-Distill-Qwen-14B-4bit,695.0,9865.0,0.0,0
2026-06-26T15:21:16.168,timeseries,3,Weather Report Extended v2,mlx-community/DeepSeek-R1-Distill-Qwen-14B-4bit,365.0,11051.0,0.0,0
2026-06-26T15:21:16.230,timeseries,3,Weather Report Extended v2,mlx-community/DeepSeek-R1-Distill-Qwen-14B-4bit,146.0,9917.0,0.0,0
2026-06-26T15:21:16.294,timeseries,3,Weather Report Extended v2,mlx-community/DeepSeek-R1-Distill-Qwen-14B-4bit,128.0,11168.0,0.0,0
2026-06-26T15:21:16.355,timeseries,3,Weather Report Extended v2,mlx-community/DeepSeek-R1-Distill-Qwen-14B-4bit,128.0,9813.0,0.0,0
2026-06-26T15:21:16.417,timeseries,3,Weather Report Extended v2,mlx-community/DeepSeek-R1-Distill-Qwen-14B-4bit,315.0,10933.0,0.0,0
2026-06-26T15:21:16.479,timeseries,3,Weather Report Extended v2,mlx-community/DeepSeek-R1-Distill-Qwen-14B-4bit,148.0,10106.0,0.0,0
2026-06-26T15:21:16.543,timeseries,3,Weather Report Extended v2,mlx-community/DeepSeek-R1-Distill-Qwen-14B-4bit,128.0,11173.0,0.0,0
2026-06-26T15:21:16.605,timeseries,3,Weather Report Extended v2,mlx-community/DeepSeek-R1-Distill-Qwen-14B-4bit,274.0,9812.0,0.0,0
2026-06-26T15:21:16.668,timeseries,3,Weather Report Extended v2,mlx-community/DeepSeek-R1-Distill-Qwen-14B-4bit,420.0,10753.0,0.0,0
2026-06-26T15:21:16.731,timeseries,3,Weather Report Extended v2,mlx-community/DeepSeek-R1-Distill-Qwen-14B-4bit,130.0,9938.0,0.0,0
2026-06-26T15:21:16.794,timeseries,3,Weather Report Extended v2,mlx-community/DeepSeek-R1-Distill-Qwen-14B-4bit,144.0,11109.0,0.0,0
2026-06-26T15:21:16.856,timeseries,3,Weather Report Extended v2,mlx-community/DeepSeek-R1-Distill-Qwen-14B-4bit,223.0,9537.0,0.0,0
2026-06-26T15:21:16.918,timeseries,3,Weather Report Extended v2,mlx-community/DeepSeek-R1-Distill-Qwen-14B-4bit,221.0,10876.0,0.0,0
2026-06-26T15:21:16.980,timeseries,3,Weather Report Extended v2,mlx-community/DeepSeek-R1-Distill-Qwen-14B-4bit,130.0,9950.0,0.0,0
2026-06-26T15:21:17.042,timeseries,3,Weather Report Extended v2,mlx-community/DeepSeek-R1-Distill-Qwen-14B-4bit,130.0,11319.0,0.0,0
2026-06-26T15:21:17.104,timeseries,3,Weather Report Extended v2,mlx-community/DeepSeek-R1-Distill-Qwen-14B-4bit,223.0,9730.0,0.0,0
2026-06-26T15:21:17.166,timeseries,3,Weather Report Extended v2,mlx-community/DeepSeek-R1-Distill-Qwen-14B-4bit,257.0,11213.0,0.0,0
2026-06-26T15:21:17.228,timeseries,3,Weather Report Extended v2,mlx-community/DeepSeek-R1-Distill-Qwen-14B-4bit,179.0,9939.0,0.0,0
2026-06-26T15:21:17.290,timeseries,3,Weather Report Extended v2,mlx-community/DeepSeek-R1-Distill-Qwen-14B-4bit,146.0,9936.0,0.0,0
2026-06-26T15:21:17.351,timeseries,3,Weather Report Extended v2,mlx-community/DeepSeek-R1-Distill-Qwen-14B-4bit,112.0,11202.0,0.0,0
2026-06-26T15:21:17.413,timeseries,3,Weather Report Extended v2,mlx-community/DeepSeek-R1-Distill-Qwen-14B-4bit,274.0,9798.0,0.0,0
2026-06-26T15:21:17.476,timeseries,3,Weather Report Extended v2,mlx-community/DeepSeek-R1-Distill-Qwen-14B-4bit,179.0,11376.0,0.0,0
2026-06-26T15:21:17.539,timeseries,3,Weather Report Extended v2,mlx-community/DeepSeek-R1-Distill-Qwen-14B-4bit,145.0,9838.0,0.0,0
2026-06-26T15:21:17.601,timeseries,3,Weather Report Extended v2,mlx-community/DeepSeek-R1-Distill-Qwen-14B-4bit,160.0,11139.0,0.0,0
2026-06-26T15:21:17.663,timeseries,3,Weather Report Extended v2,mlx-community/DeepSeek-R1-Distill-Qwen-14B-4bit,316.0,9662.0,0.0,0
2026-06-26T15:21:17.724,timeseries,3,Weather Report Extended v2,mlx-community/DeepSeek-R1-Distill-Qwen-14B-4bit,161.0,11259.0,0.0,0
2026-06-26T15:21:17.787,timeseries,3,Weather Report Extended v2,mlx-community/DeepSeek-R1-Distill-Qwen-14B-4bit,130.0,9905.0,0.0,0
2026-06-26T15:21:17.850,timeseries,3,Weather Report Extended v2,mlx-community/DeepSeek-R1-Distill-Qwen-14B-4bit,113.0,11301.0,0.0,0
2026-06-26T15:21:17.911,timeseries,3,Weather Report Extended v2,mlx-community/DeepSeek-R1-Distill-Qwen-14B-4bit,145.0,9791.0,0.0,0
2026-06-26T15:21:17.973,timeseries,3,Weather Report Extended v2,mlx-community/DeepSeek-R1-Distill-Qwen-14B-4bit,143.0,9710.0,0.0,0
2026-06-26T15:21:18.036,timeseries,3,Weather Report Extended v2,mlx-community/DeepSeek-R1-Distill-Qwen-14B-4bit,130.0,11402.0,0.0,0
2026-06-26T15:21:18.099,timeseries,3,Weather Report Extended v2,mlx-community/DeepSeek-R1-Distill-Qwen-14B-4bit,162.0,9882.0,0.0,0
2026-06-26T15:21:18.161,timeseries,3,Weather Report Extended v2,mlx-community/DeepSeek-R1-Distill-Qwen-14B-4bit,267.0,10930.0,0.0,0
2026-06-26T15:21:18.223,timeseries,3,Weather Report Extended v2,mlx-community/DeepSeek-R1-Distill-Qwen-14B-4bit,144.0,9786.0,0.0,0
2026-06-26T15:21:18.286,timeseries,3,Weather Report Extended v2,mlx-community/DeepSeek-R1-Distill-Qwen-14B-4bit,160.0,11164.0,0.0,0
2026-06-26T15:21:18.348,timeseries,3,Weather Report Extended v2,mlx-community/DeepSeek-R1-Distill-Qwen-14B-4bit,130.0,9914.0,0.0,0
2026-06-26T15:21:18.410,timeseries,3,Weather Report Extended v2,mlx-community/DeepSeek-R1-Distill-Qwen-14B-4bit,237.0,10964.0,0.0,0
2026-06-26T15:21:18.473,timeseries,3,Weather Report Extended v2,mlx-community/DeepSeek-R1-Distill-Qwen-14B-4bit,161.0,9871.0,0.0,0
2026-06-26T15:21:18.536,timeseries,3,Weather Report Extended v2,mlx-community/DeepSeek-R1-Distill-Qwen-14B-4bit,161.0,11287.0,0.0,0
2026-06-26T15:21:18.598,timeseries,3,Weather Report Extended v2,mlx-community/DeepSeek-R1-Distill-Qwen-14B-4bit,160.0,9760.0,0.0,0
2026-06-26T15:21:18.659,timeseries,3,Weather Report Extended v2,mlx-community/DeepSeek-R1-Distill-Qwen-14B-4bit,270.0,11069.0,0.0,0
2026-06-26T15:21:18.721,timeseries,3,Weather Report Extended v2,mlx-community/DeepSeek-R1-Distill-Qwen-14B-4bit,163.0,9948.0,0.0,0
2026-06-26T15:21:18.783,timeseries,3,Weather Report Extended v2,mlx-community/DeepSeek-R1-Distill-Qwen-14B-4bit,145.0,11268.0,0.0,0
2026-06-26T15:21:18.845,timeseries,3,Weather Report Extended v2,mlx-community/DeepSeek-R1-Distill-Qwen-14B-4bit,129.0,9892.0,0.0,0
2026-06-26T15:21:18.907,timeseries,3,Weather Report Extended v2,mlx-community/DeepSeek-R1-Distill-Qwen-14B-4bit,113.0,11282.0,0.0,0
2026-06-26T15:21:18.969,timeseries,3,Weather Report Extended v2,mlx-community/DeepSeek-R1-Distill-Qwen-14B-4bit,129.0,9887.0,0.0,0
2026-06-26T15:21:19.031,timeseries,3,Weather Report Extended v2,mlx-community/DeepSeek-R1-Distill-Qwen-14B-4bit,144.0,9802.0,0.0,0
2026-06-26T15:21:19.094,timeseries,3,Weather Report Extended v2,mlx-community/DeepSeek-R1-Distill-Qwen-14B-4bit,178.0,11289.0,0.0,0
2026-06-26T15:21:19.155,timeseries,3,Weather Report Extended v2,mlx-community/DeepSeek-R1-Distill-Qwen-14B-4bit,292.0,9899.0,0.0,0
2026-06-26T15:21:19.219,timeseries,3,Weather Report Extended v2,mlx-community/DeepSeek-R1-Distill-Qwen-14B-4bit,160.0,11134.0,0.0,0
2026-06-26T15:21:19.281,timeseries,3,Weather Report Extended v2,mlx-community/DeepSeek-R1-Distill-Qwen-14B-4bit,162.0,9905.0,0.0,0
2026-06-26T15:21:19.344,timeseries,3,Weather Report Extended v2,mlx-community/DeepSeek-R1-Distill-Qwen-14B-4bit,158.0,11020.0,0.0,0
2026-06-26T15:21:19.405,timeseries,3,Weather Report Extended v2,mlx-community/DeepSeek-R1-Distill-Qwen-14B-4bit,242.0,9784.0,0.0,0
2026-06-26T15:21:19.468,timeseries,3,Weather Report Extended v2,mlx-community/DeepSeek-R1-Distill-Qwen-14B-4bit,143.0,11119.0,0.0,0
2026-06-26T15:21:19.531,timeseries,3,Weather Report Extended v2,mlx-community/DeepSeek-R1-Distill-Qwen-14B-4bit,146.0,9924.0,0.0,0
2026-06-26T15:21:19.592,timeseries,3,Weather Report Extended v2,mlx-community/DeepSeek-R1-Distill-Qwen-14B-4bit,176.0,11142.0,0.0,0
2026-06-26T15:21:19.654,timeseries,3,Weather Report Extended v2,mlx-community/DeepSeek-R1-Distill-Qwen-14B-4bit,321.0,9728.0,0.0,0
2026-06-26T15:21:19.715,timeseries,3,Weather Report Extended v2,mlx-community/DeepSeek-R1-Distill-Qwen-14B-4bit,130.0,11434.0,0.0,0
2026-06-26T15:21:19.777,timeseries,3,Weather Report Extended v2,mlx-community/DeepSeek-R1-Distill-Qwen-14B-4bit,130.0,9924.0,0.0,0
2026-06-26T15:21:19.838,timeseries,3,Weather Report Extended v2,mlx-community/DeepSeek-R1-Distill-Qwen-14B-4bit,163.0,9973.0,0.0,0
2026-06-26T15:21:19.900,timeseries,3,Weather Report Extended v2,mlx-community/DeepSeek-R1-Distill-Qwen-14B-4bit,131.0,11432.0,0.0,0
2026-06-26T15:21:19.962,timeseries,3,Weather Report Extended v2,mlx-community/DeepSeek-R1-Distill-Qwen-14B-4bit,114.0,9915.0,0.0,0
2026-06-26T15:21:20.022,timeseries,3,Weather Report Extended v2,mlx-community/DeepSeek-R1-Distill-Qwen-14B-4bit,367.0,11056.0,0.0,0
2026-06-26T15:21:20.083,timeseries,3,Weather Report Extended v2,mlx-community/DeepSeek-R1-Distill-Qwen-14B-4bit,471.0,9928.0,0.0,0
2026-06-26T15:21:20.145,timeseries,3,Weather Report Extended v2,mlx-community/DeepSeek-R1-Distill-Qwen-14B-4bit,485.0,10243.0,0.0,0
2026-06-26T15:21:20.207,timeseries,3,Weather Report Extended v2,mlx-community/DeepSeek-R1-Distill-Qwen-14B-4bit,162.0,11334.0,0.0,0
2026-06-26T15:21:20.269,timeseries,3,Weather Report Extended v2,mlx-community/DeepSeek-R1-Distill-Qwen-14B-4bit,820.0,9669.0,0.0,0
2026-06-26T15:21:20.330,timeseries,3,Weather Report Extended v2,mlx-community/DeepSeek-R1-Distill-Qwen-14B-4bit,1748.0,9965.0,0.0,0
2026-06-26T15:21:20.393,timeseries,3,Weather Report Extended v2,mlx-community/DeepSeek-R1-Distill-Qwen-14B-4bit,725.0,11231.0,0.0,0
2026-06-26T15:21:20.454,timeseries,3,Weather Report Extended v2,mlx-community/DeepSeek-R1-Distill-Qwen-14B-4bit,261.0,9999.0,0.0,0
2026-06-26T15:21:20.516,timeseries,3,Weather Report Extended v2,mlx-community/DeepSeek-R1-Distill-Qwen-14B-4bit,273.0,11237.0,0.0,0
2026-06-26T15:21:20.578,timeseries,3,Weather Report Extended v2,mlx-community/DeepSeek-R1-Distill-Qwen-14B-4bit,357.0,9942.0,0.0,0
2026-06-26T15:21:20.638,timeseries,3,Weather Report Extended v2,mlx-community/DeepSeek-R1-Distill-Qwen-14B-4bit,1024.0,9896.0,0.0,0
2026-06-26T15:21:20.699,timeseries,3,Weather Report Extended v2,mlx-community/DeepSeek-R1-Distill-Qwen-14B-4bit,312.0,11476.0,0.0,0
2026-06-26T15:21:20.762,timeseries,3,Weather Report Extended v2,mlx-community/DeepSeek-R1-Distill-Qwen-14B-4bit,394.0,10065.0,0.0,0
2026-06-26T15:21:20.823,timeseries,3,Weather Report Extended v2,mlx-community/DeepSeek-R1-Distill-Qwen-14B-4bit,356.0,9903.0,0.0,0
2026-06-26T15:21:20.885,timeseries,3,Weather Report Extended v2,mlx-community/DeepSeek-R1-Distill-Qwen-14B-4bit,467.0,11267.0,0.0,0
2026-06-26T15:21:20.946,timeseries,3,Weather Report Extended v2,mlx-community/DeepSeek-R1-Distill-Qwen-14B-4bit,294.0,9966.0,0.0,0
2026-06-26T15:21:21.008,timeseries,3,Weather Report Extended v2,mlx-community/DeepSeek-R1-Distill-Qwen-14B-4bit,372.0,11322.0,0.0,0
2026-06-26T15:21:21.069,timeseries,3,Weather Report Extended v2,mlx-community/DeepSeek-R1-Distill-Qwen-14B-4bit,377.0,10040.0,0.0,0
2026-06-26T15:21:21.131,timeseries,3,Weather Report Extended v2,mlx-community/DeepSeek-R1-Distill-Qwen-14B-4bit,1049.0,9881.0,0.0,0
2026-06-26T15:21:21.193,timeseries,3,Weather Report Extended v2,mlx-community/DeepSeek-R1-Distill-Qwen-14B-4bit,406.0,11366.0,0.0,0
2026-06-26T15:21:21.255,timeseries,3,Weather Report Extended v2,mlx-community/DeepSeek-R1-Distill-Qwen-14B-4bit,260.0,9979.0,0.0,0
2026-06-26T15:21:21.317,timeseries,3,Weather Report Extended v2,mlx-community/DeepSeek-R1-Distill-Qwen-14B-4bit,400.0,11206.0,0.0,0
2026-06-26T15:21:21.379,timeseries,3,Weather Report Extended v2,mlx-community/DeepSeek-R1-Distill-Qwen-14B-4bit,1009.0,9926.0,0.0,0
2026-06-26T15:21:21.441,timeseries,3,Weather Report Extended v2,mlx-community/DeepSeek-R1-Distill-Qwen-14B-4bit,434.0,11270.0,0.0,0
2026-06-26T15:21:21.502,timeseries,3,Weather Report Extended v2,mlx-community/DeepSeek-R1-Distill-Qwen-14B-4bit,292.0,9934.0,0.0,0
2026-06-26T15:21:21.565,timeseries,3,Weather Report Extended v2,mlx-community/DeepSeek-R1-Distill-Qwen-14B-4bit,369.0,9808.0,0.0,0
2026-06-26T15:21:21.627,timeseries,3,Weather Report Extended v2,mlx-community/DeepSeek-R1-Distill-Qwen-14B-4bit,959.0,11377.0,0.0,0
2026-06-26T15:21:21.688,timeseries,3,Weather Report Extended v2,mlx-community/DeepSeek-R1-Distill-Qwen-14B-4bit,449.0,9818.0,0.0,0
2026-06-26T15:21:21.750,timeseries,3,Weather Report Extended v2,mlx-community/DeepSeek-R1-Distill-Qwen-14B-4bit,290.0,11267.0,0.0,0
2026-06-26T15:21:21.811,timeseries,3,Weather Report Extended v2,mlx-community/DeepSeek-R1-Distill-Qwen-14B-4bit,393.0,10044.0,0.0,0
2026-06-26T15:21:21.873,timeseries,3,Weather Report Extended v2,mlx-community/DeepSeek-R1-Distill-Qwen-14B-4bit,374.0,9955.0,0.0,0
2026-06-26T15:21:21.934,timeseries,3,Weather Report Extended v2,mlx-community/DeepSeek-R1-Distill-Qwen-14B-4bit,456.0,11420.0,0.0,0
2026-06-26T15:21:21.996,timeseries,3,Weather Report Extended v2,mlx-community/DeepSeek-R1-Distill-Qwen-14B-4bit,259.0,9904.0,0.0,0
2026-06-26T15:21:22.058,timeseries,3,Weather Report Extended v2,mlx-community/DeepSeek-R1-Distill-Qwen-14B-4bit,389.0,11349.0,0.0,0
2026-06-26T15:21:22.119,timeseries,3,Weather Report Extended v2,mlx-community/DeepSeek-R1-Distill-Qwen-14B-4bit,942.0,9943.0,0.0,0
2026-06-26T15:21:22.180,timeseries,3,Weather Report Extended v2,mlx-community/DeepSeek-R1-Distill-Qwen-14B-4bit,468.0,9879.0,0.0,0
2026-06-26T15:21:22.241,timeseries,3,Weather Report Extended v2,mlx-community/DeepSeek-R1-Distill-Qwen-14B-4bit,278.0,11465.0,0.0,0
2026-06-26T15:21:22.304,timeseries,3,Weather Report Extended v2,mlx-community/DeepSeek-R1-Distill-Qwen-14B-4bit,395.0,10098.0,0.0,0
2026-06-26T15:21:22.367,timeseries,3,Weather Report Extended v2,mlx-community/DeepSeek-R1-Distill-Qwen-14B-4bit,777.0,11255.0,0.0,0
2026-06-26T15:21:22.429,timeseries,3,Weather Report Extended v2,mlx-community/DeepSeek-R1-Distill-Qwen-14B-4bit,666.0,9750.0,0.0,0
2026-06-26T15:21:22.490,timeseries,3,Weather Report Extended v2,mlx-community/DeepSeek-R1-Distill-Qwen-14B-4bit,381.0,11128.0,0.0,0
2026-06-26T15:21:22.553,timeseries,3,Weather Report Extended v2,mlx-community/DeepSeek-R1-Distill-Qwen-14B-4bit,310.0,9990.0,0.0,0
2026-06-26T15:21:22.614,timeseries,3,Weather Report Extended v2,mlx-community/DeepSeek-R1-Distill-Qwen-14B-4bit,957.0,9906.0,0.0,0
2026-06-26T15:21:22.676,timeseries,3,Weather Report Extended v2,mlx-community/DeepSeek-R1-Distill-Qwen-14B-4bit,482.0,11232.0,0.0,0
2026-06-26T15:21:22.737,timeseries,3,Weather Report Extended v2,mlx-community/DeepSeek-R1-Distill-Qwen-14B-4bit,390.0,9938.0,0.0,0
2026-06-26T15:21:22.799,timeseries,3,Weather Report Extended v2,mlx-community/DeepSeek-R1-Distill-Qwen-14B-4bit,275.0,11336.0,0.0,0
2026-06-26T15:21:22.862,timeseries,3,Weather Report Extended v2,mlx-community/DeepSeek-R1-Distill-Qwen-14B-4bit,390.0,9971.0,0.0,0
2026-06-26T15:21:22.923,timeseries,3,Weather Report Extended v2,mlx-community/DeepSeek-R1-Distill-Qwen-14B-4bit,389.0,9947.0,0.0,0
2026-06-26T15:21:22.985,timeseries,3,Weather Report Extended v2,mlx-community/DeepSeek-R1-Distill-Qwen-14B-4bit,464.0,11204.0,0.0,0
2026-06-26T15:21:23.047,timeseries,3,Weather Report Extended v2,mlx-community/DeepSeek-R1-Distill-Qwen-14B-4bit,262.0,10025.0,0.0,0
2026-06-26T15:21:23.108,timeseries,3,Weather Report Extended v2,mlx-community/DeepSeek-R1-Distill-Qwen-14B-4bit,938.0,11303.0,0.0,0
2026-06-26T15:21:23.170,timeseries,3,Weather Report Extended v2,mlx-community/DeepSeek-R1-Distill-Qwen-14B-4bit,405.0,9957.0,0.0,0
2026-06-26T15:21:23.231,timeseries,3,Weather Report Extended v2,mlx-community/DeepSeek-R1-Distill-Qwen-14B-4bit,484.0,9854.0,0.0,0
2026-06-26T15:21:23.293,timeseries,3,Weather Report Extended v2,mlx-community/DeepSeek-R1-Distill-Qwen-14B-4bit,276.0,11362.0,0.0,0
2026-06-26T15:21:23.355,timeseries,3,Weather Report Extended v2,mlx-community/DeepSeek-R1-Distill-Qwen-14B-4bit,377.0,10062.0,0.0,0
2026-06-26T15:21:23.417,timeseries,3,Weather Report Extended v2,mlx-community/DeepSeek-R1-Distill-Qwen-14B-4bit,801.0,11203.0,0.0,0
2026-06-26T15:21:23.478,timeseries,3,Weather Report Extended v2,mlx-community/DeepSeek-R1-Distill-Qwen-14B-4bit,635.0,10003.0,0.0,0
2026-06-26T15:21:23.539,timeseries,3,Weather Report Extended v2,mlx-community/DeepSeek-R1-Distill-Qwen-14B-4bit,274.0,9873.0,0.0,0
2026-06-26T15:21:23.601,timeseries,3,Weather Report Extended v2,mlx-community/DeepSeek-R1-Distill-Qwen-14B-4bit,965.0,11449.0,0.0,0
2026-06-26T15:21:23.663,timeseries,3,Weather Report Extended v2,mlx-community/DeepSeek-R1-Distill-Qwen-14B-4bit,390.0,10005.0,0.0,0
2026-06-26T15:21:23.726,timeseries,3,Weather Report Extended v2,mlx-community/DeepSeek-R1-Distill-Qwen-14B-4bit,470.0,11360.0,0.0,0
2026-06-26T15:21:23.787,timeseries,3,Weather Report Extended v2,mlx-community/DeepSeek-R1-Distill-Qwen-14B-4bit,292.0,9924.0,0.0,0
2026-06-26T15:21:23.849,timeseries,3,Weather Report Extended v2,mlx-community/DeepSeek-R1-Distill-Qwen-14B-4bit,397.0,11128.0,0.0,0
2026-06-26T15:21:23.911,timeseries,3,Weather Report Extended v2,mlx-community/DeepSeek-R1-Distill-Qwen-14B-4bit,378.0,10066.0,0.0,0
2026-06-26T15:21:23.972,timeseries,3,Weather Report Extended v2,mlx-community/DeepSeek-R1-Distill-Qwen-14B-4bit,451.0,9911.0,0.0,0
2026-06-26T15:21:24.034,timeseries,3,Weather Report Extended v2,mlx-community/DeepSeek-R1-Distill-Qwen-14B-4bit,371.0,11332.0,0.0,0
2026-06-26T15:21:24.096,timeseries,3,Weather Report Extended v2,mlx-community/DeepSeek-R1-Distill-Qwen-14B-4bit,907.0,9963.0,0.0,0
2026-06-26T15:21:24.158,timeseries,3,Weather Report Extended v2,mlx-community/DeepSeek-R1-Distill-Qwen-14B-4bit,421.0,11372.0,0.0,0
2026-06-26T15:21:24.220,timeseries,3,Weather Report Extended v2,mlx-community/DeepSeek-R1-Distill-Qwen-14B-4bit,389.0,9947.0,0.0,0
2026-06-26T15:21:24.281,timeseries,3,Weather Report Extended v2,mlx-community/DeepSeek-R1-Distill-Qwen-14B-4bit,466.0,9840.0,0.0,0
2026-06-26T15:21:24.343,timeseries,3,Weather Report Extended v2,mlx-community/DeepSeek-R1-Distill-Qwen-14B-4bit,264.0,11564.0,0.0,0
2026-06-26T15:21:24.405,timeseries,3,Weather Report Extended v2,mlx-community/DeepSeek-R1-Distill-Qwen-14B-4bit,810.0,9900.0,0.0,0
2026-06-26T15:21:24.466,timeseries,3,Weather Report Extended v2,mlx-community/DeepSeek-R1-Distill-Qwen-14B-4bit,419.0,11333.0,0.0,0
2026-06-26T15:21:24.528,timeseries,3,Weather Report Extended v2,mlx-community/DeepSeek-R1-Distill-Qwen-14B-4bit,612.0,9879.0,0.0,0
2026-06-26T15:21:24.590,timeseries,3,Weather Report Extended v2,mlx-community/DeepSeek-R1-Distill-Qwen-14B-4bit,811.0,9943.0,0.0,0
2026-06-26T15:21:24.652,timeseries,3,Weather Report Extended v2,mlx-community/DeepSeek-R1-Distill-Qwen-14B-4bit,421.0,11376.0,0.0,0
2026-06-26T15:21:24.713,timeseries,3,Weather Report Extended v2,mlx-community/DeepSeek-R1-Distill-Qwen-14B-4bit,390.0,9967.0,0.0,0
2026-06-26T15:21:24.775,timeseries,3,Weather Report Extended v2,mlx-community/DeepSeek-R1-Distill-Qwen-14B-4bit,485.0,11302.0,0.0,0
2026-06-26T15:21:24.837,timeseries,3,Weather Report Extended v2,mlx-community/DeepSeek-R1-Distill-Qwen-14B-4bit,262.0,10055.0,0.0,0
2026-06-26T15:21:24.898,timeseries,3,Weather Report Extended v2,mlx-community/DeepSeek-R1-Distill-Qwen-14B-4bit,403.0,9925.0,0.0,0
2026-06-26T15:21:24.960,timeseries,3,Weather Report Extended v2,mlx-community/DeepSeek-R1-Distill-Qwen-14B-4bit,370.0,11288.0,0.0,0
2026-06-26T15:21:25.021,timeseries,3,Weather Report Extended v2,mlx-community/DeepSeek-R1-Distill-Qwen-14B-4bit,441.0,9986.0,0.0,0
2026-06-26T15:21:25.084,timeseries,3,Weather Report Extended v2,mlx-community/DeepSeek-R1-Distill-Qwen-14B-4bit,627.0,11259.0,0.0,0
2026-06-26T15:21:25.145,timeseries,3,Weather Report Extended v2,mlx-community/DeepSeek-R1-Distill-Qwen-14B-4bit,620.0,10042.0,0.0,0
2026-06-26T15:21:25.206,timeseries,3,Weather Report Extended v2,mlx-community/DeepSeek-R1-Distill-Qwen-14B-4bit,384.0,9831.0,0.0,0
2026-06-26T15:21:25.268,timeseries,3,Weather Report Extended v2,mlx-community/DeepSeek-R1-Distill-Qwen-14B-4bit,442.0,11484.0,0.0,0
2026-06-26T15:21:25.329,timeseries,3,Weather Report Extended v2,mlx-community/DeepSeek-R1-Distill-Qwen-14B-4bit,783.0,9952.0,0.0,0
2026-06-26T15:21:25.390,timeseries,3,Weather Report Extended v2,mlx-community/DeepSeek-R1-Distill-Qwen-14B-4bit,3242.0,11154.0,0.0,0
2026-06-26T15:21:25.452,timeseries,3,Weather Report Extended v2,mlx-community/DeepSeek-R1-Distill-Qwen-14B-4bit,312.0,10114.0,0.0,0
2026-06-26T15:21:25.514,timeseries,3,Weather Report Extended v2,mlx-community/DeepSeek-R1-Distill-Qwen-14B-4bit,216.0,10188.0,0.0,0
2026-06-26T15:21:25.576,timeseries,3,Weather Report Extended v2,mlx-community/DeepSeek-R1-Distill-Qwen-14B-4bit,192.0,11198.0,0.0,0
2026-06-26T15:21:25.637,timeseries,3,Weather Report Extended v2,mlx-community/DeepSeek-R1-Distill-Qwen-14B-4bit,304.0,9747.0,0.0,0
2026-06-26T15:21:25.700,timeseries,3,Weather Report Extended v2,mlx-community/DeepSeek-R1-Distill-Qwen-14B-4bit,147.0,11456.0,0.0,0
2026-06-26T15:21:25.763,timeseries,3,Weather Report Extended v2,mlx-community/DeepSeek-R1-Distill-Qwen-14B-4bit,129.0,9941.0,0.0,0
2026-06-26T15:21:25.825,timeseries,3,Weather Report Extended v2,mlx-community/DeepSeek-R1-Distill-Qwen-14B-4bit,143.0,11173.0,0.0,0
2026-06-26T15:21:25.886,timeseries,3,Weather Report Extended v2,mlx-community/DeepSeek-R1-Distill-Qwen-14B-4bit,144.0,9796.0,0.0,0
2026-06-26T15:21:25.948,timeseries,3,Weather Report Extended v2,mlx-community/DeepSeek-R1-Distill-Qwen-14B-4bit,147.0,9995.0,0.0,0
2026-06-26T15:21:26.010,timeseries,3,Weather Report Extended v2,mlx-community/DeepSeek-R1-Distill-Qwen-14B-4bit,130.0,11379.0,0.0,0
2026-06-26T15:21:26.071,timeseries,3,Weather Report Extended v2,mlx-community/DeepSeek-R1-Distill-Qwen-14B-4bit,545.0,9694.0,0.0,0
2026-06-26T15:21:26.133,timeseries,3,Weather Report Extended v2,mlx-community/DeepSeek-R1-Distill-Qwen-14B-4bit,1469.0,11189.0,0.0,0
2026-06-26T15:21:26.195,timeseries,3,Weather Report Extended v2,mlx-community/DeepSeek-R1-Distill-Qwen-14B-4bit,278.0,10045.0,0.0,0
2026-06-26T15:21:26.256,timeseries,3,Weather Report Extended v2,mlx-community/DeepSeek-R1-Distill-Qwen-14B-4bit,244.0,9983.0,0.0,0
2026-06-26T15:21:26.319,timeseries,3,Weather Report Extended v2,mlx-community/DeepSeek-R1-Distill-Qwen-14B-4bit,290.0,11240.0,0.0,0
2026-06-26T15:21:26.386,timeseries,3,Weather Report Extended v2,mlx-community/DeepSeek-R1-Distill-Qwen-14B-4bit,713.0,9932.0,0.0,0
2026-06-26T15:21:26.448,timeseries,3,Weather Report Extended v2,mlx-community/DeepSeek-R1-Distill-Qwen-14B-4bit,524.0,11065.0,0.0,0
2026-06-26T15:21:26.510,timeseries,3,Weather Report Extended v2,mlx-community/DeepSeek-R1-Distill-Qwen-14B-4bit,404.0,10469.0,0.0,0
2026-06-26T15:21:26.572,timeseries,3,Weather Report Extended v2,mlx-community/DeepSeek-R1-Distill-Qwen-14B-4bit,570.0,9988.0,0.0,0
2026-06-26T15:21:26.634,timeseries,3,Weather Report Extended v2,mlx-community/DeepSeek-R1-Distill-Qwen-14B-4bit,898.0,11221.0,0.0,0
2026-06-26T15:21:26.696,timeseries,3,Weather Report Extended v2,mlx-community/DeepSeek-R1-Distill-Qwen-14B-4bit,418.0,9867.0,0.0,0
2026-06-26T15:21:26.758,timeseries,3,Weather Report Extended v2,mlx-community/DeepSeek-R1-Distill-Qwen-14B-4bit,388.0,11354.0,0.0,0
2026-06-26T15:21:26.819,timeseries,3,Weather Report Extended v2,mlx-community/DeepSeek-R1-Distill-Qwen-14B-4bit,390.0,9944.0,0.0,0
2026-06-26T15:21:26.880,timeseries,3,Weather Report Extended v2,mlx-community/DeepSeek-R1-Distill-Qwen-14B-4bit,370.0,9890.0,0.0,0
2026-06-26T15:21:26.942,timeseries,3,Weather Report Extended v2,mlx-community/DeepSeek-R1-Distill-Qwen-14B-4bit,373.0,11432.0,0.0,0
2026-06-26T15:21:27.004,timeseries,3,Weather Report Extended v2,mlx-community/DeepSeek-R1-Distill-Qwen-14B-4bit,376.0,10045.0,0.0,0
2026-06-26T15:21:27.066,timeseries,3,Weather Report Extended v2,mlx-community/DeepSeek-R1-Distill-Qwen-14B-4bit,389.0,11390.0,0.0,0
2026-06-26T15:21:27.128,timeseries,3,Weather Report Extended v2,mlx-community/DeepSeek-R1-Distill-Qwen-14B-4bit,920.0,9876.0,0.0,0
2026-06-26T15:21:27.190,timeseries,3,Weather Report Extended v2,mlx-community/DeepSeek-R1-Distill-Qwen-14B-4bit,403.0,9907.0,0.0,0
2026-06-26T15:21:27.252,timeseries,3,Weather Report Extended v2,mlx-community/DeepSeek-R1-Distill-Qwen-14B-4bit,389.0,11388.0,0.0,0
2026-06-26T15:21:27.314,timeseries,3,Weather Report Extended v2,mlx-community/DeepSeek-R1-Distill-Qwen-14B-4bit,384.0,9820.0,0.0,0
2026-06-26T15:21:27.376,timeseries,3,Weather Report Extended v2,mlx-community/DeepSeek-R1-Distill-Qwen-14B-4bit,731.0,11355.0,0.0,0
2026-06-26T15:21:27.437,timeseries,3,Weather Report Extended v2,mlx-community/DeepSeek-R1-Distill-Qwen-14B-4bit,437.0,9972.0,0.0,0
2026-06-26T15:21:27.499,timeseries,3,Weather Report Extended v2,mlx-community/DeepSeek-R1-Distill-Qwen-14B-4bit,385.0,11278.0,0.0,0
2026-06-26T15:21:27.561,timeseries,3,Weather Report Extended v2,mlx-community/DeepSeek-R1-Distill-Qwen-14B-4bit,390.0,9980.0,0.0,0
2026-06-26T15:21:27.623,timeseries,3,Weather Report Extended v2,mlx-community/DeepSeek-R1-Distill-Qwen-14B-4bit,1090.0,9938.0,0.0,0
2026-06-26T15:21:27.684,timeseries,3,Weather Report Extended v2,mlx-community/DeepSeek-R1-Distill-Qwen-14B-4bit,404.0,11367.0,0.0,0
2026-06-26T15:21:27.746,timeseries,3,Weather Report Extended v2,mlx-community/DeepSeek-R1-Distill-Qwen-14B-4bit,387.0,9897.0,0.0,0
2026-06-26T15:21:27.809,timeseries,3,Weather Report Extended v2,mlx-community/DeepSeek-R1-Distill-Qwen-14B-4bit,405.0,11376.0,0.0,0
2026-06-26T15:21:27.871,timeseries,3,Weather Report Extended v2,mlx-community/DeepSeek-R1-Distill-Qwen-14B-4bit,404.0,9900.0,0.0,0
2026-06-26T15:21:27.933,timeseries,3,Weather Report Extended v2,mlx-community/DeepSeek-R1-Distill-Qwen-14B-4bit,350.0,11173.0,0.0,0
2026-06-26T15:21:27.994,timeseries,3,Weather Report Extended v2,mlx-community/DeepSeek-R1-Distill-Qwen-14B-4bit,372.0,9954.0,0.0,0
2026-06-26T15:21:28.056,timeseries,3,Weather Report Extended v2,mlx-community/DeepSeek-R1-Distill-Qwen-14B-4bit,373.0,9961.0,0.0,0
2026-06-26T15:21:28.117,timeseries,3,Weather Report Extended v2,mlx-community/DeepSeek-R1-Distill-Qwen-14B-4bit,958.0,11344.0,0.0,0
2026-06-26T15:21:28.178,timeseries,3,Weather Report Extended v2,mlx-community/DeepSeek-R1-Distill-Qwen-14B-4bit,359.0,10034.0,0.0,0
2026-06-26T15:21:28.240,timeseries,3,Weather Report Extended v2,mlx-community/DeepSeek-R1-Distill-Qwen-14B-4bit,391.0,9998.0,0.0,0
2026-06-26T15:21:28.304,timeseries,3,Weather Report Extended v2,mlx-community/DeepSeek-R1-Distill-Qwen-14B-4bit,374.0,11428.0,0.0,0
2026-06-26T15:21:28.366,timeseries,3,Weather Report Extended v2,mlx-community/DeepSeek-R1-Distill-Qwen-14B-4bit,778.0,11310.0,0.0,0
2026-06-26T15:21:28.428,timeseries,3,Weather Report Extended v2,mlx-community/DeepSeek-R1-Distill-Qwen-14B-4bit,378.0,9679.0,0.0,0
2026-06-26T15:21:28.490,timeseries,3,Weather Report Extended v2,mlx-community/DeepSeek-R1-Distill-Qwen-14B-4bit,418.0,9912.0,0.0,0
2026-06-26T15:21:28.552,timeseries,3,Weather Report Extended v2,mlx-community/DeepSeek-R1-Distill-Qwen-14B-4bit,387.0,11314.0,0.0,0
2026-06-26T15:21:28.614,timeseries,3,Weather Report Extended v2,mlx-community/DeepSeek-R1-Distill-Qwen-14B-4bit,966.0,9839.0,0.0,0
2026-06-26T15:21:28.675,timeseries,3,Weather Report Extended v2,mlx-community/DeepSeek-R1-Distill-Qwen-14B-4bit,529.0,11272.0,0.0,0
2026-06-26T15:21:28.737,timeseries,3,Weather Report Extended v2,mlx-community/DeepSeek-R1-Distill-Qwen-14B-4bit,395.0,10113.0,0.0,0
2026-06-26T15:21:28.799,timeseries,3,Weather Report Extended v2,mlx-community/DeepSeek-R1-Distill-Qwen-14B-4bit,369.0,9852.0,0.0,0
2026-06-26T15:21:28.861,timeseries,3,Weather Report Extended v2,mlx-community/DeepSeek-R1-Distill-Qwen-14B-4bit,374.0,11423.0,0.0,0
2026-06-26T15:21:28.922,timeseries,3,Weather Report Extended v2,mlx-community/DeepSeek-R1-Distill-Qwen-14B-4bit,338.0,9889.0,0.0,0
2026-06-26T15:21:28.984,timeseries,3,Weather Report Extended v2,mlx-community/DeepSeek-R1-Distill-Qwen-14B-4bit,388.0,11358.0,0.0,0
2026-06-26T15:21:29.046,timeseries,3,Weather Report Extended v2,mlx-community/DeepSeek-R1-Distill-Qwen-14B-4bit,375.0,10015.0,0.0,0
2026-06-26T15:21:29.109,timeseries,3,Weather Report Extended v2,mlx-community/DeepSeek-R1-Distill-Qwen-14B-4bit,941.0,11375.0,0.0,0
2026-06-26T15:21:29.170,timeseries,3,Weather Report Extended v2,mlx-community/DeepSeek-R1-Distill-Qwen-14B-4bit,334.0,9764.0,0.0,0
2026-06-26T15:21:29.232,timeseries,3,Weather Report Extended v2,mlx-community/DeepSeek-R1-Distill-Qwen-14B-4bit,403.0,9923.0,0.0,0
2026-06-26T15:21:29.294,timeseries,3,Weather Report Extended v2,mlx-community/DeepSeek-R1-Distill-Qwen-14B-4bit,436.0,11348.0,0.0,0
2026-06-26T15:21:29.356,timeseries,3,Weather Report Extended v2,mlx-community/DeepSeek-R1-Distill-Qwen-14B-4bit,373.0,10000.0,0.0,0
2026-06-26T15:21:29.418,timeseries,3,Weather Report Extended v2,mlx-community/DeepSeek-R1-Distill-Qwen-14B-4bit,824.0,11292.0,0.0,0
2026-06-26T15:21:29.480,timeseries,3,Weather Report Extended v2,mlx-community/DeepSeek-R1-Distill-Qwen-14B-4bit,354.0,9938.0,0.0,0
2026-06-26T15:21:29.542,timeseries,3,Weather Report Extended v2,mlx-community/DeepSeek-R1-Distill-Qwen-14B-4bit,390.0,11408.0,0.0,0
2026-06-26T15:21:29.604,timeseries,3,Weather Report Extended v2,mlx-community/DeepSeek-R1-Distill-Qwen-14B-4bit,913.0,9838.0,0.0,0
2026-06-26T15:21:29.666,timeseries,3,Weather Report Extended v2,mlx-community/DeepSeek-R1-Distill-Qwen-14B-4bit,516.0,11326.0,0.0,0
2026-06-26T15:21:29.727,timeseries,3,Weather Report Extended v2,mlx-community/DeepSeek-R1-Distill-Qwen-14B-4bit,515.0,9922.0,0.0,0
2026-06-26T15:21:29.790,timeseries,3,Weather Report Extended v2,mlx-community/DeepSeek-R1-Distill-Qwen-14B-4bit,406.0,9965.0,0.0,0
2026-06-26T15:21:29.851,timeseries,3,Weather Report Extended v2,mlx-community/DeepSeek-R1-Distill-Qwen-14B-4bit,389.0,11387.0,0.0,0
2026-06-26T15:21:29.913,timeseries,3,Weather Report Extended v2,mlx-community/DeepSeek-R1-Distill-Qwen-14B-4bit,370.0,9849.0,0.0,0
2026-06-26T15:21:29.975,timeseries,3,Weather Report Extended v2,mlx-community/DeepSeek-R1-Distill-Qwen-14B-4bit,340.0,11384.0,0.0,0
2026-06-26T15:21:30.036,timeseries,3,Weather Report Extended v2,mlx-community/DeepSeek-R1-Distill-Qwen-14B-4bit,811.0,9927.0,0.0,0
2026-06-26T15:21:30.098,timeseries,3,Weather Report Extended v2,mlx-community/DeepSeek-R1-Distill-Qwen-14B-4bit,1476.0,9896.0,0.0,0
2026-06-26T15:21:30.160,timeseries,3,Weather Report Extended v2,mlx-community/DeepSeek-R1-Distill-Qwen-14B-4bit,357.0,11396.0,0.0,0
2026-06-26T15:21:30.221,timeseries,3,Weather Report Extended v2,mlx-community/DeepSeek-R1-Distill-Qwen-14B-4bit,342.0,10022.0,0.0,0
2026-06-26T15:21:30.283,timeseries,3,Weather Report Extended v2,mlx-community/DeepSeek-R1-Distill-Qwen-14B-4bit,387.0,11330.0,0.0,0
2026-06-26T15:21:30.345,timeseries,3,Weather Report Extended v2,mlx-community/DeepSeek-R1-Distill-Qwen-14B-4bit,408.0,10028.0,0.0,0
2026-06-26T15:21:30.407,timeseries,3,Weather Report Extended v2,mlx-community/DeepSeek-R1-Distill-Qwen-14B-4bit,794.0,9918.0,0.0,0
2026-06-26T15:21:30.468,timeseries,3,Weather Report Extended v2,mlx-community/DeepSeek-R1-Distill-Qwen-14B-4bit,575.0,11176.0,0.0,0
2026-06-26T15:21:30.530,timeseries,3,Weather Report Extended v2,mlx-community/DeepSeek-R1-Distill-Qwen-14B-4bit,2952.0,9883.0,0.0,0
2026-06-26T15:21:30.589,timeseries,3,Weather Report Extended v2,mlx-community/DeepSeek-R1-Distill-Qwen-14B-4bit,583.0,11330.0,0.0,0
2026-06-26T15:21:30.650,timeseries,3,Weather Report Extended v2,mlx-community/DeepSeek-R1-Distill-Qwen-14B-4bit,311.0,10079.0,0.0,0
2026-06-26T15:21:30.713,timeseries,3,Weather Report Extended v2,mlx-community/DeepSeek-R1-Distill-Qwen-14B-4bit,186.0,10438.0,0.0,0
2026-06-26T15:21:30.775,timeseries,3,Weather Report Extended v2,mlx-community/DeepSeek-R1-Distill-Qwen-14B-4bit,162.0,11392.0,0.0,0
2026-06-26T15:21:30.837,timeseries,3,Weather Report Extended v2,mlx-community/DeepSeek-R1-Distill-Qwen-14B-4bit,144.0,9853.0,0.0,0
2026-06-26T15:21:30.900,timeseries,3,Weather Report Extended v2,mlx-community/DeepSeek-R1-Distill-Qwen-14B-4bit,129.0,11326.0,0.0,0
2026-06-26T15:21:30.962,timeseries,3,Weather Report Extended v2,mlx-community/DeepSeek-R1-Distill-Qwen-14B-4bit,144.0,9822.0,0.0,0
2026-06-26T15:21:31.025,timeseries,3,Weather Report Extended v2,mlx-community/DeepSeek-R1-Distill-Qwen-14B-4bit,143.0,9770.0,0.0,0
2026-06-26T15:21:31.086,timeseries,3,Weather Report Extended v2,mlx-community/DeepSeek-R1-Distill-Qwen-14B-4bit,146.0,11382.0,0.0,0
2026-06-26T15:21:31.148,timeseries,3,Weather Report Extended v2,mlx-community/DeepSeek-R1-Distill-Qwen-14B-4bit,270.0,9730.0,0.0,0
2026-06-26T15:21:31.211,timeseries,3,Weather Report Extended v2,mlx-community/DeepSeek-R1-Distill-Qwen-14B-4bit,130.0,11499.0,0.0,0
2026-06-26T15:21:31.273,timeseries,3,Weather Report Extended v2,mlx-community/DeepSeek-R1-Distill-Qwen-14B-4bit,145.0,9876.0,0.0,0
2026-06-26T15:21:31.334,timeseries,3,Weather Report Extended v2,mlx-community/DeepSeek-R1-Distill-Qwen-14B-4bit,144.0,11276.0,0.0,0
2026-06-26T15:21:31.396,timeseries,3,Weather Report Extended v2,mlx-community/DeepSeek-R1-Distill-Qwen-14B-4bit,451.0,9803.0,0.0,0
2026-06-26T15:21:31.460,timeseries,3,Weather Report Extended v2,mlx-community/DeepSeek-R1-Distill-Qwen-14B-4bit,197.0,11585.0,0.0,0
2026-06-26T15:21:31.523,timeseries,3,Weather Report Extended v2,mlx-community/DeepSeek-R1-Distill-Qwen-14B-4bit,161.0,9903.0,0.0,0
2026-06-26T15:21:31.588,timeseries,3,Weather Report Extended v2,mlx-community/DeepSeek-R1-Distill-Qwen-14B-4bit,156.0,10947.0,0.0,0
2026-06-26T15:21:31.655,timeseries,3,Weather Report Extended v2,mlx-community/DeepSeek-R1-Distill-Qwen-14B-4bit,334.0,11062.0,0.0,0
2026-06-26T15:21:31.717,timeseries,3,Weather Report Extended v2,mlx-community/DeepSeek-R1-Distill-Qwen-14B-4bit,413.0,10527.0,0.0,0
2026-06-26T15:21:31.780,timeseries,3,Weather Report Extended v2,mlx-community/DeepSeek-R1-Distill-Qwen-14B-4bit,330.0,9145.0,0.0,0
2026-06-26T15:21:31.842,timeseries,3,Weather Report Extended v2,mlx-community/DeepSeek-R1-Distill-Qwen-14B-4bit,159.0,11188.0,0.0,0
2026-06-26T15:21:31.904,timeseries,3,Weather Report Extended v2,mlx-community/DeepSeek-R1-Distill-Qwen-14B-4bit,144.0,9849.0,0.0,0
2026-06-26T15:21:31.966,timeseries,3,Weather Report Extended v2,mlx-community/DeepSeek-R1-Distill-Qwen-14B-4bit,147.0,11465.0,0.0,0
2026-06-26T15:21:32.028,timeseries,3,Weather Report Extended v2,mlx-community/DeepSeek-R1-Distill-Qwen-14B-4bit,112.0,9845.0,0.0,0
2026-06-26T15:21:32.089,timeseries,3,Weather Report Extended v2,mlx-community/DeepSeek-R1-Distill-Qwen-14B-4bit,177.0,9883.0,0.0,0
2026-06-26T15:21:32.152,timeseries,3,Weather Report Extended v2,mlx-community/DeepSeek-R1-Distill-Qwen-14B-4bit,306.0,11288.0,0.0,0
2026-06-26T15:21:32.214,timeseries,3,Weather Report Extended v2,mlx-community/DeepSeek-R1-Distill-Qwen-14B-4bit,146.0,9989.0,0.0,0
2026-06-26T15:21:32.275,timeseries,3,Weather Report Extended v2,mlx-community/DeepSeek-R1-Distill-Qwen-14B-4bit,112.0,11293.0,0.0,0
2026-06-26T15:21:32.338,timeseries,3,Weather Report Extended v2,mlx-community/DeepSeek-R1-Distill-Qwen-14B-4bit,147.0,10041.0,0.0,0
2026-06-26T15:21:32.400,timeseries,3,Weather Report Extended v2,mlx-community/DeepSeek-R1-Distill-Qwen-14B-4bit,257.0,11207.0,0.0,0
2026-06-26T15:21:32.462,timeseries,3,Weather Report Extended v2,mlx-community/DeepSeek-R1-Distill-Qwen-14B-4bit,193.0,9907.0,0.0,0
2026-06-26T15:21:32.525,timeseries,3,Weather Report Extended v2,mlx-community/DeepSeek-R1-Distill-Qwen-14B-4bit,128.0,11279.0,0.0,0
2026-06-26T15:21:32.586,timeseries,3,Weather Report Extended v2,mlx-community/DeepSeek-R1-Distill-Qwen-14B-4bit,145.0,9915.0,0.0,0
2026-06-26T15:21:32.648,timeseries,3,Weather Report Extended v2,mlx-community/DeepSeek-R1-Distill-Qwen-14B-4bit,287.0,9741.0,0.0,0
2026-06-26T15:21:32.710,timeseries,3,Weather Report Extended v2,mlx-community/DeepSeek-R1-Distill-Qwen-14B-4bit,148.0,11517.0,0.0,0
2026-06-26T15:21:32.773,timeseries,3,Weather Report Extended v2,mlx-community/DeepSeek-R1-Distill-Qwen-14B-4bit,113.0,9916.0,0.0,0
2026-06-26T15:21:32.835,timeseries,3,Weather Report Extended v2,mlx-community/DeepSeek-R1-Distill-Qwen-14B-4bit,160.0,11222.0,0.0,0
2026-06-26T15:21:32.896,timeseries,3,Weather Report Extended v2,mlx-community/DeepSeek-R1-Distill-Qwen-14B-4bit,177.0,9868.0,0.0,0
2026-06-26T15:21:32.959,timeseries,3,Weather Report Extended v2,mlx-community/DeepSeek-R1-Distill-Qwen-14B-4bit,128.0,11272.0,0.0,0
2026-06-26T15:21:33.021,timeseries,3,Weather Report Extended v2,mlx-community/DeepSeek-R1-Distill-Qwen-14B-4bit,130.0,10003.0,0.0,0
2026-06-26T15:21:33.083,timeseries,3,Weather Report Extended v2,mlx-community/DeepSeek-R1-Distill-Qwen-14B-4bit,145.0,11294.0,0.0,0
2026-06-26T15:21:33.145,timeseries,3,Weather Report Extended v2,mlx-community/DeepSeek-R1-Distill-Qwen-14B-4bit,318.0,9769.0,0.0,0
2026-06-26T15:21:33.208,timeseries,3,Weather Report Extended v2,mlx-community/DeepSeek-R1-Distill-Qwen-14B-4bit,146.0,9955.0,0.0,0
2026-06-26T15:21:33.270,timeseries,3,Weather Report Extended v2,mlx-community/DeepSeek-R1-Distill-Qwen-14B-4bit,112.0,11281.0,0.0,0
2026-06-26T15:21:33.332,timeseries,3,Weather Report Extended v2,mlx-community/DeepSeek-R1-Distill-Qwen-14B-4bit,143.0,9752.0,0.0,0
2026-06-26T15:21:33.394,timeseries,3,Weather Report Extended v2,mlx-community/DeepSeek-R1-Distill-Qwen-14B-4bit,307.0,11263.0,0.0,0
2026-06-26T15:21:33.457,timeseries,3,Weather Report Extended v2,mlx-community/DeepSeek-R1-Distill-Qwen-14B-4bit,179.0,10028.0,0.0,0
2026-06-26T15:21:33.520,timeseries,3,Weather Report Extended v2,mlx-community/DeepSeek-R1-Distill-Qwen-14B-4bit,129.0,11318.0,0.0,0
2026-06-26T15:21:33.583,timeseries,3,Weather Report Extended v2,mlx-community/DeepSeek-R1-Distill-Qwen-14B-4bit,157.0,9652.0,0.0,0
2026-06-26T15:21:33.645,timeseries,3,Weather Report Extended v2,mlx-community/DeepSeek-R1-Distill-Qwen-14B-4bit,303.0,11148.0,0.0,0
2026-06-26T15:21:33.707,timeseries,3,Weather Report Extended v2,mlx-community/DeepSeek-R1-Distill-Qwen-14B-4bit,144.0,9849.0,0.0,0
2026-06-26T15:21:33.770,timeseries,3,Weather Report Extended v2,mlx-community/DeepSeek-R1-Distill-Qwen-14B-4bit,162.0,11402.0,0.0,0
2026-06-26T15:21:33.831,timeseries,3,Weather Report Extended v2,mlx-community/DeepSeek-R1-Distill-Qwen-14B-4bit,127.0,9768.0,0.0,0
2026-06-26T15:21:33.892,timeseries,3,Weather Report Extended v2,mlx-community/DeepSeek-R1-Distill-Qwen-14B-4bit,882.0,11203.0,0.0,0
2026-06-26T15:21:33.953,timeseries,3,Weather Report Extended v2,mlx-community/DeepSeek-R1-Distill-Qwen-14B-4bit,4616.0,10152.0,0.0,0
2026-06-26T15:21:34.014,timeseries,3,Weather Report Extended v2,mlx-community/DeepSeek-R1-Distill-Qwen-14B-4bit,5767.0,10024.0,0.0,0
2026-06-26T15:21:34.076,timeseries,3,Weather Report Extended v2,mlx-community/DeepSeek-R1-Distill-Qwen-14B-4bit,5784.0,11651.0,0.0,0
2026-06-26T15:21:34.137,timeseries,3,Weather Report Extended v2,mlx-community/DeepSeek-R1-Distill-Qwen-14B-4bit,5941.0,10060.0,0.0,0
2026-06-26T15:21:34.198,timeseries,3,Weather Report Extended v2,mlx-community/DeepSeek-R1-Distill-Qwen-14B-4bit,4826.0,11272.0,0.0,0
2026-06-26T15:21:34.260,timeseries,3,Weather Report Extended v2,mlx-community/DeepSeek-R1-Distill-Qwen-14B-4bit,4381.0,10021.0,0.0,0
2026-06-26T15:21:34.323,timeseries,3,Weather Report Extended v2,mlx-community/DeepSeek-R1-Distill-Qwen-14B-4bit,753.0,10103.0,0.0,0
2026-06-26T15:21:34.386,timeseries,3,Weather Report Extended v2,mlx-community/DeepSeek-R1-Distill-Qwen-14B-4bit,649.0,11400.0,0.0,0
2026-06-26T15:21:34.448,timeseries,3,Weather Report Extended v2,mlx-community/DeepSeek-R1-Distill-Qwen-14B-4bit,350.0,9855.0,0.0,0
2026-06-26T15:21:34.509,timeseries,3,Weather Report Extended v2,mlx-community/DeepSeek-R1-Distill-Qwen-14B-4bit,287.0,11239.0,0.0,0
2026-06-26T15:21:34.571,timeseries,3,Weather Report Extended v2,mlx-community/DeepSeek-R1-Distill-Qwen-14B-4bit,276.0,10010.0,0.0,0
2026-06-26T15:21:34.632,timeseries,3,Weather Report Extended v2,mlx-community/DeepSeek-R1-Distill-Qwen-14B-4bit,975.0,11441.0,0.0,0
2026-06-26T15:21:34.694,timeseries,3,Weather Report Extended v2,mlx-community/DeepSeek-R1-Distill-Qwen-14B-4bit,452.0,9940.0,0.0,0
2026-06-26T15:21:34.756,timeseries,3,Weather Report Extended v2,mlx-community/DeepSeek-R1-Distill-Qwen-14B-4bit,389.0,9968.0,0.0,0
2026-06-26T15:21:34.818,timeseries,3,Weather Report Extended v2,mlx-community/DeepSeek-R1-Distill-Qwen-14B-4bit,275.0,11405.0,0.0,0
2026-06-26T15:21:34.880,timeseries,3,Weather Report Extended v2,mlx-community/DeepSeek-R1-Distill-Qwen-14B-4bit,369.0,9895.0,0.0,0
2026-06-26T15:21:34.942,timeseries,3,Weather Report Extended v2,mlx-community/DeepSeek-R1-Distill-Qwen-14B-4bit,618.0,11443.0,0.0,0
2026-06-26T15:21:35.004,timeseries,3,Weather Report Extended v2,mlx-community/DeepSeek-R1-Distill-Qwen-14B-4bit,405.0,9952.0,0.0,0
2026-06-26T15:21:35.066,timeseries,3,Weather Report Extended v2,mlx-community/DeepSeek-R1-Distill-Qwen-14B-4bit,273.0,11300.0,0.0,0
2026-06-26T15:21:35.127,timeseries,3,Weather Report Extended v2,mlx-community/DeepSeek-R1-Distill-Qwen-14B-4bit,955.0,9973.0,0.0,0
2026-06-26T15:21:35.188,timeseries,3,Weather Report Extended v2,mlx-community/DeepSeek-R1-Distill-Qwen-14B-4bit,489.0,10037.0,0.0,0
2026-06-26T15:21:35.250,timeseries,3,Weather Report Extended v2,mlx-community/DeepSeek-R1-Distill-Qwen-14B-4bit,391.0,11450.0,0.0,0
2026-06-26T15:21:35.312,timeseries,3,Weather Report Extended v2,mlx-community/DeepSeek-R1-Distill-Qwen-14B-4bit,277.0,10045.0,0.0,0
2026-06-26T15:21:35.373,timeseries,3,Weather Report Extended v2,mlx-community/DeepSeek-R1-Distill-Qwen-14B-4bit,788.0,9872.0,0.0,0
2026-06-26T15:21:35.435,timeseries,3,Weather Report Extended v2,mlx-community/DeepSeek-R1-Distill-Qwen-14B-4bit,470.0,11454.0,0.0,0
2026-06-26T15:21:35.496,timeseries,3,Weather Report Extended v2,mlx-community/DeepSeek-R1-Distill-Qwen-14B-4bit,442.0,10080.0,0.0,0
2026-06-26T15:21:35.557,timeseries,3,Weather Report Extended v2,mlx-community/DeepSeek-R1-Distill-Qwen-14B-4bit,824.0,11309.0,0.0,0
2026-06-26T15:21:35.617,timeseries,3,Weather Report Extended v2,mlx-community/DeepSeek-R1-Distill-Qwen-14B-4bit,3432.0,9969.0,0.0,0
2026-06-26T15:21:35.679,timeseries,3,Weather Report Extended v2,mlx-community/DeepSeek-R1-Distill-Qwen-14B-4bit,342.0,10049.0,0.0,0
2026-06-26T15:21:35.742,timeseries,3,Weather Report Extended v2,mlx-community/DeepSeek-R1-Distill-Qwen-14B-4bit,267.0,11688.0,0.0,0
2026-06-26T15:21:35.804,timeseries,3,Weather Report Extended v2,mlx-community/DeepSeek-R1-Distill-Qwen-14B-4bit,113.0,9978.0,0.0,0
2026-06-26T15:21:35.866,timeseries,3,Weather Report Extended v2,mlx-community/DeepSeek-R1-Distill-Qwen-14B-4bit,143.0,11144.0,0.0,0
2026-06-26T15:21:35.928,timeseries,3,Weather Report Extended v2,mlx-community/DeepSeek-R1-Distill-Qwen-14B-4bit,130.0,10020.0,0.0,0
2026-06-26T15:21:35.991,timeseries,3,Weather Report Extended v2,mlx-community/DeepSeek-R1-Distill-Qwen-14B-4bit,192.0,9828.0,0.0,0
2026-06-26T15:21:36.054,timeseries,3,Weather Report Extended v2,mlx-community/DeepSeek-R1-Distill-Qwen-14B-4bit,131.0,11491.0,0.0,0
2026-06-26T15:21:36.115,timeseries,3,Weather Report Extended v2,mlx-community/DeepSeek-R1-Distill-Qwen-14B-4bit,658.0,10897.0,0.0,0
2026-06-26T15:21:36.178,timeseries,3,Weather Report Extended v2,mlx-community/DeepSeek-R1-Distill-Qwen-14B-4bit,1315.0,9813.0,0.0,0
2026-06-26T15:21:36.238,timeseries,3,Weather Report Extended v2,mlx-community/DeepSeek-R1-Distill-Qwen-14B-4bit,293.0,9991.0,0.0,0
2026-06-26T15:21:36.300,timeseries,3,Weather Report Extended v2,mlx-community/DeepSeek-R1-Distill-Qwen-14B-4bit,209.0,11301.0,0.0,0
2026-06-26T15:21:36.362,timeseries,3,Weather Report Extended v2,mlx-community/DeepSeek-R1-Distill-Qwen-14B-4bit,402.0,10323.0,0.0,0
2026-06-26T15:21:36.424,timeseries,3,Weather Report Extended v2,mlx-community/DeepSeek-R1-Distill-Qwen-14B-4bit,654.0,9819.0,0.0,0
2026-06-26T15:21:36.486,timeseries,3,Weather Report Extended v2,mlx-community/DeepSeek-R1-Distill-Qwen-14B-4bit,435.0,11369.0,0.0,0
2026-06-26T15:21:36.548,timeseries,3,Weather Report Extended v2,mlx-community/DeepSeek-R1-Distill-Qwen-14B-4bit,321.0,9894.0,0.0,0
2026-06-26T15:21:36.610,timeseries,3,Weather Report Extended v2,mlx-community/DeepSeek-R1-Distill-Qwen-14B-4bit,952.0,11347.0,0.0,0
2026-06-26T15:21:36.671,timeseries,3,Weather Report Extended v2,mlx-community/DeepSeek-R1-Distill-Qwen-14B-4bit,424.0,10078.0,0.0,0
2026-06-26T15:21:36.733,timeseries,3,Weather Report Extended v2,mlx-community/DeepSeek-R1-Distill-Qwen-14B-4bit,402.0,11331.0,0.0,0
2026-06-26T15:21:36.795,timeseries,3,Weather Report Extended v2,mlx-community/DeepSeek-R1-Distill-Qwen-14B-4bit,343.0,10048.0,0.0,0
2026-06-26T15:21:36.855,timeseries,3,Weather Report Extended v2,mlx-community/DeepSeek-R1-Distill-Qwen-14B-4bit,387.0,9944.0,0.0,0
2026-06-26T15:21:36.917,timeseries,3,Weather Report Extended v2,mlx-community/DeepSeek-R1-Distill-Qwen-14B-4bit,392.0,11509.0,0.0,0
2026-06-26T15:21:36.978,timeseries,3,Weather Report Extended v2,mlx-community/DeepSeek-R1-Distill-Qwen-14B-4bit,377.0,10085.0,0.0,0
2026-06-26T15:21:37.040,timeseries,3,Weather Report Extended v2,mlx-community/DeepSeek-R1-Distill-Qwen-14B-4bit,505.0,10065.0,0.0,0
2026-06-26T15:21:37.101,timeseries,3,Weather Report Extended v2,mlx-community/DeepSeek-R1-Distill-Qwen-14B-4bit,966.0,11512.0,0.0,0
2026-06-26T15:21:37.163,timeseries,3,Weather Report Extended v2,mlx-community/DeepSeek-R1-Distill-Qwen-14B-4bit,422.0,10012.0,0.0,0
2026-06-26T15:21:37.225,timeseries,3,Weather Report Extended v2,mlx-community/DeepSeek-R1-Distill-Qwen-14B-4bit,388.0,11391.0,0.0,0
2026-06-26T15:21:37.286,timeseries,3,Weather Report Extended v2,mlx-community/DeepSeek-R1-Distill-Qwen-14B-4bit,341.0,9981.0,0.0,0
2026-06-26T15:21:37.349,timeseries,3,Weather Report Extended v2,mlx-community/DeepSeek-R1-Distill-Qwen-14B-4bit,389.0,9984.0,0.0,0
2026-06-26T15:21:37.410,timeseries,3,Weather Report Extended v2,mlx-community/DeepSeek-R1-Distill-Qwen-14B-4bit,799.0,11491.0,0.0,0
2026-06-26T15:21:37.473,timeseries,3,Weather Report Extended v2,mlx-community/DeepSeek-R1-Distill-Qwen-14B-4bit,447.0,9890.0,0.0,0
2026-06-26T15:21:37.535,timeseries,3,Weather Report Extended v2,mlx-community/DeepSeek-R1-Distill-Qwen-14B-4bit,276.0,11458.0,0.0,0
2026-06-26T15:21:37.596,timeseries,3,Weather Report Extended v2,mlx-community/DeepSeek-R1-Distill-Qwen-14B-4bit,995.0,9889.0,0.0,0
2026-06-26T15:21:37.658,timeseries,3,Weather Report Extended v2,mlx-community/DeepSeek-R1-Distill-Qwen-14B-4bit,450.0,11334.0,0.0,0
2026-06-26T15:21:37.721,timeseries,3,Weather Report Extended v2,mlx-community/DeepSeek-R1-Distill-Qwen-14B-4bit,389.0,10002.0,0.0,0
2026-06-26T15:21:37.783,timeseries,3,Weather Report Extended v2,mlx-community/DeepSeek-R1-Distill-Qwen-14B-4bit,306.0,11335.0,0.0,0
2026-06-26T15:21:37.844,timeseries,3,Weather Report Extended v2,mlx-community/DeepSeek-R1-Distill-Qwen-14B-4bit,463.0,9860.0,0.0,0
2026-06-26T15:21:37.905,timeseries,3,Weather Report Extended v2,mlx-community/DeepSeek-R1-Distill-Qwen-14B-4bit,393.0,10112.0,0.0,0
2026-06-26T15:21:37.967,timeseries,3,Weather Report Extended v2,mlx-community/DeepSeek-R1-Distill-Qwen-14B-4bit,391.0,11476.0,0.0,0
2026-06-26T15:21:38.028,timeseries,3,Weather Report Extended v2,mlx-community/DeepSeek-R1-Distill-Qwen-14B-4bit,260.0,10040.0,0.0,0
2026-06-26T15:21:38.090,timeseries,3,Weather Report Extended v2,mlx-community/DeepSeek-R1-Distill-Qwen-14B-4bit,1168.0,10005.0,0.0,0
2026-06-26T15:21:38.152,timeseries,3,Weather Report Extended v2,mlx-community/DeepSeek-R1-Distill-Qwen-14B-4bit,454.0,11456.0,0.0,0
2026-06-26T15:21:38.214,timeseries,3,Weather Report Extended v2,mlx-community/DeepSeek-R1-Distill-Qwen-14B-4bit,390.0,10031.0,0.0,0
2026-06-26T15:21:38.275,timeseries,3,Weather Report Extended v2,mlx-community/DeepSeek-R1-Distill-Qwen-14B-4bit,321.0,11327.0,0.0,0
2026-06-26T15:21:38.337,timeseries,3,Weather Report Extended v2,mlx-community/DeepSeek-R1-Distill-Qwen-14B-4bit,460.0,10160.0,0.0,0
2026-06-26T15:21:38.400,timeseries,3,Weather Report Extended v2,mlx-community/DeepSeek-R1-Distill-Qwen-14B-4bit,822.0,9934.0,0.0,0
2026-06-26T15:21:38.461,timeseries,3,Weather Report Extended v2,mlx-community/DeepSeek-R1-Distill-Qwen-14B-4bit,407.0,11518.0,0.0,0
2026-06-26T15:21:38.522,timeseries,3,Weather Report Extended v2,mlx-community/DeepSeek-R1-Distill-Qwen-14B-4bit,274.0,9941.0,0.0,0
2026-06-26T15:21:38.584,timeseries,3,Weather Report Extended v2,mlx-community/DeepSeek-R1-Distill-Qwen-14B-4bit,1049.0,11343.0,0.0,0
2026-06-26T15:21:38.646,timeseries,3,Weather Report Extended v2,mlx-community/DeepSeek-R1-Distill-Qwen-14B-4bit,3389.0,9890.0,0.0,0
2026-06-26T15:21:38.707,timeseries,3,Weather Report Extended v2,mlx-community/DeepSeek-R1-Distill-Qwen-14B-4bit,321.0,11318.0,0.0,0
2026-06-26T15:21:38.769,timeseries,3,Weather Report Extended v2,mlx-community/DeepSeek-R1-Distill-Qwen-14B-4bit,226.0,9958.0,0.0,0
2026-06-26T15:21:38.832,timeseries,3,Weather Report Extended v2,mlx-community/DeepSeek-R1-Distill-Qwen-14B-4bit,231.0,10201.0,0.0,0
2026-06-26T15:21:38.893,timeseries,3,Weather Report Extended v2,mlx-community/DeepSeek-R1-Distill-Qwen-14B-4bit,177.0,11329.0,0.0,0
2026-06-26T15:21:38.955,timeseries,3,Weather Report Extended v2,mlx-community/DeepSeek-R1-Distill-Qwen-14B-4bit,145.0,9969.0,0.0,0
2026-06-26T15:21:39.019,timeseries,3,Weather Report Extended v2,mlx-community/DeepSeek-R1-Distill-Qwen-14B-4bit,145.0,11423.0,0.0,0
2026-06-26T15:21:39.080,timeseries,3,Weather Report Extended v2,mlx-community/DeepSeek-R1-Distill-Qwen-14B-4bit,160.0,9951.0,0.0,0
2026-06-26T15:21:39.142,timeseries,3,Weather Report Extended v2,mlx-community/DeepSeek-R1-Distill-Qwen-14B-4bit,424.0,11036.0,0.0,0
2026-06-26T15:21:39.204,timeseries,3,Weather Report Extended v2,mlx-community/DeepSeek-R1-Distill-Qwen-14B-4bit,163.0,10064.0,0.0,0
2026-06-26T15:21:39.266,timeseries,3,Weather Report Extended v2,mlx-community/DeepSeek-R1-Distill-Qwen-14B-4bit,129.0,11367.0,0.0,0
2026-06-26T15:21:39.327,timeseries,3,Weather Report Extended v2,mlx-community/DeepSeek-R1-Distill-Qwen-14B-4bit,146.0,9998.0,0.0,0
2026-06-26T15:21:39.388,timeseries,3,Weather Report Extended v2,mlx-community/DeepSeek-R1-Distill-Qwen-14B-4bit,290.0,9882.0,0.0,0
2026-06-26T15:21:39.451,timeseries,3,Weather Report Extended v2,mlx-community/DeepSeek-R1-Distill-Qwen-14B-4bit,199.0,11737.0,0.0,0
2026-06-26T15:21:39.512,timeseries,3,Weather Report Extended v2,mlx-community/DeepSeek-R1-Distill-Qwen-14B-4bit,129.0,9973.0,0.0,0
2026-06-26T15:21:39.574,timeseries,3,Weather Report Extended v2,mlx-community/DeepSeek-R1-Distill-Qwen-14B-4bit,129.0,9933.0,0.0,0
2026-06-26T15:21:39.636,timeseries,3,Weather Report Extended v2,mlx-community/DeepSeek-R1-Distill-Qwen-14B-4bit,324.0,11371.0,0.0,0
2026-06-26T15:21:39.698,timeseries,3,Weather Report Extended v2,mlx-community/DeepSeek-R1-Distill-Qwen-14B-4bit,163.0,10033.0,0.0,0
2026-06-26T15:21:39.760,timeseries,3,Weather Report Extended v2,mlx-community/DeepSeek-R1-Distill-Qwen-14B-4bit,161.0,11367.0,0.0,0
2026-06-26T15:21:39.822,timeseries,3,Weather Report Extended v2,mlx-community/DeepSeek-R1-Distill-Qwen-14B-4bit,129.0,9908.0,0.0,0
2026-06-26T15:21:39.884,timeseries,3,Weather Report Extended v2,mlx-community/DeepSeek-R1-Distill-Qwen-14B-4bit,144.0,11297.0,0.0,0
2026-06-26T15:21:39.945,timeseries,3,Weather Report Extended v2,mlx-community/DeepSeek-R1-Distill-Qwen-14B-4bit,130.0,10046.0,0.0,0
2026-06-26T15:21:40.007,timeseries,3,Weather Report Extended v2,mlx-community/DeepSeek-R1-Distill-Qwen-14B-4bit,146.0,10051.0,0.0,0
2026-06-26T15:21:40.069,timeseries,3,Weather Report Extended v2,mlx-community/DeepSeek-R1-Distill-Qwen-14B-4bit,179.0,11395.0,0.0,0
2026-06-26T15:21:40.130,timeseries,3,Weather Report Extended v2,mlx-community/DeepSeek-R1-Distill-Qwen-14B-4bit,865.0,9805.0,0.0,0
2026-06-26T15:21:40.192,timeseries,3,Weather Report Extended v2,mlx-community/DeepSeek-R1-Distill-Qwen-14B-4bit,357.0,11418.0,0.0,0
2026-06-26T15:21:40.254,timeseries,3,Weather Report Extended v2,mlx-community/DeepSeek-R1-Distill-Qwen-14B-4bit,147.0,10099.0,0.0,0
2026-06-26T15:21:40.317,timeseries,3,Weather Report Extended v2,mlx-community/DeepSeek-R1-Distill-Qwen-14B-4bit,144.0,11296.0,0.0,0
2026-06-26T15:21:40.379,timeseries,3,Weather Report Extended v2,mlx-community/DeepSeek-R1-Distill-Qwen-14B-4bit,194.0,9958.0,0.0,0
2026-06-26T15:21:40.440,timeseries,3,Weather Report Extended v2,mlx-community/DeepSeek-R1-Distill-Qwen-14B-4bit,269.0,9708.0,0.0,0
2026-06-26T15:21:40.502,timeseries,3,Weather Report Extended v2,mlx-community/DeepSeek-R1-Distill-Qwen-14B-4bit,132.0,11670.0,0.0,0
2026-06-26T15:21:40.563,timeseries,3,Weather Report Extended v2,mlx-community/DeepSeek-R1-Distill-Qwen-14B-4bit,130.0,10035.0,0.0,0
2026-06-26T15:21:40.625,timeseries,3,Weather Report Extended v2,mlx-community/DeepSeek-R1-Distill-Qwen-14B-4bit,303.0,11194.0,0.0,0
2026-06-26T15:21:40.687,timeseries,3,Weather Report Extended v2,mlx-community/DeepSeek-R1-Distill-Qwen-14B-4bit,180.0,10086.0,0.0,0
2026-06-26T15:21:40.748,timeseries,3,Weather Report Extended v2,mlx-community/DeepSeek-R1-Distill-Qwen-14B-4bit,966.0,9793.0,0.0,0
2026-06-26T15:21:40.810,timeseries,3,Weather Report Extended v2,mlx-community/DeepSeek-R1-Distill-Qwen-14B-4bit,1459.0,11526.0,0.0,0
2026-06-26T15:21:40.872,timeseries,3,Weather Report Extended v2,mlx-community/DeepSeek-R1-Distill-Qwen-14B-4bit,293.0,10027.0,0.0,0
2026-06-26T15:21:40.933,timeseries,3,Weather Report Extended v2,mlx-community/DeepSeek-R1-Distill-Qwen-14B-4bit,289.0,11338.0,0.0,0
2026-06-26T15:21:40.995,timeseries,3,Weather Report Extended v2,mlx-community/DeepSeek-R1-Distill-Qwen-14B-4bit,229.0,10141.0,0.0,0
2026-06-26T15:21:41.055,timeseries,3,Weather Report Extended v2,mlx-community/DeepSeek-R1-Distill-Qwen-14B-4bit,388.0,9976.0,0.0,0
2026-06-26T15:21:41.117,timeseries,3,Weather Report Extended v2,mlx-community/DeepSeek-R1-Distill-Qwen-14B-4bit,1023.0,11433.0,0.0,0
2026-06-26T15:21:41.178,timeseries,3,Weather Report Extended v2,mlx-community/DeepSeek-R1-Distill-Qwen-14B-4bit,394.0,10151.0,0.0,0
2026-06-26T15:21:41.239,timeseries,3,Weather Report Extended v2,mlx-community/DeepSeek-R1-Distill-Qwen-14B-4bit,505.0,10088.0,0.0,0
2026-06-26T15:21:41.302,timeseries,3,Weather Report Extended v2,mlx-community/DeepSeek-R1-Distill-Qwen-14B-4bit,393.0,11536.0,0.0,0
2026-06-26T15:21:41.364,timeseries,3,Weather Report Extended v2,mlx-community/DeepSeek-R1-Distill-Qwen-14B-4bit,718.0,10061.0,0.0,0
2026-06-26T15:21:41.426,timeseries,3,Weather Report Extended v2,mlx-community/DeepSeek-R1-Distill-Qwen-14B-4bit,491.0,11138.0,0.0,0
2026-06-26T15:21:41.488,timeseries,3,Weather Report Extended v2,mlx-community/DeepSeek-R1-Distill-Qwen-14B-4bit,361.0,10156.0,0.0,0
2026-06-26T15:21:41.550,timeseries,3,Weather Report Extended v2,mlx-community/DeepSeek-R1-Distill-Qwen-14B-4bit,365.0,11214.0,0.0,0
2026-06-26T15:21:41.614,timeseries,3,Weather Report Extended v2,mlx-community/DeepSeek-R1-Distill-Qwen-14B-4bit,977.0,10046.0,0.0,0
2026-06-26T15:21:41.677,timeseries,3,Weather Report Extended v2,mlx-community/DeepSeek-R1-Distill-Qwen-14B-4bit,464.0,11272.0,0.0,0
2026-06-26T15:21:41.739,timeseries,3,Weather Report Extended v2,mlx-community/DeepSeek-R1-Distill-Qwen-14B-4bit,423.0,9647.0,0.0,0
2026-06-26T15:21:41.801,timeseries,3,Weather Report Extended v2,mlx-community/DeepSeek-R1-Distill-Qwen-14B-4bit,478.0,11210.0,0.0,0
2026-06-26T15:21:41.862,timeseries,3,Weather Report Extended v2,mlx-community/DeepSeek-R1-Distill-Qwen-14B-4bit,401.0,9922.0,0.0,0
2026-06-26T15:21:41.923,timeseries,3,Weather Report Extended v2,mlx-community/DeepSeek-R1-Distill-Qwen-14B-4bit,390.0,10031.0,0.0,0
2026-06-26T15:21:41.984,timeseries,3,Weather Report Extended v2,mlx-community/DeepSeek-R1-Distill-Qwen-14B-4bit,343.0,11529.0,0.0,0
2026-06-26T15:21:42.046,timeseries,3,Weather Report Extended v2,mlx-community/DeepSeek-R1-Distill-Qwen-14B-4bit,377.0,10134.0,0.0,0
2026-06-26T15:21:42.109,timeseries,3,Weather Report Extended v2,mlx-community/DeepSeek-R1-Distill-Qwen-14B-4bit,926.0,11457.0,0.0,0
2026-06-26T15:21:42.170,timeseries,3,Weather Report Extended v2,mlx-community/DeepSeek-R1-Distill-Qwen-14B-4bit,436.0,9955.0,0.0,0
2026-06-26T15:21:42.231,timeseries,3,Weather Report Extended v2,mlx-community/DeepSeek-R1-Distill-Qwen-14B-4bit,418.0,9936.0,0.0,0
2026-06-26T15:21:42.294,timeseries,3,Weather Report Extended v2,mlx-community/DeepSeek-R1-Distill-Qwen-14B-4bit,472.0,11477.0,0.0,0
2026-06-26T15:21:42.355,timeseries,3,Weather Report Extended v2,mlx-community/DeepSeek-R1-Distill-Qwen-14B-4bit,376.0,10105.0,0.0,0
2026-06-26T15:21:42.417,timeseries,3,Weather Report Extended v2,mlx-community/DeepSeek-R1-Distill-Qwen-14B-4bit,832.0,11278.0,0.0,0
2026-06-26T15:21:42.479,timeseries,3,Weather Report Extended v2,mlx-community/DeepSeek-R1-Distill-Qwen-14B-4bit,276.0,10067.0,0.0,0
2026-06-26T15:21:42.541,timeseries,3,Weather Report Extended v2,mlx-community/DeepSeek-R1-Distill-Qwen-14B-4bit,467.0,11361.0,0.0,0
2026-06-26T15:21:42.603,timeseries,3,Weather Report Extended v2,mlx-community/DeepSeek-R1-Distill-Qwen-14B-4bit,921.0,9972.0,0.0,0
2026-06-26T15:21:42.664,timeseries,3,Weather Report Extended v2,mlx-community/DeepSeek-R1-Distill-Qwen-14B-4bit,434.0,9938.0,0.0,0
2026-06-26T15:21:42.726,timeseries,3,Weather Report Extended v2,mlx-community/DeepSeek-R1-Distill-Qwen-14B-4bit,261.0,11523.0,0.0,0
2026-06-26T15:21:42.787,timeseries,3,Weather Report Extended v2,mlx-community/DeepSeek-R1-Distill-Qwen-14B-4bit,458.0,10102.0,0.0,0
2026-06-26T15:21:42.850,timeseries,3,Weather Report Extended v2,mlx-community/DeepSeek-R1-Distill-Qwen-14B-4bit,405.0,11464.0,0.0,0
2026-06-26T15:21:42.912,timeseries,3,Weather Report Extended v2,mlx-community/DeepSeek-R1-Distill-Qwen-14B-4bit,389.0,10000.0,0.0,0
2026-06-26T15:21:42.974,timeseries,3,Weather Report Extended v2,mlx-community/DeepSeek-R1-Distill-Qwen-14B-4bit,271.0,9837.0,0.0,0
2026-06-26T15:21:43.036,timeseries,3,Weather Report Extended v2,mlx-community/DeepSeek-R1-Distill-Qwen-14B-4bit,437.0,11448.0,0.0,0
2026-06-26T15:21:43.098,timeseries,3,Weather Report Extended v2,mlx-community/DeepSeek-R1-Distill-Qwen-14B-4bit,921.0,9971.0,0.0,0
2026-06-26T15:21:43.158,timeseries,3,Weather Report Extended v2,mlx-community/DeepSeek-R1-Distill-Qwen-14B-4bit,417.0,11366.0,0.0,0
2026-06-26T15:21:43.220,timeseries,3,Weather Report Extended v2,mlx-community/DeepSeek-R1-Distill-Qwen-14B-4bit,280.0,10181.0,0.0,0
2026-06-26T15:21:43.282,timeseries,3,Weather Report Extended v2,mlx-community/DeepSeek-R1-Distill-Qwen-14B-4bit,615.0,10016.0,0.0,0
2026-06-26T15:21:43.345,timeseries,3,Weather Report Extended v2,mlx-community/DeepSeek-R1-Distill-Qwen-14B-4bit,407.0,11504.0,0.0,0
2026-06-26T15:21:43.406,timeseries,3,Weather Report Extended v2,mlx-community/DeepSeek-R1-Distill-Qwen-14B-4bit,789.0,9902.0,0.0,0
2026-06-26T15:21:43.469,timeseries,3,Weather Report Extended v2,mlx-community/DeepSeek-R1-Distill-Qwen-14B-4bit,318.0,11260.0,0.0,0
2026-06-26T15:21:43.530,timeseries,3,Weather Report Extended v2,mlx-community/DeepSeek-R1-Distill-Qwen-14B-4bit,376.0,10115.0,0.0,0
2026-06-26T15:21:43.592,timeseries,3,Weather Report Extended v2,mlx-community/DeepSeek-R1-Distill-Qwen-14B-4bit,992.0,11277.0,0.0,0
2026-06-26T15:21:43.653,timeseries,3,Weather Report Extended v2,mlx-community/DeepSeek-R1-Distill-Qwen-14B-4bit,424.0,10094.0,0.0,0
2026-06-26T15:21:43.714,timeseries,3,Weather Report Extended v2,mlx-community/DeepSeek-R1-Distill-Qwen-14B-4bit,275.0,9972.0,0.0,0
2026-06-26T15:21:43.776,timeseries,3,Weather Report Extended v2,mlx-community/DeepSeek-R1-Distill-Qwen-14B-4bit,410.0,11580.0,0.0,0
2026-06-26T15:21:43.837,timeseries,3,Weather Report Extended v2,mlx-community/DeepSeek-R1-Distill-Qwen-14B-4bit,457.0,10087.0,0.0,0
2026-06-26T15:21:43.899,timeseries,3,Weather Report Extended v2,mlx-community/DeepSeek-R1-Distill-Qwen-14B-4bit,373.0,9998.0,0.0,0
2026-06-26T15:21:43.961,timeseries,3,Weather Report Extended v2,mlx-community/DeepSeek-R1-Distill-Qwen-14B-4bit,277.0,11529.0,0.0,0
2026-06-26T15:21:44.023,timeseries,3,Weather Report Extended v2,mlx-community/DeepSeek-R1-Distill-Qwen-14B-4bit,372.0,9988.0,0.0,0
2026-06-26T15:21:44.084,timeseries,3,Weather Report Extended v2,mlx-community/DeepSeek-R1-Distill-Qwen-14B-4bit,836.0,11313.0,0.0,0
2026-06-26T15:21:44.146,timeseries,3,Weather Report Extended v2,mlx-community/DeepSeek-R1-Distill-Qwen-14B-4bit,605.0,10117.0,0.0,0
2026-06-26T15:21:44.207,timeseries,3,Weather Report Extended v2,mlx-community/DeepSeek-R1-Distill-Qwen-14B-4bit,292.0,11443.0,0.0,0
2026-06-26T15:21:44.269,timeseries,3,Weather Report Extended v2,mlx-community/DeepSeek-R1-Distill-Qwen-14B-4bit,373.0,10027.0,0.0,0
2026-06-26T15:21:44.331,timeseries,3,Weather Report Extended v2,mlx-community/DeepSeek-R1-Distill-Qwen-14B-4bit,633.0,10028.0,0.0,0
2026-06-26T15:21:44.392,timeseries,3,Weather Report Extended v2,mlx-community/DeepSeek-R1-Distill-Qwen-14B-4bit,827.0,11420.0,0.0,0
2026-06-26T15:21:44.454,timeseries,3,Weather Report Extended v2,mlx-community/DeepSeek-R1-Distill-Qwen-14B-4bit,293.0,10103.0,0.0,0
2026-06-26T15:21:44.516,timeseries,3,Weather Report Extended v2,mlx-community/DeepSeek-R1-Distill-Qwen-14B-4bit,391.0,11503.0,0.0,0
2026-06-26T15:21:44.578,timeseries,3,Weather Report Extended v2,mlx-community/DeepSeek-R1-Distill-Qwen-14B-4bit,466.0,9968.0,0.0,0
2026-06-26T15:21:44.639,timeseries,3,Weather Report Extended v2,mlx-community/DeepSeek-R1-Distill-Qwen-14B-4bit,943.0,10031.0,0.0,0
2026-06-26T15:21:44.700,timeseries,3,Weather Report Extended v2,mlx-community/DeepSeek-R1-Distill-Qwen-14B-4bit,308.0,11444.0,0.0,0
2026-06-26T15:21:44.762,timeseries,3,Weather Report Extended v2,mlx-community/DeepSeek-R1-Distill-Qwen-14B-4bit,375.0,10100.0,0.0,0
2026-06-26T15:21:44.824,timeseries,3,Weather Report Extended v2,mlx-community/DeepSeek-R1-Distill-Qwen-14B-4bit,390.0,10067.0,0.0,0
2026-06-26T15:21:44.886,timeseries,3,Weather Report Extended v2,mlx-community/DeepSeek-R1-Distill-Qwen-14B-4bit,453.0,11437.0,0.0,0
2026-06-26T15:21:44.947,timeseries,3,Weather Report Extended v2,mlx-community/DeepSeek-R1-Distill-Qwen-14B-4bit,275.0,9980.0,0.0,0
2026-06-26T15:21:45.010,timeseries,3,Weather Report Extended v2,mlx-community/DeepSeek-R1-Distill-Qwen-14B-4bit,388.0,11419.0,0.0,0
2026-06-26T15:21:45.071,timeseries,3,Weather Report Extended v2,mlx-community/DeepSeek-R1-Distill-Qwen-14B-4bit,359.0,10093.0,0.0,0
2026-06-26T15:21:45.133,timeseries,3,Weather Report Extended v2,mlx-community/DeepSeek-R1-Distill-Qwen-14B-4bit,1045.0,11355.0,0.0,0
2026-06-26T15:21:45.195,timeseries,3,Weather Report Extended v2,mlx-community/DeepSeek-R1-Distill-Qwen-14B-4bit,293.0,10068.0,0.0,0
2026-06-26T15:21:45.256,timeseries,3,Weather Report Extended v2,mlx-community/DeepSeek-R1-Distill-Qwen-14B-4bit,372.0,10026.0,0.0,0
2026-06-26T15:21:45.319,timeseries,3,Weather Report Extended v2,mlx-community/DeepSeek-R1-Distill-Qwen-14B-4bit,388.0,11427.0,0.0,0
2026-06-26T15:21:45.381,timeseries,3,Weather Report Extended v2,mlx-community/DeepSeek-R1-Distill-Qwen-14B-4bit,1022.0,10008.0,0.0,0
2026-06-26T15:21:45.442,timeseries,3,Weather Report Extended v2,mlx-community/DeepSeek-R1-Distill-Qwen-14B-4bit,303.0,11290.0,0.0,0
2026-06-26T15:21:45.504,timeseries,3,Weather Report Extended v2,mlx-community/DeepSeek-R1-Distill-Qwen-14B-4bit,393.0,10165.0,0.0,0
2026-06-26T15:21:45.566,timeseries,3,Weather Report Extended v2,mlx-community/DeepSeek-R1-Distill-Qwen-14B-4bit,385.0,9942.0,0.0,0
2026-06-26T15:21:45.628,timeseries,3,Weather Report Extended v2,mlx-community/DeepSeek-R1-Distill-Qwen-14B-4bit,1042.0,11483.0,0.0,0
2026-06-26T15:21:45.690,timeseries,3,Weather Report Extended v2,mlx-community/DeepSeek-R1-Distill-Qwen-14B-4bit,306.0,9967.0,0.0,0
2026-06-26T15:21:45.750,timeseries,3,Weather Report Extended v2,mlx-community/DeepSeek-R1-Distill-Qwen-14B-4bit,371.0,11413.0,0.0,0
2026-06-26T15:21:45.812,timeseries,3,Weather Report Extended v2,mlx-community/DeepSeek-R1-Distill-Qwen-14B-4bit,1066.0,9931.0,0.0,0
2026-06-26T15:21:45.872,timeseries,3,Weather Report Extended v2,mlx-community/DeepSeek-R1-Distill-Qwen-14B-4bit,2754.0,10074.0,0.0,0
2026-06-26T15:21:45.934,timeseries,3,Weather Report Extended v2,mlx-community/DeepSeek-R1-Distill-Qwen-14B-4bit,261.0,11537.0,0.0,0
2026-06-26T15:21:45.997,timeseries,3,Weather Report Extended v2,mlx-community/DeepSeek-R1-Distill-Qwen-14B-4bit,230.0,10164.0,0.0,0
2026-06-26T15:21:46.059,timeseries,3,Weather Report Extended v2,mlx-community/DeepSeek-R1-Distill-Qwen-14B-4bit,146.0,11486.0,0.0,0
2026-06-26T15:21:46.120,timeseries,3,Weather Report Extended v2,mlx-community/DeepSeek-R1-Distill-Qwen-14B-4bit,527.0,9783.0,0.0,0
2026-06-26T15:21:46.182,timeseries,3,Weather Report Extended v2,mlx-community/DeepSeek-R1-Distill-Qwen-14B-4bit,684.0,10021.0,0.0,0
2026-06-26T15:21:46.244,timeseries,3,Weather Report Extended v2,mlx-community/DeepSeek-R1-Distill-Qwen-14B-4bit,1051.0,11348.0,0.0,0
2026-06-26T15:21:46.307,timeseries,3,Weather Report Extended v2,mlx-community/DeepSeek-R1-Distill-Qwen-14B-4bit,308.0,10038.0,0.0,0
2026-06-26T15:21:46.369,timeseries,3,Weather Report Extended v2,mlx-community/DeepSeek-R1-Distill-Qwen-14B-4bit,420.0,11380.0,0.0,0
2026-06-26T15:21:46.431,timeseries,3,Weather Report Extended v2,mlx-community/DeepSeek-R1-Distill-Qwen-14B-4bit,328.0,9697.0,0.0,0
2026-06-26T15:21:46.494,timeseries,3,Weather Report Extended v2,mlx-community/DeepSeek-R1-Distill-Qwen-14B-4bit,195.0,11512.0,0.0,0
2026-06-26T15:21:46.555,timeseries,3,Weather Report Extended v2,mlx-community/DeepSeek-R1-Distill-Qwen-14B-4bit,128.0,9946.0,0.0,0
2026-06-26T15:21:46.617,timeseries,3,Weather Report Extended v2,mlx-community/DeepSeek-R1-Distill-Qwen-14B-4bit,320.0,11245.0,0.0,0
2026-06-26T15:21:46.679,timeseries,3,Weather Report Extended v2,mlx-community/DeepSeek-R1-Distill-Qwen-14B-4bit,164.0,10135.0,0.0,0
2026-06-26T15:21:46.743,timeseries,3,Weather Report Extended v2,mlx-community/DeepSeek-R1-Distill-Qwen-14B-4bit,145.0,11387.0,0.0,0
2026-06-26T15:21:46.805,timeseries,3,Weather Report Extended v2,mlx-community/DeepSeek-R1-Distill-Qwen-14B-4bit,144.0,9911.0,0.0,0
2026-06-26T15:21:46.868,timeseries,3,Weather Report Extended v2,mlx-community/DeepSeek-R1-Distill-Qwen-14B-4bit,268.0,10885.0,0.0,0
2026-06-26T15:21:46.930,timeseries,3,Weather Report Extended v2,mlx-community/DeepSeek-R1-Distill-Qwen-14B-4bit,176.0,9841.0,0.0,0
2026-06-26T15:21:46.992,timeseries,3,Weather Report Extended v2,mlx-community/DeepSeek-R1-Distill-Qwen-14B-4bit,129.0,11366.0,0.0,0
2026-06-26T15:21:47.053,timeseries,3,Weather Report Extended v2,mlx-community/DeepSeek-R1-Distill-Qwen-14B-4bit,129.0,9952.0,0.0,0
2026-06-26T15:21:47.115,timeseries,3,Weather Report Extended v2,mlx-community/DeepSeek-R1-Distill-Qwen-14B-4bit,320.0,9862.0,0.0,0
2026-06-26T15:21:47.177,timeseries,3,Weather Report Extended v2,mlx-community/DeepSeek-R1-Distill-Qwen-14B-4bit,179.0,11563.0,0.0,0
2026-06-26T15:21:47.240,timeseries,3,Weather Report Extended v2,mlx-community/DeepSeek-R1-Distill-Qwen-14B-4bit,146.0,10068.0,0.0,0
2026-06-26T15:21:47.302,timeseries,3,Weather Report Extended v2,mlx-community/DeepSeek-R1-Distill-Qwen-14B-4bit,145.0,11373.0,0.0,0
2026-06-26T15:21:47.365,timeseries,3,Weather Report Extended v2,mlx-community/DeepSeek-R1-Distill-Qwen-14B-4bit,145.0,9931.0,0.0,0
2026-06-26T15:21:47.427,timeseries,3,Weather Report Extended v2,mlx-community/DeepSeek-R1-Distill-Qwen-14B-4bit,256.0,11315.0,0.0,0
2026-06-26T15:21:47.490,timeseries,3,Weather Report Extended v2,mlx-community/DeepSeek-R1-Distill-Qwen-14B-4bit,191.0,9862.0,0.0,0
2026-06-26T15:21:47.550,timeseries,3,Weather Report Extended v2,mlx-community/DeepSeek-R1-Distill-Qwen-14B-4bit,144.0,11331.0,0.0,0
2026-06-26T15:21:47.612,timeseries,3,Weather Report Extended v2,mlx-community/DeepSeek-R1-Distill-Qwen-14B-4bit,271.0,9785.0,0.0,0
2026-06-26T15:21:47.674,timeseries,3,Weather Report Extended v2,mlx-community/DeepSeek-R1-Distill-Qwen-14B-4bit,185.0,10409.0,0.0,0
2026-06-26T15:21:47.737,timeseries,3,Weather Report Extended v2,mlx-community/DeepSeek-R1-Distill-Qwen-14B-4bit,145.0,11353.0,0.0,0
2026-06-26T15:21:47.798,timeseries,3,Weather Report Extended v2,mlx-community/DeepSeek-R1-Distill-Qwen-14B-4bit,145.0,9970.0,0.0,0
2026-06-26T15:21:47.860,timeseries,3,Weather Report Extended v2,mlx-community/DeepSeek-R1-Distill-Qwen-14B-4bit,144.0,11290.0,0.0,0
2026-06-26T15:21:47.921,timeseries,3,Weather Report Extended v2,mlx-community/DeepSeek-R1-Distill-Qwen-14B-4bit,130.0,10073.0,0.0,0
2026-06-26T15:21:47.982,timeseries,3,Weather Report Extended v2,mlx-community/DeepSeek-R1-Distill-Qwen-14B-4bit,147.0,11532.0,0.0,0
2026-06-26T15:21:48.045,timeseries,3,Weather Report Extended v2,mlx-community/DeepSeek-R1-Distill-Qwen-14B-4bit,131.0,10126.0,0.0,0
2026-06-26T15:21:48.107,timeseries,3,Weather Report Extended v2,mlx-community/DeepSeek-R1-Distill-Qwen-14B-4bit,533.0,9883.0,0.0,0
2026-06-26T15:21:48.168,timeseries,3,Weather Report Extended v2,mlx-community/DeepSeek-R1-Distill-Qwen-14B-4bit,223.0,11261.0,0.0,0
2026-06-26T15:21:48.230,timeseries,3,Weather Report Extended v2,mlx-community/DeepSeek-R1-Distill-Qwen-14B-4bit,147.0,10100.0,0.0,0
2026-06-26T15:21:48.293,timeseries,3,Weather Report Extended v2,mlx-community/DeepSeek-R1-Distill-Qwen-14B-4bit,130.0,11488.0,0.0,0
2026-06-26T15:21:48.354,timeseries,3,Weather Report Extended v2,mlx-community/DeepSeek-R1-Distill-Qwen-14B-4bit,146.0,9999.0,0.0,0
2026-06-26T15:21:48.417,timeseries,3,Weather Report Extended v2,mlx-community/DeepSeek-R1-Distill-Qwen-14B-4bit,272.0,11288.0,0.0,0
2026-06-26T15:21:48.478,timeseries,3,Weather Report Extended v2,mlx-community/DeepSeek-R1-Distill-Qwen-14B-4bit,162.0,10053.0,0.0,0
2026-06-26T15:21:48.541,timeseries,3,Weather Report Extended v2,mlx-community/DeepSeek-R1-Distill-Qwen-14B-4bit,193.0,9945.0,0.0,0
2026-06-26T15:21:48.603,timeseries,3,Weather Report Extended v2,mlx-community/DeepSeek-R1-Distill-Qwen-14B-4bit,211.0,11409.0,0.0,0
2026-06-26T15:21:48.665,timeseries,3,Weather Report Extended v2,mlx-community/DeepSeek-R1-Distill-Qwen-14B-4bit,254.0,9857.0,0.0,0
2026-06-26T15:21:48.727,timeseries,3,Weather Report Extended v2,mlx-community/DeepSeek-R1-Distill-Qwen-14B-4bit,146.0,11452.0,0.0,0
2026-06-26T15:21:48.789,timeseries,3,Weather Report Extended v2,mlx-community/DeepSeek-R1-Distill-Qwen-14B-4bit,129.0,10021.0,0.0,0
2026-06-26T15:21:48.851,timeseries,3,Weather Report Extended v2,mlx-community/DeepSeek-R1-Distill-Qwen-14B-4bit,145.0,11384.0,0.0,0
2026-06-26T15:21:48.913,timeseries,3,Weather Report Extended v2,mlx-community/DeepSeek-R1-Distill-Qwen-14B-4bit,113.0,10038.0,0.0,0
2026-06-26T15:21:48.975,timeseries,3,Weather Report Extended v2,mlx-community/DeepSeek-R1-Distill-Qwen-14B-4bit,129.0,11378.0,0.0,0
2026-06-26T15:21:49.038,timeseries,3,Weather Report Extended v2,mlx-community/DeepSeek-R1-Distill-Qwen-14B-4bit,145.0,9965.0,0.0,0
2026-06-26T15:21:49.100,timeseries,3,Weather Report Extended v2,mlx-community/DeepSeek-R1-Distill-Qwen-14B-4bit,177.0,11305.0,0.0,0
2026-06-26T15:21:49.162,timeseries,3,Weather Report Extended v2,mlx-community/DeepSeek-R1-Distill-Qwen-14B-4bit,272.0,9908.0,0.0,0
2026-06-26T15:21:49.224,timeseries,3,Weather Report Extended v2,mlx-community/DeepSeek-R1-Distill-Qwen-14B-4bit,144.0,11323.0,0.0,0
2026-06-26T15:21:49.286,timeseries,3,Weather Report Extended v2,mlx-community/DeepSeek-R1-Distill-Qwen-14B-4bit,145.0,9953.0,0.0,0
2026-06-26T15:21:49.348,timeseries,3,Weather Report Extended v2,mlx-community/DeepSeek-R1-Distill-Qwen-14B-4bit,130.0,10028.0,0.0,0
2026-06-26T15:21:49.410,timeseries,3,Weather Report Extended v2,mlx-community/DeepSeek-R1-Distill-Qwen-14B-4bit,260.0,11439.0,0.0,0
2026-06-26T15:21:49.471,timeseries,3,Weather Report Extended v2,mlx-community/DeepSeek-R1-Distill-Qwen-14B-4bit,164.0,10175.0,0.0,0
2026-06-26T15:21:49.533,timeseries,3,Weather Report Extended v2,mlx-community/DeepSeek-R1-Distill-Qwen-14B-4bit,143.0,11269.0,0.0,0
2026-06-26T15:21:49.595,timeseries,3,Weather Report Extended v2,mlx-community/DeepSeek-R1-Distill-Qwen-14B-4bit,196.0,10101.0,0.0,0
2026-06-26T15:21:49.658,timeseries,3,Weather Report Extended v2,mlx-community/DeepSeek-R1-Distill-Qwen-14B-4bit,256.0,9897.0,0.0,0
2026-06-26T15:21:49.720,timeseries,3,Weather Report Extended v2,mlx-community/DeepSeek-R1-Distill-Qwen-14B-4bit,162.0,11446.0,0.0,0
2026-06-26T15:21:49.781,timeseries,3,Weather Report Extended v2,mlx-community/DeepSeek-R1-Distill-Qwen-14B-4bit,144.0,9910.0,0.0,0
2026-06-26T15:21:49.844,timeseries,3,Weather Report Extended v2,mlx-community/DeepSeek-R1-Distill-Qwen-14B-4bit,162.0,11419.0,0.0,0
2026-06-26T15:21:49.909,timeseries,3,Weather Report Extended v2,mlx-community/DeepSeek-R1-Distill-Qwen-14B-4bit,113.0,10052.0,0.0,0
2026-06-26T15:21:49.970,timeseries,3,Weather Report Extended v2,mlx-community/DeepSeek-R1-Distill-Qwen-14B-4bit,258.0,11264.0,0.0,0
2026-06-26T15:21:50.032,timeseries,3,Weather Report Extended v2,mlx-community/DeepSeek-R1-Distill-Qwen-14B-4bit,138.0,9516.0,0.0,0
2026-06-26T15:21:50.095,timeseries,3,Weather Report Extended v2,mlx-community/DeepSeek-R1-Distill-Qwen-14B-4bit,179.0,11519.0,0.0,0
2026-06-26T15:21:50.155,timeseries,3,Weather Report Extended v2,mlx-community/DeepSeek-R1-Distill-Qwen-14B-4bit,820.0,9859.0,0.0,0
2026-06-26T15:21:50.217,timeseries,3,Weather Report Extended v2,mlx-community/DeepSeek-R1-Distill-Qwen-14B-4bit,303.0,11302.0,0.0,0
2026-06-26T15:21:50.278,timeseries,3,Weather Report Extended v2,mlx-community/DeepSeek-R1-Distill-Qwen-14B-4bit,182.0,10242.0,0.0,0
2026-06-26T15:21:50.340,timeseries,3,Weather Report Extended v2,mlx-community/DeepSeek-R1-Distill-Qwen-14B-4bit,147.0,10120.0,0.0,0
2026-06-26T15:21:50.402,timeseries,3,Weather Report Extended v2,mlx-community/DeepSeek-R1-Distill-Qwen-14B-4bit,258.0,11362.0,0.0,0
2026-06-26T15:21:50.464,timeseries,3,Weather Report Extended v2,mlx-community/DeepSeek-R1-Distill-Qwen-14B-4bit,209.0,10005.0,0.0,0
2026-06-26T15:21:50.527,timeseries,3,Weather Report Extended v2,mlx-community/DeepSeek-R1-Distill-Qwen-14B-4bit,146.0,11464.0,0.0,0
2026-06-26T15:21:50.589,timeseries,3,Weather Report Extended v2,mlx-community/DeepSeek-R1-Distill-Qwen-14B-4bit,162.0,10055.0,0.0,0
2026-06-26T15:21:50.651,timeseries,3,Weather Report Extended v2,mlx-community/DeepSeek-R1-Distill-Qwen-14B-4bit,377.0,11065.0,0.0,0
2026-06-26T15:21:50.713,timeseries,3,Weather Report Extended v2,mlx-community/DeepSeek-R1-Distill-Qwen-14B-4bit,148.0,10200.0,0.0,0
2026-06-26T15:21:50.775,timeseries,3,Weather Report Extended v2,mlx-community/DeepSeek-R1-Distill-Qwen-14B-4bit,143.0,11277.0,0.0,0
2026-06-26T15:21:50.837,timeseries,3,Weather Report Extended v2,mlx-community/DeepSeek-R1-Distill-Qwen-14B-4bit,145.0,9967.0,0.0,0
2026-06-26T15:21:50.899,timeseries,3,Weather Report Extended v2,mlx-community/DeepSeek-R1-Distill-Qwen-14B-4bit,162.0,10017.0,0.0,0
2026-06-26T15:21:50.961,timeseries,3,Weather Report Extended v2,mlx-community/DeepSeek-R1-Distill-Qwen-14B-4bit,1630.0,11174.0,0.0,0
2026-06-26T15:21:51.022,timeseries,3,Weather Report Extended v2,mlx-community/DeepSeek-R1-Distill-Qwen-14B-4bit,695.0,9982.0,0.0,0
2026-06-26T15:21:51.085,timeseries,3,Weather Report Extended v2,mlx-community/DeepSeek-R1-Distill-Qwen-14B-4bit,422.0,11464.0,0.0,0
2026-06-26T15:21:51.146,timeseries,3,Weather Report Extended v2,mlx-community/DeepSeek-R1-Distill-Qwen-14B-4bit,438.0,10064.0,0.0,0
2026-06-26T15:21:51.207,timeseries,3,Weather Report Extended v2,mlx-community/DeepSeek-R1-Distill-Qwen-14B-4bit,240.0,11319.0,0.0,0
2026-06-26T15:21:51.269,timeseries,3,Weather Report Extended v2,mlx-community/DeepSeek-R1-Distill-Qwen-14B-4bit,262.0,10180.0,0.0,0
2026-06-26T15:21:51.331,timeseries,3,Weather Report Extended v2,mlx-community/DeepSeek-R1-Distill-Qwen-14B-4bit,374.0,10078.0,0.0,0
2026-06-26T15:21:51.392,timeseries,3,Weather Report Extended v2,mlx-community/DeepSeek-R1-Distill-Qwen-14B-4bit,776.0,11413.0,0.0,0
2026-06-26T15:21:51.454,timeseries,3,Weather Report Extended v2,mlx-community/DeepSeek-R1-Distill-Qwen-14B-4bit,406.0,10132.0,0.0,0
2026-06-26T15:21:51.516,timeseries,3,Weather Report Extended v2,mlx-community/DeepSeek-R1-Distill-Qwen-14B-4bit,373.0,10063.0,0.0,0
2026-06-26T15:21:51.579,timeseries,3,Weather Report Extended v2,mlx-community/DeepSeek-R1-Distill-Qwen-14B-4bit,389.0,11491.0,0.0,0
2026-06-26T15:21:51.640,timeseries,3,Weather Report Extended v2,mlx-community/DeepSeek-R1-Distill-Qwen-14B-4bit,983.0,9976.0,0.0,0
2026-06-26T15:21:51.702,timeseries,3,Weather Report Extended v2,mlx-community/DeepSeek-R1-Distill-Qwen-14B-4bit,512.0,11353.0,0.0,0
2026-06-26T15:21:51.764,timeseries,3,Weather Report Extended v2,mlx-community/DeepSeek-R1-Distill-Qwen-14B-4bit,390.0,10099.0,0.0,0
2026-06-26T15:21:51.827,timeseries,3,Weather Report Extended v2,mlx-community/DeepSeek-R1-Distill-Qwen-14B-4bit,402.0,11380.0,0.0,0
2026-06-26T15:21:51.888,timeseries,3,Weather Report Extended v2,mlx-community/DeepSeek-R1-Distill-Qwen-14B-4bit,274.0,9977.0,0.0,0
2026-06-26T15:21:51.950,timeseries,3,Weather Report Extended v2,mlx-community/DeepSeek-R1-Distill-Qwen-14B-4bit,463.0,11282.0,0.0,0
2026-06-26T15:21:52.011,timeseries,3,Weather Report Extended v2,mlx-community/DeepSeek-R1-Distill-Qwen-14B-4bit,391.0,10115.0,0.0,0
2026-06-26T15:21:52.073,timeseries,3,Weather Report Extended v2,mlx-community/DeepSeek-R1-Distill-Qwen-14B-4bit,375.0,10083.0,0.0,0
2026-06-26T15:21:52.135,timeseries,3,Weather Report Extended v2,mlx-community/DeepSeek-R1-Distill-Qwen-14B-4bit,861.0,11503.0,0.0,0
2026-06-26T15:21:52.197,timeseries,3,Weather Report Extended v2,mlx-community/DeepSeek-R1-Distill-Qwen-14B-4bit,467.0,10003.0,0.0,0
2026-06-26T15:21:52.258,timeseries,3,Weather Report Extended v2,mlx-community/DeepSeek-R1-Distill-Qwen-14B-4bit,390.0,11525.0,0.0,0
2026-06-26T15:21:52.321,timeseries,3,Weather Report Extended v2,mlx-community/DeepSeek-R1-Distill-Qwen-14B-4bit,372.0,10038.0,0.0,0
2026-06-26T15:21:52.384,timeseries,3,Weather Report Extended v2,mlx-community/DeepSeek-R1-Distill-Qwen-14B-4bit,682.0,11478.0,0.0,0
2026-06-26T15:21:52.446,timeseries,3,Weather Report Extended v2,mlx-community/DeepSeek-R1-Distill-Qwen-14B-4bit,512.0,9935.0,0.0,0
2026-06-26T15:21:52.507,timeseries,3,Weather Report Extended v2,mlx-community/DeepSeek-R1-Distill-Qwen-14B-4bit,445.0,9924.0,0.0,0
2026-06-26T15:21:52.569,timeseries,3,Weather Report Extended v2,mlx-community/DeepSeek-R1-Distill-Qwen-14B-4bit,386.0,11392.0,0.0,0
2026-06-26T15:21:52.632,timeseries,3,Weather Report Extended v2,mlx-community/DeepSeek-R1-Distill-Qwen-14B-4bit,867.0,10190.0,0.0,0
2026-06-26T15:21:52.693,timeseries,3,Weather Report Extended v2,mlx-community/DeepSeek-R1-Distill-Qwen-14B-4bit,689.0,11394.0,0.0,0
2026-06-26T15:21:52.754,timeseries,3,Weather Report Extended v2,mlx-community/DeepSeek-R1-Distill-Qwen-14B-4bit,407.0,10129.0,0.0,0
2026-06-26T15:21:52.815,timeseries,3,Weather Report Extended v2,mlx-community/DeepSeek-R1-Distill-Qwen-14B-4bit,406.0,10113.0,0.0,0
2026-06-26T15:21:52.879,timeseries,3,Weather Report Extended v2,mlx-community/DeepSeek-R1-Distill-Qwen-14B-4bit,310.0,11592.0,0.0,0
2026-06-26T15:21:52.940,timeseries,3,Weather Report Extended v2,mlx-community/DeepSeek-R1-Distill-Qwen-14B-4bit,391.0,10145.0,0.0,0
2026-06-26T15:21:53.003,timeseries,3,Weather Report Extended v2,mlx-community/DeepSeek-R1-Distill-Qwen-14B-4bit,473.0,11199.0,0.0,0
2026-06-26T15:21:53.064,timeseries,3,Weather Report Extended v2,mlx-community/DeepSeek-R1-Distill-Qwen-14B-4bit,406.0,10110.0,0.0,0
2026-06-26T15:21:53.127,timeseries,3,Weather Report Extended v2,mlx-community/DeepSeek-R1-Distill-Qwen-14B-4bit,848.0,11349.0,0.0,0
2026-06-26T15:21:53.188,timeseries,3,Weather Report Extended v2,mlx-community/DeepSeek-R1-Distill-Qwen-14B-4bit,406.0,10086.0,0.0,0
2026-06-26T15:21:53.250,timeseries,3,Weather Report Extended v2,mlx-community/DeepSeek-R1-Distill-Qwen-14B-4bit,449.0,11374.0,0.0,0
2026-06-26T15:21:53.311,timeseries,3,Weather Report Extended v2,mlx-community/DeepSeek-R1-Distill-Qwen-14B-4bit,407.0,10088.0,0.0,0
2026-06-26T15:21:53.373,timeseries,3,Weather Report Extended v2,mlx-community/DeepSeek-R1-Distill-Qwen-14B-4bit,681.0,10020.0,0.0,0
2026-06-26T15:21:53.436,timeseries,3,Weather Report Extended v2,mlx-community/DeepSeek-R1-Distill-Qwen-14B-4bit,420.0,11483.0,0.0,0
2026-06-26T15:21:53.497,timeseries,3,Weather Report Extended v2,mlx-community/DeepSeek-R1-Distill-Qwen-14B-4bit,472.0,10130.0,0.0,0
2026-06-26T15:21:53.560,timeseries,3,Weather Report Extended v2,mlx-community/DeepSeek-R1-Distill-Qwen-14B-4bit,398.0,11262.0,0.0,0
2026-06-26T15:21:53.622,timeseries,3,Weather Report Extended v2,mlx-community/DeepSeek-R1-Distill-Qwen-14B-4bit,859.0,10046.0,0.0,0
2026-06-26T15:21:53.684,timeseries,3,Weather Report Extended v2,mlx-community/DeepSeek-R1-Distill-Qwen-14B-4bit,416.0,11349.0,0.0,0
2026-06-26T15:21:53.745,timeseries,3,Weather Report Extended v2,mlx-community/DeepSeek-R1-Distill-Qwen-14B-4bit,627.0,9989.0,0.0,0
2026-06-26T15:21:53.806,timeseries,3,Weather Report Extended v2,mlx-community/DeepSeek-R1-Distill-Qwen-14B-4bit,390.0,10067.0,0.0,0
2026-06-26T15:21:53.868,timeseries,3,Weather Report Extended v2,mlx-community/DeepSeek-R1-Distill-Qwen-14B-4bit,276.0,11525.0,0.0,0
2026-06-26T15:21:53.931,timeseries,3,Weather Report Extended v2,mlx-community/DeepSeek-R1-Distill-Qwen-14B-4bit,377.0,10195.0,0.0,0
2026-06-26T15:21:53.993,timeseries,3,Weather Report Extended v2,mlx-community/DeepSeek-R1-Distill-Qwen-14B-4bit,437.0,11468.0,0.0,0
2026-06-26T15:21:54.054,timeseries,3,Weather Report Extended v2,mlx-community/DeepSeek-R1-Distill-Qwen-14B-4bit,449.0,9984.0,0.0,0
2026-06-26T15:21:54.116,timeseries,3,Weather Report Extended v2,mlx-community/DeepSeek-R1-Distill-Qwen-14B-4bit,856.0,10018.0,0.0,0
2026-06-26T15:21:54.179,timeseries,3,Weather Report Extended v2,mlx-community/DeepSeek-R1-Distill-Qwen-14B-4bit,422.0,11519.0,0.0,0
2026-06-26T15:21:54.239,timeseries,3,Weather Report Extended v2,mlx-community/DeepSeek-R1-Distill-Qwen-14B-4bit,385.0,9964.0,0.0,0
2026-06-26T15:21:54.302,timeseries,3,Weather Report Extended v2,mlx-community/DeepSeek-R1-Distill-Qwen-14B-4bit,470.0,11467.0,0.0,0
2026-06-26T15:21:54.364,timeseries,3,Weather Report Extended v2,mlx-community/DeepSeek-R1-Distill-Qwen-14B-4bit,574.0,10180.0,0.0,0
2026-06-26T15:21:54.426,timeseries,3,Weather Report Extended v2,mlx-community/DeepSeek-R1-Distill-Qwen-14B-4bit,522.0,11241.0,0.0,0
2026-06-26T15:21:54.487,timeseries,3,Weather Report Extended v2,mlx-community/DeepSeek-R1-Distill-Qwen-14B-4bit,376.0,10189.0,0.0,0
2026-06-26T15:21:54.550,timeseries,3,Weather Report Extended v2,mlx-community/DeepSeek-R1-Distill-Qwen-14B-4bit,466.0,9962.0,0.0,0
2026-06-26T15:21:54.611,timeseries,3,Weather Report Extended v2,mlx-community/DeepSeek-R1-Distill-Qwen-14B-4bit,812.0,11512.0,0.0,0
2026-06-26T15:21:54.672,timeseries,3,Weather Report Extended v2,mlx-community/DeepSeek-R1-Distill-Qwen-14B-4bit,416.0,9941.0,0.0,0
2026-06-26T15:21:54.734,timeseries,3,Weather Report Extended v2,mlx-community/DeepSeek-R1-Distill-Qwen-14B-4bit,407.0,11566.0,0.0,0
2026-06-26T15:21:54.795,timeseries,3,Weather Report Extended v2,mlx-community/DeepSeek-R1-Distill-Qwen-14B-4bit,506.0,10114.0,0.0,0
2026-06-26T15:21:54.856,timeseries,3,Weather Report Extended v2,mlx-community/DeepSeek-R1-Distill-Qwen-14B-4bit,392.0,10139.0,0.0,0
2026-06-26T15:21:54.918,timeseries,3,Weather Report Extended v2,mlx-community/DeepSeek-R1-Distill-Qwen-14B-4bit,391.0,11579.0,0.0,0
2026-06-26T15:21:54.980,timeseries,3,Weather Report Extended v2,mlx-community/DeepSeek-R1-Distill-Qwen-14B-4bit,375.0,10096.0,0.0,0
2026-06-26T15:21:55.042,timeseries,3,Weather Report Extended v2,mlx-community/DeepSeek-R1-Distill-Qwen-14B-4bit,339.0,11446.0,0.0,0
2026-06-26T15:21:55.104,timeseries,3,Weather Report Extended v2,mlx-community/DeepSeek-R1-Distill-Qwen-14B-4bit,952.0,9988.0,0.0,0
2026-06-26T15:21:55.167,timeseries,3,Weather Report Extended v2,mlx-community/DeepSeek-R1-Distill-Qwen-14B-4bit,437.0,11496.0,0.0,0
2026-06-26T15:21:55.231,timeseries,3,Weather Report Extended v2,mlx-community/DeepSeek-R1-Distill-Qwen-14B-4bit,388.0,10035.0,0.0,0
2026-06-26T15:21:55.294,timeseries,3,Weather Report Extended v2,mlx-community/DeepSeek-R1-Distill-Qwen-14B-4bit,591.0,11205.0,0.0,0
2026-06-26T15:21:55.354,timeseries,3,Weather Report Extended v2,mlx-community/DeepSeek-R1-Distill-Qwen-14B-4bit,760.0,9543.0,0.0,0
2026-06-26T15:21:55.416,timeseries,3,Weather Report Extended v2,mlx-community/DeepSeek-R1-Distill-Qwen-14B-4bit,1149.0,11381.0,0.0,0
2026-06-26T15:21:55.477,timeseries,3,Weather Report Extended v2,mlx-community/DeepSeek-R1-Distill-Qwen-14B-4bit,391.0,10173.0,0.0,0
2026-06-26T15:21:55.539,timeseries,3,Weather Report Extended v2,mlx-community/DeepSeek-R1-Distill-Qwen-14B-4bit,277.0,10117.0,0.0,0
2026-06-26T15:21:55.601,timeseries,3,Weather Report Extended v2,mlx-community/DeepSeek-R1-Distill-Qwen-14B-4bit,1035.0,11434.0,0.0,0
2026-06-26T15:21:55.662,timeseries,3,Weather Report Extended v2,mlx-community/DeepSeek-R1-Distill-Qwen-14B-4bit,420.0,10061.0,0.0,0
2026-06-26T15:21:55.723,timeseries,3,Weather Report Extended v2,mlx-community/DeepSeek-R1-Distill-Qwen-14B-4bit,389.0,10054.0,0.0,0
2026-06-26T15:21:55.785,timeseries,3,Weather Report Extended v2,mlx-community/DeepSeek-R1-Distill-Qwen-14B-4bit,262.0,11610.0,0.0,0
2026-06-26T15:21:55.846,timeseries,3,Weather Report Extended v2,mlx-community/DeepSeek-R1-Distill-Qwen-14B-4bit,640.0,10185.0,0.0,0
2026-06-26T15:21:55.908,timeseries,3,Weather Report Extended v2,mlx-community/DeepSeek-R1-Distill-Qwen-14B-4bit,389.0,11508.0,0.0,0
2026-06-26T15:21:55.970,timeseries,3,Weather Report Extended v2,mlx-community/DeepSeek-R1-Distill-Qwen-14B-4bit,373.0,10070.0,0.0,0
2026-06-26T15:21:56.031,timeseries,3,Weather Report Extended v2,mlx-community/DeepSeek-R1-Distill-Qwen-14B-4bit,2611.0,9847.0,0.0,0
2026-06-26T15:21:56.093,timeseries,3,Weather Report Extended v2,mlx-community/DeepSeek-R1-Distill-Qwen-14B-4bit,1513.0,11455.0,0.0,0
2026-06-26T15:21:56.154,timeseries,3,Weather Report Extended v2,mlx-community/DeepSeek-R1-Distill-Qwen-14B-4bit,465.0,10342.0,0.0,0
2026-06-26T15:21:56.216,timeseries,3,Weather Report Extended v2,mlx-community/DeepSeek-R1-Distill-Qwen-14B-4bit,241.0,11282.0,0.0,0
2026-06-26T15:21:56.278,timeseries,3,Weather Report Extended v2,mlx-community/DeepSeek-R1-Distill-Qwen-14B-4bit,1256.0,9916.0,0.0,0
2026-06-26T15:21:56.339,timeseries,3,Weather Report Extended v2,mlx-community/DeepSeek-R1-Distill-Qwen-14B-4bit,323.0,10011.0,0.0,0
2026-06-26T15:21:56.402,timeseries,3,Weather Report Extended v2,mlx-community/DeepSeek-R1-Distill-Qwen-14B-4bit,504.0,11511.0,0.0,0
2026-06-26T15:21:56.464,timeseries,3,Weather Report Extended v2,mlx-community/DeepSeek-R1-Distill-Qwen-14B-4bit,245.0,10196.0,0.0,0
2026-06-26T15:21:56.527,timeseries,3,Weather Report Extended v2,mlx-community/DeepSeek-R1-Distill-Qwen-14B-4bit,128.0,11308.0,0.0,0
2026-06-26T15:21:56.588,timeseries,3,Weather Report Extended v2,mlx-community/DeepSeek-R1-Distill-Qwen-14B-4bit,178.0,10043.0,0.0,0
2026-06-26T15:21:56.652,timeseries,3,Weather Report Extended v2,mlx-community/DeepSeek-R1-Distill-Qwen-14B-4bit,285.0,11163.0,0.0,0
2026-06-26T15:21:56.714,timeseries,3,Weather Report Extended v2,mlx-community/DeepSeek-R1-Distill-Qwen-14B-4bit,146.0,10093.0,0.0,0
2026-06-26T15:21:56.776,timeseries,3,Weather Report Extended v2,mlx-community/DeepSeek-R1-Distill-Qwen-14B-4bit,127.0,11255.0,0.0,0
2026-06-26T15:21:56.838,timeseries,3,Weather Report Extended v2,mlx-community/DeepSeek-R1-Distill-Qwen-14B-4bit,129.0,9980.0,0.0,0
2026-06-26T15:21:56.900,timeseries,3,Weather Report Extended v2,mlx-community/DeepSeek-R1-Distill-Qwen-14B-4bit,193.0,11360.0,0.0,0
2026-06-26T15:21:56.962,timeseries,3,Weather Report Extended v2,mlx-community/DeepSeek-R1-Distill-Qwen-14B-4bit,146.0,10078.0,0.0,0
2026-06-26T15:21:57.025,timeseries,3,Weather Report Extended v2,mlx-community/DeepSeek-R1-Distill-Qwen-14B-4bit,111.0,9873.0,0.0,0
2026-06-26T15:21:57.087,timeseries,3,Weather Report Extended v2,mlx-community/DeepSeek-R1-Distill-Qwen-14B-4bit,178.0,11477.0,0.0,0
2026-06-26T15:21:57.149,timeseries,3,Weather Report Extended v2,mlx-community/DeepSeek-R1-Distill-Qwen-14B-4bit,285.0,9789.0,0.0,0
2026-06-26T15:21:57.212,timeseries,3,Weather Report Extended v2,mlx-community/DeepSeek-R1-Distill-Qwen-14B-4bit,147.0,11551.0,0.0,0
2026-06-26T15:21:57.274,timeseries,3,Weather Report Extended v2,mlx-community/DeepSeek-R1-Distill-Qwen-14B-4bit,111.0,9910.0,0.0,0
2026-06-26T15:21:57.334,timeseries,3,Weather Report Extended v2,mlx-community/DeepSeek-R1-Distill-Qwen-14B-4bit,129.0,11417.0,0.0,0
2026-06-26T15:21:57.397,timeseries,3,Weather Report Extended v2,mlx-community/DeepSeek-R1-Distill-Qwen-14B-4bit,307.0,9937.0,0.0,0
2026-06-26T15:21:57.459,timeseries,3,Weather Report Extended v2,mlx-community/DeepSeek-R1-Distill-Qwen-14B-4bit,181.0,11727.0,0.0,0
2026-06-26T15:21:57.522,timeseries,3,Weather Report Extended v2,mlx-community/DeepSeek-R1-Distill-Qwen-14B-4bit,128.0,9968.0,0.0,0
2026-06-26T15:21:57.583,timeseries,3,Weather Report Extended v2,mlx-community/DeepSeek-R1-Distill-Qwen-14B-4bit,160.0,11350.0,0.0,0
2026-06-26T15:21:57.646,timeseries,3,Weather Report Extended v2,mlx-community/DeepSeek-R1-Distill-Qwen-14B-4bit,319.0,9830.0,0.0,0
2026-06-26T15:21:57.709,timeseries,3,Weather Report Extended v2,mlx-community/DeepSeek-R1-Distill-Qwen-14B-4bit,162.0,11473.0,0.0,0
2026-06-26T15:21:57.772,timeseries,3,Weather Report Extended v2,mlx-community/DeepSeek-R1-Distill-Qwen-14B-4bit,127.0,9913.0,0.0,0
2026-06-26T15:21:57.834,timeseries,3,Weather Report Extended v2,mlx-community/DeepSeek-R1-Distill-Qwen-14B-4bit,143.0,11260.0,0.0,0
2026-06-26T15:21:57.896,timeseries,3,Weather Report Extended v2,mlx-community/DeepSeek-R1-Distill-Qwen-14B-4bit,144.0,9911.0,0.0,0
2026-06-26T15:21:57.959,timeseries,3,Weather Report Extended v2,mlx-community/DeepSeek-R1-Distill-Qwen-14B-4bit,178.0,11416.0,0.0,0
2026-06-26T15:21:58.022,timeseries,3,Weather Report Extended v2,mlx-community/DeepSeek-R1-Distill-Qwen-14B-4bit,111.0,9900.0,0.0,0
2026-06-26T15:21:58.084,timeseries,3,Weather Report Extended v2,mlx-community/DeepSeek-R1-Distill-Qwen-14B-4bit,144.0,11341.0,0.0,0
2026-06-26T15:21:58.146,timeseries,3,Weather Report Extended v2,mlx-community/DeepSeek-R1-Distill-Qwen-14B-4bit,288.0,9900.0,0.0,0
2026-06-26T15:21:58.209,timeseries,3,Weather Report Extended v2,mlx-community/DeepSeek-R1-Distill-Qwen-14B-4bit,161.0,11373.0,0.0,0
2026-06-26T15:21:58.271,timeseries,3,Weather Report Extended v2,mlx-community/DeepSeek-R1-Distill-Qwen-14B-4bit,112.0,9937.0,0.0,0
2026-06-26T15:21:58.332,timeseries,3,Weather Report Extended v2,mlx-community/DeepSeek-R1-Distill-Qwen-14B-4bit,145.0,11417.0,0.0,0
2026-06-26T15:21:58.396,timeseries,3,Weather Report Extended v2,mlx-community/DeepSeek-R1-Distill-Qwen-14B-4bit,257.0,9921.0,0.0,0
2026-06-26T15:21:58.458,timeseries,3,Weather Report Extended v2,mlx-community/DeepSeek-R1-Distill-Qwen-14B-4bit,179.0,10105.0,0.0,0
2026-06-26T15:21:58.521,timeseries,3,Weather Report Extended v2,mlx-community/DeepSeek-R1-Distill-Qwen-14B-4bit,142.0,11240.0,0.0,0
2026-06-26T15:21:58.584,timeseries,3,Weather Report Extended v2,mlx-community/DeepSeek-R1-Distill-Qwen-14B-4bit,144.0,11296.0,0.0,0
2026-06-26T15:21:58.646,timeseries,3,Weather Report Extended v2,mlx-community/DeepSeek-R1-Distill-Qwen-14B-4bit,304.0,9896.0,0.0,0
2026-06-26T15:21:58.708,timeseries,3,Weather Report Extended v2,mlx-community/DeepSeek-R1-Distill-Qwen-14B-4bit,144.0,11311.0,0.0,0
2026-06-26T15:21:58.770,timeseries,3,Weather Report Extended v2,mlx-community/DeepSeek-R1-Distill-Qwen-14B-4bit,113.0,10003.0,0.0,0
2026-06-26T15:21:58.832,timeseries,3,Weather Report Extended v2,mlx-community/DeepSeek-R1-Distill-Qwen-14B-4bit,145.0,9974.0,0.0,0
2026-06-26T15:21:58.895,timeseries,3,Weather Report Extended v2,mlx-community/DeepSeek-R1-Distill-Qwen-14B-4bit,129.0,11471.0,0.0,0
2026-06-26T15:21:58.957,timeseries,3,Weather Report Extended v2,mlx-community/DeepSeek-R1-Distill-Qwen-14B-4bit,145.0,9965.0,0.0,0
2026-06-26T15:21:59.020,timeseries,3,Weather Report Extended v2,mlx-community/DeepSeek-R1-Distill-Qwen-14B-4bit,143.0,11314.0,0.0,0
2026-06-26T15:21:59.082,timeseries,3,Weather Report Extended v2,mlx-community/DeepSeek-R1-Distill-Qwen-14B-4bit,144.0,9950.0,0.0,0
2026-06-26T15:21:59.144,timeseries,3,Weather Report Extended v2,mlx-community/DeepSeek-R1-Distill-Qwen-14B-4bit,318.0,11242.0,0.0,0
2026-06-26T15:21:59.207,timeseries,3,Weather Report Extended v2,mlx-community/DeepSeek-R1-Distill-Qwen-14B-4bit,129.0,10043.0,0.0,0
2026-06-26T15:21:59.269,timeseries,3,Weather Report Extended v2,mlx-community/DeepSeek-R1-Distill-Qwen-14B-4bit,128.0,11350.0,0.0,0
2026-06-26T15:21:59.331,timeseries,3,Weather Report Extended v2,mlx-community/DeepSeek-R1-Distill-Qwen-14B-4bit,145.0,9997.0,0.0,0
2026-06-26T15:21:59.393,timeseries,3,Weather Report Extended v2,mlx-community/DeepSeek-R1-Distill-Qwen-14B-4bit,256.0,11309.0,0.0,0
2026-06-26T15:21:59.456,timeseries,3,Weather Report Extended v2,mlx-community/DeepSeek-R1-Distill-Qwen-14B-4bit,178.0,10075.0,0.0,0
2026-06-26T15:21:59.519,timeseries,3,Weather Report Extended v2,mlx-community/DeepSeek-R1-Distill-Qwen-14B-4bit,143.0,11344.0,0.0,0
2026-06-26T15:21:59.581,timeseries,3,Weather Report Extended v2,mlx-community/DeepSeek-R1-Distill-Qwen-14B-4bit,129.0,10002.0,0.0,0
2026-06-26T15:21:59.644,timeseries,3,Weather Report Extended v2,mlx-community/DeepSeek-R1-Distill-Qwen-14B-4bit,316.0,11162.0,0.0,0
2026-06-26T15:21:59.706,timeseries,3,Weather Report Extended v2,mlx-community/DeepSeek-R1-Distill-Qwen-14B-4bit,129.0,10020.0,0.0,0
2026-06-26T15:21:59.767,timeseries,3,Weather Report Extended v2,mlx-community/DeepSeek-R1-Distill-Qwen-14B-4bit,127.0,11301.0,0.0,0
2026-06-26T15:21:59.829,timeseries,3,Weather Report Extended v2,mlx-community/DeepSeek-R1-Distill-Qwen-14B-4bit,148.0,10183.0,0.0,0
2026-06-26T15:21:59.892,timeseries,3,Weather Report Extended v2,mlx-community/DeepSeek-R1-Distill-Qwen-14B-4bit,128.0,11349.0,0.0,0
2026-06-26T15:21:59.955,timeseries,3,Weather Report Extended v2,mlx-community/DeepSeek-R1-Distill-Qwen-14B-4bit,145.0,9988.0,0.0,0
2026-06-26T15:22:00.018,timeseries,3,Weather Report Extended v2,mlx-community/DeepSeek-R1-Distill-Qwen-14B-4bit,128.0,11322.0,0.0,0
2026-06-26T15:22:00.079,timeseries,3,Weather Report Extended v2,mlx-community/DeepSeek-R1-Distill-Qwen-14B-4bit,209.0,9958.0,0.0,0
2026-06-26T15:22:00.139,timeseries,3,Weather Report Extended v2,mlx-community/DeepSeek-R1-Distill-Qwen-14B-4bit,426.0,11120.0,0.0,0
2026-06-26T15:22:00.201,timeseries,3,Weather Report Extended v2,mlx-community/DeepSeek-R1-Distill-Qwen-14B-4bit,706.0,10159.0,0.0,0
2026-06-26T15:22:00.263,timeseries,3,Weather Report Extended v2,mlx-community/DeepSeek-R1-Distill-Qwen-14B-4bit,197.0,10216.0,0.0,0
2026-06-26T15:22:00.324,timeseries,3,Weather Report Extended v2,mlx-community/DeepSeek-R1-Distill-Qwen-14B-4bit,180.0,11574.0,0.0,0
2026-06-26T15:22:00.388,timeseries,3,Weather Report Extended v2,mlx-community/DeepSeek-R1-Distill-Qwen-14B-4bit,274.0,9932.0,0.0,0
2026-06-26T15:22:00.450,timeseries,3,Weather Report Extended v2,mlx-community/DeepSeek-R1-Distill-Qwen-14B-4bit,179.0,11548.0,0.0,0
2026-06-26T15:22:00.511,timeseries,3,Weather Report Extended v2,mlx-community/DeepSeek-R1-Distill-Qwen-14B-4bit,142.0,9858.0,0.0,0
2026-06-26T15:22:00.572,timeseries,3,Weather Report Extended v2,mlx-community/DeepSeek-R1-Distill-Qwen-14B-4bit,162.0,10057.0,0.0,0
2026-06-26T15:22:00.635,timeseries,3,Weather Report Extended v2,mlx-community/DeepSeek-R1-Distill-Qwen-14B-4bit,339.0,11425.0,0.0,0
2026-06-26T15:22:00.697,timeseries,3,Weather Report Extended v2,mlx-community/DeepSeek-R1-Distill-Qwen-14B-4bit,166.0,10297.0,0.0,0
2026-06-26T15:22:00.759,timeseries,3,Weather Report Extended v2,mlx-community/DeepSeek-R1-Distill-Qwen-14B-4bit,143.0,11286.0,0.0,0
2026-06-26T15:22:00.821,timeseries,3,Weather Report Extended v2,mlx-community/DeepSeek-R1-Distill-Qwen-14B-4bit,146.0,10076.0,0.0,0
2026-06-26T15:22:00.884,timeseries,3,Weather Report Extended v2,mlx-community/DeepSeek-R1-Distill-Qwen-14B-4bit,145.0,11407.0,0.0,0
2026-06-26T15:22:00.947,timeseries,3,Weather Report Extended v2,mlx-community/DeepSeek-R1-Distill-Qwen-14B-4bit,113.0,10020.0,0.0,0
2026-06-26T15:22:01.009,timeseries,3,Weather Report Extended v2,mlx-community/DeepSeek-R1-Distill-Qwen-14B-4bit,158.0,11229.0,0.0,0
2026-06-26T15:22:01.071,timeseries,3,Weather Report Extended v2,mlx-community/DeepSeek-R1-Distill-Qwen-14B-4bit,145.0,9990.0,0.0,0
2026-06-26T15:22:01.133,timeseries,3,Weather Report Extended v2,mlx-community/DeepSeek-R1-Distill-Qwen-14B-4bit,1557.0,9689.0,0.0,0
2026-06-26T15:22:01.194,timeseries,3,Weather Report Extended v2,mlx-community/DeepSeek-R1-Distill-Qwen-14B-4bit,1307.0,11583.0,0.0,0
2026-06-26T15:22:01.256,timeseries,3,Weather Report Extended v2,mlx-community/DeepSeek-R1-Distill-Qwen-14B-4bit,226.0,10051.0,0.0,0
2026-06-26T15:22:01.319,timeseries,3,Weather Report Extended v2,mlx-community/DeepSeek-R1-Distill-Qwen-14B-4bit,260.0,11571.0,0.0,0
2026-06-26T15:22:01.381,timeseries,3,Weather Report Extended v2,mlx-community/DeepSeek-R1-Distill-Qwen-14B-4bit,862.0,10097.0,0.0,0
2026-06-26T15:22:01.443,timeseries,3,Weather Report Extended v2,mlx-community/DeepSeek-R1-Distill-Qwen-14B-4bit,412.0,11270.0,0.0,0
2026-06-26T15:22:01.505,timeseries,3,Weather Report Extended v2,mlx-community/DeepSeek-R1-Distill-Qwen-14B-4bit,272.0,9984.0,0.0,0
2026-06-26T15:22:01.567,timeseries,3,Weather Report Extended v2,mlx-community/DeepSeek-R1-Distill-Qwen-14B-4bit,388.0,11482.0,0.0,0
2026-06-26T15:22:01.628,timeseries,3,Weather Report Extended v2,mlx-community/DeepSeek-R1-Distill-Qwen-14B-4bit,1053.0,10072.0,0.0,0
2026-06-26T15:22:01.690,timeseries,3,Weather Report Extended v2,mlx-community/DeepSeek-R1-Distill-Qwen-14B-4bit,321.0,9984.0,0.0,0
2026-06-26T15:22:01.752,timeseries,3,Weather Report Extended v2,mlx-community/DeepSeek-R1-Distill-Qwen-14B-4bit,360.0,11637.0,0.0,0
2026-06-26T15:22:01.814,timeseries,3,Weather Report Extended v2,mlx-community/DeepSeek-R1-Distill-Qwen-14B-4bit,372.0,10090.0,0.0,0
2026-06-26T15:22:01.876,timeseries,3,Weather Report Extended v2,mlx-community/DeepSeek-R1-Distill-Qwen-14B-4bit,468.0,11479.0,0.0,0
2026-06-26T15:22:01.937,timeseries,3,Weather Report Extended v2,mlx-community/DeepSeek-R1-Distill-Qwen-14B-4bit,275.0,10045.0,0.0,0
2026-06-26T15:22:01.998,timeseries,3,Weather Report Extended v2,mlx-community/DeepSeek-R1-Distill-Qwen-14B-4bit,389.0,10105.0,0.0,0
2026-06-26T15:22:02.060,timeseries,3,Weather Report Extended v2,mlx-community/DeepSeek-R1-Distill-Qwen-14B-4bit,358.0,11596.0,0.0,0
2026-06-26T15:22:02.123,timeseries,3,Weather Report Extended v2,mlx-community/DeepSeek-R1-Distill-Qwen-14B-4bit,1223.0,10129.0,0.0,0
2026-06-26T15:22:02.184,timeseries,3,Weather Report Extended v2,mlx-community/DeepSeek-R1-Distill-Qwen-14B-4bit,306.0,11468.0,0.0,0
2026-06-26T15:22:02.246,timeseries,3,Weather Report Extended v2,mlx-community/DeepSeek-R1-Distill-Qwen-14B-4bit,401.0,10004.0,0.0,0
2026-06-26T15:22:02.308,timeseries,3,Weather Report Extended v2,mlx-community/DeepSeek-R1-Distill-Qwen-14B-4bit,373.0,11525.0,0.0,0
2026-06-26T15:22:02.370,timeseries,3,Weather Report Extended v2,mlx-community/DeepSeek-R1-Distill-Qwen-14B-4bit,841.0,10042.0,0.0,0
2026-06-26T15:22:02.431,timeseries,3,Weather Report Extended v2,mlx-community/DeepSeek-R1-Distill-Qwen-14B-4bit,339.0,10041.0,0.0,0
2026-06-26T15:22:02.493,timeseries,3,Weather Report Extended v2,mlx-community/DeepSeek-R1-Distill-Qwen-14B-4bit,404.0,11545.0,0.0,0
2026-06-26T15:22:02.555,timeseries,3,Weather Report Extended v2,mlx-community/DeepSeek-R1-Distill-Qwen-14B-4bit,376.0,10172.0,0.0,0
2026-06-26T15:22:02.617,timeseries,3,Weather Report Extended v2,mlx-community/DeepSeek-R1-Distill-Qwen-14B-4bit,969.0,11462.0,0.0,0
2026-06-26T15:22:02.678,timeseries,3,Weather Report Extended v2,mlx-community/DeepSeek-R1-Distill-Qwen-14B-4bit,370.0,10021.0,0.0,0
2026-06-26T15:22:02.739,timeseries,3,Weather Report Extended v2,mlx-community/DeepSeek-R1-Distill-Qwen-14B-4bit,373.0,10083.0,0.0,0
2026-06-26T15:22:02.801,timeseries,3,Weather Report Extended v2,mlx-community/DeepSeek-R1-Distill-Qwen-14B-4bit,406.0,11574.0,0.0,0
2026-06-26T15:22:02.863,timeseries,3,Weather Report Extended v2,mlx-community/DeepSeek-R1-Distill-Qwen-14B-4bit,377.0,10188.0,0.0,0
2026-06-26T15:22:02.925,timeseries,3,Weather Report Extended v2,mlx-community/DeepSeek-R1-Distill-Qwen-14B-4bit,340.0,11527.0,0.0,0
2026-06-26T15:22:02.986,timeseries,3,Weather Report Extended v2,mlx-community/DeepSeek-R1-Distill-Qwen-14B-4bit,372.0,10092.0,0.0,0
2026-06-26T15:22:03.048,timeseries,3,Weather Report Extended v2,mlx-community/DeepSeek-R1-Distill-Qwen-14B-4bit,384.0,9975.0,0.0,0
2026-06-26T15:22:03.110,timeseries,3,Weather Report Extended v2,mlx-community/DeepSeek-R1-Distill-Qwen-14B-4bit,984.0,11628.0,0.0,0
2026-06-26T15:22:03.171,timeseries,3,Weather Report Extended v2,mlx-community/DeepSeek-R1-Distill-Qwen-14B-4bit,518.0,10092.0,0.0,0
2026-06-26T15:22:03.234,timeseries,3,Weather Report Extended v2,mlx-community/DeepSeek-R1-Distill-Qwen-14B-4bit,390.0,11567.0,0.0,0
2026-06-26T15:22:03.296,timeseries,3,Weather Report Extended v2,mlx-community/DeepSeek-R1-Distill-Qwen-14B-4bit,389.0,10119.0,0.0,0
2026-06-26T15:22:03.358,timeseries,3,Weather Report Extended v2,mlx-community/DeepSeek-R1-Distill-Qwen-14B-4bit,368.0,9919.0,0.0,0
2026-06-26T15:22:03.419,timeseries,3,Weather Report Extended v2,mlx-community/DeepSeek-R1-Distill-Qwen-14B-4bit,777.0,11475.0,0.0,0
2026-06-26T15:22:03.481,timeseries,3,Weather Report Extended v2,mlx-community/DeepSeek-R1-Distill-Qwen-14B-4bit,417.0,10042.0,0.0,0
2026-06-26T15:22:03.542,timeseries,3,Weather Report Extended v2,mlx-community/DeepSeek-R1-Distill-Qwen-14B-4bit,374.0,11581.0,0.0,0
2026-06-26T15:22:03.604,timeseries,3,Weather Report Extended v2,mlx-community/DeepSeek-R1-Distill-Qwen-14B-4bit,962.0,10125.0,0.0,0
2026-06-26T15:22:03.666,timeseries,3,Weather Report Extended v2,mlx-community/DeepSeek-R1-Distill-Qwen-14B-4bit,374.0,10136.0,0.0,0
2026-06-26T15:22:03.728,timeseries,3,Weather Report Extended v2,mlx-community/DeepSeek-R1-Distill-Qwen-14B-4bit,388.0,11507.0,0.0,0
2026-06-26T15:22:03.789,timeseries,3,Weather Report Extended v2,mlx-community/DeepSeek-R1-Distill-Qwen-14B-4bit,371.0,10043.0,0.0,0
2026-06-26T15:22:03.851,timeseries,3,Weather Report Extended v2,mlx-community/DeepSeek-R1-Distill-Qwen-14B-4bit,390.0,11557.0,0.0,0
2026-06-26T15:22:03.913,timeseries,3,Weather Report Extended v2,mlx-community/DeepSeek-R1-Distill-Qwen-14B-4bit,276.0,10131.0,0.0,0
2026-06-26T15:22:03.975,timeseries,3,Weather Report Extended v2,mlx-community/DeepSeek-R1-Distill-Qwen-14B-4bit,454.0,10104.0,0.0,0
2026-06-26T15:22:04.036,timeseries,3,Weather Report Extended v2,mlx-community/DeepSeek-R1-Distill-Qwen-14B-4bit,373.0,11560.0,0.0,0
2026-06-26T15:22:04.098,timeseries,3,Weather Report Extended v2,mlx-community/DeepSeek-R1-Distill-Qwen-14B-4bit,963.0,9954.0,0.0,0
2026-06-26T15:22:04.159,timeseries,3,Weather Report Extended v2,mlx-community/DeepSeek-R1-Distill-Qwen-14B-4bit,293.0,11633.0,0.0,0
2026-06-26T15:22:04.221,timeseries,3,Weather Report Extended v2,mlx-community/DeepSeek-R1-Distill-Qwen-14B-4bit,616.0,10112.0,0.0,0
2026-06-26T15:22:04.283,timeseries,3,Weather Report Extended v2,mlx-community/DeepSeek-R1-Distill-Qwen-14B-4bit,407.0,11590.0,0.0,0
2026-06-26T15:22:04.345,timeseries,3,Weather Report Extended v2,mlx-community/DeepSeek-R1-Distill-Qwen-14B-4bit,404.0,10058.0,0.0,0
2026-06-26T15:22:04.407,timeseries,3,Weather Report Extended v2,mlx-community/DeepSeek-R1-Distill-Qwen-14B-4bit,695.0,10042.0,0.0,0
2026-06-26T15:22:04.469,timeseries,3,Weather Report Extended v2,mlx-community/DeepSeek-R1-Distill-Qwen-14B-4bit,739.0,11459.0,0.0,0
2026-06-26T15:22:04.530,timeseries,3,Weather Report Extended v2,mlx-community/DeepSeek-R1-Distill-Qwen-14B-4bit,2897.0,9961.0,0.0,0
2026-06-26T15:22:04.592,timeseries,3,Weather Report Extended v2,mlx-community/DeepSeek-R1-Distill-Qwen-14B-4bit,1200.0,11468.0,0.0,0
2026-06-26T15:22:04.653,timeseries,3,Weather Report Extended v2,mlx-community/DeepSeek-R1-Distill-Qwen-14B-4bit,261.0,10207.0,0.0,0
2026-06-26T15:22:04.715,timeseries,3,Weather Report Extended v2,mlx-community/DeepSeek-R1-Distill-Qwen-14B-4bit,259.0,10094.0,0.0,0
2026-06-26T15:22:04.779,timeseries,3,Weather Report Extended v2,mlx-community/DeepSeek-R1-Distill-Qwen-14B-4bit,147.0,11685.0,0.0,0
2026-06-26T15:22:04.840,timeseries,3,Weather Report Extended v2,mlx-community/DeepSeek-R1-Distill-Qwen-14B-4bit,113.0,10042.0,0.0,0
2026-06-26T15:22:04.903,timeseries,3,Weather Report Extended v2,mlx-community/DeepSeek-R1-Distill-Qwen-14B-4bit,159.0,11286.0,0.0,0
2026-06-26T15:22:04.965,timeseries,3,Weather Report Extended v2,mlx-community/DeepSeek-R1-Distill-Qwen-14B-4bit,146.0,10081.0,0.0,0
2026-06-26T15:22:05.028,timeseries,3,Weather Report Extended v2,mlx-community/DeepSeek-R1-Distill-Qwen-14B-4bit,128.0,11392.0,0.0,0
2026-06-26T15:22:05.089,timeseries,3,Weather Report Extended v2,mlx-community/DeepSeek-R1-Distill-Qwen-14B-4bit,162.0,10064.0,0.0,0
2026-06-26T15:22:05.152,timeseries,3,Weather Report Extended v2,mlx-community/DeepSeek-R1-Distill-Qwen-14B-4bit,285.0,11238.0,0.0,0
2026-06-26T15:22:05.214,timeseries,3,Weather Report Extended v2,mlx-community/DeepSeek-R1-Distill-Qwen-14B-4bit,130.0,10144.0,0.0,0
2026-06-26T15:22:05.278,timeseries,3,Weather Report Extended v2,mlx-community/DeepSeek-R1-Distill-Qwen-14B-4bit,190.0,11278.0,0.0,0
2026-06-26T15:22:05.341,timeseries,3,Weather Report Extended v2,mlx-community/DeepSeek-R1-Distill-Qwen-14B-4bit,114.0,10169.0,0.0,0
2026-06-26T15:22:05.403,timeseries,3,Weather Report Extended v2,mlx-community/DeepSeek-R1-Distill-Qwen-14B-4bit,386.0,10863.0,0.0,0
2026-06-26T15:22:05.466,timeseries,3,Weather Report Extended v2,mlx-community/DeepSeek-R1-Distill-Qwen-14B-4bit,177.0,10020.0,0.0,0
2026-06-26T15:22:05.529,timeseries,3,Weather Report Extended v2,mlx-community/DeepSeek-R1-Distill-Qwen-14B-4bit,144.0,11377.0,0.0,0
2026-06-26T15:22:05.590,timeseries,3,Weather Report Extended v2,mlx-community/DeepSeek-R1-Distill-Qwen-14B-4bit,144.0,9983.0,0.0,0
2026-06-26T15:22:05.653,timeseries,3,Weather Report Extended v2,mlx-community/DeepSeek-R1-Distill-Qwen-14B-4bit,269.0,11264.0,0.0,0
2026-06-26T15:22:05.715,timeseries,3,Weather Report Extended v2,mlx-community/DeepSeek-R1-Distill-Qwen-14B-4bit,146.0,10107.0,0.0,0
2026-06-26T15:22:05.778,timeseries,3,Weather Report Extended v2,mlx-community/DeepSeek-R1-Distill-Qwen-14B-4bit,128.0,11422.0,0.0,0
2026-06-26T15:22:05.841,timeseries,3,Weather Report Extended v2,mlx-community/DeepSeek-R1-Distill-Qwen-14B-4bit,129.0,10028.0,0.0,0
2026-06-26T15:22:05.903,timeseries,3,Weather Report Extended v2,mlx-community/DeepSeek-R1-Distill-Qwen-14B-4bit,142.0,11233.0,0.0,0
2026-06-26T15:22:05.963,timeseries,3,Weather Report Extended v2,mlx-community/DeepSeek-R1-Distill-Qwen-14B-4bit,144.0,9946.0,0.0,0
2026-06-26T15:22:06.027,timeseries,3,Weather Report Extended v2,mlx-community/DeepSeek-R1-Distill-Qwen-14B-4bit,147.0,11587.0,0.0,0
2026-06-26T15:22:06.088,timeseries,3,Weather Report Extended v2,mlx-community/DeepSeek-R1-Distill-Qwen-14B-4bit,131.0,10213.0,0.0,0
2026-06-26T15:22:06.150,timeseries,3,Weather Report Extended v2,mlx-community/DeepSeek-R1-Distill-Qwen-14B-4bit,440.0,11109.0,0.0,0
2026-06-26T15:22:06.212,timeseries,3,Weather Report Extended v2,mlx-community/DeepSeek-R1-Distill-Qwen-14B-4bit,672.0,10116.0,0.0,0
2026-06-26T15:22:06.273,timeseries,3,Weather Report Extended v2,mlx-community/DeepSeek-R1-Distill-Qwen-14B-4bit,2163.0,9961.0,0.0,0
2026-06-26T15:22:06.335,timeseries,3,Weather Report Extended v2,mlx-community/DeepSeek-R1-Distill-Qwen-14B-4bit,2339.0,11516.0,0.0,0
2026-06-26T15:22:06.396,timeseries,3,Weather Report Extended v2,mlx-community/DeepSeek-R1-Distill-Qwen-14B-4bit,792.0,10048.0,0.0,0
2026-06-26T15:22:06.457,timeseries,3,Weather Report Extended v2,mlx-community/DeepSeek-R1-Distill-Qwen-14B-4bit,308.0,11613.0,0.0,0
2026-06-26T15:22:06.519,timeseries,3,Weather Report Extended v2,mlx-community/DeepSeek-R1-Distill-Qwen-14B-4bit,293.0,10118.0,0.0,0
2026-06-26T15:22:06.580,timeseries,3,Weather Report Extended v2,mlx-community/DeepSeek-R1-Distill-Qwen-14B-4bit,442.0,10192.0,0.0,0
2026-06-26T15:22:06.643,timeseries,3,Weather Report Extended v2,mlx-community/DeepSeek-R1-Distill-Qwen-14B-4bit,895.0,11602.0,0.0,0
2026-06-26T15:22:06.704,timeseries,3,Weather Report Extended v2,mlx-community/DeepSeek-R1-Distill-Qwen-14B-4bit,404.0,10091.0,0.0,0
2026-06-26T15:22:06.766,timeseries,3,Weather Report Extended v2,mlx-community/DeepSeek-R1-Distill-Qwen-14B-4bit,402.0,10009.0,0.0,0
2026-06-26T15:22:06.828,timeseries,3,Weather Report Extended v2,mlx-community/DeepSeek-R1-Distill-Qwen-14B-4bit,342.0,11591.0,0.0,0
2026-06-26T15:22:06.889,timeseries,3,Weather Report Extended v2,mlx-community/DeepSeek-R1-Distill-Qwen-14B-4bit,387.0,10067.0,0.0,0
2026-06-26T15:22:06.951,timeseries,3,Weather Report Extended v2,mlx-community/DeepSeek-R1-Distill-Qwen-14B-4bit,370.0,11466.0,0.0,0
2026-06-26T15:22:07.013,timeseries,3,Weather Report Extended v2,mlx-community/DeepSeek-R1-Distill-Qwen-14B-4bit,377.0,10221.0,0.0,0
2026-06-26T15:22:07.075,timeseries,3,Weather Report Extended v2,mlx-community/DeepSeek-R1-Distill-Qwen-14B-4bit,355.0,11485.0,0.0,0
2026-06-26T15:22:07.137,timeseries,3,Weather Report Extended v2,mlx-community/DeepSeek-R1-Distill-Qwen-14B-4bit,953.0,10042.0,0.0,0
2026-06-26T15:22:07.198,timeseries,3,Weather Report Extended v2,mlx-community/DeepSeek-R1-Distill-Qwen-14B-4bit,404.0,10105.0,0.0,0
2026-06-26T15:22:07.261,timeseries,3,Weather Report Extended v2,mlx-community/DeepSeek-R1-Distill-Qwen-14B-4bit,372.0,11529.0,0.0,0
2026-06-26T15:22:07.323,timeseries,3,Weather Report Extended v2,mlx-community/DeepSeek-R1-Distill-Qwen-14B-4bit,438.0,10130.0,0.0,0
2026-06-26T15:22:07.386,timeseries,3,Weather Report Extended v2,mlx-community/DeepSeek-R1-Distill-Qwen-14B-4bit,863.0,11342.0,0.0,0
2026-06-26T15:22:07.447,timeseries,3,Weather Report Extended v2,mlx-community/DeepSeek-R1-Distill-Qwen-14B-4bit,418.0,10079.0,0.0,0
2026-06-26T15:22:07.509,timeseries,3,Weather Report Extended v2,mlx-community/DeepSeek-R1-Distill-Qwen-14B-4bit,400.0,11404.0,0.0,0
2026-06-26T15:22:07.569,timeseries,3,Weather Report Extended v2,mlx-community/DeepSeek-R1-Distill-Qwen-14B-4bit,263.0,10261.0,0.0,0
2026-06-26T15:22:07.631,timeseries,3,Weather Report Extended v2,mlx-community/DeepSeek-R1-Distill-Qwen-14B-4bit,1078.0,10195.0,0.0,0
2026-06-26T15:22:07.693,timeseries,3,Weather Report Extended v2,mlx-community/DeepSeek-R1-Distill-Qwen-14B-4bit,423.0,11590.0,0.0,0
2026-06-26T15:22:07.755,timeseries,3,Weather Report Extended v2,mlx-community/DeepSeek-R1-Distill-Qwen-14B-4bit,374.0,10137.0,0.0,0
2026-06-26T15:22:07.816,timeseries,3,Weather Report Extended v2,mlx-community/DeepSeek-R1-Distill-Qwen-14B-4bit,322.0,11478.0,0.0,0
2026-06-26T15:22:07.878,timeseries,3,Weather Report Extended v2,mlx-community/DeepSeek-R1-Distill-Qwen-14B-4bit,468.0,10078.0,0.0,0
2026-06-26T15:22:07.939,timeseries,3,Weather Report Extended v2,mlx-community/DeepSeek-R1-Distill-Qwen-14B-4bit,390.0,10139.0,0.0,0
2026-06-26T15:22:08.001,timeseries,3,Weather Report Extended v2,mlx-community/DeepSeek-R1-Distill-Qwen-14B-4bit,371.0,11494.0,0.0,0
2026-06-26T15:22:08.063,timeseries,3,Weather Report Extended v2,mlx-community/DeepSeek-R1-Distill-Qwen-14B-4bit,277.0,10169.0,0.0,0
2026-06-26T15:22:08.125,timeseries,3,Weather Report Extended v2,mlx-community/DeepSeek-R1-Distill-Qwen-14B-4bit,1034.0,11506.0,0.0,0
2026-06-26T15:22:08.187,timeseries,3,Weather Report Extended v2,mlx-community/DeepSeek-R1-Distill-Qwen-14B-4bit,421.0,10099.0,0.0,0
2026-06-26T15:22:08.248,timeseries,3,Weather Report Extended v2,mlx-community/DeepSeek-R1-Distill-Qwen-14B-4bit,306.0,10038.0,0.0,0
2026-06-26T15:22:08.310,timeseries,3,Weather Report Extended v2,mlx-community/DeepSeek-R1-Distill-Qwen-14B-4bit,357.0,11581.0,0.0,0
2026-06-26T15:22:08.372,timeseries,3,Weather Report Extended v2,mlx-community/DeepSeek-R1-Distill-Qwen-14B-4bit,1030.0,10150.0,0.0,0
2026-06-26T15:22:08.434,timeseries,3,Weather Report Extended v2,mlx-community/DeepSeek-R1-Distill-Qwen-14B-4bit,434.0,11458.0,0.0,0
2026-06-26T15:22:08.495,timeseries,3,Weather Report Extended v2,mlx-community/DeepSeek-R1-Distill-Qwen-14B-4bit,274.0,10069.0,0.0,0
2026-06-26T15:22:08.557,timeseries,3,Weather Report Extended v2,mlx-community/DeepSeek-R1-Distill-Qwen-14B-4bit,406.0,10131.0,0.0,0
2026-06-26T15:22:08.619,timeseries,3,Weather Report Extended v2,mlx-community/DeepSeek-R1-Distill-Qwen-14B-4bit,3077.0,11431.0,0.0,0
2026-06-26T15:22:08.679,timeseries,3,Weather Report Extended v2,mlx-community/DeepSeek-R1-Distill-Qwen-14B-4bit,1533.0,10113.0,0.0,0
2026-06-26T15:22:08.740,timeseries,3,Weather Report Extended v2,mlx-community/DeepSeek-R1-Distill-Qwen-14B-4bit,210.0,10068.0,0.0,0
2026-06-26T15:22:08.802,timeseries,3,Weather Report Extended v2,mlx-community/DeepSeek-R1-Distill-Qwen-14B-4bit,282.0,11858.0,0.0,0
2026-06-26T15:22:08.863,timeseries,3,Weather Report Extended v2,mlx-community/DeepSeek-R1-Distill-Qwen-14B-4bit,341.0,10135.0,0.0,0
2026-06-26T15:22:08.925,timeseries,3,Weather Report Extended v2,mlx-community/DeepSeek-R1-Distill-Qwen-14B-4bit,472.0,11582.0,0.0,0
2026-06-26T15:22:08.987,timeseries,3,Weather Report Extended v2,mlx-community/DeepSeek-R1-Distill-Qwen-14B-4bit,261.0,10214.0,0.0,0
2026-06-26T15:22:09.049,timeseries,3,Weather Report Extended v2,mlx-community/DeepSeek-R1-Distill-Qwen-14B-4bit,419.0,10131.0,0.0,0
2026-06-26T15:22:09.111,timeseries,3,Weather Report Extended v2,mlx-community/DeepSeek-R1-Distill-Qwen-14B-4bit,1001.0,11499.0,0.0,0
2026-06-26T15:22:09.172,timeseries,3,Weather Report Extended v2,mlx-community/DeepSeek-R1-Distill-Qwen-14B-4bit,485.0,10074.0,0.0,0
2026-06-26T15:22:09.235,timeseries,3,Weather Report Extended v2,mlx-community/DeepSeek-R1-Distill-Qwen-14B-4bit,275.0,11561.0,0.0,0
2026-06-26T15:22:09.296,timeseries,3,Weather Report Extended v2,mlx-community/DeepSeek-R1-Distill-Qwen-14B-4bit,406.0,10127.0,0.0,0
2026-06-26T15:22:09.358,timeseries,3,Weather Report Extended v2,mlx-community/DeepSeek-R1-Distill-Qwen-14B-4bit,370.0,11473.0,0.0,0
2026-06-26T15:22:09.419,timeseries,3,Weather Report Extended v2,mlx-community/DeepSeek-R1-Distill-Qwen-14B-4bit,1072.0,10089.0,0.0,0
2026-06-26T15:22:09.481,timeseries,3,Weather Report Extended v2,mlx-community/DeepSeek-R1-Distill-Qwen-14B-4bit,295.0,10298.0,0.0,0
2026-06-26T15:22:09.543,timeseries,3,Weather Report Extended v2,mlx-community/DeepSeek-R1-Distill-Qwen-14B-4bit,388.0,11533.0,0.0,0
2026-06-26T15:22:09.605,timeseries,3,Weather Report Extended v2,mlx-community/DeepSeek-R1-Distill-Qwen-14B-4bit,942.0,10121.0,0.0,0
2026-06-26T15:22:09.667,timeseries,3,Weather Report Extended v2,mlx-community/DeepSeek-R1-Distill-Qwen-14B-4bit,511.0,11376.0,0.0,0
2026-06-26T15:22:09.729,timeseries,3,Weather Report Extended v2,mlx-community/DeepSeek-R1-Distill-Qwen-14B-4bit,275.0,10099.0,0.0,0
2026-06-26T15:22:09.790,timeseries,3,Weather Report Extended v2,mlx-community/DeepSeek-R1-Distill-Qwen-14B-4bit,372.0,10119.0,0.0,0
2026-06-26T15:22:09.853,timeseries,3,Weather Report Extended v2,mlx-community/DeepSeek-R1-Distill-Qwen-14B-4bit,389.0,11553.0,0.0,0
2026-06-26T15:22:09.915,timeseries,3,Weather Report Extended v2,mlx-community/DeepSeek-R1-Distill-Qwen-14B-4bit,324.0,10105.0,0.0,0
2026-06-26T15:22:09.975,timeseries,3,Weather Report Extended v2,mlx-community/DeepSeek-R1-Distill-Qwen-14B-4bit,417.0,11438.0,0.0,0
2026-06-26T15:22:10.037,timeseries,3,Weather Report Extended v2,mlx-community/DeepSeek-R1-Distill-Qwen-14B-4bit,378.0,10281.0,0.0,0
2026-06-26T15:22:10.099,timeseries,3,Weather Report Extended v2,mlx-community/DeepSeek-R1-Distill-Qwen-14B-4bit,1035.0,10074.0,0.0,0
2026-06-26T15:22:10.161,timeseries,3,Weather Report Extended v2,mlx-community/DeepSeek-R1-Distill-Qwen-14B-4bit,291.0,11562.0,0.0,0
2026-06-26T15:22:10.222,timeseries,3,Weather Report Extended v2,mlx-community/DeepSeek-R1-Distill-Qwen-14B-4bit,1526.0,10063.0,0.0,0
2026-06-26T15:22:10.284,timeseries,3,Weather Report Extended v2,mlx-community/DeepSeek-R1-Distill-Qwen-14B-4bit,407.0,11622.0,0.0,0
2026-06-26T15:22:10.346,timeseries,3,Weather Report Extended v2,mlx-community/DeepSeek-R1-Distill-Qwen-14B-4bit,407.0,10147.0,0.0,0
2026-06-26T15:22:10.408,timeseries,3,Weather Report Extended v2,mlx-community/DeepSeek-R1-Distill-Qwen-14B-4bit,704.0,11373.0,0.0,0
2026-06-26T15:22:10.469,timeseries,3,Weather Report Extended v2,mlx-community/DeepSeek-R1-Distill-Qwen-14B-4bit,662.0,10124.0,0.0,0
2026-06-26T15:22:10.530,timeseries,3,Weather Report Extended v2,mlx-community/DeepSeek-R1-Distill-Qwen-14B-4bit,394.0,10249.0,0.0,0
2026-06-26T15:22:10.591,timeseries,3,Weather Report Extended v2,mlx-community/DeepSeek-R1-Distill-Qwen-14B-4bit,979.0,11601.0,0.0,0
2026-06-26T15:22:10.653,timeseries,3,Weather Report Extended v2,mlx-community/DeepSeek-R1-Distill-Qwen-14B-4bit,294.0,10207.0,0.0,0
2026-06-26T15:22:10.714,timeseries,3,Weather Report Extended v2,mlx-community/DeepSeek-R1-Distill-Qwen-14B-4bit,473.0,10186.0,0.0,0
2026-06-26T15:22:10.776,timeseries,3,Weather Report Extended v2,mlx-community/DeepSeek-R1-Distill-Qwen-14B-4bit,389.0,11579.0,0.0,0
2026-06-26T15:22:10.837,timeseries,3,Weather Report Extended v2,mlx-community/DeepSeek-R1-Distill-Qwen-14B-4bit,390.0,10150.0,0.0,0
2026-06-26T15:22:10.899,timeseries,3,Weather Report Extended v2,mlx-community/DeepSeek-R1-Distill-Qwen-14B-4bit,274.0,10075.0,0.0,0
2026-06-26T15:22:10.961,timeseries,3,Weather Report Extended v2,mlx-community/DeepSeek-R1-Distill-Qwen-14B-4bit,442.0,11684.0,0.0,0
2026-06-26T15:22:11.022,timeseries,3,Weather Report Extended v2,mlx-community/DeepSeek-R1-Distill-Qwen-14B-4bit,375.0,10203.0,0.0,0
2026-06-26T15:22:11.085,timeseries,3,Weather Report Extended v2,mlx-community/DeepSeek-R1-Distill-Qwen-14B-4bit,742.0,11483.0,0.0,0
2026-06-26T15:22:11.147,timeseries,3,Weather Report Extended v2,mlx-community/DeepSeek-R1-Distill-Qwen-14B-4bit,489.0,10217.0,0.0,0
2026-06-26T15:22:11.209,timeseries,3,Weather Report Extended v2,mlx-community/DeepSeek-R1-Distill-Qwen-14B-4bit,400.0,11412.0,0.0,0
2026-06-26T15:22:11.270,timeseries,3,Weather Report Extended v2,mlx-community/DeepSeek-R1-Distill-Qwen-14B-4bit,468.0,10082.0,0.0,0
2026-06-26T15:22:11.332,timeseries,3,Weather Report Extended v2,mlx-community/DeepSeek-R1-Distill-Qwen-14B-4bit,417.0,10000.0,0.0,0
2026-06-26T15:22:11.392,timeseries,3,Weather Report Extended v2,mlx-community/DeepSeek-R1-Distill-Qwen-14B-4bit,3643.0,11435.0,0.0,0
2026-06-26T15:22:11.454,timeseries,3,Weather Report Extended v2,mlx-community/DeepSeek-R1-Distill-Qwen-14B-4bit,421.0,10142.0,0.0,0
2026-06-26T15:22:11.517,timeseries,3,Weather Report Extended v2,mlx-community/DeepSeek-R1-Distill-Qwen-14B-4bit,316.0,10387.0,0.0,0
2026-06-26T15:22:11.578,timeseries,3,Weather Report Extended v2,mlx-community/DeepSeek-R1-Distill-Qwen-14B-4bit,130.0,11610.0,0.0,0
2026-06-26T15:22:11.641,timeseries,3,Weather Report Extended v2,mlx-community/DeepSeek-R1-Distill-Qwen-14B-4bit,332.0,9848.0,0.0,0
2026-06-26T15:22:11.703,timeseries,3,Weather Report Extended v2,mlx-community/DeepSeek-R1-Distill-Qwen-14B-4bit,146.0,11615.0,0.0,0
2026-06-26T15:22:11.766,timeseries,3,Weather Report Extended v2,mlx-community/DeepSeek-R1-Distill-Qwen-14B-4bit,159.0,9948.0,0.0,0
2026-06-26T15:22:11.828,timeseries,3,Weather Report Extended v2,mlx-community/DeepSeek-R1-Distill-Qwen-14B-4bit,129.0,11523.0,0.0,0
2026-06-26T15:22:11.889,timeseries,3,Weather Report Extended v2,mlx-community/DeepSeek-R1-Distill-Qwen-14B-4bit,127.0,9914.0,0.0,0
2026-06-26T15:22:11.951,timeseries,3,Weather Report Extended v2,mlx-community/DeepSeek-R1-Distill-Qwen-14B-4bit,145.0,11529.0,0.0,0
2026-06-26T15:22:12.014,timeseries,3,Weather Report Extended v2,mlx-community/DeepSeek-R1-Distill-Qwen-14B-4bit,147.0,10186.0,0.0,0
2026-06-26T15:22:12.076,timeseries,3,Weather Report Extended v2,mlx-community/DeepSeek-R1-Distill-Qwen-14B-4bit,114.0,11578.0,0.0,0
2026-06-26T15:22:12.138,timeseries,3,Weather Report Extended v2,mlx-community/DeepSeek-R1-Distill-Qwen-14B-4bit,303.0,9942.0,0.0,0
2026-06-26T15:22:12.199,timeseries,3,Weather Report Extended v2,mlx-community/DeepSeek-R1-Distill-Qwen-14B-4bit,161.0,11471.0,0.0,0
2026-06-26T15:22:12.261,timeseries,3,Weather Report Extended v2,mlx-community/DeepSeek-R1-Distill-Qwen-14B-4bit,162.0,10113.0,0.0,0
2026-06-26T15:22:12.322,timeseries,3,Weather Report Extended v2,mlx-community/DeepSeek-R1-Distill-Qwen-14B-4bit,115.0,10237.0,0.0,0
2026-06-26T15:22:12.384,timeseries,3,Weather Report Extended v2,mlx-community/DeepSeek-R1-Distill-Qwen-14B-4bit,241.0,11420.0,0.0,0
2026-06-26T15:22:12.446,timeseries,3,Weather Report Extended v2,mlx-community/DeepSeek-R1-Distill-Qwen-14B-4bit,179.0,10167.0,0.0,0
2026-06-26T15:22:12.509,timeseries,3,Weather Report Extended v2,mlx-community/DeepSeek-R1-Distill-Qwen-14B-4bit,145.0,11543.0,0.0,0
2026-06-26T15:22:12.569,timeseries,3,Weather Report Extended v2,mlx-community/DeepSeek-R1-Distill-Qwen-14B-4bit,178.0,10064.0,0.0,0
2026-06-26T15:22:12.632,timeseries,3,Weather Report Extended v2,mlx-community/DeepSeek-R1-Distill-Qwen-14B-4bit,309.0,10106.0,0.0,0
2026-06-26T15:22:12.694,timeseries,3,Weather Report Extended v2,mlx-community/DeepSeek-R1-Distill-Qwen-14B-4bit,178.0,11585.0,0.0,0
2026-06-26T15:22:12.756,timeseries,3,Weather Report Extended v2,mlx-community/DeepSeek-R1-Distill-Qwen-14B-4bit,128.0,10017.0,0.0,0
2026-06-26T15:22:12.818,timeseries,3,Weather Report Extended v2,mlx-community/DeepSeek-R1-Distill-Qwen-14B-4bit,128.0,11430.0,0.0,0
2026-06-26T15:22:12.881,timeseries,3,Weather Report Extended v2,mlx-community/DeepSeek-R1-Distill-Qwen-14B-4bit,129.0,10103.0,0.0,0
2026-06-26T15:22:12.943,timeseries,3,Weather Report Extended v2,mlx-community/DeepSeek-R1-Distill-Qwen-14B-4bit,161.0,11450.0,0.0,0
2026-06-26T15:22:13.006,timeseries,3,Weather Report Extended v2,mlx-community/DeepSeek-R1-Distill-Qwen-14B-4bit,128.0,9980.0,0.0,0
2026-06-26T15:22:13.067,timeseries,3,Weather Report Extended v2,mlx-community/DeepSeek-R1-Distill-Qwen-14B-4bit,127.0,11375.0,0.0,0
2026-06-26T15:22:13.128,timeseries,3,Weather Report Extended v2,mlx-community/DeepSeek-R1-Distill-Qwen-14B-4bit,306.0,10011.0,0.0,0
2026-06-26T15:22:13.191,timeseries,3,Weather Report Extended v2,mlx-community/DeepSeek-R1-Distill-Qwen-14B-4bit,148.0,10293.0,0.0,0
2026-06-26T15:22:13.253,timeseries,3,Weather Report Extended v2,mlx-community/DeepSeek-R1-Distill-Qwen-14B-4bit,145.0,11499.0,0.0,0
2026-06-26T15:22:13.316,timeseries,3,Weather Report Extended v2,mlx-community/DeepSeek-R1-Distill-Qwen-14B-4bit,127.0,9959.0,0.0,0
2026-06-26T15:22:13.378,timeseries,3,Weather Report Extended v2,mlx-community/DeepSeek-R1-Distill-Qwen-14B-4bit,178.0,11514.0,0.0,0
2026-06-26T15:22:13.442,timeseries,3,Weather Report Extended v2,mlx-community/DeepSeek-R1-Distill-Qwen-14B-4bit,252.0,9835.0,0.0,0
2026-06-26T15:22:13.504,timeseries,3,Weather Report Extended v2,mlx-community/DeepSeek-R1-Distill-Qwen-14B-4bit,162.0,11554.0,0.0,0
2026-06-26T15:22:13.565,timeseries,3,Weather Report Extended v2,mlx-community/DeepSeek-R1-Distill-Qwen-14B-4bit,126.0,11249.0,0.0,0
2026-06-26T15:22:13.627,timeseries,3,Weather Report Extended v2,mlx-community/DeepSeek-R1-Distill-Qwen-14B-4bit,353.0,9963.0,0.0,0
2026-06-26T15:22:13.690,timeseries,3,Weather Report Extended v2,mlx-community/DeepSeek-R1-Distill-Qwen-14B-4bit,180.0,10241.0,0.0,0
2026-06-26T15:22:13.753,timeseries,3,Weather Report Extended v2,mlx-community/DeepSeek-R1-Distill-Qwen-14B-4bit,145.0,11500.0,0.0,0
2026-06-26T15:22:13.815,timeseries,3,Weather Report Extended v2,mlx-community/DeepSeek-R1-Distill-Qwen-14B-4bit,127.0,9951.0,0.0,0
2026-06-26T15:22:13.877,timeseries,3,Weather Report Extended v2,mlx-community/DeepSeek-R1-Distill-Qwen-14B-4bit,144.0,11390.0,0.0,0
2026-06-26T15:22:13.939,timeseries,3,Weather Report Extended v2,mlx-community/DeepSeek-R1-Distill-Qwen-14B-4bit,130.0,10125.0,0.0,0
2026-06-26T15:22:14.001,timeseries,3,Weather Report Extended v2,mlx-community/DeepSeek-R1-Distill-Qwen-14B-4bit,129.0,11469.0,0.0,0
2026-06-26T15:22:14.063,timeseries,3,Weather Report Extended v2,mlx-community/DeepSeek-R1-Distill-Qwen-14B-4bit,160.0,9990.0,0.0,0
2026-06-26T15:22:14.125,timeseries,3,Weather Report Extended v2,mlx-community/DeepSeek-R1-Distill-Qwen-14B-4bit,306.0,11452.0,0.0,0
2026-06-26T15:22:14.188,timeseries,3,Weather Report Extended v2,mlx-community/DeepSeek-R1-Distill-Qwen-14B-4bit,163.0,10229.0,0.0,0
2026-06-26T15:22:14.250,timeseries,3,Weather Report Extended v2,mlx-community/DeepSeek-R1-Distill-Qwen-14B-4bit,112.0,11430.0,0.0,0
2026-06-26T15:22:14.312,timeseries,3,Weather Report Extended v2,mlx-community/DeepSeek-R1-Distill-Qwen-14B-4bit,143.0,9946.0,0.0,0
2026-06-26T15:22:14.375,timeseries,3,Weather Report Extended v2,mlx-community/DeepSeek-R1-Distill-Qwen-14B-4bit,177.0,9996.0,0.0,0
2026-06-26T15:22:14.438,timeseries,3,Weather Report Extended v2,mlx-community/DeepSeek-R1-Distill-Qwen-14B-4bit,258.0,11427.0,0.0,0
2026-06-26T15:22:14.500,timeseries,3,Weather Report Extended v2,mlx-community/DeepSeek-R1-Distill-Qwen-14B-4bit,143.0,11396.0,0.0,0
2026-06-26T15:22:14.560,timeseries,3,Weather Report Extended v2,mlx-community/DeepSeek-R1-Distill-Qwen-14B-4bit,143.0,9929.0,0.0,0
2026-06-26T15:22:14.622,timeseries,3,Weather Report Extended v2,mlx-community/DeepSeek-R1-Distill-Qwen-14B-4bit,321.0,9989.0,0.0,0
2026-06-26T15:22:14.685,timeseries,3,Weather Report Extended v2,mlx-community/DeepSeek-R1-Distill-Qwen-14B-4bit,317.0,11917.0,0.0,0
2026-06-26T15:22:14.746,timeseries,3,Weather Report Extended v2,mlx-community/DeepSeek-R1-Distill-Qwen-14B-4bit,114.0,10147.0,0.0,0
2026-06-26T15:22:14.809,timeseries,3,Weather Report Extended v2,mlx-community/DeepSeek-R1-Distill-Qwen-14B-4bit,144.0,11402.0,0.0,0
2026-06-26T15:22:14.872,timeseries,3,Weather Report Extended v2,mlx-community/DeepSeek-R1-Distill-Qwen-14B-4bit,194.0,9847.0,0.0,0
2026-06-26T15:22:14.934,timeseries,3,Weather Report Extended v2,mlx-community/DeepSeek-R1-Distill-Qwen-14B-4bit,175.0,10938.0,0.0,0
2026-06-26T15:22:14.997,timeseries,3,Weather Report Extended v2,mlx-community/DeepSeek-R1-Distill-Qwen-14B-4bit,128.0,10021.0,0.0,0
2026-06-26T15:22:15.058,timeseries,3,Weather Report Extended v2,mlx-community/DeepSeek-R1-Distill-Qwen-14B-4bit,128.0,11422.0,0.0,0
2026-06-26T15:22:15.120,timeseries,3,Weather Report Extended v2,mlx-community/DeepSeek-R1-Distill-Qwen-14B-4bit,304.0,9960.0,0.0,0
2026-06-26T15:22:15.183,timeseries,3,Weather Report Extended v2,mlx-community/DeepSeek-R1-Distill-Qwen-14B-4bit,164.0,10289.0,0.0,0
2026-06-26T15:22:15.245,timeseries,3,Weather Report Extended v2,mlx-community/DeepSeek-R1-Distill-Qwen-14B-4bit,128.0,11427.0,0.0,0
2026-06-26T15:22:15.307,timeseries,3,Weather Report Extended v2,mlx-community/DeepSeek-R1-Distill-Qwen-14B-4bit,144.0,9998.0,0.0,0
2026-06-26T15:22:15.370,timeseries,3,Weather Report Extended v2,mlx-community/DeepSeek-R1-Distill-Qwen-14B-4bit,161.0,11514.0,0.0,0
2026-06-26T15:22:15.434,timeseries,3,Weather Report Extended v2,mlx-community/DeepSeek-R1-Distill-Qwen-14B-4bit,272.0,9961.0,0.0,0
2026-06-26T15:22:15.495,timeseries,3,Weather Report Extended v2,mlx-community/DeepSeek-R1-Distill-Qwen-14B-4bit,142.0,11305.0,0.0,0
2026-06-26T15:22:15.555,timeseries,3,Weather Report Extended v2,mlx-community/DeepSeek-R1-Distill-Qwen-14B-4bit,144.0,9973.0,0.0,0
2026-06-26T15:22:15.619,timeseries,3,Weather Report Extended v2,mlx-community/DeepSeek-R1-Distill-Qwen-14B-4bit,276.0,11513.0,0.0,0
2026-06-26T15:22:15.681,timeseries,3,Weather Report Extended v2,mlx-community/DeepSeek-R1-Distill-Qwen-14B-4bit,181.0,10287.0,0.0,0
2026-06-26T15:22:15.743,timeseries,3,Weather Report Extended v2,mlx-community/DeepSeek-R1-Distill-Qwen-14B-4bit,221.0,11264.0,0.0,0
2026-06-26T15:22:15.805,timeseries,3,Weather Report Extended v2,mlx-community/DeepSeek-R1-Distill-Qwen-14B-4bit,129.0,10073.0,0.0,0
2026-06-26T15:22:15.869,timeseries,3,Weather Report Extended v2,mlx-community/DeepSeek-R1-Distill-Qwen-14B-4bit,129.0,11502.0,0.0,0
2026-06-26T15:22:15.930,timeseries,3,Weather Report Extended v2,mlx-community/DeepSeek-R1-Distill-Qwen-14B-4bit,129.0,10091.0,0.0,0
2026-06-26T15:22:15.993,timeseries,3,Weather Report Extended v2,mlx-community/DeepSeek-R1-Distill-Qwen-14B-4bit,141.0,11223.0,0.0,0
2026-06-26T15:22:16.054,timeseries,3,Weather Report Extended v2,mlx-community/DeepSeek-R1-Distill-Qwen-14B-4bit,146.0,10111.0,0.0,0
2026-06-26T15:22:16.115,timeseries,3,Weather Report Extended v2,mlx-community/DeepSeek-R1-Distill-Qwen-14B-4bit,303.0,9923.0,0.0,0
2026-06-26T15:22:16.177,timeseries,3,Weather Report Extended v2,mlx-community/DeepSeek-R1-Distill-Qwen-14B-4bit,331.0,11800.0,0.0,0
2026-06-26T15:22:16.240,timeseries,3,Weather Report Extended v2,mlx-community/DeepSeek-R1-Distill-Qwen-14B-4bit,179.0,10159.0,0.0,0
2026-06-26T15:22:16.300,timeseries,3,Weather Report Extended v2,mlx-community/DeepSeek-R1-Distill-Qwen-14B-4bit,145.0,11464.0,0.0,0
2026-06-26T15:22:16.362,timeseries,3,Weather Report Extended v2,mlx-community/DeepSeek-R1-Distill-Qwen-14B-4bit,1043.0,10007.0,0.0,0
2026-06-26T15:22:16.424,timeseries,3,Weather Report Extended v2,mlx-community/DeepSeek-R1-Distill-Qwen-14B-4bit,1315.0,10049.0,0.0,0
2026-06-26T15:22:16.486,timeseries,3,Weather Report Extended v2,mlx-community/DeepSeek-R1-Distill-Qwen-14B-4bit,2505.0,11460.0,0.0,0
2026-06-26T15:22:16.548,timeseries,3,Weather Report Extended v2,mlx-community/DeepSeek-R1-Distill-Qwen-14B-4bit,519.0,10126.0,0.0,0
2026-06-26T15:22:16.610,timeseries,3,Weather Report Extended v2,mlx-community/DeepSeek-R1-Distill-Qwen-14B-4bit,703.0,11363.0,0.0,0
2026-06-26T15:22:16.672,timeseries,3,Weather Report Extended v2,mlx-community/DeepSeek-R1-Distill-Qwen-14B-4bit,211.0,10156.0,0.0,0
2026-06-26T15:22:16.734,timeseries,3,Weather Report Extended v2,mlx-community/DeepSeek-R1-Distill-Qwen-14B-4bit,451.0,11512.0,0.0,0
2026-06-26T15:22:16.802,timeseries,3,Weather Report Extended v2,mlx-community/DeepSeek-R1-Distill-Qwen-14B-4bit,405.0,10137.0,0.0,0
2026-06-26T15:22:16.864,timeseries,3,Weather Report Extended v2,mlx-community/DeepSeek-R1-Distill-Qwen-14B-4bit,515.0,11200.0,0.0,0
2026-06-26T15:22:16.926,timeseries,3,Weather Report Extended v2,mlx-community/DeepSeek-R1-Distill-Qwen-14B-4bit,469.0,10347.0,0.0,0
2026-06-26T15:22:16.988,timeseries,3,Weather Report Extended v2,mlx-community/DeepSeek-R1-Distill-Qwen-14B-4bit,407.0,10181.0,0.0,0
2026-06-26T15:22:17.050,timeseries,3,Weather Report Extended v2,mlx-community/DeepSeek-R1-Distill-Qwen-14B-4bit,435.0,11511.0,0.0,0
2026-06-26T15:22:17.112,timeseries,3,Weather Report Extended v2,mlx-community/DeepSeek-R1-Distill-Qwen-14B-4bit,999.0,10027.0,0.0,0
2026-06-26T15:22:17.173,timeseries,3,Weather Report Extended v2,mlx-community/DeepSeek-R1-Distill-Qwen-14B-4bit,273.0,10050.0,0.0,0
2026-06-26T15:22:17.235,timeseries,3,Weather Report Extended v2,mlx-community/DeepSeek-R1-Distill-Qwen-14B-4bit,405.0,11594.0,0.0,0
2026-06-26T15:22:17.298,timeseries,3,Weather Report Extended v2,mlx-community/DeepSeek-R1-Distill-Qwen-14B-4bit,471.0,10142.0,0.0,0
2026-06-26T15:22:17.360,timeseries,3,Weather Report Extended v2,mlx-community/DeepSeek-R1-Distill-Qwen-14B-4bit,419.0,11490.0,0.0,0
2026-06-26T15:22:17.422,timeseries,3,Weather Report Extended v2,mlx-community/DeepSeek-R1-Distill-Qwen-14B-4bit,661.0,10073.0,0.0,0
2026-06-26T15:22:17.484,timeseries,3,Weather Report Extended v2,mlx-community/DeepSeek-R1-Distill-Qwen-14B-4bit,496.0,11466.0,0.0,0
2026-06-26T15:22:17.546,timeseries,3,Weather Report Extended v2,mlx-community/DeepSeek-R1-Distill-Qwen-14B-4bit,454.0,10126.0,0.0,0
2026-06-26T15:22:17.609,timeseries,3,Weather Report Extended v2,mlx-community/DeepSeek-R1-Distill-Qwen-14B-4bit,966.0,11450.0,0.0,0
2026-06-26T15:22:17.670,timeseries,3,Weather Report Extended v2,mlx-community/DeepSeek-R1-Distill-Qwen-14B-4bit,305.0,10026.0,0.0,0
2026-06-26T15:22:17.731,timeseries,3,Weather Report Extended v2,mlx-community/DeepSeek-R1-Distill-Qwen-14B-4bit,383.0,9981.0,0.0,0
2026-06-26T15:22:17.793,timeseries,3,Weather Report Extended v2,mlx-community/DeepSeek-R1-Distill-Qwen-14B-4bit,653.0,11658.0,0.0,0
2026-06-26T15:22:17.854,timeseries,3,Weather Report Extended v2,mlx-community/DeepSeek-R1-Distill-Qwen-14B-4bit,282.0,10370.0,0.0,0
2026-06-26T15:22:17.916,timeseries,3,Weather Report Extended v2,mlx-community/DeepSeek-R1-Distill-Qwen-14B-4bit,372.0,10102.0,0.0,0
2026-06-26T15:22:17.978,timeseries,3,Weather Report Extended v2,mlx-community/DeepSeek-R1-Distill-Qwen-14B-4bit,406.0,11601.0,0.0,0
2026-06-26T15:22:18.040,timeseries,3,Weather Report Extended v2,mlx-community/DeepSeek-R1-Distill-Qwen-14B-4bit,435.0,10077.0,0.0,0
2026-06-26T15:22:18.102,timeseries,3,Weather Report Extended v2,mlx-community/DeepSeek-R1-Distill-Qwen-14B-4bit,836.0,11447.0,0.0,0
2026-06-26T15:22:18.163,timeseries,3,Weather Report Extended v2,mlx-community/DeepSeek-R1-Distill-Qwen-14B-4bit,405.0,10167.0,0.0,0
2026-06-26T15:22:18.225,timeseries,3,Weather Report Extended v2,mlx-community/DeepSeek-R1-Distill-Qwen-14B-4bit,386.0,11512.0,0.0,0
2026-06-26T15:22:18.287,timeseries,3,Weather Report Extended v2,mlx-community/DeepSeek-R1-Distill-Qwen-14B-4bit,408.0,10207.0,0.0,0
2026-06-26T15:22:18.349,timeseries,3,Weather Report Extended v2,mlx-community/DeepSeek-R1-Distill-Qwen-14B-4bit,338.0,10061.0,0.0,0
2026-06-26T15:22:18.411,timeseries,3,Weather Report Extended v2,mlx-community/DeepSeek-R1-Distill-Qwen-14B-4bit,795.0,11583.0,0.0,0
2026-06-26T15:22:18.472,timeseries,3,Weather Report Extended v2,mlx-community/DeepSeek-R1-Distill-Qwen-14B-4bit,401.0,10053.0,0.0,0
2026-06-26T15:22:18.535,timeseries,3,Weather Report Extended v2,mlx-community/DeepSeek-R1-Distill-Qwen-14B-4bit,389.0,11574.0,0.0,0
2026-06-26T15:22:18.596,timeseries,3,Weather Report Extended v2,mlx-community/DeepSeek-R1-Distill-Qwen-14B-4bit,925.0,10099.0,0.0,0
2026-06-26T15:22:18.657,timeseries,3,Weather Report Extended v2,mlx-community/DeepSeek-R1-Distill-Qwen-14B-4bit,419.0,10079.0,0.0,0
2026-06-26T15:22:18.719,timeseries,3,Weather Report Extended v2,mlx-community/DeepSeek-R1-Distill-Qwen-14B-4bit,391.0,11643.0,0.0,0
2026-06-26T15:22:18.781,timeseries,3,Weather Report Extended v2,mlx-community/DeepSeek-R1-Distill-Qwen-14B-4bit,391.0,10183.0,0.0,0
2026-06-26T15:22:18.843,timeseries,3,Weather Report Extended v2,mlx-community/DeepSeek-R1-Distill-Qwen-14B-4bit,504.0,11626.0,0.0,0
2026-06-26T15:22:18.905,timeseries,3,Weather Report Extended v2,mlx-community/DeepSeek-R1-Distill-Qwen-14B-4bit,388.0,10128.0,0.0,0
2026-06-26T15:22:18.967,timeseries,3,Weather Report Extended v2,mlx-community/DeepSeek-R1-Distill-Qwen-14B-4bit,367.0,11394.0,0.0,0
2026-06-26T15:22:19.028,timeseries,3,Weather Report Extended v2,mlx-community/DeepSeek-R1-Distill-Qwen-14B-4bit,377.0,10236.0,0.0,0
2026-06-26T15:22:19.090,timeseries,3,Weather Report Extended v2,mlx-community/DeepSeek-R1-Distill-Qwen-14B-4bit,880.0,10000.0,0.0,0
2026-06-26T15:22:19.151,timeseries,3,Weather Report Extended v2,mlx-community/DeepSeek-R1-Distill-Qwen-14B-4bit,439.0,11637.0,0.0,0
2026-06-26T15:22:19.212,timeseries,3,Weather Report Extended v2,mlx-community/DeepSeek-R1-Distill-Qwen-14B-4bit,391.0,10200.0,0.0,0
2026-06-26T15:22:19.274,timeseries,3,Weather Report Extended v2,mlx-community/DeepSeek-R1-Distill-Qwen-14B-4bit,376.0,10207.0,0.0,0
2026-06-26T15:22:19.336,timeseries,3,Weather Report Extended v2,mlx-community/DeepSeek-R1-Distill-Qwen-14B-4bit,358.0,11650.0,0.0,0
2026-06-26T15:22:19.398,timeseries,3,Weather Report Extended v2,mlx-community/DeepSeek-R1-Distill-Qwen-14B-4bit,807.0,10065.0,0.0,0
2026-06-26T15:22:19.460,timeseries,3,Weather Report Extended v2,mlx-community/DeepSeek-R1-Distill-Qwen-14B-4bit,388.0,11625.0,0.0,0
2026-06-26T15:22:19.523,timeseries,3,Weather Report Extended v2,mlx-community/DeepSeek-R1-Distill-Qwen-14B-4bit,291.0,10077.0,0.0,0
2026-06-26T15:22:19.585,timeseries,3,Weather Report Extended v2,mlx-community/DeepSeek-R1-Distill-Qwen-14B-4bit,692.0,11471.0,0.0,0
2026-06-26T15:22:19.647,timeseries,3,Weather Report Extended v2,mlx-community/DeepSeek-R1-Distill-Qwen-14B-4bit,704.0,10022.0,0.0,0
2026-06-26T15:22:19.708,timeseries,3,Weather Report Extended v2,mlx-community/DeepSeek-R1-Distill-Qwen-14B-4bit,402.0,11472.0,0.0,0
2026-06-26T15:22:19.770,timeseries,3,Weather Report Extended v2,mlx-community/DeepSeek-R1-Distill-Qwen-14B-4bit,276.0,10135.0,0.0,0
2026-06-26T15:22:19.832,timeseries,3,Weather Report Extended v2,mlx-community/DeepSeek-R1-Distill-Qwen-14B-4bit,373.0,10161.0,0.0,0
2026-06-26T15:22:19.894,timeseries,3,Weather Report Extended v2,mlx-community/DeepSeek-R1-Distill-Qwen-14B-4bit,612.0,11538.0,0.0,0
2026-06-26T15:22:19.955,timeseries,3,Weather Report Extended v2,mlx-community/DeepSeek-R1-Distill-Qwen-14B-4bit,375.0,10193.0,0.0,0
2026-06-26T15:22:20.017,timeseries,3,Weather Report Extended v2,mlx-community/DeepSeek-R1-Distill-Qwen-14B-4bit,274.0,11503.0,0.0,0
2026-06-26T15:22:20.079,timeseries,3,Weather Report Extended v2,mlx-community/DeepSeek-R1-Distill-Qwen-14B-4bit,390.0,10169.0,0.0,0
2026-06-26T15:22:20.140,timeseries,3,Weather Report Extended v2,mlx-community/DeepSeek-R1-Distill-Qwen-14B-4bit,1158.0,10191.0,0.0,0
2026-06-26T15:22:20.202,timeseries,3,Weather Report Extended v2,mlx-community/DeepSeek-R1-Distill-Qwen-14B-4bit,1321.0,11419.0,0.0,0
2026-06-26T15:22:20.263,timeseries,3,Weather Report Extended v2,mlx-community/DeepSeek-R1-Distill-Qwen-14B-4bit,408.0,10226.0,0.0,0
2026-06-26T15:22:20.323,timeseries,3,Weather Report Extended v2,mlx-community/DeepSeek-R1-Distill-Qwen-14B-4bit,403.0,11515.0,0.0,0
2026-06-26T15:22:20.386,timeseries,3,Weather Report Extended v2,mlx-community/DeepSeek-R1-Distill-Qwen-14B-4bit,1234.0,10205.0,0.0,0
2026-06-26T15:22:20.447,timeseries,3,Weather Report Extended v2,mlx-community/DeepSeek-R1-Distill-Qwen-14B-4bit,526.0,10296.0,0.0,0
2026-06-26T15:22:20.509,timeseries,3,Weather Report Extended v2,mlx-community/DeepSeek-R1-Distill-Qwen-14B-4bit,274.0,11537.0,0.0,0
2026-06-26T15:22:20.570,timeseries,3,Weather Report Extended v2,mlx-community/DeepSeek-R1-Distill-Qwen-14B-4bit,392.0,10196.0,0.0,0
2026-06-26T15:22:20.632,timeseries,3,Weather Report Extended v2,mlx-community/DeepSeek-R1-Distill-Qwen-14B-4bit,1068.0,10109.0,0.0,0
2026-06-26T15:22:20.694,timeseries,3,Weather Report Extended v2,mlx-community/DeepSeek-R1-Distill-Qwen-14B-4bit,356.0,11568.0,0.0,0
2026-06-26T15:22:20.756,timeseries,3,Weather Report Extended v2,mlx-community/DeepSeek-R1-Distill-Qwen-14B-4bit,306.0,10108.0,0.0,0
2026-06-26T15:22:20.818,timeseries,3,Weather Report Extended v2,mlx-community/DeepSeek-R1-Distill-Qwen-14B-4bit,389.0,11603.0,0.0,0
2026-06-26T15:22:20.879,timeseries,3,Weather Report Extended v2,mlx-community/DeepSeek-R1-Distill-Qwen-14B-4bit,387.0,10100.0,0.0,0
2026-06-26T15:22:20.940,timeseries,3,Weather Report Extended v2,mlx-community/DeepSeek-R1-Distill-Qwen-14B-4bit,502.0,11558.0,0.0,0
2026-06-26T15:22:21.002,timeseries,3,Weather Report Extended v2,mlx-community/DeepSeek-R1-Distill-Qwen-14B-4bit,390.0,10177.0,0.0,0
2026-06-26T15:22:21.065,timeseries,3,Weather Report Extended v2,mlx-community/DeepSeek-R1-Distill-Qwen-14B-4bit,376.0,10239.0,0.0,0
2026-06-26T15:22:21.127,timeseries,3,Weather Report Extended v2,mlx-community/DeepSeek-R1-Distill-Qwen-14B-4bit,986.0,11556.0,0.0,0
2026-06-26T15:22:21.189,timeseries,3,Weather Report Extended v2,mlx-community/DeepSeek-R1-Distill-Qwen-14B-4bit,336.0,9995.0,0.0,0
2026-06-26T15:22:21.250,timeseries,3,Weather Report Extended v2,mlx-community/DeepSeek-R1-Distill-Qwen-14B-4bit,404.0,11561.0,0.0,0
2026-06-26T15:22:21.312,timeseries,3,Weather Report Extended v2,mlx-community/DeepSeek-R1-Distill-Qwen-14B-4bit,387.0,10100.0,0.0,0
2026-06-26T15:22:21.373,timeseries,3,Weather Report Extended v2,mlx-community/DeepSeek-R1-Distill-Qwen-14B-4bit,794.0,10097.0,0.0,0
2026-06-26T15:22:21.435,timeseries,3,Weather Report Extended v2,mlx-community/DeepSeek-R1-Distill-Qwen-14B-4bit,373.0,11636.0,0.0,0
2026-06-26T15:22:21.497,timeseries,3,Weather Report Extended v2,mlx-community/DeepSeek-R1-Distill-Qwen-14B-4bit,392.0,10267.0,0.0,0
2026-06-26T15:22:21.559,timeseries,3,Weather Report Extended v2,mlx-community/DeepSeek-R1-Distill-Qwen-14B-4bit,958.0,11562.0,0.0,0
2026-06-26T15:22:21.620,timeseries,3,Weather Report Extended v2,mlx-community/DeepSeek-R1-Distill-Qwen-14B-4bit,3299.0,9978.0,0.0,0
2026-06-26T15:22:21.682,timeseries,3,Weather Report Extended v2,mlx-community/DeepSeek-R1-Distill-Qwen-14B-4bit,242.0,10133.0,0.0,0
2026-06-26T15:22:21.744,timeseries,3,Weather Report Extended v2,mlx-community/DeepSeek-R1-Distill-Qwen-14B-4bit,261.0,11660.0,0.0,0
2026-06-26T15:22:21.807,timeseries,3,Weather Report Extended v2,mlx-community/DeepSeek-R1-Distill-Qwen-14B-4bit,129.0,10114.0,0.0,0
2026-06-26T15:22:21.870,timeseries,3,Weather Report Extended v2,mlx-community/DeepSeek-R1-Distill-Qwen-14B-4bit,129.0,11544.0,0.0,0
2026-06-26T15:22:21.932,timeseries,3,Weather Report Extended v2,mlx-community/DeepSeek-R1-Distill-Qwen-14B-4bit,158.0,9952.0,0.0,0
2026-06-26T15:22:21.993,timeseries,3,Weather Report Extended v2,mlx-community/DeepSeek-R1-Distill-Qwen-14B-4bit,192.0,11427.0,0.0,0
2026-06-26T15:22:22.059,timeseries,3,Weather Report Extended v2,mlx-community/DeepSeek-R1-Distill-Qwen-14B-4bit,129.0,10133.0,0.0,0
2026-06-26T15:22:22.123,timeseries,3,Weather Report Extended v2,mlx-community/DeepSeek-R1-Distill-Qwen-14B-4bit,582.0,11341.0,0.0,0
2026-06-26T15:22:22.186,timeseries,3,Weather Report Extended v2,mlx-community/DeepSeek-R1-Distill-Qwen-14B-4bit,577.0,10715.0,0.0,0
2026-06-26T15:22:22.248,timeseries,3,Weather Report Extended v2,mlx-community/DeepSeek-R1-Distill-Qwen-14B-4bit,171.0,9737.0,0.0,0
2026-06-26T15:22:22.311,timeseries,3,Weather Report Extended v2,mlx-community/DeepSeek-R1-Distill-Qwen-14B-4bit,128.0,11450.0,0.0,0
2026-06-26T15:22:22.373,timeseries,3,Weather Report Extended v2,mlx-community/DeepSeek-R1-Distill-Qwen-14B-4bit,178.0,10133.0,0.0,0
2026-06-26T15:22:22.435,timeseries,3,Weather Report Extended v2,mlx-community/DeepSeek-R1-Distill-Qwen-14B-4bit,268.0,11272.0,0.0,0
2026-06-26T15:22:22.497,timeseries,3,Weather Report Extended v2,mlx-community/DeepSeek-R1-Distill-Qwen-14B-4bit,194.0,10157.0,0.0,0
2026-06-26T15:22:22.558,timeseries,3,Weather Report Extended v2,mlx-community/DeepSeek-R1-Distill-Qwen-14B-4bit,146.0,11600.0,0.0,0
2026-06-26T15:22:22.620,timeseries,3,Weather Report Extended v2,mlx-community/DeepSeek-R1-Distill-Qwen-14B-4bit,270.0,9887.0,0.0,0
2026-06-26T15:22:22.683,timeseries,3,Weather Report Extended v2,mlx-community/DeepSeek-R1-Distill-Qwen-14B-4bit,197.0,10322.0,0.0,0
2026-06-26T15:22:22.745,timeseries,3,Weather Report Extended v2,mlx-community/DeepSeek-R1-Distill-Qwen-14B-4bit,162.0,11594.0,0.0,0
2026-06-26T15:22:22.807,timeseries,3,Weather Report Extended v2,mlx-community/DeepSeek-R1-Distill-Qwen-14B-4bit,127.0,9972.0,0.0,0
2026-06-26T15:22:22.870,timeseries,3,Weather Report Extended v2,mlx-community/DeepSeek-R1-Distill-Qwen-14B-4bit,129.0,11525.0,0.0,0
2026-06-26T15:22:22.933,timeseries,3,Weather Report Extended v2,mlx-community/DeepSeek-R1-Distill-Qwen-14B-4bit,144.0,10035.0,0.0,0
2026-06-26T15:22:22.995,timeseries,3,Weather Report Extended v2,mlx-community/DeepSeek-R1-Distill-Qwen-14B-4bit,177.0,11475.0,0.0,0
2026-06-26T15:22:23.056,timeseries,3,Weather Report Extended v2,mlx-community/DeepSeek-R1-Distill-Qwen-14B-4bit,143.0,9917.0,0.0,0
2026-06-26T15:22:23.118,timeseries,3,Weather Report Extended v2,mlx-community/DeepSeek-R1-Distill-Qwen-14B-4bit,273.0,11472.0,0.0,0
2026-06-26T15:22:23.180,timeseries,3,Weather Report Extended v2,mlx-community/DeepSeek-R1-Distill-Qwen-14B-4bit,230.0,10333.0,0.0,0
2026-06-26T15:22:23.243,timeseries,3,Weather Report Extended v2,mlx-community/DeepSeek-R1-Distill-Qwen-14B-4bit,144.0,11504.0,0.0,0
2026-06-26T15:22:23.306,timeseries,3,Weather Report Extended v2,mlx-community/DeepSeek-R1-Distill-Qwen-14B-4bit,161.0,10086.0,0.0,0
2026-06-26T15:22:23.367,timeseries,3,Weather Report Extended v2,mlx-community/DeepSeek-R1-Distill-Qwen-14B-4bit,159.0,11394.0,0.0,0
2026-06-26T15:22:23.430,timeseries,3,Weather Report Extended v2,mlx-community/DeepSeek-R1-Distill-Qwen-14B-4bit,292.0,10153.0,0.0,0
2026-06-26T15:22:23.493,timeseries,3,Weather Report Extended v2,mlx-community/DeepSeek-R1-Distill-Qwen-14B-4bit,144.0,11508.0,0.0,0
2026-06-26T15:22:23.553,timeseries,3,Weather Report Extended v2,mlx-community/DeepSeek-R1-Distill-Qwen-14B-4bit,160.0,10025.0,0.0,0
2026-06-26T15:22:23.615,timeseries,3,Weather Report Extended v2,mlx-community/DeepSeek-R1-Distill-Qwen-14B-4bit,269.0,9898.0,0.0,0
2026-06-26T15:22:23.678,timeseries,3,Weather Report Extended v2,mlx-community/DeepSeek-R1-Distill-Qwen-14B-4bit,215.0,11845.0,0.0,0
2026-06-26T15:22:23.742,timeseries,3,Weather Report Extended v2,mlx-community/DeepSeek-R1-Distill-Qwen-14B-4bit,162.0,10135.0,0.0,0
2026-06-26T15:22:23.804,timeseries,3,Weather Report Extended v2,mlx-community/DeepSeek-R1-Distill-Qwen-14B-4bit,159.0,11381.0,0.0,0
2026-06-26T15:22:23.866,timeseries,3,Weather Report Extended v2,mlx-community/DeepSeek-R1-Distill-Qwen-14B-4bit,158.0,9902.0,0.0,0
2026-06-26T15:22:23.929,timeseries,3,Weather Report Extended v2,mlx-community/DeepSeek-R1-Distill-Qwen-14B-4bit,146.0,11646.0,0.0,0
2026-06-26T15:22:23.993,timeseries,3,Weather Report Extended v2,mlx-community/DeepSeek-R1-Distill-Qwen-14B-4bit,158.0,9945.0,0.0,0
2026-06-26T15:22:24.054,timeseries,3,Weather Report Extended v2,mlx-community/DeepSeek-R1-Distill-Qwen-14B-4bit,193.0,11561.0,0.0,0
2026-06-26T15:22:24.116,timeseries,3,Weather Report Extended v2,mlx-community/DeepSeek-R1-Distill-Qwen-14B-4bit,278.0,9630.0,0.0,0
2026-06-26T15:22:24.178,timeseries,3,Weather Report Extended v2,mlx-community/DeepSeek-R1-Distill-Qwen-14B-4bit,232.0,11851.0,0.0,0
2026-06-26T15:22:24.241,timeseries,3,Weather Report Extended v2,mlx-community/DeepSeek-R1-Distill-Qwen-14B-4bit,129.0,10136.0,0.0,0
2026-06-26T15:22:24.304,timeseries,3,Weather Report Extended v2,mlx-community/DeepSeek-R1-Distill-Qwen-14B-4bit,112.0,11495.0,0.0,0
2026-06-26T15:22:24.367,timeseries,3,Weather Report Extended v2,mlx-community/DeepSeek-R1-Distill-Qwen-14B-4bit,175.0,9982.0,0.0,0
2026-06-26T15:22:24.429,timeseries,3,Weather Report Extended v2,mlx-community/DeepSeek-R1-Distill-Qwen-14B-4bit,285.0,11271.0,0.0,0
2026-06-26T15:22:24.491,timeseries,3,Weather Report Extended v2,mlx-community/DeepSeek-R1-Distill-Qwen-14B-4bit,144.0,10013.0,0.0,0
2026-06-26T15:22:24.551,timeseries,3,Weather Report Extended v2,mlx-community/DeepSeek-R1-Distill-Qwen-14B-4bit,113.0,11566.0,0.0,0
2026-06-26T15:22:24.613,timeseries,3,Weather Report Extended v2,mlx-community/DeepSeek-R1-Distill-Qwen-14B-4bit,321.0,9994.0,0.0,0
2026-06-26T15:22:24.676,timeseries,3,Weather Report Extended v2,mlx-community/DeepSeek-R1-Distill-Qwen-14B-4bit,214.0,11826.0,0.0,0
2026-06-26T15:22:24.738,timeseries,3,Weather Report Extended v2,mlx-community/DeepSeek-R1-Distill-Qwen-14B-4bit,130.0,10140.0,0.0,0
2026-06-26T15:22:24.800,timeseries,3,Weather Report Extended v2,mlx-community/DeepSeek-R1-Distill-Qwen-14B-4bit,128.0,11446.0,0.0,0
2026-06-26T15:22:24.862,timeseries,3,Weather Report Extended v2,mlx-community/DeepSeek-R1-Distill-Qwen-14B-4bit,129.0,10080.0,0.0,0
2026-06-26T15:22:24.925,timeseries,3,Weather Report Extended v2,mlx-community/DeepSeek-R1-Distill-Qwen-14B-4bit,144.0,10060.0,0.0,0
2026-06-26T15:22:24.986,timeseries,3,Weather Report Extended v2,mlx-community/DeepSeek-R1-Distill-Qwen-14B-4bit,145.0,11557.0,0.0,0
2026-06-26T15:22:25.047,timeseries,3,Weather Report Extended v2,mlx-community/DeepSeek-R1-Distill-Qwen-14B-4bit,113.0,10113.0,0.0,0
2026-06-26T15:22:25.108,timeseries,3,Weather Report Extended v2,mlx-community/DeepSeek-R1-Distill-Qwen-14B-4bit,344.0,11638.0,0.0,0
2026-06-26T15:22:25.171,timeseries,3,Weather Report Extended v2,mlx-community/DeepSeek-R1-Distill-Qwen-14B-4bit,181.0,10330.0,0.0,0
2026-06-26T15:22:25.233,timeseries,3,Weather Report Extended v2,mlx-community/DeepSeek-R1-Distill-Qwen-14B-4bit,162.0,10151.0,0.0,0
2026-06-26T15:22:25.295,timeseries,3,Weather Report Extended v2,mlx-community/DeepSeek-R1-Distill-Qwen-14B-4bit,128.0,11483.0,0.0,0
2026-06-26T15:22:25.357,timeseries,3,Weather Report Extended v2,mlx-community/DeepSeek-R1-Distill-Qwen-14B-4bit,129.0,10143.0,0.0,0
2026-06-26T15:22:25.421,timeseries,3,Weather Report Extended v2,mlx-community/DeepSeek-R1-Distill-Qwen-14B-4bit,287.0,11361.0,0.0,0
2026-06-26T15:22:25.483,timeseries,3,Weather Report Extended v2,mlx-community/DeepSeek-R1-Distill-Qwen-14B-4bit,161.0,10126.0,0.0,0
2026-06-26T15:22:25.544,timeseries,3,Weather Report Extended v2,mlx-community/DeepSeek-R1-Distill-Qwen-14B-4bit,142.0,11334.0,0.0,0
2026-06-26T15:22:25.607,timeseries,3,Weather Report Extended v2,mlx-community/DeepSeek-R1-Distill-Qwen-14B-4bit,255.0,9978.0,0.0,0
2026-06-26T15:22:25.670,timeseries,3,Weather Report Extended v2,mlx-community/DeepSeek-R1-Distill-Qwen-14B-4bit,262.0,11715.0,0.0,0
2026-06-26T15:22:25.732,timeseries,3,Weather Report Extended v2,mlx-community/DeepSeek-R1-Distill-Qwen-14B-4bit,129.0,10104.0,0.0,0
2026-06-26T15:22:25.794,timeseries,3,Weather Report Extended v2,mlx-community/DeepSeek-R1-Distill-Qwen-14B-4bit,141.0,11255.0,0.0,0
2026-06-26T15:22:25.856,timeseries,3,Weather Report Extended v2,mlx-community/DeepSeek-R1-Distill-Qwen-14B-4bit,130.0,10191.0,0.0,0
2026-06-26T15:22:25.920,timeseries,3,Weather Report Extended v2,mlx-community/DeepSeek-R1-Distill-Qwen-14B-4bit,144.0,11432.0,0.0,0
2026-06-26T15:22:25.982,timeseries,3,Weather Report Extended v2,mlx-community/DeepSeek-R1-Distill-Qwen-14B-4bit,130.0,10181.0,0.0,0
2026-06-26T15:22:26.044,timeseries,3,Weather Report Extended v2,mlx-community/DeepSeek-R1-Distill-Qwen-14B-4bit,141.0,11180.0,0.0,0
2026-06-26T15:22:26.106,timeseries,3,Weather Report Extended v2,mlx-community/DeepSeek-R1-Distill-Qwen-14B-4bit,224.0,9994.0,0.0,0
2026-06-26T15:22:26.168,timeseries,3,Weather Report Extended v2,mlx-community/DeepSeek-R1-Distill-Qwen-14B-4bit,519.0,11604.0,0.0,0
2026-06-26T15:22:26.230,timeseries,3,Weather Report Extended v2,mlx-community/DeepSeek-R1-Distill-Qwen-14B-4bit,162.0,10168.0,0.0,0
2026-06-26T15:22:26.293,timeseries,3,Weather Report Extended v2,mlx-community/DeepSeek-R1-Distill-Qwen-14B-4bit,162.0,11584.0,0.0,0
2026-06-26T15:22:26.355,timeseries,3,Weather Report Extended v2,mlx-community/DeepSeek-R1-Distill-Qwen-14B-4bit,128.0,10016.0,0.0,0
2026-06-26T15:22:26.417,timeseries,3,Weather Report Extended v2,mlx-community/DeepSeek-R1-Distill-Qwen-14B-4bit,1037.0,11231.0,0.0,0
2026-06-26T15:22:26.479,timeseries,3,Weather Report Extended v2,mlx-community/DeepSeek-R1-Distill-Qwen-14B-4bit,876.0,10172.0,0.0,0
2026-06-26T15:22:26.540,timeseries,3,Weather Report Extended v2,mlx-community/DeepSeek-R1-Distill-Qwen-14B-4bit,274.0,10128.0,0.0,0
2026-06-26T15:22:26.601,timeseries,3,Weather Report Extended v2,mlx-community/DeepSeek-R1-Distill-Qwen-14B-4bit,550.0,11548.0,0.0,0
2026-06-26T15:22:26.662,timeseries,3,Weather Report Extended v2,mlx-community/DeepSeek-R1-Distill-Qwen-14B-4bit,243.0,10166.0,0.0,0
2026-06-26T15:22:26.723,timeseries,3,Weather Report Extended v2,mlx-community/DeepSeek-R1-Distill-Qwen-14B-4bit,296.0,10276.0,0.0,0
2026-06-26T15:22:26.785,timeseries,3,Weather Report Extended v2,mlx-community/DeepSeek-R1-Distill-Qwen-14B-4bit,1910.0,11672.0,0.0,0
2026-06-26T15:22:26.846,timeseries,3,Weather Report Extended v2,mlx-community/DeepSeek-R1-Distill-Qwen-14B-4bit,487.0,10178.0,0.0,0
2026-06-26T15:22:26.908,timeseries,3,Weather Report Extended v2,mlx-community/DeepSeek-R1-Distill-Qwen-14B-4bit,258.0,11557.0,0.0,0
2026-06-26T15:22:26.970,timeseries,3,Weather Report Extended v2,mlx-community/DeepSeek-R1-Distill-Qwen-14B-4bit,245.0,10247.0,0.0,0
2026-06-26T15:22:27.031,timeseries,3,Weather Report Extended v2,mlx-community/DeepSeek-R1-Distill-Qwen-14B-4bit,373.0,10176.0,0.0,0
2026-06-26T15:22:27.093,timeseries,3,Weather Report Extended v2,mlx-community/DeepSeek-R1-Distill-Qwen-14B-4bit,976.0,11631.0,0.0,0
2026-06-26T15:22:27.154,timeseries,3,Weather Report Extended v2,mlx-community/DeepSeek-R1-Distill-Qwen-14B-4bit,293.0,10228.0,0.0,0
2026-06-26T15:22:27.217,timeseries,3,Weather Report Extended v2,mlx-community/DeepSeek-R1-Distill-Qwen-14B-4bit,659.0,11508.0,0.0,0
2026-06-26T15:22:27.278,timeseries,3,Weather Report Extended v2,mlx-community/DeepSeek-R1-Distill-Qwen-14B-4bit,392.0,10252.0,0.0,0
2026-06-26T15:22:27.340,timeseries,3,Weather Report Extended v2,mlx-community/DeepSeek-R1-Distill-Qwen-14B-4bit,370.0,10095.0,0.0,0
2026-06-26T15:22:27.402,timeseries,3,Weather Report Extended v2,mlx-community/DeepSeek-R1-Distill-Qwen-14B-4bit,728.0,11571.0,0.0,0
2026-06-26T15:22:27.463,timeseries,3,Weather Report Extended v2,mlx-community/DeepSeek-R1-Distill-Qwen-14B-4bit,455.0,10246.0,0.0,0
2026-06-26T15:22:27.525,timeseries,3,Weather Report Extended v2,mlx-community/DeepSeek-R1-Distill-Qwen-14B-4bit,421.0,11636.0,0.0,0
2026-06-26T15:22:27.586,timeseries,3,Weather Report Extended v2,mlx-community/DeepSeek-R1-Distill-Qwen-14B-4bit,879.0,10160.0,0.0,0
2026-06-26T15:22:27.648,timeseries,3,Weather Report Extended v2,mlx-community/DeepSeek-R1-Distill-Qwen-14B-4bit,438.0,10187.0,0.0,0
2026-06-26T15:22:27.709,timeseries,3,Weather Report Extended v2,mlx-community/DeepSeek-R1-Distill-Qwen-14B-4bit,488.0,11658.0,0.0,0
2026-06-26T15:22:27.771,timeseries,3,Weather Report Extended v2,mlx-community/DeepSeek-R1-Distill-Qwen-14B-4bit,377.0,10295.0,0.0,0
2026-06-26T15:22:27.832,timeseries,3,Weather Report Extended v2,mlx-community/DeepSeek-R1-Distill-Qwen-14B-4bit,422.0,10183.0,0.0,0
2026-06-26T15:22:27.894,timeseries,3,Weather Report Extended v2,mlx-community/DeepSeek-R1-Distill-Qwen-14B-4bit,291.0,11577.0,0.0,0
2026-06-26T15:22:27.956,timeseries,3,Weather Report Extended v2,mlx-community/DeepSeek-R1-Distill-Qwen-14B-4bit,372.0,10155.0,0.0,0
2026-06-26T15:22:28.018,timeseries,3,Weather Report Extended v2,mlx-community/DeepSeek-R1-Distill-Qwen-14B-4bit,454.0,11629.0,0.0,0
2026-06-26T15:22:28.079,timeseries,3,Weather Report Extended v2,mlx-community/DeepSeek-R1-Distill-Qwen-14B-4bit,407.0,10198.0,0.0,0
2026-06-26T15:22:28.141,timeseries,3,Weather Report Extended v2,mlx-community/DeepSeek-R1-Distill-Qwen-14B-4bit,804.0,11535.0,0.0,0
2026-06-26T15:22:28.203,timeseries,3,Weather Report Extended v2,mlx-community/DeepSeek-R1-Distill-Qwen-14B-4bit,406.0,10195.0,0.0,0
2026-06-26T15:22:28.263,timeseries,3,Weather Report Extended v2,mlx-community/DeepSeek-R1-Distill-Qwen-14B-4bit,638.0,10286.0,0.0,0
2026-06-26T15:22:28.326,timeseries,3,Weather Report Extended v2,mlx-community/DeepSeek-R1-Distill-Qwen-14B-4bit,277.0,11668.0,0.0,0
2026-06-26T15:22:28.387,timeseries,3,Weather Report Extended v2,mlx-community/DeepSeek-R1-Distill-Qwen-14B-4bit,800.0,10222.0,0.0,0
2026-06-26T15:22:28.450,timeseries,3,Weather Report Extended v2,mlx-community/DeepSeek-R1-Distill-Qwen-14B-4bit,400.0,10096.0,0.0,0
2026-06-26T15:22:28.512,timeseries,3,Weather Report Extended v2,mlx-community/DeepSeek-R1-Distill-Qwen-14B-4bit,456.0,11690.0,0.0,0
2026-06-26T15:22:28.573,timeseries,3,Weather Report Extended v2,mlx-community/DeepSeek-R1-Distill-Qwen-14B-4bit,287.0,9992.0,0.0,0
2026-06-26T15:22:28.635,timeseries,3,Weather Report Extended v2,mlx-community/DeepSeek-R1-Distill-Qwen-14B-4bit,950.0,11529.0,0.0,0
2026-06-26T15:22:28.696,timeseries,3,Weather Report Extended v2,mlx-community/DeepSeek-R1-Distill-Qwen-14B-4bit,422.0,10203.0,0.0,0
2026-06-26T15:22:28.757,timeseries,3,Weather Report Extended v2,mlx-community/DeepSeek-R1-Distill-Qwen-14B-4bit,473.0,10235.0,0.0,0
2026-06-26T15:22:28.820,timeseries,3,Weather Report Extended v2,mlx-community/DeepSeek-R1-Distill-Qwen-14B-4bit,261.0,11709.0,0.0,0
2026-06-26T15:22:28.882,timeseries,3,Weather Report Extended v2,mlx-community/DeepSeek-R1-Distill-Qwen-14B-4bit,390.0,10196.0,0.0,0
2026-06-26T15:22:28.944,timeseries,3,Weather Report Extended v2,mlx-community/DeepSeek-R1-Distill-Qwen-14B-4bit,387.0,11566.0,0.0,0
2026-06-26T15:22:29.006,timeseries,3,Weather Report Extended v2,mlx-community/DeepSeek-R1-Distill-Qwen-14B-4bit,434.0,10074.0,0.0,0
2026-06-26T15:22:29.067,timeseries,3,Weather Report Extended v2,mlx-community/DeepSeek-R1-Distill-Qwen-14B-4bit,291.0,11582.0,0.0,0
2026-06-26T15:22:29.129,timeseries,3,Weather Report Extended v2,mlx-community/DeepSeek-R1-Distill-Qwen-14B-4bit,979.0,10252.0,0.0,0
2026-06-26T15:22:29.191,timeseries,3,Weather Report Extended v2,mlx-community/DeepSeek-R1-Distill-Qwen-14B-4bit,385.0,10085.0,0.0,0
2026-06-26T15:22:29.253,timeseries,3,Weather Report Extended v2,mlx-community/DeepSeek-R1-Distill-Qwen-14B-4bit,392.0,11684.0,0.0,0
2026-06-26T15:22:29.315,timeseries,3,Weather Report Extended v2,mlx-community/DeepSeek-R1-Distill-Qwen-14B-4bit,532.0,10146.0,0.0,0
2026-06-26T15:22:29.376,timeseries,3,Weather Report Extended v2,mlx-community/DeepSeek-R1-Distill-Qwen-14B-4bit,803.0,11499.0,0.0,0
2026-06-26T15:22:29.438,timeseries,3,Weather Report Extended v2,mlx-community/DeepSeek-R1-Distill-Qwen-14B-4bit,404.0,10157.0,0.0,0
2026-06-26T15:22:29.500,timeseries,3,Weather Report Extended v2,mlx-community/DeepSeek-R1-Distill-Qwen-14B-4bit,292.0,11647.0,0.0,0
2026-06-26T15:22:29.562,timeseries,3,Weather Report Extended v2,mlx-community/DeepSeek-R1-Distill-Qwen-14B-4bit,469.0,10150.0,0.0,0
2026-06-26T15:22:29.624,timeseries,3,Weather Report Extended v2,mlx-community/DeepSeek-R1-Distill-Qwen-14B-4bit,938.0,10160.0,0.0,0
2026-06-26T15:22:29.686,timeseries,3,Weather Report Extended v2,mlx-community/DeepSeek-R1-Distill-Qwen-14B-4bit,403.0,11567.0,0.0,0
2026-06-26T15:22:29.747,timeseries,3,Weather Report Extended v2,mlx-community/DeepSeek-R1-Distill-Qwen-14B-4bit,275.0,10159.0,0.0,0
2026-06-26T15:22:29.809,timeseries,3,Weather Report Extended v2,mlx-community/DeepSeek-R1-Distill-Qwen-14B-4bit,468.0,11595.0,0.0,0
2026-06-26T15:22:29.871,timeseries,3,Weather Report Extended v2,mlx-community/DeepSeek-R1-Distill-Qwen-14B-4bit,376.0,10261.0,0.0,0
2026-06-26T15:22:29.933,timeseries,3,Weather Report Extended v2,mlx-community/DeepSeek-R1-Distill-Qwen-14B-4bit,388.0,10148.0,0.0,0
2026-06-26T15:22:29.995,timeseries,3,Weather Report Extended v2,mlx-community/DeepSeek-R1-Distill-Qwen-14B-4bit,259.0,11617.0,0.0,0
2026-06-26T15:22:30.056,timeseries,3,Weather Report Extended v2,mlx-community/DeepSeek-R1-Distill-Qwen-14B-4bit,435.0,10127.0,0.0,0
2026-06-26T15:22:30.118,timeseries,3,Weather Report Extended v2,mlx-community/DeepSeek-R1-Distill-Qwen-14B-4bit,1047.0,11544.0,0.0,0
2026-06-26T15:22:30.180,timeseries,3,Weather Report Extended v2,mlx-community/DeepSeek-R1-Distill-Qwen-14B-4bit,406.0,10203.0,0.0,0
2026-06-26T15:22:30.242,timeseries,3,Weather Report Extended v2,mlx-community/DeepSeek-R1-Distill-Qwen-14B-4bit,1307.0,11536.0,0.0,0
2026-06-26T15:22:30.306,timeseries,3,Weather Report Extended v2,mlx-community/DeepSeek-R1-Distill-Qwen-14B-4bit,555.0,10271.0,0.0,0
2026-06-26T15:22:30.368,timeseries,3,Weather Report Extended v2,mlx-community/DeepSeek-R1-Distill-Qwen-14B-4bit,902.0,11500.0,0.0,0
2026-06-26T15:22:30.430,timeseries,3,Weather Report Extended v2,mlx-community/DeepSeek-R1-Distill-Qwen-14B-4bit,470.0,9850.0,0.0,0
2026-06-26T15:22:30.492,timeseries,3,Weather Report Extended v2,mlx-community/DeepSeek-R1-Distill-Qwen-14B-4bit,273.0,11566.0,0.0,0
2026-06-26T15:22:30.554,timeseries,3,Weather Report Extended v2,mlx-community/DeepSeek-R1-Distill-Qwen-14B-4bit,367.0,10048.0,0.0,0
2026-06-26T15:22:30.616,timeseries,3,Weather Report Extended v2,mlx-community/DeepSeek-R1-Distill-Qwen-14B-4bit,1085.0,10138.0,0.0,0
2026-06-26T15:22:30.678,timeseries,3,Weather Report Extended v2,mlx-community/DeepSeek-R1-Distill-Qwen-14B-4bit,371.0,11564.0,0.0,0
2026-06-26T15:22:30.739,timeseries,3,Weather Report Extended v2,mlx-community/DeepSeek-R1-Distill-Qwen-14B-4bit,276.0,10191.0,0.0,0
2026-06-26T15:22:30.801,timeseries,3,Weather Report Extended v2,mlx-community/DeepSeek-R1-Distill-Qwen-14B-4bit,404.0,11616.0,0.0,0
2026-06-26T15:22:30.863,timeseries,3,Weather Report Extended v2,mlx-community/DeepSeek-R1-Distill-Qwen-14B-4bit,457.0,10257.0,0.0,0
2026-06-26T15:22:30.925,timeseries,3,Weather Report Extended v2,mlx-community/DeepSeek-R1-Distill-Qwen-14B-4bit,275.0,11580.0,0.0,0
2026-06-26T15:22:30.987,timeseries,3,Weather Report Extended v2,mlx-community/DeepSeek-R1-Distill-Qwen-14B-4bit,370.0,10102.0,0.0,0
2026-06-26T15:22:31.049,timeseries,3,Weather Report Extended v2,mlx-community/DeepSeek-R1-Distill-Qwen-14B-4bit,372.0,10181.0,0.0,0
2026-06-26T15:22:31.111,timeseries,3,Weather Report Extended v2,mlx-community/DeepSeek-R1-Distill-Qwen-14B-4bit,1014.0,11523.0,0.0,0
2026-06-26T15:22:31.172,timeseries,3,Weather Report Extended v2,mlx-community/DeepSeek-R1-Distill-Qwen-14B-4bit,307.0,10136.0,0.0,0
2026-06-26T15:22:31.234,timeseries,3,Weather Report Extended v2,mlx-community/DeepSeek-R1-Distill-Qwen-14B-4bit,372.0,11619.0,0.0,0
2026-06-26T15:22:31.296,timeseries,3,Weather Report Extended v2,mlx-community/DeepSeek-R1-Distill-Qwen-14B-4bit,377.0,10306.0,0.0,0
2026-06-26T15:22:31.357,timeseries,3,Weather Report Extended v2,mlx-community/DeepSeek-R1-Distill-Qwen-14B-4bit,614.0,10151.0,0.0,0
2026-06-26T15:22:31.419,timeseries,3,Weather Report Extended v2,mlx-community/DeepSeek-R1-Distill-Qwen-14B-4bit,706.0,11508.0,0.0,0
2026-06-26T15:22:31.481,timeseries,3,Weather Report Extended v2,mlx-community/DeepSeek-R1-Distill-Qwen-14B-4bit,393.0,10354.0,0.0,0
2026-06-26T15:22:31.543,timeseries,3,Weather Report Extended v2,mlx-community/DeepSeek-R1-Distill-Qwen-14B-4bit,404.0,11606.0,0.0,0
2026-06-26T15:22:31.604,timeseries,3,Weather Report Extended v2,mlx-community/DeepSeek-R1-Distill-Qwen-14B-4bit,925.0,10170.0,0.0,0
2026-06-26T15:22:31.665,timeseries,3,Weather Report Extended v2,mlx-community/DeepSeek-R1-Distill-Qwen-14B-4bit,386.0,10135.0,0.0,0
2026-06-26T15:22:31.727,timeseries,3,Weather Report Extended v2,mlx-community/DeepSeek-R1-Distill-Qwen-14B-4bit,393.0,11779.0,0.0,0
2026-06-26T15:22:31.789,timeseries,3,Weather Report Extended v2,mlx-community/DeepSeek-R1-Distill-Qwen-14B-4bit,375.0,10259.0,0.0,0
2026-06-26T15:22:31.851,timeseries,3,Weather Report Extended v2,mlx-community/DeepSeek-R1-Distill-Qwen-14B-4bit,2961.0,11439.0,0.0,0
2026-06-26T15:22:31.912,timeseries,3,Weather Report Extended v2,mlx-community/DeepSeek-R1-Distill-Qwen-14B-4bit,600.0,10190.0,0.0,0
2026-06-26T15:22:31.973,timeseries,3,Weather Report Extended v2,mlx-community/DeepSeek-R1-Distill-Qwen-14B-4bit,224.0,10067.0,0.0,0
2026-06-26T15:22:32.036,timeseries,3,Weather Report Extended v2,mlx-community/DeepSeek-R1-Distill-Qwen-14B-4bit,148.0,11863.0,0.0,0
2026-06-26T15:22:32.099,timeseries,3,Weather Report Extended v2,mlx-community/DeepSeek-R1-Distill-Qwen-14B-4bit,194.0,10147.0,0.0,0
2026-06-26T15:22:32.162,timeseries,3,Weather Report Extended v2,mlx-community/DeepSeek-R1-Distill-Qwen-14B-4bit,366.0,11383.0,0.0,0
2026-06-26T15:22:32.224,timeseries,3,Weather Report Extended v2,mlx-community/DeepSeek-R1-Distill-Qwen-14B-4bit,254.0,9950.0,0.0,0
2026-06-26T15:22:32.286,timeseries,3,Weather Report Extended v2,mlx-community/DeepSeek-R1-Distill-Qwen-14B-4bit,159.0,11456.0,0.0,0
2026-06-26T15:22:32.347,timeseries,3,Weather Report Extended v2,mlx-community/DeepSeek-R1-Distill-Qwen-14B-4bit,114.0,10205.0,0.0,0
2026-06-26T15:22:32.409,timeseries,3,Weather Report Extended v2,mlx-community/DeepSeek-R1-Distill-Qwen-14B-4bit,432.0,11425.0,0.0,0
2026-06-26T15:22:32.472,timeseries,3,Weather Report Extended v2,mlx-community/DeepSeek-R1-Distill-Qwen-14B-4bit,213.0,10340.0,0.0,0
2026-06-26T15:22:32.534,timeseries,3,Weather Report Extended v2,mlx-community/DeepSeek-R1-Distill-Qwen-14B-4bit,145.0,11577.0,0.0,0
2026-06-26T15:22:32.595,timeseries,3,Weather Report Extended v2,mlx-community/DeepSeek-R1-Distill-Qwen-14B-4bit,160.0,10022.0,0.0,0
2026-06-26T15:22:32.657,timeseries,3,Weather Report Extended v2,mlx-community/DeepSeek-R1-Distill-Qwen-14B-4bit,354.0,10078.0,0.0,0
2026-06-26T15:22:32.720,timeseries,3,Weather Report Extended v2,mlx-community/DeepSeek-R1-Distill-Qwen-14B-4bit,146.0,11684.0,0.0,0
2026-06-26T15:22:32.782,timeseries,3,Weather Report Extended v2,mlx-community/DeepSeek-R1-Distill-Qwen-14B-4bit,129.0,10181.0,0.0,0
2026-06-26T15:22:32.844,timeseries,3,Weather Report Extended v2,mlx-community/DeepSeek-R1-Distill-Qwen-14B-4bit,159.0,11437.0,0.0,0
2026-06-26T15:22:32.906,timeseries,3,Weather Report Extended v2,mlx-community/DeepSeek-R1-Distill-Qwen-14B-4bit,130.0,10203.0,0.0,0
2026-06-26T15:22:32.969,timeseries,3,Weather Report Extended v2,mlx-community/DeepSeek-R1-Distill-Qwen-14B-4bit,144.0,11523.0,0.0,0
2026-06-26T15:22:33.032,timeseries,3,Weather Report Extended v2,mlx-community/DeepSeek-R1-Distill-Qwen-14B-4bit,129.0,10164.0,0.0,0
2026-06-26T15:22:33.093,timeseries,3,Weather Report Extended v2,mlx-community/DeepSeek-R1-Distill-Qwen-14B-4bit,174.0,11335.0,0.0,0
2026-06-26T15:22:33.155,timeseries,3,Weather Report Extended v2,mlx-community/DeepSeek-R1-Distill-Qwen-14B-4bit,288.0,10031.0,0.0,0
2026-06-26T15:22:33.219,timeseries,3,Weather Report Extended v2,mlx-community/DeepSeek-R1-Distill-Qwen-14B-4bit,162.0,11643.0,0.0,0
2026-06-26T15:22:33.281,timeseries,3,Weather Report Extended v2,mlx-community/DeepSeek-R1-Distill-Qwen-14B-4bit,113.0,10160.0,0.0,0
2026-06-26T15:22:33.343,timeseries,3,Weather Report Extended v2,mlx-community/DeepSeek-R1-Distill-Qwen-14B-4bit,157.0,11261.0,0.0,0
2026-06-26T15:22:33.404,timeseries,3,Weather Report Extended v2,mlx-community/DeepSeek-R1-Distill-Qwen-14B-4bit,275.0,10124.0,0.0,0
2026-06-26T15:22:33.466,timeseries,3,Weather Report Extended v2,mlx-community/DeepSeek-R1-Distill-Qwen-14B-4bit,258.0,10107.0,0.0,0
2026-06-26T15:22:33.529,timeseries,3,Weather Report Extended v2,mlx-community/DeepSeek-R1-Distill-Qwen-14B-4bit,147.0,11805.0,0.0,0
2026-06-26T15:22:33.589,timeseries,3,Weather Report Extended v2,mlx-community/DeepSeek-R1-Distill-Qwen-14B-4bit,161.0,10105.0,0.0,0
2026-06-26T15:22:33.651,timeseries,3,Weather Report Extended v2,mlx-community/DeepSeek-R1-Distill-Qwen-14B-4bit,274.0,11536.0,0.0,0
2026-06-26T15:22:33.713,timeseries,3,Weather Report Extended v2,mlx-community/DeepSeek-R1-Distill-Qwen-14B-4bit,166.0,10402.0,0.0,0
2026-06-26T15:22:33.775,timeseries,3,Weather Report Extended v2,mlx-community/DeepSeek-R1-Distill-Qwen-14B-4bit,113.0,10190.0,0.0,0
2026-06-26T15:22:33.837,timeseries,3,Weather Report Extended v2,mlx-community/DeepSeek-R1-Distill-Qwen-14B-4bit,145.0,11585.0,0.0,0
2026-06-26T15:22:33.900,timeseries,3,Weather Report Extended v2,mlx-community/DeepSeek-R1-Distill-Qwen-14B-4bit,128.0,10081.0,0.0,0
2026-06-26T15:22:33.962,timeseries,3,Weather Report Extended v2,mlx-community/DeepSeek-R1-Distill-Qwen-14B-4bit,161.0,11562.0,0.0,0
2026-06-26T15:22:34.025,timeseries,3,Weather Report Extended v2,mlx-community/DeepSeek-R1-Distill-Qwen-14B-4bit,127.0,9989.0,0.0,0
2026-06-26T15:22:34.086,timeseries,3,Weather Report Extended v2,mlx-community/DeepSeek-R1-Distill-Qwen-14B-4bit,145.0,11529.0,0.0,0
2026-06-26T15:22:34.150,timeseries,3,Weather Report Extended v2,mlx-community/DeepSeek-R1-Distill-Qwen-14B-4bit,270.0,9960.0,0.0,0
2026-06-26T15:22:34.214,timeseries,3,Weather Report Extended v2,mlx-community/DeepSeek-R1-Distill-Qwen-14B-4bit,147.0,11710.0,0.0,0
2026-06-26T15:22:34.276,timeseries,3,Weather Report Extended v2,mlx-community/DeepSeek-R1-Distill-Qwen-14B-4bit,157.0,11289.0,0.0,0
2026-06-26T15:22:34.337,timeseries,3,Weather Report Extended v2,mlx-community/DeepSeek-R1-Distill-Qwen-14B-4bit,1740.0,9741.0,0.0,0
2026-06-26T15:22:34.397,timeseries,3,Weather Report Extended v2,mlx-community/DeepSeek-R1-Distill-Qwen-14B-4bit,5645.0,10293.0,0.0,0
2026-06-26T15:22:34.459,timeseries,3,Weather Report Extended v2,mlx-community/DeepSeek-R1-Distill-Qwen-14B-4bit,5925.0,11867.0,0.0,0
2026-06-26T15:22:34.521,timeseries,3,Weather Report Extended v2,mlx-community/DeepSeek-R1-Distill-Qwen-14B-4bit,5183.0,10301.0,0.0,0
2026-06-26T15:22:34.582,timeseries,3,Weather Report Extended v2,mlx-community/DeepSeek-R1-Distill-Qwen-14B-4bit,4250.0,10034.0,0.0,0
2026-06-26T15:22:34.644,timeseries,3,Weather Report Extended v2,mlx-community/DeepSeek-R1-Distill-Qwen-14B-4bit,6095.0,11782.0,0.0,0
2026-06-26T15:22:34.706,timeseries,3,Weather Report Extended v2,mlx-community/DeepSeek-R1-Distill-Qwen-14B-4bit,4295.0,10281.0,0.0,0
2026-06-26T15:22:34.767,timeseries,3,Weather Report Extended v2,mlx-community/DeepSeek-R1-Distill-Qwen-14B-4bit,483.0,11606.0,0.0,0
2026-06-26T15:22:34.829,timeseries,3,Weather Report Extended v2,mlx-community/DeepSeek-R1-Distill-Qwen-14B-4bit,309.0,10256.0,0.0,0
2026-06-26T15:22:34.890,timeseries,3,Weather Report Extended v2,mlx-community/DeepSeek-R1-Distill-Qwen-14B-4bit,259.0,10209.0,0.0,0
2026-06-26T15:22:34.952,timeseries,3,Weather Report Extended v2,mlx-community/DeepSeek-R1-Distill-Qwen-14B-4bit,262.0,11798.0,0.0,0
2026-06-26T15:22:35.014,timeseries,3,Weather Report Extended v2,mlx-community/DeepSeek-R1-Distill-Qwen-14B-4bit,454.0,10215.0,0.0,0
2026-06-26T15:22:35.076,timeseries,3,Weather Report Extended v2,mlx-community/DeepSeek-R1-Distill-Qwen-14B-4bit,371.0,11590.0,0.0,0
2026-06-26T15:22:35.137,timeseries,3,Weather Report Extended v2,mlx-community/DeepSeek-R1-Distill-Qwen-14B-4bit,995.0,10096.0,0.0,0
2026-06-26T15:22:35.199,timeseries,3,Weather Report Extended v2,mlx-community/DeepSeek-R1-Distill-Qwen-14B-4bit,277.0,10274.0,0.0,0
2026-06-26T15:22:35.261,timeseries,3,Weather Report Extended v2,mlx-community/DeepSeek-R1-Distill-Qwen-14B-4bit,472.0,11694.0,0.0,0
2026-06-26T15:22:35.323,timeseries,3,Weather Report Extended v2,mlx-community/DeepSeek-R1-Distill-Qwen-14B-4bit,372.0,10188.0,0.0,0
2026-06-26T15:22:35.385,timeseries,3,Weather Report Extended v2,mlx-community/DeepSeek-R1-Distill-Qwen-14B-4bit,806.0,11539.0,0.0,0
2026-06-26T15:22:35.447,timeseries,3,Weather Report Extended v2,mlx-community/DeepSeek-R1-Distill-Qwen-14B-4bit,356.0,10215.0,0.0,0
2026-06-26T15:22:35.509,timeseries,3,Weather Report Extended v2,mlx-community/DeepSeek-R1-Distill-Qwen-14B-4bit,629.0,11572.0,0.0,0
2026-06-26T15:22:35.571,timeseries,3,Weather Report Extended v2,mlx-community/DeepSeek-R1-Distill-Qwen-14B-4bit,482.0,10113.0,0.0,0
2026-06-26T15:22:35.633,timeseries,3,Weather Report Extended v2,mlx-community/DeepSeek-R1-Distill-Qwen-14B-4bit,840.0,11605.0,0.0,0
2026-06-26T15:22:35.694,timeseries,3,Weather Report Extended v2,mlx-community/DeepSeek-R1-Distill-Qwen-14B-4bit,419.0,10162.0,0.0,0
2026-06-26T15:22:35.756,timeseries,3,Weather Report Extended v2,mlx-community/DeepSeek-R1-Distill-Qwen-14B-4bit,375.0,10259.0,0.0,0
2026-06-26T15:22:35.818,timeseries,3,Weather Report Extended v2,mlx-community/DeepSeek-R1-Distill-Qwen-14B-4bit,485.0,11622.0,0.0,0
2026-06-26T15:22:35.880,timeseries,3,Weather Report Extended v2,mlx-community/DeepSeek-R1-Distill-Qwen-14B-4bit,276.0,10179.0,0.0,0
2026-06-26T15:22:35.942,timeseries,3,Weather Report Extended v2,mlx-community/DeepSeek-R1-Distill-Qwen-14B-4bit,385.0,11558.0,0.0,0
2026-06-26T15:22:36.004,timeseries,3,Weather Report Extended v2,mlx-community/DeepSeek-R1-Distill-Qwen-14B-4bit,375.0,10279.0,0.0,0
2026-06-26T15:22:36.066,timeseries,3,Weather Report Extended v2,mlx-community/DeepSeek-R1-Distill-Qwen-14B-4bit,467.0,10138.0,0.0,0
2026-06-26T15:22:36.128,timeseries,3,Weather Report Extended v2,mlx-community/DeepSeek-R1-Distill-Qwen-14B-4bit,849.0,11511.0,0.0,0
2026-06-26T15:22:36.189,timeseries,3,Weather Report Extended v2,mlx-community/DeepSeek-R1-Distill-Qwen-14B-4bit,795.0,10207.0,0.0,0
2026-06-26T15:22:36.251,timeseries,3,Weather Report Extended v2,mlx-community/DeepSeek-R1-Distill-Qwen-14B-4bit,387.0,11611.0,0.0,0
2026-06-26T15:22:36.312,timeseries,3,Weather Report Extended v2,mlx-community/DeepSeek-R1-Distill-Qwen-14B-4bit,525.0,10283.0,0.0,0
2026-06-26T15:22:36.374,timeseries,3,Weather Report Extended v2,mlx-community/DeepSeek-R1-Distill-Qwen-14B-4bit,1033.0,9746.0,0.0,0
2026-06-26T15:22:36.436,timeseries,3,Weather Report Extended v2,mlx-community/DeepSeek-R1-Distill-Qwen-14B-4bit,520.0,11392.0,0.0,0
2026-06-26T15:22:36.497,timeseries,3,Weather Report Extended v2,mlx-community/DeepSeek-R1-Distill-Qwen-14B-4bit,1554.0,10100.0,0.0,0
2026-06-26T15:22:36.560,timeseries,3,Weather Report Extended v2,mlx-community/DeepSeek-R1-Distill-Qwen-14B-4bit,291.0,11646.0,0.0,0
2026-06-26T15:22:36.621,timeseries,3,Weather Report Extended v2,mlx-community/DeepSeek-R1-Distill-Qwen-14B-4bit,571.0,10237.0,0.0,0
2026-06-26T15:22:36.685,timeseries,3,Weather Report Extended v2,mlx-community/DeepSeek-R1-Distill-Qwen-14B-4bit,223.0,10025.0,0.0,0
2026-06-26T15:22:36.747,timeseries,3,Weather Report Extended v2,mlx-community/DeepSeek-R1-Distill-Qwen-14B-4bit,148.0,11810.0,0.0,0
2026-06-26T15:22:36.810,timeseries,3,Weather Report Extended v2,mlx-community/DeepSeek-R1-Distill-Qwen-14B-4bit,142.0,11355.0,0.0,0
2026-06-26T15:22:36.871,timeseries,3,Weather Report Extended v2,mlx-community/DeepSeek-R1-Distill-Qwen-14B-4bit,144.0,10068.0,0.0,0
2026-06-26T15:22:36.933,timeseries,3,Weather Report Extended v2,mlx-community/DeepSeek-R1-Distill-Qwen-14B-4bit,891.0,11266.0,0.0,0
2026-06-26T15:22:36.995,timeseries,3,Weather Report Extended v2,mlx-community/DeepSeek-R1-Distill-Qwen-14B-4bit,1320.0,10233.0,0.0,0
2026-06-26T15:22:37.056,timeseries,3,Weather Report Extended v2,mlx-community/DeepSeek-R1-Distill-Qwen-14B-4bit,422.0,10218.0,0.0,0
2026-06-26T15:22:37.117,timeseries,3,Weather Report Extended v2,mlx-community/DeepSeek-R1-Distill-Qwen-14B-4bit,615.0,11616.0,0.0,0
2026-06-26T15:22:37.179,timeseries,3,Weather Report Extended v2,mlx-community/DeepSeek-R1-Distill-Qwen-14B-4bit,228.0,10243.0,0.0,0
2026-06-26T15:22:37.241,timeseries,3,Weather Report Extended v2,mlx-community/DeepSeek-R1-Distill-Qwen-14B-4bit,132.0,10415.0,0.0,0
2026-06-26T15:22:37.304,timeseries,3,Weather Report Extended v2,mlx-community/DeepSeek-R1-Distill-Qwen-14B-4bit,145.0,11605.0,0.0,0
2026-06-26T15:22:37.367,timeseries,3,Weather Report Extended v2,mlx-community/DeepSeek-R1-Distill-Qwen-14B-4bit,160.0,10086.0,0.0,0
2026-06-26T15:22:37.429,timeseries,3,Weather Report Extended v2,mlx-community/DeepSeek-R1-Distill-Qwen-14B-4bit,287.0,11407.0,0.0,0
2026-06-26T15:22:37.492,timeseries,3,Weather Report Extended v2,mlx-community/DeepSeek-R1-Distill-Qwen-14B-4bit,175.0,10070.0,0.0,0
2026-06-26T15:22:37.554,timeseries,3,Weather Report Extended v2,mlx-community/DeepSeek-R1-Distill-Qwen-14B-4bit,176.0,11494.0,0.0,0
2026-06-26T15:22:37.619,timeseries,3,Weather Report Extended v2,mlx-community/DeepSeek-R1-Distill-Qwen-14B-4bit,365.0,9959.0,0.0,0
2026-06-26T15:22:37.681,timeseries,3,Weather Report Extended v2,mlx-community/DeepSeek-R1-Distill-Qwen-14B-4bit,211.0,11707.0,0.0,0
2026-06-26T15:22:37.743,timeseries,3,Weather Report Extended v2,mlx-community/DeepSeek-R1-Distill-Qwen-14B-4bit,232.0,11099.0,0.0,0
2026-06-26T15:22:37.805,timeseries,3,Weather Report Extended v2,mlx-community/DeepSeek-R1-Distill-Qwen-14B-4bit,161.0,10159.0,0.0,0
2026-06-26T15:22:37.870,timeseries,3,Weather Report Extended v2,mlx-community/DeepSeek-R1-Distill-Qwen-14B-4bit,176.0,11553.0,0.0,0
2026-06-26T15:22:37.932,timeseries,3,Weather Report Extended v2,mlx-community/DeepSeek-R1-Distill-Qwen-14B-4bit,162.0,10283.0,0.0,0
2026-06-26T15:22:37.995,timeseries,3,Weather Report Extended v2,mlx-community/DeepSeek-R1-Distill-Qwen-14B-4bit,171.0,11195.0,0.0,0
2026-06-26T15:22:38.054,timeseries,3,Weather Report Extended v2,mlx-community/DeepSeek-R1-Distill-Qwen-14B-4bit,176.0,10084.0,0.0,0
2026-06-26T15:22:38.117,timeseries,3,Weather Report Extended v2,mlx-community/DeepSeek-R1-Distill-Qwen-14B-4bit,304.0,11481.0,0.0,0
2026-06-26T15:22:38.179,timeseries,3,Weather Report Extended v2,mlx-community/DeepSeek-R1-Distill-Qwen-14B-4bit,200.0,10532.0,0.0,0
2026-06-26T15:22:38.241,timeseries,3,Weather Report Extended v2,mlx-community/DeepSeek-R1-Distill-Qwen-14B-4bit,129.0,10155.0,0.0,0
2026-06-26T15:22:38.303,timeseries,3,Weather Report Extended v2,mlx-community/DeepSeek-R1-Distill-Qwen-14B-4bit,145.0,11600.0,0.0,0
2026-06-26T15:22:38.365,timeseries,3,Weather Report Extended v2,mlx-community/DeepSeek-R1-Distill-Qwen-14B-4bit,162.0,10189.0,0.0,0
2026-06-26T15:22:38.428,timeseries,3,Weather Report Extended v2,mlx-community/DeepSeek-R1-Distill-Qwen-14B-4bit,270.0,11408.0,0.0,0
2026-06-26T15:22:38.490,timeseries,3,Weather Report Extended v2,mlx-community/DeepSeek-R1-Distill-Qwen-14B-4bit,162.0,10239.0,0.0,0
2026-06-26T15:22:38.551,timeseries,3,Weather Report Extended v2,mlx-community/DeepSeek-R1-Distill-Qwen-14B-4bit,159.0,11421.0,0.0,0
2026-06-26T15:22:38.612,timeseries,3,Weather Report Extended v2,mlx-community/DeepSeek-R1-Distill-Qwen-14B-4bit,502.0,10024.0,0.0,0
2026-06-26T15:22:38.673,timeseries,3,Weather Report Extended v2,mlx-community/DeepSeek-R1-Distill-Qwen-14B-4bit,2489.0,10255.0,0.0,0
2026-06-26T15:22:38.734,timeseries,3,Weather Report Extended v2,mlx-community/DeepSeek-R1-Distill-Qwen-14B-4bit,442.0,11770.0,0.0,0
2026-06-26T15:22:38.796,timeseries,3,Weather Report Extended v2,mlx-community/DeepSeek-R1-Distill-Qwen-14B-4bit,277.0,10300.0,0.0,0
2026-06-26T15:22:38.857,timeseries,3,Weather Report Extended v2,mlx-community/DeepSeek-R1-Distill-Qwen-14B-4bit,227.0,10231.0,0.0,0
2026-06-26T15:22:38.919,timeseries,3,Weather Report Extended v2,mlx-community/DeepSeek-R1-Distill-Qwen-14B-4bit,393.0,11772.0,0.0,0
2026-06-26T15:22:38.981,timeseries,3,Weather Report Extended v2,mlx-community/DeepSeek-R1-Distill-Qwen-14B-4bit,488.0,10222.0,0.0,0
2026-06-26T15:22:38.988,timeseries,3,Weather Report Extended v2,mlx-community/DeepSeek-R1-Distill-Qwen-14B-4bit,435.0,11653.0,0.0,1282
