timestamp,record_type,task_id,task_name,model_name,cpu_power_mw,gpu_power_mw,ane_power_mw,current_token
2026-06-26T15:26:07.948,timeseries,1,User List,mlx-community/DeepSeek-R1-Distill-Qwen-14B-4bit,343.0,20209.0,0.0,0
2026-06-26T15:26:08.004,timeseries,1,User List,mlx-community/DeepSeek-R1-Distill-Qwen-14B-4bit,339.0,17253.0,0.0,0
2026-06-26T15:26:08.066,timeseries,1,User List,mlx-community/DeepSeek-R1-Distill-Qwen-14B-4bit,339.0,20281.0,0.0,0
2026-06-26T15:26:08.128,timeseries,1,User List,mlx-community/DeepSeek-R1-Distill-Qwen-14B-4bit,1162.0,22656.0,0.0,0
2026-06-26T15:26:08.190,timeseries,1,User List,mlx-community/DeepSeek-R1-Distill-Qwen-14B-4bit,487.0,18429.0,0.0,0
2026-06-26T15:26:08.251,timeseries,1,User List,mlx-community/DeepSeek-R1-Distill-Qwen-14B-4bit,193.0,18382.0,0.0,0
2026-06-26T15:26:08.312,timeseries,1,User List,mlx-community/DeepSeek-R1-Distill-Qwen-14B-4bit,229.0,21070.0,0.0,0
2026-06-26T15:26:08.373,timeseries,1,User List,mlx-community/DeepSeek-R1-Distill-Qwen-14B-4bit,1040.0,18503.0,0.0,0
2026-06-26T15:26:08.435,timeseries,1,User List,mlx-community/DeepSeek-R1-Distill-Qwen-14B-4bit,180.0,21270.0,0.0,0
2026-06-26T15:26:08.498,timeseries,1,User List,mlx-community/DeepSeek-R1-Distill-Qwen-14B-4bit,165.0,18986.0,0.0,0
2026-06-26T15:26:08.560,timeseries,1,User List,mlx-community/DeepSeek-R1-Distill-Qwen-14B-4bit,713.0,10858.0,0.0,0
2026-06-26T15:26:08.622,timeseries,1,User List,mlx-community/DeepSeek-R1-Distill-Qwen-14B-4bit,3679.0,9911.0,0.0,0
2026-06-26T15:26:08.683,timeseries,1,User List,mlx-community/DeepSeek-R1-Distill-Qwen-14B-4bit,1380.0,8794.0,0.0,0
2026-06-26T15:26:08.744,timeseries,1,User List,mlx-community/DeepSeek-R1-Distill-Qwen-14B-4bit,2304.0,451.0,0.0,0
2026-06-26T15:26:08.805,timeseries,1,User List,mlx-community/DeepSeek-R1-Distill-Qwen-14B-4bit,1279.0,1063.0,0.0,0
2026-06-26T15:26:08.868,timeseries,1,User List,mlx-community/DeepSeek-R1-Distill-Qwen-14B-4bit,162.0,1120.0,0.0,0
2026-06-26T15:26:08.930,timeseries,1,User List,mlx-community/DeepSeek-R1-Distill-Qwen-14B-4bit,392.0,8941.0,0.0,0
2026-06-26T15:26:08.992,timeseries,1,User List,mlx-community/DeepSeek-R1-Distill-Qwen-14B-4bit,497.0,8473.0,0.0,0
2026-06-26T15:26:09.054,timeseries,1,User List,mlx-community/DeepSeek-R1-Distill-Qwen-14B-4bit,513.0,10010.0,0.0,0
2026-06-26T15:26:09.115,timeseries,1,User List,mlx-community/DeepSeek-R1-Distill-Qwen-14B-4bit,1364.0,8784.0,0.0,0
2026-06-26T15:26:09.176,timeseries,1,User List,mlx-community/DeepSeek-R1-Distill-Qwen-14B-4bit,516.0,9991.0,0.0,0
2026-06-26T15:26:09.238,timeseries,1,User List,mlx-community/DeepSeek-R1-Distill-Qwen-14B-4bit,344.0,8890.0,0.0,0
2026-06-26T15:26:09.302,timeseries,1,User List,mlx-community/DeepSeek-R1-Distill-Qwen-14B-4bit,503.0,8892.0,0.0,0
2026-06-26T15:26:09.364,timeseries,1,User List,mlx-community/DeepSeek-R1-Distill-Qwen-14B-4bit,733.0,10144.0,0.0,0
2026-06-26T15:26:09.426,timeseries,1,User List,mlx-community/DeepSeek-R1-Distill-Qwen-14B-4bit,1073.0,8441.0,0.0,0
2026-06-26T15:26:09.488,timeseries,1,User List,mlx-community/DeepSeek-R1-Distill-Qwen-14B-4bit,339.0,10086.0,0.0,0
2026-06-26T15:26:09.550,timeseries,1,User List,mlx-community/DeepSeek-R1-Distill-Qwen-14B-4bit,482.0,8761.0,0.0,0
2026-06-26T15:26:09.611,timeseries,1,User List,mlx-community/DeepSeek-R1-Distill-Qwen-14B-4bit,1208.0,10006.0,0.0,0
2026-06-26T15:26:09.672,timeseries,1,User List,mlx-community/DeepSeek-R1-Distill-Qwen-14B-4bit,605.0,8944.0,0.0,0
2026-06-26T15:26:09.734,timeseries,1,User List,mlx-community/DeepSeek-R1-Distill-Qwen-14B-4bit,522.0,8889.0,0.0,0
2026-06-26T15:26:09.795,timeseries,1,User List,mlx-community/DeepSeek-R1-Distill-Qwen-14B-4bit,343.0,10212.0,0.0,0
2026-06-26T15:26:09.857,timeseries,1,User List,mlx-community/DeepSeek-R1-Distill-Qwen-14B-4bit,488.0,8898.0,0.0,0
2026-06-26T15:26:09.918,timeseries,1,User List,mlx-community/DeepSeek-R1-Distill-Qwen-14B-4bit,568.0,10151.0,0.0,0
2026-06-26T15:26:09.980,timeseries,1,User List,mlx-community/DeepSeek-R1-Distill-Qwen-14B-4bit,473.0,8914.0,0.0,0
2026-06-26T15:26:10.041,timeseries,1,User List,mlx-community/DeepSeek-R1-Distill-Qwen-14B-4bit,340.0,8858.0,0.0,0
2026-06-26T15:26:10.103,timeseries,1,User List,mlx-community/DeepSeek-R1-Distill-Qwen-14B-4bit,1213.0,10093.0,0.0,0
2026-06-26T15:26:10.165,timeseries,1,User List,mlx-community/DeepSeek-R1-Distill-Qwen-14B-4bit,585.0,8926.0,0.0,0
2026-06-26T15:26:10.227,timeseries,1,User List,mlx-community/DeepSeek-R1-Distill-Qwen-14B-4bit,505.0,10174.0,0.0,0
2026-06-26T15:26:10.288,timeseries,1,User List,mlx-community/DeepSeek-R1-Distill-Qwen-14B-4bit,466.0,8773.0,0.0,0
2026-06-26T15:26:10.350,timeseries,1,User List,mlx-community/DeepSeek-R1-Distill-Qwen-14B-4bit,340.0,8885.0,0.0,0
2026-06-26T15:26:10.412,timeseries,1,User List,mlx-community/DeepSeek-R1-Distill-Qwen-14B-4bit,1289.0,10161.0,0.0,0
2026-06-26T15:26:10.473,timeseries,1,User List,mlx-community/DeepSeek-R1-Distill-Qwen-14B-4bit,551.0,8916.0,0.0,0
2026-06-26T15:26:10.536,timeseries,1,User List,mlx-community/DeepSeek-R1-Distill-Qwen-14B-4bit,497.0,10025.0,0.0,0
2026-06-26T15:26:10.597,timeseries,1,User List,mlx-community/DeepSeek-R1-Distill-Qwen-14B-4bit,1029.0,8899.0,0.0,0
2026-06-26T15:26:10.659,timeseries,1,User List,mlx-community/DeepSeek-R1-Distill-Qwen-14B-4bit,515.0,8830.0,0.0,0
2026-06-26T15:26:10.721,timeseries,1,User List,mlx-community/DeepSeek-R1-Distill-Qwen-14B-4bit,588.0,10233.0,0.0,0
2026-06-26T15:26:10.783,timeseries,1,User List,mlx-community/DeepSeek-R1-Distill-Qwen-14B-4bit,468.0,8841.0,0.0,0
2026-06-26T15:26:10.846,timeseries,1,User List,mlx-community/DeepSeek-R1-Distill-Qwen-14B-4bit,483.0,10047.0,0.0,0
2026-06-26T15:26:10.907,timeseries,1,User List,mlx-community/DeepSeek-R1-Distill-Qwen-14B-4bit,324.0,8898.0,0.0,0
2026-06-26T15:26:10.969,timeseries,1,User List,mlx-community/DeepSeek-R1-Distill-Qwen-14B-4bit,556.0,9949.0,0.0,0
2026-06-26T15:26:11.030,timeseries,1,User List,mlx-community/DeepSeek-R1-Distill-Qwen-14B-4bit,489.0,8942.0,0.0,0
2026-06-26T15:26:11.091,timeseries,1,User List,mlx-community/DeepSeek-R1-Distill-Qwen-14B-4bit,1159.0,8771.0,0.0,0
2026-06-26T15:26:11.154,timeseries,1,User List,mlx-community/DeepSeek-R1-Distill-Qwen-14B-4bit,1698.0,10189.0,0.0,0
2026-06-26T15:26:11.215,timeseries,1,User List,mlx-community/DeepSeek-R1-Distill-Qwen-14B-4bit,442.0,8954.0,0.0,0
2026-06-26T15:26:11.278,timeseries,1,User List,mlx-community/DeepSeek-R1-Distill-Qwen-14B-4bit,337.0,10068.0,0.0,0
2026-06-26T15:26:11.339,timeseries,1,User List,mlx-community/DeepSeek-R1-Distill-Qwen-14B-4bit,470.0,8877.0,0.0,0
2026-06-26T15:26:11.402,timeseries,1,User List,mlx-community/DeepSeek-R1-Distill-Qwen-14B-4bit,1030.0,8770.0,0.0,0
2026-06-26T15:26:11.464,timeseries,1,User List,mlx-community/DeepSeek-R1-Distill-Qwen-14B-4bit,878.0,10158.0,0.0,0
2026-06-26T15:26:11.525,timeseries,1,User List,mlx-community/DeepSeek-R1-Distill-Qwen-14B-4bit,478.0,8748.0,0.0,0
2026-06-26T15:26:11.588,timeseries,1,User List,mlx-community/DeepSeek-R1-Distill-Qwen-14B-4bit,1106.0,10166.0,0.0,0
2026-06-26T15:26:11.650,timeseries,1,User List,mlx-community/DeepSeek-R1-Distill-Qwen-14B-4bit,631.0,8852.0,0.0,0
2026-06-26T15:26:11.711,timeseries,1,User List,mlx-community/DeepSeek-R1-Distill-Qwen-14B-4bit,464.0,10019.0,0.0,0
2026-06-26T15:26:11.774,timeseries,1,User List,mlx-community/DeepSeek-R1-Distill-Qwen-14B-4bit,490.0,8979.0,0.0,0
2026-06-26T15:26:11.836,timeseries,1,User List,mlx-community/DeepSeek-R1-Distill-Qwen-14B-4bit,531.0,10045.0,0.0,0
2026-06-26T15:26:11.897,timeseries,1,User List,mlx-community/DeepSeek-R1-Distill-Qwen-14B-4bit,3965.0,8761.0,0.0,0
2026-06-26T15:26:11.958,timeseries,1,User List,mlx-community/DeepSeek-R1-Distill-Qwen-14B-4bit,2766.0,8718.0,0.0,0
2026-06-26T15:26:12.020,timeseries,1,User List,mlx-community/DeepSeek-R1-Distill-Qwen-14B-4bit,589.0,10246.0,0.0,0
2026-06-26T15:26:12.082,timeseries,1,User List,mlx-community/DeepSeek-R1-Distill-Qwen-14B-4bit,504.0,8932.0,0.0,0
2026-06-26T15:26:12.144,timeseries,1,User List,mlx-community/DeepSeek-R1-Distill-Qwen-14B-4bit,1227.0,10139.0,0.0,0
2026-06-26T15:26:12.206,timeseries,1,User List,mlx-community/DeepSeek-R1-Distill-Qwen-14B-4bit,516.0,8844.0,0.0,0
2026-06-26T15:26:12.268,timeseries,1,User List,mlx-community/DeepSeek-R1-Distill-Qwen-14B-4bit,420.0,8876.0,0.0,0
2026-06-26T15:26:12.329,timeseries,1,User List,mlx-community/DeepSeek-R1-Distill-Qwen-14B-4bit,504.0,10208.0,0.0,0
2026-06-26T15:26:12.391,timeseries,1,User List,mlx-community/DeepSeek-R1-Distill-Qwen-14B-4bit,967.0,8814.0,0.0,0
2026-06-26T15:26:12.452,timeseries,1,User List,mlx-community/DeepSeek-R1-Distill-Qwen-14B-4bit,534.0,10219.0,0.0,0
2026-06-26T15:26:12.514,timeseries,1,User List,mlx-community/DeepSeek-R1-Distill-Qwen-14B-4bit,652.0,8927.0,0.0,0
2026-06-26T15:26:12.576,timeseries,1,User List,mlx-community/DeepSeek-R1-Distill-Qwen-14B-4bit,487.0,8932.0,0.0,0
2026-06-26T15:26:12.637,timeseries,1,User List,mlx-community/DeepSeek-R1-Distill-Qwen-14B-4bit,1263.0,10152.0,0.0,0
2026-06-26T15:26:12.699,timeseries,1,User List,mlx-community/DeepSeek-R1-Distill-Qwen-14B-4bit,486.0,8922.0,0.0,0
2026-06-26T15:26:12.760,timeseries,1,User List,mlx-community/DeepSeek-R1-Distill-Qwen-14B-4bit,586.0,10183.0,0.0,0
2026-06-26T15:26:12.822,timeseries,1,User List,mlx-community/DeepSeek-R1-Distill-Qwen-14B-4bit,1156.0,8919.0,0.0,0
2026-06-26T15:26:12.883,timeseries,1,User List,mlx-community/DeepSeek-R1-Distill-Qwen-14B-4bit,3128.0,8892.0,0.0,0
2026-06-26T15:26:12.945,timeseries,1,User List,mlx-community/DeepSeek-R1-Distill-Qwen-14B-4bit,356.0,10137.0,0.0,0
2026-06-26T15:26:13.007,timeseries,1,User List,mlx-community/DeepSeek-R1-Distill-Qwen-14B-4bit,178.0,8906.0,0.0,0
2026-06-26T15:26:13.069,timeseries,1,User List,mlx-community/DeepSeek-R1-Distill-Qwen-14B-4bit,114.0,10245.0,0.0,0
2026-06-26T15:26:13.131,timeseries,1,User List,mlx-community/DeepSeek-R1-Distill-Qwen-14B-4bit,287.0,8722.0,0.0,0
2026-06-26T15:26:13.193,timeseries,1,User List,mlx-community/DeepSeek-R1-Distill-Qwen-14B-4bit,163.0,9001.0,0.0,0
2026-06-26T15:26:13.256,timeseries,1,User List,mlx-community/DeepSeek-R1-Distill-Qwen-14B-4bit,129.0,10145.0,0.0,0
2026-06-26T15:26:13.319,timeseries,1,User List,mlx-community/DeepSeek-R1-Distill-Qwen-14B-4bit,143.0,8784.0,0.0,0
2026-06-26T15:26:13.381,timeseries,1,User List,mlx-community/DeepSeek-R1-Distill-Qwen-14B-4bit,159.0,9994.0,0.0,0
2026-06-26T15:26:13.444,timeseries,1,User List,mlx-community/DeepSeek-R1-Distill-Qwen-14B-4bit,208.0,8762.0,0.0,0
2026-06-26T15:26:13.504,timeseries,1,User List,mlx-community/DeepSeek-R1-Distill-Qwen-14B-4bit,129.0,10148.0,0.0,0
2026-06-26T15:26:13.566,timeseries,1,User List,mlx-community/DeepSeek-R1-Distill-Qwen-14B-4bit,177.0,8819.0,0.0,0
2026-06-26T15:26:13.628,timeseries,1,User List,mlx-community/DeepSeek-R1-Distill-Qwen-14B-4bit,246.0,10283.0,0.0,0
2026-06-26T15:26:13.690,timeseries,1,User List,mlx-community/DeepSeek-R1-Distill-Qwen-14B-4bit,179.0,8981.0,0.0,0
2026-06-26T15:26:13.753,timeseries,1,User List,mlx-community/DeepSeek-R1-Distill-Qwen-14B-4bit,129.0,10143.0,0.0,0
2026-06-26T15:26:13.815,timeseries,1,User List,mlx-community/DeepSeek-R1-Distill-Qwen-14B-4bit,129.0,8838.0,0.0,0
2026-06-26T15:26:13.878,timeseries,1,User List,mlx-community/DeepSeek-R1-Distill-Qwen-14B-4bit,111.0,9994.0,0.0,0
2026-06-26T15:26:13.940,timeseries,1,User List,mlx-community/DeepSeek-R1-Distill-Qwen-14B-4bit,112.0,8857.0,0.0,0
2026-06-26T15:26:14.002,timeseries,1,User List,mlx-community/DeepSeek-R1-Distill-Qwen-14B-4bit,128.0,8799.0,0.0,0
2026-06-26T15:26:14.063,timeseries,1,User List,mlx-community/DeepSeek-R1-Distill-Qwen-14B-4bit,113.0,10121.0,0.0,0
2026-06-26T15:26:14.128,timeseries,1,User List,mlx-community/DeepSeek-R1-Distill-Qwen-14B-4bit,289.0,8789.0,0.0,0
2026-06-26T15:26:14.190,timeseries,1,User List,mlx-community/DeepSeek-R1-Distill-Qwen-14B-4bit,163.0,10265.0,0.0,0
2026-06-26T15:26:14.251,timeseries,1,User List,mlx-community/DeepSeek-R1-Distill-Qwen-14B-4bit,156.0,9815.0,0.0,0
2026-06-26T15:26:14.313,timeseries,1,User List,mlx-community/DeepSeek-R1-Distill-Qwen-14B-4bit,114.0,9001.0,0.0,0
2026-06-26T15:26:14.376,timeseries,1,User List,mlx-community/DeepSeek-R1-Distill-Qwen-14B-4bit,161.0,8868.0,0.0,0
2026-06-26T15:26:14.438,timeseries,1,User List,mlx-community/DeepSeek-R1-Distill-Qwen-14B-4bit,224.0,10038.0,0.0,0
2026-06-26T15:26:14.500,timeseries,1,User List,mlx-community/DeepSeek-R1-Distill-Qwen-14B-4bit,112.0,8887.0,0.0,0
2026-06-26T15:26:14.561,timeseries,1,User List,mlx-community/DeepSeek-R1-Distill-Qwen-14B-4bit,129.0,10129.0,0.0,0
2026-06-26T15:26:14.621,timeseries,1,User List,mlx-community/DeepSeek-R1-Distill-Qwen-14B-4bit,337.0,8806.0,0.0,0
2026-06-26T15:26:14.685,timeseries,1,User List,mlx-community/DeepSeek-R1-Distill-Qwen-14B-4bit,184.0,9217.0,0.0,0
2026-06-26T15:26:14.747,timeseries,1,User List,mlx-community/DeepSeek-R1-Distill-Qwen-14B-4bit,98.0,10258.0,0.0,0
2026-06-26T15:26:14.809,timeseries,1,User List,mlx-community/DeepSeek-R1-Distill-Qwen-14B-4bit,127.0,8753.0,0.0,0
2026-06-26T15:26:14.871,timeseries,1,User List,mlx-community/DeepSeek-R1-Distill-Qwen-14B-4bit,128.0,10066.0,0.0,0
2026-06-26T15:26:14.934,timeseries,1,User List,mlx-community/DeepSeek-R1-Distill-Qwen-14B-4bit,129.0,8906.0,0.0,0
2026-06-26T15:26:14.997,timeseries,1,User List,mlx-community/DeepSeek-R1-Distill-Qwen-14B-4bit,113.0,10147.0,0.0,0
2026-06-26T15:26:15.057,timeseries,1,User List,mlx-community/DeepSeek-R1-Distill-Qwen-14B-4bit,191.0,8776.0,0.0,0
2026-06-26T15:26:15.119,timeseries,1,User List,mlx-community/DeepSeek-R1-Distill-Qwen-14B-4bit,271.0,9961.0,0.0,0
2026-06-26T15:26:15.182,timeseries,1,User List,mlx-community/DeepSeek-R1-Distill-Qwen-14B-4bit,200.0,9229.0,0.0,0
2026-06-26T15:26:15.246,timeseries,1,User List,mlx-community/DeepSeek-R1-Distill-Qwen-14B-4bit,129.0,10202.0,0.0,0
2026-06-26T15:26:15.308,timeseries,1,User List,mlx-community/DeepSeek-R1-Distill-Qwen-14B-4bit,111.0,8804.0,0.0,0
2026-06-26T15:26:15.370,timeseries,1,User List,mlx-community/DeepSeek-R1-Distill-Qwen-14B-4bit,157.0,9860.0,0.0,0
2026-06-26T15:26:15.433,timeseries,1,User List,mlx-community/DeepSeek-R1-Distill-Qwen-14B-4bit,242.0,8899.0,0.0,0
2026-06-26T15:26:15.495,timeseries,1,User List,mlx-community/DeepSeek-R1-Distill-Qwen-14B-4bit,144.0,10095.0,0.0,0
2026-06-26T15:26:15.555,timeseries,1,User List,mlx-community/DeepSeek-R1-Distill-Qwen-14B-4bit,113.0,8900.0,0.0,0
2026-06-26T15:26:15.617,timeseries,1,User List,mlx-community/DeepSeek-R1-Distill-Qwen-14B-4bit,240.0,8798.0,0.0,0
2026-06-26T15:26:15.679,timeseries,1,User List,mlx-community/DeepSeek-R1-Distill-Qwen-14B-4bit,299.0,10503.0,0.0,0
2026-06-26T15:26:15.741,timeseries,1,User List,mlx-community/DeepSeek-R1-Distill-Qwen-14B-4bit,145.0,8929.0,0.0,0
2026-06-26T15:26:15.805,timeseries,1,User List,mlx-community/DeepSeek-R1-Distill-Qwen-14B-4bit,129.0,10168.0,0.0,0
2026-06-26T15:26:15.867,timeseries,1,User List,mlx-community/DeepSeek-R1-Distill-Qwen-14B-4bit,97.0,8997.0,0.0,0
2026-06-26T15:26:15.929,timeseries,1,User List,mlx-community/DeepSeek-R1-Distill-Qwen-14B-4bit,126.0,9910.0,0.0,0
2026-06-26T15:26:15.991,timeseries,1,User List,mlx-community/DeepSeek-R1-Distill-Qwen-14B-4bit,128.0,8888.0,0.0,0
2026-06-26T15:26:16.052,timeseries,1,User List,mlx-community/DeepSeek-R1-Distill-Qwen-14B-4bit,129.0,10199.0,0.0,0
2026-06-26T15:26:16.114,timeseries,1,User List,mlx-community/DeepSeek-R1-Distill-Qwen-14B-4bit,257.0,8813.0,0.0,0
2026-06-26T15:26:16.175,timeseries,1,User List,mlx-community/DeepSeek-R1-Distill-Qwen-14B-4bit,149.0,9214.0,0.0,0
2026-06-26T15:26:16.238,timeseries,1,User List,mlx-community/DeepSeek-R1-Distill-Qwen-14B-4bit,129.0,10175.0,0.0,0
2026-06-26T15:26:16.301,timeseries,1,User List,mlx-community/DeepSeek-R1-Distill-Qwen-14B-4bit,113.0,8976.0,0.0,0
2026-06-26T15:26:16.364,timeseries,1,User List,mlx-community/DeepSeek-R1-Distill-Qwen-14B-4bit,143.0,10071.0,0.0,0
2026-06-26T15:26:16.426,timeseries,1,User List,mlx-community/DeepSeek-R1-Distill-Qwen-14B-4bit,223.0,8747.0,0.0,0
2026-06-26T15:26:16.488,timeseries,1,User List,mlx-community/DeepSeek-R1-Distill-Qwen-14B-4bit,143.0,10039.0,0.0,0
2026-06-26T15:26:16.549,timeseries,1,User List,mlx-community/DeepSeek-R1-Distill-Qwen-14B-4bit,114.0,9005.0,0.0,0
2026-06-26T15:26:16.611,timeseries,1,User List,mlx-community/DeepSeek-R1-Distill-Qwen-14B-4bit,367.0,10015.0,0.0,0
2026-06-26T15:26:16.673,timeseries,1,User List,mlx-community/DeepSeek-R1-Distill-Qwen-14B-4bit,230.0,9086.0,0.0,0
2026-06-26T15:26:16.735,timeseries,1,User List,mlx-community/DeepSeek-R1-Distill-Qwen-14B-4bit,195.0,8999.0,0.0,0
2026-06-26T15:26:16.798,timeseries,1,User List,mlx-community/DeepSeek-R1-Distill-Qwen-14B-4bit,113.0,10181.0,0.0,0
2026-06-26T15:26:16.860,timeseries,1,User List,mlx-community/DeepSeek-R1-Distill-Qwen-14B-4bit,225.0,9953.0,0.0,0
2026-06-26T15:26:16.923,timeseries,1,User List,mlx-community/DeepSeek-R1-Distill-Qwen-14B-4bit,190.0,8665.0,0.0,0
2026-06-26T15:26:16.985,timeseries,1,User List,mlx-community/DeepSeek-R1-Distill-Qwen-14B-4bit,113.0,8941.0,0.0,0
2026-06-26T15:26:17.045,timeseries,1,User List,mlx-community/DeepSeek-R1-Distill-Qwen-14B-4bit,128.0,10117.0,0.0,0
2026-06-26T15:26:17.107,timeseries,1,User List,mlx-community/DeepSeek-R1-Distill-Qwen-14B-4bit,242.0,8905.0,0.0,0
2026-06-26T15:26:17.169,timeseries,1,User List,mlx-community/DeepSeek-R1-Distill-Qwen-14B-4bit,198.0,10430.0,0.0,0
2026-06-26T15:26:17.232,timeseries,1,User List,mlx-community/DeepSeek-R1-Distill-Qwen-14B-4bit,130.0,8983.0,0.0,0
2026-06-26T15:26:17.294,timeseries,1,User List,mlx-community/DeepSeek-R1-Distill-Qwen-14B-4bit,112.0,10121.0,0.0,0
2026-06-26T15:26:17.356,timeseries,1,User List,mlx-community/DeepSeek-R1-Distill-Qwen-14B-4bit,113.0,8927.0,0.0,0
2026-06-26T15:26:17.418,timeseries,1,User List,mlx-community/DeepSeek-R1-Distill-Qwen-14B-4bit,303.0,8795.0,0.0,0
2026-06-26T15:26:17.481,timeseries,1,User List,mlx-community/DeepSeek-R1-Distill-Qwen-14B-4bit,130.0,10297.0,0.0,0
2026-06-26T15:26:17.544,timeseries,1,User List,mlx-community/DeepSeek-R1-Distill-Qwen-14B-4bit,113.0,8911.0,0.0,0
2026-06-26T15:26:17.605,timeseries,1,User List,mlx-community/DeepSeek-R1-Distill-Qwen-14B-4bit,190.0,10008.0,0.0,0
2026-06-26T15:26:17.668,timeseries,1,User List,mlx-community/DeepSeek-R1-Distill-Qwen-14B-4bit,239.0,8855.0,0.0,0
2026-06-26T15:26:17.731,timeseries,1,User List,mlx-community/DeepSeek-R1-Distill-Qwen-14B-4bit,146.0,10297.0,0.0,0
2026-06-26T15:26:17.792,timeseries,1,User List,mlx-community/DeepSeek-R1-Distill-Qwen-14B-4bit,145.0,8879.0,0.0,0
2026-06-26T15:26:17.853,timeseries,1,User List,mlx-community/DeepSeek-R1-Distill-Qwen-14B-4bit,128.0,10139.0,0.0,0
2026-06-26T15:26:17.915,timeseries,1,User List,mlx-community/DeepSeek-R1-Distill-Qwen-14B-4bit,391.0,8872.0,0.0,0
2026-06-26T15:26:17.977,timeseries,1,User List,mlx-community/DeepSeek-R1-Distill-Qwen-14B-4bit,2699.0,10096.0,0.0,0
2026-06-26T15:26:18.038,timeseries,1,User List,mlx-community/DeepSeek-R1-Distill-Qwen-14B-4bit,531.0,8897.0,0.0,0
2026-06-26T15:26:18.100,timeseries,1,User List,mlx-community/DeepSeek-R1-Distill-Qwen-14B-4bit,500.0,8928.0,0.0,0
2026-06-26T15:26:18.161,timeseries,1,User List,mlx-community/DeepSeek-R1-Distill-Qwen-14B-4bit,277.0,10392.0,0.0,0
2026-06-26T15:26:18.222,timeseries,1,User List,mlx-community/DeepSeek-R1-Distill-Qwen-14B-4bit,247.0,9156.0,0.0,0
2026-06-26T15:26:18.283,timeseries,1,User List,mlx-community/DeepSeek-R1-Distill-Qwen-14B-4bit,470.0,8990.0,0.0,0
2026-06-26T15:26:18.346,timeseries,1,User List,mlx-community/DeepSeek-R1-Distill-Qwen-14B-4bit,489.0,10316.0,0.0,0
2026-06-26T15:26:18.407,timeseries,1,User List,mlx-community/DeepSeek-R1-Distill-Qwen-14B-4bit,834.0,9060.0,0.0,0
2026-06-26T15:26:18.469,timeseries,1,User List,mlx-community/DeepSeek-R1-Distill-Qwen-14B-4bit,514.0,10250.0,0.0,0
2026-06-26T15:26:18.530,timeseries,1,User List,mlx-community/DeepSeek-R1-Distill-Qwen-14B-4bit,585.0,9036.0,0.0,0
2026-06-26T15:26:18.592,timeseries,1,User List,mlx-community/DeepSeek-R1-Distill-Qwen-14B-4bit,1110.0,8898.0,0.0,0
2026-06-26T15:26:18.653,timeseries,1,User List,mlx-community/DeepSeek-R1-Distill-Qwen-14B-4bit,375.0,10382.0,0.0,0
2026-06-26T15:26:18.715,timeseries,1,User List,mlx-community/DeepSeek-R1-Distill-Qwen-14B-4bit,491.0,9092.0,0.0,0
2026-06-26T15:26:18.777,timeseries,1,User List,mlx-community/DeepSeek-R1-Distill-Qwen-14B-4bit,696.0,10275.0,0.0,0
2026-06-26T15:26:18.839,timeseries,1,User List,mlx-community/DeepSeek-R1-Distill-Qwen-14B-4bit,598.0,8983.0,0.0,0
2026-06-26T15:26:18.900,timeseries,1,User List,mlx-community/DeepSeek-R1-Distill-Qwen-14B-4bit,483.0,8931.0,0.0,0
2026-06-26T15:26:18.961,timeseries,1,User List,mlx-community/DeepSeek-R1-Distill-Qwen-14B-4bit,327.0,10402.0,0.0,0
2026-06-26T15:26:19.023,timeseries,1,User List,mlx-community/DeepSeek-R1-Distill-Qwen-14B-4bit,489.0,9065.0,0.0,0
2026-06-26T15:26:19.084,timeseries,1,User List,mlx-community/DeepSeek-R1-Distill-Qwen-14B-4bit,959.0,10318.0,0.0,0
2026-06-26T15:26:19.146,timeseries,1,User List,mlx-community/DeepSeek-R1-Distill-Qwen-14B-4bit,840.0,9153.0,0.0,0
2026-06-26T15:26:19.207,timeseries,1,User List,mlx-community/DeepSeek-R1-Distill-Qwen-14B-4bit,323.0,9005.0,0.0,0
2026-06-26T15:26:19.269,timeseries,1,User List,mlx-community/DeepSeek-R1-Distill-Qwen-14B-4bit,502.0,10274.0,0.0,0
2026-06-26T15:26:19.331,timeseries,1,User List,mlx-community/DeepSeek-R1-Distill-Qwen-14B-4bit,585.0,9044.0,0.0,0
2026-06-26T15:26:19.392,timeseries,1,User List,mlx-community/DeepSeek-R1-Distill-Qwen-14B-4bit,1382.0,8927.0,0.0,0
2026-06-26T15:26:19.454,timeseries,1,User List,mlx-community/DeepSeek-R1-Distill-Qwen-14B-4bit,390.0,10403.0,0.0,0
2026-06-26T15:26:19.515,timeseries,1,User List,mlx-community/DeepSeek-R1-Distill-Qwen-14B-4bit,471.0,9054.0,0.0,0
2026-06-26T15:26:19.578,timeseries,1,User List,mlx-community/DeepSeek-R1-Distill-Qwen-14B-4bit,613.0,10249.0,0.0,0
2026-06-26T15:26:19.639,timeseries,1,User List,mlx-community/DeepSeek-R1-Distill-Qwen-14B-4bit,1224.0,9103.0,0.0,0
2026-06-26T15:26:19.702,timeseries,1,User List,mlx-community/DeepSeek-R1-Distill-Qwen-14B-4bit,512.0,8901.0,0.0,0
2026-06-26T15:26:19.763,timeseries,1,User List,mlx-community/DeepSeek-R1-Distill-Qwen-14B-4bit,326.0,10380.0,0.0,0
2026-06-26T15:26:19.825,timeseries,1,User List,mlx-community/DeepSeek-R1-Distill-Qwen-14B-4bit,819.0,8956.0,0.0,0
2026-06-26T15:26:19.887,timeseries,1,User List,mlx-community/DeepSeek-R1-Distill-Qwen-14B-4bit,471.0,10340.0,0.0,0
2026-06-26T15:26:19.948,timeseries,1,User List,mlx-community/DeepSeek-R1-Distill-Qwen-14B-4bit,500.0,8992.0,0.0,0
2026-06-26T15:26:20.011,timeseries,1,User List,mlx-community/DeepSeek-R1-Distill-Qwen-14B-4bit,323.0,10294.0,0.0,0
2026-06-26T15:26:20.072,timeseries,1,User List,mlx-community/DeepSeek-R1-Distill-Qwen-14B-4bit,474.0,9095.0,0.0,0
2026-06-26T15:26:20.134,timeseries,1,User List,mlx-community/DeepSeek-R1-Distill-Qwen-14B-4bit,1267.0,8916.0,0.0,0
2026-06-26T15:26:20.195,timeseries,1,User List,mlx-community/DeepSeek-R1-Distill-Qwen-14B-4bit,490.0,10411.0,0.0,0
2026-06-26T15:26:20.258,timeseries,1,User List,mlx-community/DeepSeek-R1-Distill-Qwen-14B-4bit,503.0,9019.0,0.0,0
2026-06-26T15:26:20.319,timeseries,1,User List,mlx-community/DeepSeek-R1-Distill-Qwen-14B-4bit,339.0,10288.0,0.0,0
2026-06-26T15:26:20.381,timeseries,1,User List,mlx-community/DeepSeek-R1-Distill-Qwen-14B-4bit,1047.0,8953.0,0.0,0
2026-06-26T15:26:20.443,timeseries,1,User List,mlx-community/DeepSeek-R1-Distill-Qwen-14B-4bit,567.0,9038.0,0.0,0
2026-06-26T15:26:20.505,timeseries,1,User List,mlx-community/DeepSeek-R1-Distill-Qwen-14B-4bit,499.0,10270.0,0.0,0
2026-06-26T15:26:20.567,timeseries,1,User List,mlx-community/DeepSeek-R1-Distill-Qwen-14B-4bit,340.0,8996.0,0.0,0
2026-06-26T15:26:20.628,timeseries,1,User List,mlx-community/DeepSeek-R1-Distill-Qwen-14B-4bit,1199.0,10305.0,0.0,0
2026-06-26T15:26:20.690,timeseries,1,User List,mlx-community/DeepSeek-R1-Distill-Qwen-14B-4bit,526.0,9192.0,0.0,0
2026-06-26T15:26:20.751,timeseries,1,User List,mlx-community/DeepSeek-R1-Distill-Qwen-14B-4bit,501.0,10307.0,0.0,0
2026-06-26T15:26:20.813,timeseries,1,User List,mlx-community/DeepSeek-R1-Distill-Qwen-14B-4bit,483.0,8976.0,0.0,0
2026-06-26T15:26:20.874,timeseries,1,User List,mlx-community/DeepSeek-R1-Distill-Qwen-14B-4bit,652.0,9089.0,0.0,0
2026-06-26T15:26:20.936,timeseries,1,User List,mlx-community/DeepSeek-R1-Distill-Qwen-14B-4bit,468.0,10297.0,0.0,0
2026-06-26T15:26:20.997,timeseries,1,User List,mlx-community/DeepSeek-R1-Distill-Qwen-14B-4bit,476.0,9154.0,0.0,0
2026-06-26T15:26:21.058,timeseries,1,User List,mlx-community/DeepSeek-R1-Distill-Qwen-14B-4bit,487.0,9034.0,0.0,0
2026-06-26T15:26:21.120,timeseries,1,User List,mlx-community/DeepSeek-R1-Distill-Qwen-14B-4bit,1125.0,10385.0,0.0,0
2026-06-26T15:26:21.181,timeseries,1,User List,mlx-community/DeepSeek-R1-Distill-Qwen-14B-4bit,1672.0,9096.0,0.0,0
2026-06-26T15:26:21.244,timeseries,1,User List,mlx-community/DeepSeek-R1-Distill-Qwen-14B-4bit,358.0,10390.0,0.0,0
2026-06-26T15:26:21.307,timeseries,1,User List,mlx-community/DeepSeek-R1-Distill-Qwen-14B-4bit,501.0,9024.0,0.0,0
2026-06-26T15:26:21.369,timeseries,1,User List,mlx-community/DeepSeek-R1-Distill-Qwen-14B-4bit,930.0,10177.0,0.0,0
2026-06-26T15:26:21.431,timeseries,1,User List,mlx-community/DeepSeek-R1-Distill-Qwen-14B-4bit,509.0,8917.0,0.0,0
2026-06-26T15:26:21.492,timeseries,1,User List,mlx-community/DeepSeek-R1-Distill-Qwen-14B-4bit,498.0,8988.0,0.0,0
2026-06-26T15:26:21.554,timeseries,1,User List,mlx-community/DeepSeek-R1-Distill-Qwen-14B-4bit,632.0,10347.0,0.0,0
2026-06-26T15:26:21.616,timeseries,1,User List,mlx-community/DeepSeek-R1-Distill-Qwen-14B-4bit,1154.0,9056.0,0.0,0
2026-06-26T15:26:21.677,timeseries,1,User List,mlx-community/DeepSeek-R1-Distill-Qwen-14B-4bit,450.0,10285.0,0.0,0
2026-06-26T15:26:21.739,timeseries,1,User List,mlx-community/DeepSeek-R1-Distill-Qwen-14B-4bit,475.0,9160.0,0.0,0
2026-06-26T15:26:21.801,timeseries,1,User List,mlx-community/DeepSeek-R1-Distill-Qwen-14B-4bit,502.0,9071.0,0.0,0
2026-06-26T15:26:21.862,timeseries,1,User List,mlx-community/DeepSeek-R1-Distill-Qwen-14B-4bit,470.0,10360.0,0.0,0
2026-06-26T15:26:21.924,timeseries,1,User List,mlx-community/DeepSeek-R1-Distill-Qwen-14B-4bit,732.0,9066.0,0.0,0
2026-06-26T15:26:21.985,timeseries,1,User List,mlx-community/DeepSeek-R1-Distill-Qwen-14B-4bit,435.0,10305.0,0.0,0
2026-06-26T15:26:22.047,timeseries,1,User List,mlx-community/DeepSeek-R1-Distill-Qwen-14B-4bit,472.0,9114.0,0.0,0
2026-06-26T15:26:22.109,timeseries,1,User List,mlx-community/DeepSeek-R1-Distill-Qwen-14B-4bit,1107.0,9080.0,0.0,0
2026-06-26T15:26:22.170,timeseries,1,User List,mlx-community/DeepSeek-R1-Distill-Qwen-14B-4bit,630.0,10306.0,0.0,0
2026-06-26T15:26:22.232,timeseries,1,User List,mlx-community/DeepSeek-R1-Distill-Qwen-14B-4bit,339.0,9048.0,0.0,0
2026-06-26T15:26:22.296,timeseries,1,User List,mlx-community/DeepSeek-R1-Distill-Qwen-14B-4bit,505.0,10417.0,0.0,0
2026-06-26T15:26:22.357,timeseries,1,User List,mlx-community/DeepSeek-R1-Distill-Qwen-14B-4bit,484.0,9055.0,0.0,0
2026-06-26T15:26:22.418,timeseries,1,User List,mlx-community/DeepSeek-R1-Distill-Qwen-14B-4bit,1033.0,10127.0,0.0,0
2026-06-26T15:26:22.476,timeseries,1,User List,mlx-community/DeepSeek-R1-Distill-Qwen-14B-4bit,393.0,9169.0,0.0,0
2026-06-26T15:26:22.538,timeseries,1,User List,mlx-community/DeepSeek-R1-Distill-Qwen-14B-4bit,634.0,9102.0,0.0,0
2026-06-26T15:26:22.601,timeseries,1,User List,mlx-community/DeepSeek-R1-Distill-Qwen-14B-4bit,1393.0,9649.0,0.0,0
2026-06-26T15:26:22.663,timeseries,1,User List,mlx-community/DeepSeek-R1-Distill-Qwen-14B-4bit,515.0,10325.0,0.0,0
2026-06-26T15:26:22.725,timeseries,1,User List,mlx-community/DeepSeek-R1-Distill-Qwen-14B-4bit,610.0,8990.0,0.0,0
2026-06-26T15:26:22.787,timeseries,1,User List,mlx-community/DeepSeek-R1-Distill-Qwen-14B-4bit,416.0,10270.0,0.0,0
2026-06-26T15:26:22.848,timeseries,1,User List,mlx-community/DeepSeek-R1-Distill-Qwen-14B-4bit,502.0,9097.0,0.0,0
2026-06-26T15:26:22.911,timeseries,1,User List,mlx-community/DeepSeek-R1-Distill-Qwen-14B-4bit,517.0,10359.0,0.0,0
2026-06-26T15:26:22.972,timeseries,1,User List,mlx-community/DeepSeek-R1-Distill-Qwen-14B-4bit,810.0,9068.0,0.0,0
2026-06-26T15:26:23.038,timeseries,1,User List,mlx-community/DeepSeek-R1-Distill-Qwen-14B-4bit,2482.0,8888.0,0.0,0
2026-06-26T15:26:23.099,timeseries,1,User List,mlx-community/DeepSeek-R1-Distill-Qwen-14B-4bit,1749.0,10463.0,0.0,0
2026-06-26T15:26:23.160,timeseries,1,User List,mlx-community/DeepSeek-R1-Distill-Qwen-14B-4bit,404.0,9522.0,0.0,0
2026-06-26T15:26:23.224,timeseries,1,User List,mlx-community/DeepSeek-R1-Distill-Qwen-14B-4bit,182.0,9261.0,0.0,0
2026-06-26T15:26:23.286,timeseries,1,User List,mlx-community/DeepSeek-R1-Distill-Qwen-14B-4bit,114.0,10346.0,0.0,0
2026-06-26T15:26:23.348,timeseries,1,User List,mlx-community/DeepSeek-R1-Distill-Qwen-14B-4bit,143.0,8867.0,0.0,0
2026-06-26T15:26:23.410,timeseries,1,User List,mlx-community/DeepSeek-R1-Distill-Qwen-14B-4bit,271.0,10100.0,0.0,0
2026-06-26T15:26:23.473,timeseries,1,User List,mlx-community/DeepSeek-R1-Distill-Qwen-14B-4bit,145.0,9096.0,0.0,0
2026-06-26T15:26:23.536,timeseries,1,User List,mlx-community/DeepSeek-R1-Distill-Qwen-14B-4bit,144.0,10225.0,0.0,0
2026-06-26T15:26:23.598,timeseries,1,User List,mlx-community/DeepSeek-R1-Distill-Qwen-14B-4bit,143.0,8884.0,0.0,0
2026-06-26T15:26:23.659,timeseries,1,User List,mlx-community/DeepSeek-R1-Distill-Qwen-14B-4bit,304.0,8922.0,0.0,0
2026-06-26T15:26:23.721,timeseries,1,User List,mlx-community/DeepSeek-R1-Distill-Qwen-14B-4bit,146.0,10343.0,0.0,0
2026-06-26T15:26:23.783,timeseries,1,User List,mlx-community/DeepSeek-R1-Distill-Qwen-14B-4bit,130.0,9038.0,0.0,0
2026-06-26T15:26:23.845,timeseries,1,User List,mlx-community/DeepSeek-R1-Distill-Qwen-14B-4bit,98.0,10410.0,0.0,0
2026-06-26T15:26:23.907,timeseries,1,User List,mlx-community/DeepSeek-R1-Distill-Qwen-14B-4bit,130.0,9090.0,0.0,0
2026-06-26T15:26:23.969,timeseries,1,User List,mlx-community/DeepSeek-R1-Distill-Qwen-14B-4bit,145.0,10271.0,0.0,0
2026-06-26T15:26:24.032,timeseries,1,User List,mlx-community/DeepSeek-R1-Distill-Qwen-14B-4bit,194.0,9066.0,0.0,0
2026-06-26T15:26:24.094,timeseries,1,User List,mlx-community/DeepSeek-R1-Distill-Qwen-14B-4bit,175.0,10212.0,0.0,0
2026-06-26T15:26:24.156,timeseries,1,User List,mlx-community/DeepSeek-R1-Distill-Qwen-14B-4bit,255.0,8928.0,0.0,0
2026-06-26T15:26:24.219,timeseries,1,User List,mlx-community/DeepSeek-R1-Distill-Qwen-14B-4bit,144.0,10266.0,0.0,0
2026-06-26T15:26:24.280,timeseries,1,User List,mlx-community/DeepSeek-R1-Distill-Qwen-14B-4bit,113.0,9054.0,0.0,0
2026-06-26T15:26:24.343,timeseries,1,User List,mlx-community/DeepSeek-R1-Distill-Qwen-14B-4bit,129.0,8988.0,0.0,0
2026-06-26T15:26:24.405,timeseries,1,User List,mlx-community/DeepSeek-R1-Distill-Qwen-14B-4bit,226.0,10292.0,0.0,0
2026-06-26T15:26:24.467,timeseries,1,User List,mlx-community/DeepSeek-R1-Distill-Qwen-14B-4bit,160.0,9050.0,0.0,0
2026-06-26T15:26:24.529,timeseries,1,User List,mlx-community/DeepSeek-R1-Distill-Qwen-14B-4bit,128.0,10261.0,0.0,0
2026-06-26T15:26:24.591,timeseries,1,User List,mlx-community/DeepSeek-R1-Distill-Qwen-14B-4bit,145.0,9014.0,0.0,0
2026-06-26T15:26:24.653,timeseries,1,User List,mlx-community/DeepSeek-R1-Distill-Qwen-14B-4bit,325.0,10347.0,0.0,0
2026-06-26T15:26:24.715,timeseries,1,User List,mlx-community/DeepSeek-R1-Distill-Qwen-14B-4bit,144.0,9034.0,0.0,0
2026-06-26T15:26:24.777,timeseries,1,User List,mlx-community/DeepSeek-R1-Distill-Qwen-14B-4bit,129.0,10302.0,0.0,0
2026-06-26T15:26:24.839,timeseries,1,User List,mlx-community/DeepSeek-R1-Distill-Qwen-14B-4bit,113.0,9033.0,0.0,0
2026-06-26T15:26:24.901,timeseries,1,User List,mlx-community/DeepSeek-R1-Distill-Qwen-14B-4bit,130.0,9091.0,0.0,0
2026-06-26T15:26:24.964,timeseries,1,User List,mlx-community/DeepSeek-R1-Distill-Qwen-14B-4bit,113.0,10408.0,0.0,0
2026-06-26T15:26:25.027,timeseries,1,User List,mlx-community/DeepSeek-R1-Distill-Qwen-14B-4bit,128.0,8982.0,0.0,0
2026-06-26T15:26:25.089,timeseries,1,User List,mlx-community/DeepSeek-R1-Distill-Qwen-14B-4bit,192.0,10180.0,0.0,0
2026-06-26T15:26:25.153,timeseries,1,User List,mlx-community/DeepSeek-R1-Distill-Qwen-14B-4bit,270.0,8884.0,0.0,0
2026-06-26T15:26:25.215,timeseries,1,User List,mlx-community/DeepSeek-R1-Distill-Qwen-14B-4bit,130.0,10367.0,0.0,0
2026-06-26T15:26:25.277,timeseries,1,User List,mlx-community/DeepSeek-R1-Distill-Qwen-14B-4bit,125.0,10026.0,0.0,0
2026-06-26T15:26:25.339,timeseries,1,User List,mlx-community/DeepSeek-R1-Distill-Qwen-14B-4bit,129.0,9046.0,0.0,0
2026-06-26T15:26:25.401,timeseries,1,User List,mlx-community/DeepSeek-R1-Distill-Qwen-14B-4bit,225.0,8999.0,0.0,0
2026-06-26T15:26:25.464,timeseries,1,User List,mlx-community/DeepSeek-R1-Distill-Qwen-14B-4bit,161.0,10361.0,0.0,0
2026-06-26T15:26:25.527,timeseries,1,User List,mlx-community/DeepSeek-R1-Distill-Qwen-14B-4bit,112.0,8996.0,0.0,0
2026-06-26T15:26:25.588,timeseries,1,User List,mlx-community/DeepSeek-R1-Distill-Qwen-14B-4bit,161.0,10270.0,0.0,0
2026-06-26T15:26:25.650,timeseries,1,User List,mlx-community/DeepSeek-R1-Distill-Qwen-14B-4bit,298.0,8778.0,0.0,0
2026-06-26T15:26:25.713,timeseries,1,User List,mlx-community/DeepSeek-R1-Distill-Qwen-14B-4bit,147.0,10524.0,0.0,0
2026-06-26T15:26:25.775,timeseries,1,User List,mlx-community/DeepSeek-R1-Distill-Qwen-14B-4bit,113.0,9093.0,0.0,0
2026-06-26T15:26:25.837,timeseries,1,User List,mlx-community/DeepSeek-R1-Distill-Qwen-14B-4bit,142.0,10132.0,0.0,0
2026-06-26T15:26:25.899,timeseries,1,User List,mlx-community/DeepSeek-R1-Distill-Qwen-14B-4bit,114.0,9141.0,0.0,0
2026-06-26T15:26:25.961,timeseries,1,User List,mlx-community/DeepSeek-R1-Distill-Qwen-14B-4bit,129.0,10339.0,0.0,0
2026-06-26T15:26:26.025,timeseries,1,User List,mlx-community/DeepSeek-R1-Distill-Qwen-14B-4bit,113.0,9048.0,0.0,0
2026-06-26T15:26:26.086,timeseries,1,User List,mlx-community/DeepSeek-R1-Distill-Qwen-14B-4bit,129.0,10366.0,0.0,0
2026-06-26T15:26:26.148,timeseries,1,User List,mlx-community/DeepSeek-R1-Distill-Qwen-14B-4bit,329.0,8780.0,0.0,0
2026-06-26T15:26:26.211,timeseries,1,User List,mlx-community/DeepSeek-R1-Distill-Qwen-14B-4bit,130.0,10424.0,0.0,0
2026-06-26T15:26:26.273,timeseries,1,User List,mlx-community/DeepSeek-R1-Distill-Qwen-14B-4bit,113.0,9099.0,0.0,0
2026-06-26T15:26:26.335,timeseries,1,User List,mlx-community/DeepSeek-R1-Distill-Qwen-14B-4bit,128.0,8980.0,0.0,0
2026-06-26T15:26:26.398,timeseries,1,User List,mlx-community/DeepSeek-R1-Distill-Qwen-14B-4bit,209.0,10256.0,0.0,0
2026-06-26T15:26:26.461,timeseries,1,User List,mlx-community/DeepSeek-R1-Distill-Qwen-14B-4bit,161.0,10336.0,0.0,0
2026-06-26T15:26:26.523,timeseries,1,User List,mlx-community/DeepSeek-R1-Distill-Qwen-14B-4bit,128.0,8980.0,0.0,0
2026-06-26T15:26:26.585,timeseries,1,User List,mlx-community/DeepSeek-R1-Distill-Qwen-14B-4bit,159.0,10203.0,0.0,0
2026-06-26T15:26:26.647,timeseries,1,User List,mlx-community/DeepSeek-R1-Distill-Qwen-14B-4bit,386.0,8968.0,0.0,0
2026-06-26T15:26:26.709,timeseries,1,User List,mlx-community/DeepSeek-R1-Distill-Qwen-14B-4bit,240.0,9026.0,0.0,0
2026-06-26T15:26:26.771,timeseries,1,User List,mlx-community/DeepSeek-R1-Distill-Qwen-14B-4bit,130.0,10452.0,0.0,0
2026-06-26T15:26:26.834,timeseries,1,User List,mlx-community/DeepSeek-R1-Distill-Qwen-14B-4bit,113.0,9053.0,0.0,0
2026-06-26T15:26:26.896,timeseries,1,User List,mlx-community/DeepSeek-R1-Distill-Qwen-14B-4bit,145.0,10352.0,0.0,0
2026-06-26T15:26:26.958,timeseries,1,User List,mlx-community/DeepSeek-R1-Distill-Qwen-14B-4bit,96.0,9062.0,0.0,0
2026-06-26T15:26:27.022,timeseries,1,User List,mlx-community/DeepSeek-R1-Distill-Qwen-14B-4bit,129.0,10338.0,0.0,0
2026-06-26T15:26:27.083,timeseries,1,User List,mlx-community/DeepSeek-R1-Distill-Qwen-14B-4bit,128.0,9026.0,0.0,0
2026-06-26T15:26:27.146,timeseries,1,User List,mlx-community/DeepSeek-R1-Distill-Qwen-14B-4bit,303.0,10184.0,0.0,0
2026-06-26T15:26:27.209,timeseries,1,User List,mlx-community/DeepSeek-R1-Distill-Qwen-14B-4bit,160.0,9017.0,0.0,0
2026-06-26T15:26:27.271,timeseries,1,User List,mlx-community/DeepSeek-R1-Distill-Qwen-14B-4bit,143.0,10219.0,0.0,0
2026-06-26T15:26:27.332,timeseries,1,User List,mlx-community/DeepSeek-R1-Distill-Qwen-14B-4bit,128.0,9005.0,0.0,0
2026-06-26T15:26:27.395,timeseries,1,User List,mlx-community/DeepSeek-R1-Distill-Qwen-14B-4bit,224.0,10258.0,0.0,0
2026-06-26T15:26:27.457,timeseries,1,User List,mlx-community/DeepSeek-R1-Distill-Qwen-14B-4bit,164.0,9249.0,0.0,0
2026-06-26T15:26:27.520,timeseries,1,User List,mlx-community/DeepSeek-R1-Distill-Qwen-14B-4bit,127.0,10250.0,0.0,0
2026-06-26T15:26:27.582,timeseries,1,User List,mlx-community/DeepSeek-R1-Distill-Qwen-14B-4bit,113.0,9115.0,0.0,0
2026-06-26T15:26:27.645,timeseries,1,User List,mlx-community/DeepSeek-R1-Distill-Qwen-14B-4bit,284.0,10107.0,0.0,0
2026-06-26T15:26:27.707,timeseries,1,User List,mlx-community/DeepSeek-R1-Distill-Qwen-14B-4bit,129.0,9097.0,0.0,0
2026-06-26T15:26:27.768,timeseries,1,User List,mlx-community/DeepSeek-R1-Distill-Qwen-14B-4bit,113.0,10399.0,0.0,0
2026-06-26T15:26:27.832,timeseries,1,User List,mlx-community/DeepSeek-R1-Distill-Qwen-14B-4bit,144.0,9052.0,0.0,0
2026-06-26T15:26:27.896,timeseries,1,User List,mlx-community/DeepSeek-R1-Distill-Qwen-14B-4bit,113.0,10374.0,0.0,0
2026-06-26T15:26:27.957,timeseries,1,User List,mlx-community/DeepSeek-R1-Distill-Qwen-14B-4bit,174.0,8926.0,0.0,0
2026-06-26T15:26:28.019,timeseries,1,User List,mlx-community/DeepSeek-R1-Distill-Qwen-14B-4bit,1090.0,9844.0,0.0,0
2026-06-26T15:26:28.081,timeseries,1,User List,mlx-community/DeepSeek-R1-Distill-Qwen-14B-4bit,230.0,9259.0,0.0,0
2026-06-26T15:26:28.143,timeseries,1,User List,mlx-community/DeepSeek-R1-Distill-Qwen-14B-4bit,2791.0,8937.0,0.0,0
2026-06-26T15:26:28.205,timeseries,1,User List,mlx-community/DeepSeek-R1-Distill-Qwen-14B-4bit,705.0,10287.0,0.0,0
2026-06-26T15:26:28.266,timeseries,1,User List,mlx-community/DeepSeek-R1-Distill-Qwen-14B-4bit,421.0,9082.0,0.0,0
2026-06-26T15:26:28.328,timeseries,1,User List,mlx-community/DeepSeek-R1-Distill-Qwen-14B-4bit,195.0,10470.0,0.0,0
2026-06-26T15:26:28.390,timeseries,1,User List,mlx-community/DeepSeek-R1-Distill-Qwen-14B-4bit,685.0,9172.0,0.0,0
2026-06-26T15:26:28.452,timeseries,1,User List,mlx-community/DeepSeek-R1-Distill-Qwen-14B-4bit,691.0,10322.0,0.0,0
2026-06-26T15:26:28.514,timeseries,1,User List,mlx-community/DeepSeek-R1-Distill-Qwen-14B-4bit,785.0,8943.0,0.0,0
2026-06-26T15:26:28.576,timeseries,1,User List,mlx-community/DeepSeek-R1-Distill-Qwen-14B-4bit,516.0,9049.0,0.0,0
2026-06-26T15:26:28.638,timeseries,1,User List,mlx-community/DeepSeek-R1-Distill-Qwen-14B-4bit,985.0,10388.0,0.0,0
2026-06-26T15:26:28.699,timeseries,1,User List,mlx-community/DeepSeek-R1-Distill-Qwen-14B-4bit,532.0,9089.0,0.0,0
2026-06-26T15:26:28.761,timeseries,1,User List,mlx-community/DeepSeek-R1-Distill-Qwen-14B-4bit,604.0,10532.0,0.0,0
2026-06-26T15:26:28.823,timeseries,1,User List,mlx-community/DeepSeek-R1-Distill-Qwen-14B-4bit,519.0,9123.0,0.0,0
2026-06-26T15:26:28.884,timeseries,1,User List,mlx-community/DeepSeek-R1-Distill-Qwen-14B-4bit,339.0,9132.0,0.0,0
2026-06-26T15:26:28.946,timeseries,1,User List,mlx-community/DeepSeek-R1-Distill-Qwen-14B-4bit,471.0,10452.0,0.0,0
2026-06-26T15:26:29.008,timeseries,1,User List,mlx-community/DeepSeek-R1-Distill-Qwen-14B-4bit,587.0,9213.0,0.0,0
2026-06-26T15:26:29.070,timeseries,1,User List,mlx-community/DeepSeek-R1-Distill-Qwen-14B-4bit,467.0,10389.0,0.0,0
2026-06-26T15:26:29.131,timeseries,1,User List,mlx-community/DeepSeek-R1-Distill-Qwen-14B-4bit,1023.0,9125.0,0.0,0
2026-06-26T15:26:29.194,timeseries,1,User List,mlx-community/DeepSeek-R1-Distill-Qwen-14B-4bit,514.0,10365.0,0.0,0
2026-06-26T15:26:29.255,timeseries,1,User List,mlx-community/DeepSeek-R1-Distill-Qwen-14B-4bit,797.0,9190.0,0.0,0
2026-06-26T15:26:29.316,timeseries,1,User List,mlx-community/DeepSeek-R1-Distill-Qwen-14B-4bit,467.0,9073.0,0.0,0
2026-06-26T15:26:29.378,timeseries,1,User List,mlx-community/DeepSeek-R1-Distill-Qwen-14B-4bit,957.0,10418.0,0.0,0
2026-06-26T15:26:29.439,timeseries,1,User List,mlx-community/DeepSeek-R1-Distill-Qwen-14B-4bit,346.0,9420.0,0.0,0
2026-06-26T15:26:29.500,timeseries,1,User List,mlx-community/DeepSeek-R1-Distill-Qwen-14B-4bit,596.0,9122.0,0.0,0
2026-06-26T15:26:29.562,timeseries,1,User List,mlx-community/DeepSeek-R1-Distill-Qwen-14B-4bit,524.0,10576.0,0.0,0
2026-06-26T15:26:29.623,timeseries,1,User List,mlx-community/DeepSeek-R1-Distill-Qwen-14B-4bit,1140.0,9156.0,0.0,0
2026-06-26T15:26:29.684,timeseries,1,User List,mlx-community/DeepSeek-R1-Distill-Qwen-14B-4bit,359.0,10569.0,0.0,0
2026-06-26T15:26:29.746,timeseries,1,User List,mlx-community/DeepSeek-R1-Distill-Qwen-14B-4bit,476.0,9286.0,0.0,0
2026-06-26T15:26:29.807,timeseries,1,User List,mlx-community/DeepSeek-R1-Distill-Qwen-14B-4bit,604.0,9227.0,0.0,0
2026-06-26T15:26:29.869,timeseries,1,User List,mlx-community/DeepSeek-R1-Distill-Qwen-14B-4bit,484.0,10440.0,0.0,0
2026-06-26T15:26:29.930,timeseries,1,User List,mlx-community/DeepSeek-R1-Distill-Qwen-14B-4bit,359.0,9198.0,0.0,0
2026-06-26T15:26:29.992,timeseries,1,User List,mlx-community/DeepSeek-R1-Distill-Qwen-14B-4bit,482.0,9096.0,0.0,0
2026-06-26T15:26:30.054,timeseries,1,User List,mlx-community/DeepSeek-R1-Distill-Qwen-14B-4bit,557.0,10578.0,0.0,0
2026-06-26T15:26:30.115,timeseries,1,User List,mlx-community/DeepSeek-R1-Distill-Qwen-14B-4bit,1140.0,9203.0,0.0,0
2026-06-26T15:26:30.177,timeseries,1,User List,mlx-community/DeepSeek-R1-Distill-Qwen-14B-4bit,501.0,10434.0,0.0,0
2026-06-26T15:26:30.239,timeseries,1,User List,mlx-community/DeepSeek-R1-Distill-Qwen-14B-4bit,341.0,9183.0,0.0,0
2026-06-26T15:26:30.301,timeseries,1,User List,mlx-community/DeepSeek-R1-Distill-Qwen-14B-4bit,805.0,9126.0,0.0,0
2026-06-26T15:26:30.361,timeseries,1,User List,mlx-community/DeepSeek-R1-Distill-Qwen-14B-4bit,670.0,10564.0,0.0,0
2026-06-26T15:26:30.424,timeseries,1,User List,mlx-community/DeepSeek-R1-Distill-Qwen-14B-4bit,750.0,9199.0,0.0,0
2026-06-26T15:26:30.486,timeseries,1,User List,mlx-community/DeepSeek-R1-Distill-Qwen-14B-4bit,358.0,10563.0,0.0,0
2026-06-26T15:26:30.548,timeseries,1,User List,mlx-community/DeepSeek-R1-Distill-Qwen-14B-4bit,563.0,9116.0,0.0,0
2026-06-26T15:26:30.610,timeseries,1,User List,mlx-community/DeepSeek-R1-Distill-Qwen-14B-4bit,1128.0,9085.0,0.0,0
2026-06-26T15:26:30.672,timeseries,1,User List,mlx-community/DeepSeek-R1-Distill-Qwen-14B-4bit,500.0,10456.0,0.0,0
2026-06-26T15:26:30.734,timeseries,1,User List,mlx-community/DeepSeek-R1-Distill-Qwen-14B-4bit,499.0,9097.0,0.0,0
2026-06-26T15:26:30.796,timeseries,1,User List,mlx-community/DeepSeek-R1-Distill-Qwen-14B-4bit,340.0,10482.0,0.0,0
2026-06-26T15:26:30.857,timeseries,1,User List,mlx-community/DeepSeek-R1-Distill-Qwen-14B-4bit,563.0,9117.0,0.0,0
2026-06-26T15:26:30.918,timeseries,1,User List,mlx-community/DeepSeek-R1-Distill-Qwen-14B-4bit,519.0,10531.0,0.0,0
2026-06-26T15:26:30.980,timeseries,1,User List,mlx-community/DeepSeek-R1-Distill-Qwen-14B-4bit,472.0,9204.0,0.0,0
2026-06-26T15:26:31.042,timeseries,1,User List,mlx-community/DeepSeek-R1-Distill-Qwen-14B-4bit,341.0,9227.0,0.0,0
2026-06-26T15:26:31.104,timeseries,1,User List,mlx-community/DeepSeek-R1-Distill-Qwen-14B-4bit,1176.0,10421.0,0.0,0
2026-06-26T15:26:31.165,timeseries,1,User List,mlx-community/DeepSeek-R1-Distill-Qwen-14B-4bit,680.0,9179.0,0.0,0
2026-06-26T15:26:31.226,timeseries,1,User List,mlx-community/DeepSeek-R1-Distill-Qwen-14B-4bit,1568.0,10407.0,0.0,0
2026-06-26T15:26:31.288,timeseries,1,User List,mlx-community/DeepSeek-R1-Distill-Qwen-14B-4bit,359.0,9228.0,0.0,0
2026-06-26T15:26:31.350,timeseries,1,User List,mlx-community/DeepSeek-R1-Distill-Qwen-14B-4bit,737.0,9305.0,0.0,0
2026-06-26T15:26:31.413,timeseries,1,User List,mlx-community/DeepSeek-R1-Distill-Qwen-14B-4bit,1003.0,10433.0,0.0,0
2026-06-26T15:26:31.473,timeseries,1,User List,mlx-community/DeepSeek-R1-Distill-Qwen-14B-4bit,498.0,9150.0,0.0,0
2026-06-26T15:26:31.535,timeseries,1,User List,mlx-community/DeepSeek-R1-Distill-Qwen-14B-4bit,488.0,9228.0,0.0,0
2026-06-26T15:26:31.597,timeseries,1,User List,mlx-community/DeepSeek-R1-Distill-Qwen-14B-4bit,1163.0,10585.0,0.0,0
2026-06-26T15:26:31.658,timeseries,1,User List,mlx-community/DeepSeek-R1-Distill-Qwen-14B-4bit,513.0,9117.0,0.0,0
2026-06-26T15:26:31.720,timeseries,1,User List,mlx-community/DeepSeek-R1-Distill-Qwen-14B-4bit,502.0,10515.0,0.0,0
2026-06-26T15:26:31.781,timeseries,1,User List,mlx-community/DeepSeek-R1-Distill-Qwen-14B-4bit,506.0,9200.0,0.0,0
2026-06-26T15:26:31.844,timeseries,1,User List,mlx-community/DeepSeek-R1-Distill-Qwen-14B-4bit,437.0,9189.0,0.0,0
2026-06-26T15:26:31.905,timeseries,1,User List,mlx-community/DeepSeek-R1-Distill-Qwen-14B-4bit,473.0,10590.0,0.0,0
2026-06-26T15:26:31.967,timeseries,1,User List,mlx-community/DeepSeek-R1-Distill-Qwen-14B-4bit,481.0,9115.0,0.0,0
2026-06-26T15:26:32.028,timeseries,1,User List,mlx-community/DeepSeek-R1-Distill-Qwen-14B-4bit,490.0,10608.0,0.0,0
2026-06-26T15:26:32.089,timeseries,1,User List,mlx-community/DeepSeek-R1-Distill-Qwen-14B-4bit,1020.0,9133.0,0.0,0
2026-06-26T15:26:32.150,timeseries,1,User List,mlx-community/DeepSeek-R1-Distill-Qwen-14B-4bit,505.0,9264.0,0.0,0
2026-06-26T15:26:32.212,timeseries,1,User List,mlx-community/DeepSeek-R1-Distill-Qwen-14B-4bit,490.0,10625.0,0.0,0
2026-06-26T15:26:32.273,timeseries,1,User List,mlx-community/DeepSeek-R1-Distill-Qwen-14B-4bit,491.0,9316.0,0.0,0
2026-06-26T15:26:32.335,timeseries,1,User List,mlx-community/DeepSeek-R1-Distill-Qwen-14B-4bit,504.0,10525.0,0.0,0
2026-06-26T15:26:32.398,timeseries,1,User List,mlx-community/DeepSeek-R1-Distill-Qwen-14B-4bit,1059.0,9217.0,0.0,0
2026-06-26T15:26:32.459,timeseries,1,User List,mlx-community/DeepSeek-R1-Distill-Qwen-14B-4bit,499.0,9200.0,0.0,0
2026-06-26T15:26:32.520,timeseries,1,User List,mlx-community/DeepSeek-R1-Distill-Qwen-14B-4bit,500.0,10463.0,0.0,0
2026-06-26T15:26:32.583,timeseries,1,User List,mlx-community/DeepSeek-R1-Distill-Qwen-14B-4bit,523.0,9289.0,0.0,0
2026-06-26T15:26:32.645,timeseries,1,User List,mlx-community/DeepSeek-R1-Distill-Qwen-14B-4bit,1003.0,10467.0,0.0,0
2026-06-26T15:26:32.707,timeseries,1,User List,mlx-community/DeepSeek-R1-Distill-Qwen-14B-4bit,512.0,9099.0,0.0,0
2026-06-26T15:26:32.768,timeseries,1,User List,mlx-community/DeepSeek-R1-Distill-Qwen-14B-4bit,487.0,10539.0,0.0,0
2026-06-26T15:26:32.831,timeseries,1,User List,mlx-community/DeepSeek-R1-Distill-Qwen-14B-4bit,482.0,9149.0,0.0,0
2026-06-26T15:26:32.891,timeseries,1,User List,mlx-community/DeepSeek-R1-Distill-Qwen-14B-4bit,583.0,9190.0,0.0,0
2026-06-26T15:26:32.953,timeseries,1,User List,mlx-community/DeepSeek-R1-Distill-Qwen-14B-4bit,342.0,10570.0,0.0,0
2026-06-26T15:26:33.015,timeseries,1,User List,mlx-community/DeepSeek-R1-Distill-Qwen-14B-4bit,476.0,9336.0,0.0,0
2026-06-26T15:26:33.076,timeseries,1,User List,mlx-community/DeepSeek-R1-Distill-Qwen-14B-4bit,483.0,10474.0,0.0,0
2026-06-26T15:26:33.138,timeseries,1,User List,mlx-community/DeepSeek-R1-Distill-Qwen-14B-4bit,1213.0,9186.0,0.0,0
2026-06-26T15:26:33.199,timeseries,1,User List,mlx-community/DeepSeek-R1-Distill-Qwen-14B-4bit,358.0,9239.0,0.0,0
2026-06-26T15:26:33.261,timeseries,1,User List,mlx-community/DeepSeek-R1-Distill-Qwen-14B-4bit,2145.0,10414.0,0.0,0
2026-06-26T15:26:33.324,timeseries,1,User List,mlx-community/DeepSeek-R1-Distill-Qwen-14B-4bit,1625.0,9291.0,0.0,0
2026-06-26T15:26:33.386,timeseries,1,User List,mlx-community/DeepSeek-R1-Distill-Qwen-14B-4bit,387.0,10393.0,0.0,0
2026-06-26T15:26:33.448,timeseries,1,User List,mlx-community/DeepSeek-R1-Distill-Qwen-14B-4bit,318.0,9053.0,0.0,0
2026-06-26T15:26:33.510,timeseries,1,User List,mlx-community/DeepSeek-R1-Distill-Qwen-14B-4bit,176.0,10348.0,0.0,0
2026-06-26T15:26:33.571,timeseries,1,User List,mlx-community/DeepSeek-R1-Distill-Qwen-14B-4bit,130.0,9215.0,0.0,0
2026-06-26T15:26:33.633,timeseries,1,User List,mlx-community/DeepSeek-R1-Distill-Qwen-14B-4bit,307.0,9132.0,0.0,0
2026-06-26T15:26:33.695,timeseries,1,User List,mlx-community/DeepSeek-R1-Distill-Qwen-14B-4bit,197.0,10615.0,0.0,0
2026-06-26T15:26:33.757,timeseries,1,User List,mlx-community/DeepSeek-R1-Distill-Qwen-14B-4bit,113.0,9166.0,0.0,0
2026-06-26T15:26:33.820,timeseries,1,User List,mlx-community/DeepSeek-R1-Distill-Qwen-14B-4bit,128.0,10395.0,0.0,0
2026-06-26T15:26:33.882,timeseries,1,User List,mlx-community/DeepSeek-R1-Distill-Qwen-14B-4bit,114.0,9227.0,0.0,0
2026-06-26T15:26:33.944,timeseries,1,User List,mlx-community/DeepSeek-R1-Distill-Qwen-14B-4bit,143.0,10309.0,0.0,0
2026-06-26T15:26:34.006,timeseries,1,User List,mlx-community/DeepSeek-R1-Distill-Qwen-14B-4bit,97.0,9216.0,0.0,0
2026-06-26T15:26:34.068,timeseries,1,User List,mlx-community/DeepSeek-R1-Distill-Qwen-14B-4bit,128.0,9086.0,0.0,0
2026-06-26T15:26:34.130,timeseries,1,User List,mlx-community/DeepSeek-R1-Distill-Qwen-14B-4bit,305.0,10357.0,0.0,0
2026-06-26T15:26:34.193,timeseries,1,User List,mlx-community/DeepSeek-R1-Distill-Qwen-14B-4bit,147.0,9270.0,0.0,0
2026-06-26T15:26:34.255,timeseries,1,User List,mlx-community/DeepSeek-R1-Distill-Qwen-14B-4bit,129.0,10460.0,0.0,0
2026-06-26T15:26:34.319,timeseries,1,User List,mlx-community/DeepSeek-R1-Distill-Qwen-14B-4bit,110.0,8973.0,0.0,0
2026-06-26T15:26:34.381,timeseries,1,User List,mlx-community/DeepSeek-R1-Distill-Qwen-14B-4bit,179.0,10506.0,0.0,0
2026-06-26T15:26:34.443,timeseries,1,User List,mlx-community/DeepSeek-R1-Distill-Qwen-14B-4bit,235.0,8882.0,0.0,0
2026-06-26T15:26:34.505,timeseries,1,User List,mlx-community/DeepSeek-R1-Distill-Qwen-14B-4bit,176.0,10404.0,0.0,0
2026-06-26T15:26:34.567,timeseries,1,User List,mlx-community/DeepSeek-R1-Distill-Qwen-14B-4bit,97.0,9219.0,0.0,0
2026-06-26T15:26:34.629,timeseries,1,User List,mlx-community/DeepSeek-R1-Distill-Qwen-14B-4bit,287.0,10275.0,0.0,0
2026-06-26T15:26:34.690,timeseries,1,User List,mlx-community/DeepSeek-R1-Distill-Qwen-14B-4bit,165.0,9429.0,0.0,0
2026-06-26T15:26:34.754,timeseries,1,User List,mlx-community/DeepSeek-R1-Distill-Qwen-14B-4bit,144.0,10356.0,0.0,0
2026-06-26T15:26:34.816,timeseries,1,User List,mlx-community/DeepSeek-R1-Distill-Qwen-14B-4bit,113.0,9172.0,0.0,0
2026-06-26T15:26:34.878,timeseries,1,User List,mlx-community/DeepSeek-R1-Distill-Qwen-14B-4bit,126.0,10240.0,0.0,0
2026-06-26T15:26:34.940,timeseries,1,User List,mlx-community/DeepSeek-R1-Distill-Qwen-14B-4bit,128.0,9093.0,0.0,0
2026-06-26T15:26:35.003,timeseries,1,User List,mlx-community/DeepSeek-R1-Distill-Qwen-14B-4bit,129.0,10496.0,0.0,0
2026-06-26T15:26:35.064,timeseries,1,User List,mlx-community/DeepSeek-R1-Distill-Qwen-14B-4bit,129.0,9150.0,0.0,0
2026-06-26T15:26:35.126,timeseries,1,User List,mlx-community/DeepSeek-R1-Distill-Qwen-14B-4bit,240.0,9051.0,0.0,0
2026-06-26T15:26:35.189,timeseries,1,User List,mlx-community/DeepSeek-R1-Distill-Qwen-14B-4bit,180.0,10634.0,0.0,0
2026-06-26T15:26:35.250,timeseries,1,User List,mlx-community/DeepSeek-R1-Distill-Qwen-14B-4bit,128.0,9107.0,0.0,0
2026-06-26T15:26:35.314,timeseries,1,User List,mlx-community/DeepSeek-R1-Distill-Qwen-14B-4bit,128.0,10392.0,0.0,0
2026-06-26T15:26:35.375,timeseries,1,User List,mlx-community/DeepSeek-R1-Distill-Qwen-14B-4bit,146.0,9217.0,0.0,0
2026-06-26T15:26:35.437,timeseries,1,User List,mlx-community/DeepSeek-R1-Distill-Qwen-14B-4bit,268.0,10211.0,0.0,0
2026-06-26T15:26:35.499,timeseries,1,User List,mlx-community/DeepSeek-R1-Distill-Qwen-14B-4bit,180.0,9279.0,0.0,0
2026-06-26T15:26:35.560,timeseries,1,User List,mlx-community/DeepSeek-R1-Distill-Qwen-14B-4bit,144.0,10409.0,0.0,0
2026-06-26T15:26:35.622,timeseries,1,User List,mlx-community/DeepSeek-R1-Distill-Qwen-14B-4bit,275.0,9137.0,0.0,0
2026-06-26T15:26:35.685,timeseries,1,User List,mlx-community/DeepSeek-R1-Distill-Qwen-14B-4bit,163.0,9309.0,0.0,0
2026-06-26T15:26:35.748,timeseries,1,User List,mlx-community/DeepSeek-R1-Distill-Qwen-14B-4bit,129.0,10477.0,0.0,0
2026-06-26T15:26:35.808,timeseries,1,User List,mlx-community/DeepSeek-R1-Distill-Qwen-14B-4bit,143.0,9003.0,0.0,0
2026-06-26T15:26:35.869,timeseries,1,User List,mlx-community/DeepSeek-R1-Distill-Qwen-14B-4bit,289.0,10397.0,0.0,0
2026-06-26T15:26:35.930,timeseries,1,User List,mlx-community/DeepSeek-R1-Distill-Qwen-14B-4bit,3104.0,9410.0,0.0,0
2026-06-26T15:26:35.991,timeseries,1,User List,mlx-community/DeepSeek-R1-Distill-Qwen-14B-4bit,6440.0,9359.0,0.0,0
2026-06-26T15:26:36.053,timeseries,1,User List,mlx-community/DeepSeek-R1-Distill-Qwen-14B-4bit,5981.0,10759.0,0.0,0
2026-06-26T15:26:36.114,timeseries,1,User List,mlx-community/DeepSeek-R1-Distill-Qwen-14B-4bit,4184.0,9159.0,0.0,0
2026-06-26T15:26:36.176,timeseries,1,User List,mlx-community/DeepSeek-R1-Distill-Qwen-14B-4bit,5490.0,9215.0,0.0,0
2026-06-26T15:26:36.238,timeseries,1,User List,mlx-community/DeepSeek-R1-Distill-Qwen-14B-4bit,5727.0,10642.0,0.0,0
2026-06-26T15:26:36.300,timeseries,1,User List,mlx-community/DeepSeek-R1-Distill-Qwen-14B-4bit,1882.0,9278.0,0.0,0
2026-06-26T15:26:36.361,timeseries,1,User List,mlx-community/DeepSeek-R1-Distill-Qwen-14B-4bit,340.0,10556.0,0.0,0
2026-06-26T15:26:36.423,timeseries,1,User List,mlx-community/DeepSeek-R1-Distill-Qwen-14B-4bit,552.0,9227.0,0.0,0
2026-06-26T15:26:36.485,timeseries,1,User List,mlx-community/DeepSeek-R1-Distill-Qwen-14B-4bit,194.0,9271.0,0.0,0
2026-06-26T15:26:36.547,timeseries,1,User List,mlx-community/DeepSeek-R1-Distill-Qwen-14B-4bit,635.0,10617.0,0.0,0
2026-06-26T15:26:36.609,timeseries,1,User List,mlx-community/DeepSeek-R1-Distill-Qwen-14B-4bit,1092.0,9157.0,0.0,0
2026-06-26T15:26:36.671,timeseries,1,User List,mlx-community/DeepSeek-R1-Distill-Qwen-14B-4bit,1025.0,10410.0,0.0,0
2026-06-26T15:26:36.732,timeseries,1,User List,mlx-community/DeepSeek-R1-Distill-Qwen-14B-4bit,322.0,9197.0,0.0,0
2026-06-26T15:26:36.794,timeseries,1,User List,mlx-community/DeepSeek-R1-Distill-Qwen-14B-4bit,601.0,10590.0,0.0,0
2026-06-26T15:26:36.856,timeseries,1,User List,mlx-community/DeepSeek-R1-Distill-Qwen-14B-4bit,472.0,9304.0,0.0,0
2026-06-26T15:26:36.918,timeseries,1,User List,mlx-community/DeepSeek-R1-Distill-Qwen-14B-4bit,486.0,9269.0,0.0,0
2026-06-26T15:26:36.980,timeseries,1,User List,mlx-community/DeepSeek-R1-Distill-Qwen-14B-4bit,469.0,10525.0,0.0,0
2026-06-26T15:26:37.042,timeseries,1,User List,mlx-community/DeepSeek-R1-Distill-Qwen-14B-4bit,339.0,9219.0,0.0,0
2026-06-26T15:26:37.103,timeseries,1,User List,mlx-community/DeepSeek-R1-Distill-Qwen-14B-4bit,1243.0,10525.0,0.0,0
2026-06-26T15:26:37.165,timeseries,1,User List,mlx-community/DeepSeek-R1-Distill-Qwen-14B-4bit,503.0,9299.0,0.0,0
2026-06-26T15:26:37.226,timeseries,1,User List,mlx-community/DeepSeek-R1-Distill-Qwen-14B-4bit,519.0,9241.0,0.0,0
2026-06-26T15:26:37.288,timeseries,1,User List,mlx-community/DeepSeek-R1-Distill-Qwen-14B-4bit,325.0,10636.0,0.0,0
2026-06-26T15:26:37.350,timeseries,1,User List,mlx-community/DeepSeek-R1-Distill-Qwen-14B-4bit,589.0,9344.0,0.0,0
2026-06-26T15:26:37.412,timeseries,1,User List,mlx-community/DeepSeek-R1-Distill-Qwen-14B-4bit,922.0,10544.0,0.0,0
2026-06-26T15:26:37.473,timeseries,1,User List,mlx-community/DeepSeek-R1-Distill-Qwen-14B-4bit,527.0,9139.0,0.0,0
2026-06-26T15:26:37.535,timeseries,1,User List,mlx-community/DeepSeek-R1-Distill-Qwen-14B-4bit,341.0,10605.0,0.0,0
2026-06-26T15:26:37.598,timeseries,1,User List,mlx-community/DeepSeek-R1-Distill-Qwen-14B-4bit,1385.0,9271.0,0.0,0
2026-06-26T15:26:37.658,timeseries,1,User List,mlx-community/DeepSeek-R1-Distill-Qwen-14B-4bit,498.0,9185.0,0.0,0
2026-06-26T15:26:37.720,timeseries,1,User List,mlx-community/DeepSeek-R1-Distill-Qwen-14B-4bit,500.0,10523.0,0.0,0
2026-06-26T15:26:37.782,timeseries,1,User List,mlx-community/DeepSeek-R1-Distill-Qwen-14B-4bit,461.0,9396.0,0.0,0
2026-06-26T15:26:37.845,timeseries,1,User List,mlx-community/DeepSeek-R1-Distill-Qwen-14B-4bit,468.0,10539.0,0.0,0
2026-06-26T15:26:37.907,timeseries,1,User List,mlx-community/DeepSeek-R1-Distill-Qwen-14B-4bit,520.0,9280.0,0.0,0
2026-06-26T15:26:37.969,timeseries,1,User List,mlx-community/DeepSeek-R1-Distill-Qwen-14B-4bit,487.0,10235.0,0.0,0
2026-06-26T15:26:38.031,timeseries,1,User List,mlx-community/DeepSeek-R1-Distill-Qwen-14B-4bit,1273.0,9218.0,0.0,0
2026-06-26T15:26:38.092,timeseries,1,User List,mlx-community/DeepSeek-R1-Distill-Qwen-14B-4bit,2073.0,9078.0,0.0,0
2026-06-26T15:26:38.155,timeseries,1,User List,mlx-community/DeepSeek-R1-Distill-Qwen-14B-4bit,309.0,10605.0,0.0,0
2026-06-26T15:26:38.216,timeseries,1,User List,mlx-community/DeepSeek-R1-Distill-Qwen-14B-4bit,131.0,9331.0,0.0,0
2026-06-26T15:26:38.279,timeseries,1,User List,mlx-community/DeepSeek-R1-Distill-Qwen-14B-4bit,128.0,10410.0,0.0,0
2026-06-26T15:26:38.341,timeseries,1,User List,mlx-community/DeepSeek-R1-Distill-Qwen-14B-4bit,114.0,9307.0,0.0,0
2026-06-26T15:26:38.403,timeseries,1,User List,mlx-community/DeepSeek-R1-Distill-Qwen-14B-4bit,460.0,10237.0,0.0,0
2026-06-26T15:26:38.466,timeseries,1,User List,mlx-community/DeepSeek-R1-Distill-Qwen-14B-4bit,2028.0,9124.0,0.0,0
2026-06-26T15:26:38.527,timeseries,1,User List,mlx-community/DeepSeek-R1-Distill-Qwen-14B-4bit,369.0,10451.0,0.0,0
2026-06-26T15:26:38.589,timeseries,1,User List,mlx-community/DeepSeek-R1-Distill-Qwen-14B-4bit,592.0,9078.0,0.0,0
2026-06-26T15:26:38.650,timeseries,1,User List,mlx-community/DeepSeek-R1-Distill-Qwen-14B-4bit,2903.0,9148.0,0.0,0
2026-06-26T15:26:38.712,timeseries,1,User List,mlx-community/DeepSeek-R1-Distill-Qwen-14B-4bit,778.0,10572.0,0.0,0
2026-06-26T15:26:38.774,timeseries,1,User List,mlx-community/DeepSeek-R1-Distill-Qwen-14B-4bit,309.0,9310.0,0.0,0
2026-06-26T15:26:38.835,timeseries,1,User List,mlx-community/DeepSeek-R1-Distill-Qwen-14B-4bit,308.0,10545.0,0.0,0
2026-06-26T15:26:38.897,timeseries,1,User List,mlx-community/DeepSeek-R1-Distill-Qwen-14B-4bit,404.0,9267.0,0.0,0
2026-06-26T15:26:38.958,timeseries,1,User List,mlx-community/DeepSeek-R1-Distill-Qwen-14B-4bit,472.0,9333.0,0.0,0
2026-06-26T15:26:39.021,timeseries,1,User List,mlx-community/DeepSeek-R1-Distill-Qwen-14B-4bit,469.0,10582.0,0.0,0
2026-06-26T15:26:39.082,timeseries,1,User List,mlx-community/DeepSeek-R1-Distill-Qwen-14B-4bit,522.0,9396.0,0.0,0
2026-06-26T15:26:39.144,timeseries,1,User List,mlx-community/DeepSeek-R1-Distill-Qwen-14B-4bit,1040.0,10428.0,0.0,0
2026-06-26T15:26:39.206,timeseries,1,User List,mlx-community/DeepSeek-R1-Distill-Qwen-14B-4bit,505.0,9330.0,0.0,0
2026-06-26T15:26:39.268,timeseries,1,User List,mlx-community/DeepSeek-R1-Distill-Qwen-14B-4bit,484.0,9248.0,0.0,0
2026-06-26T15:26:39.330,timeseries,1,User List,mlx-community/DeepSeek-R1-Distill-Qwen-14B-4bit,487.0,10624.0,0.0,0
2026-06-26T15:26:39.391,timeseries,1,User List,mlx-community/DeepSeek-R1-Distill-Qwen-14B-4bit,856.0,9188.0,0.0,0
2026-06-26T15:26:39.453,timeseries,1,User List,mlx-community/DeepSeek-R1-Distill-Qwen-14B-4bit,501.0,10658.0,0.0,0
2026-06-26T15:26:39.515,timeseries,1,User List,mlx-community/DeepSeek-R1-Distill-Qwen-14B-4bit,474.0,9383.0,0.0,0
2026-06-26T15:26:39.576,timeseries,1,User List,mlx-community/DeepSeek-R1-Distill-Qwen-14B-4bit,484.0,9236.0,0.0,0
2026-06-26T15:26:39.638,timeseries,1,User List,mlx-community/DeepSeek-R1-Distill-Qwen-14B-4bit,1279.0,10537.0,0.0,0
2026-06-26T15:26:39.699,timeseries,1,User List,mlx-community/DeepSeek-R1-Distill-Qwen-14B-4bit,491.0,9378.0,0.0,0
2026-06-26T15:26:39.761,timeseries,1,User List,mlx-community/DeepSeek-R1-Distill-Qwen-14B-4bit,486.0,10615.0,0.0,0
2026-06-26T15:26:39.822,timeseries,1,User List,mlx-community/DeepSeek-R1-Distill-Qwen-14B-4bit,487.0,9307.0,0.0,0
2026-06-26T15:26:39.883,timeseries,1,User List,mlx-community/DeepSeek-R1-Distill-Qwen-14B-4bit,454.0,9282.0,0.0,0
2026-06-26T15:26:39.945,timeseries,1,User List,mlx-community/DeepSeek-R1-Distill-Qwen-14B-4bit,441.0,10714.0,0.0,0
2026-06-26T15:26:40.007,timeseries,1,User List,mlx-community/DeepSeek-R1-Distill-Qwen-14B-4bit,472.0,9330.0,0.0,0
2026-06-26T15:26:40.069,timeseries,1,User List,mlx-community/DeepSeek-R1-Distill-Qwen-14B-4bit,471.0,10635.0,0.0,0
2026-06-26T15:26:40.131,timeseries,1,User List,mlx-community/DeepSeek-R1-Distill-Qwen-14B-4bit,1128.0,9220.0,0.0,0
2026-06-26T15:26:40.193,timeseries,1,User List,mlx-community/DeepSeek-R1-Distill-Qwen-14B-4bit,452.0,9240.0,0.0,0
2026-06-26T15:26:40.254,timeseries,1,User List,mlx-community/DeepSeek-R1-Distill-Qwen-14B-4bit,487.0,10633.0,0.0,0
2026-06-26T15:26:40.316,timeseries,1,User List,mlx-community/DeepSeek-R1-Distill-Qwen-14B-4bit,482.0,9215.0,0.0,0
2026-06-26T15:26:40.378,timeseries,1,User List,mlx-community/DeepSeek-R1-Distill-Qwen-14B-4bit,876.0,10591.0,0.0,0
2026-06-26T15:26:40.440,timeseries,1,User List,mlx-community/DeepSeek-R1-Distill-Qwen-14B-4bit,618.0,9339.0,0.0,0
2026-06-26T15:26:40.501,timeseries,1,User List,mlx-community/DeepSeek-R1-Distill-Qwen-14B-4bit,336.0,9224.0,0.0,0
2026-06-26T15:26:40.563,timeseries,1,User List,mlx-community/DeepSeek-R1-Distill-Qwen-14B-4bit,474.0,10696.0,0.0,0
2026-06-26T15:26:40.624,timeseries,1,User List,mlx-community/DeepSeek-R1-Distill-Qwen-14B-4bit,1081.0,9371.0,0.0,0
2026-06-26T15:26:40.686,timeseries,1,User List,mlx-community/DeepSeek-R1-Distill-Qwen-14B-4bit,795.0,10622.0,0.0,0
2026-06-26T15:26:40.748,timeseries,1,User List,mlx-community/DeepSeek-R1-Distill-Qwen-14B-4bit,358.0,9299.0,0.0,0
2026-06-26T15:26:40.809,timeseries,1,User List,mlx-community/DeepSeek-R1-Distill-Qwen-14B-4bit,436.0,9289.0,0.0,0
2026-06-26T15:26:40.871,timeseries,1,User List,mlx-community/DeepSeek-R1-Distill-Qwen-14B-4bit,484.0,10576.0,0.0,0
2026-06-26T15:26:40.933,timeseries,1,User List,mlx-community/DeepSeek-R1-Distill-Qwen-14B-4bit,454.0,9304.0,0.0,0
2026-06-26T15:26:40.995,timeseries,1,User List,mlx-community/DeepSeek-R1-Distill-Qwen-14B-4bit,582.0,10588.0,0.0,0
2026-06-26T15:26:41.057,timeseries,1,User List,mlx-community/DeepSeek-R1-Distill-Qwen-14B-4bit,342.0,9372.0,0.0,0
2026-06-26T15:26:41.118,timeseries,1,User List,mlx-community/DeepSeek-R1-Distill-Qwen-14B-4bit,1048.0,10558.0,0.0,0
2026-06-26T15:26:41.180,timeseries,1,User List,mlx-community/DeepSeek-R1-Distill-Qwen-14B-4bit,517.0,9306.0,0.0,0
2026-06-26T15:26:41.242,timeseries,1,User List,mlx-community/DeepSeek-R1-Distill-Qwen-14B-4bit,1637.0,9188.0,0.0,0
2026-06-26T15:26:41.306,timeseries,1,User List,mlx-community/DeepSeek-R1-Distill-Qwen-14B-4bit,259.0,10640.0,0.0,0
2026-06-26T15:26:41.367,timeseries,1,User List,mlx-community/DeepSeek-R1-Distill-Qwen-14B-4bit,837.0,9243.0,0.0,0
2026-06-26T15:26:41.429,timeseries,1,User List,mlx-community/DeepSeek-R1-Distill-Qwen-14B-4bit,570.0,10378.0,0.0,0
2026-06-26T15:26:41.491,timeseries,1,User List,mlx-community/DeepSeek-R1-Distill-Qwen-14B-4bit,584.0,9329.0,0.0,0
2026-06-26T15:26:41.553,timeseries,1,User List,mlx-community/DeepSeek-R1-Distill-Qwen-14B-4bit,357.0,10671.0,0.0,0
2026-06-26T15:26:41.614,timeseries,1,User List,mlx-community/DeepSeek-R1-Distill-Qwen-14B-4bit,1178.0,9228.0,0.0,0
2026-06-26T15:26:41.675,timeseries,1,User List,mlx-community/DeepSeek-R1-Distill-Qwen-14B-4bit,498.0,9245.0,0.0,0
2026-06-26T15:26:41.737,timeseries,1,User List,mlx-community/DeepSeek-R1-Distill-Qwen-14B-4bit,797.0,10671.0,0.0,0
2026-06-26T15:26:41.799,timeseries,1,User List,mlx-community/DeepSeek-R1-Distill-Qwen-14B-4bit,460.0,9421.0,0.0,0
2026-06-26T15:26:41.859,timeseries,1,User List,mlx-community/DeepSeek-R1-Distill-Qwen-14B-4bit,340.0,10627.0,0.0,0
2026-06-26T15:26:41.921,timeseries,1,User List,mlx-community/DeepSeek-R1-Distill-Qwen-14B-4bit,460.0,9472.0,0.0,0
2026-06-26T15:26:41.983,timeseries,1,User List,mlx-community/DeepSeek-R1-Distill-Qwen-14B-4bit,521.0,9373.0,0.0,0
2026-06-26T15:26:42.045,timeseries,1,User List,mlx-community/DeepSeek-R1-Distill-Qwen-14B-4bit,518.0,10607.0,0.0,0
2026-06-26T15:26:42.106,timeseries,1,User List,mlx-community/DeepSeek-R1-Distill-Qwen-14B-4bit,909.0,9320.0,0.0,0
2026-06-26T15:26:42.167,timeseries,1,User List,mlx-community/DeepSeek-R1-Distill-Qwen-14B-4bit,515.0,9263.0,0.0,0
2026-06-26T15:26:42.228,timeseries,1,User List,mlx-community/DeepSeek-R1-Distill-Qwen-14B-4bit,474.0,10714.0,0.0,0
2026-06-26T15:26:42.290,timeseries,1,User List,mlx-community/DeepSeek-R1-Distill-Qwen-14B-4bit,583.0,9562.0,0.0,0
2026-06-26T15:26:42.352,timeseries,1,User List,mlx-community/DeepSeek-R1-Distill-Qwen-14B-4bit,337.0,10557.0,0.0,0
2026-06-26T15:26:42.414,timeseries,1,User List,mlx-community/DeepSeek-R1-Distill-Qwen-14B-4bit,891.0,9299.0,0.0,0
2026-06-26T15:26:42.475,timeseries,1,User List,mlx-community/DeepSeek-R1-Distill-Qwen-14B-4bit,466.0,9279.0,0.0,0
2026-06-26T15:26:42.537,timeseries,1,User List,mlx-community/DeepSeek-R1-Distill-Qwen-14B-4bit,572.0,10744.0,0.0,0
2026-06-26T15:26:42.597,timeseries,1,User List,mlx-community/DeepSeek-R1-Distill-Qwen-14B-4bit,981.0,9352.0,0.0,0
2026-06-26T15:26:42.659,timeseries,1,User List,mlx-community/DeepSeek-R1-Distill-Qwen-14B-4bit,473.0,9389.0,0.0,0
2026-06-26T15:26:42.720,timeseries,1,User List,mlx-community/DeepSeek-R1-Distill-Qwen-14B-4bit,473.0,10706.0,0.0,0
2026-06-26T15:26:42.781,timeseries,1,User List,mlx-community/DeepSeek-R1-Distill-Qwen-14B-4bit,771.0,9427.0,0.0,0
2026-06-26T15:26:42.843,timeseries,1,User List,mlx-community/DeepSeek-R1-Distill-Qwen-14B-4bit,489.0,9353.0,0.0,0
2026-06-26T15:26:42.905,timeseries,1,User List,mlx-community/DeepSeek-R1-Distill-Qwen-14B-4bit,341.0,10686.0,0.0,0
2026-06-26T15:26:42.966,timeseries,1,User List,mlx-community/DeepSeek-R1-Distill-Qwen-14B-4bit,453.0,9329.0,0.0,0
2026-06-26T15:26:43.028,timeseries,1,User List,mlx-community/DeepSeek-R1-Distill-Qwen-14B-4bit,565.0,10622.0,0.0,0
2026-06-26T15:26:43.089,timeseries,1,User List,mlx-community/DeepSeek-R1-Distill-Qwen-14B-4bit,1033.0,9395.0,0.0,0
2026-06-26T15:26:43.151,timeseries,1,User List,mlx-community/DeepSeek-R1-Distill-Qwen-14B-4bit,404.0,9310.0,0.0,0
2026-06-26T15:26:43.214,timeseries,1,User List,mlx-community/DeepSeek-R1-Distill-Qwen-14B-4bit,489.0,10715.0,0.0,0
2026-06-26T15:26:43.275,timeseries,1,User List,mlx-community/DeepSeek-R1-Distill-Qwen-14B-4bit,471.0,9337.0,0.0,0
2026-06-26T15:26:43.337,timeseries,1,User List,mlx-community/DeepSeek-R1-Distill-Qwen-14B-4bit,573.0,10476.0,0.0,0
2026-06-26T15:26:43.399,timeseries,1,User List,mlx-community/DeepSeek-R1-Distill-Qwen-14B-4bit,827.0,9278.0,0.0,0
2026-06-26T15:26:43.461,timeseries,1,User List,mlx-community/DeepSeek-R1-Distill-Qwen-14B-4bit,435.0,10656.0,0.0,0
2026-06-26T15:26:43.521,timeseries,1,User List,mlx-community/DeepSeek-R1-Distill-Qwen-14B-4bit,456.0,9382.0,0.0,0
2026-06-26T15:26:43.583,timeseries,1,User List,mlx-community/DeepSeek-R1-Distill-Qwen-14B-4bit,2506.0,9166.0,0.0,0
2026-06-26T15:26:43.644,timeseries,1,User List,mlx-community/DeepSeek-R1-Distill-Qwen-14B-4bit,1874.0,10717.0,0.0,0
2026-06-26T15:26:43.707,timeseries,1,User List,mlx-community/DeepSeek-R1-Distill-Qwen-14B-4bit,179.0,9356.0,0.0,0
2026-06-26T15:26:43.769,timeseries,1,User List,mlx-community/DeepSeek-R1-Distill-Qwen-14B-4bit,163.0,10703.0,0.0,0
2026-06-26T15:26:43.831,timeseries,1,User List,mlx-community/DeepSeek-R1-Distill-Qwen-14B-4bit,161.0,9260.0,0.0,0
2026-06-26T15:26:43.892,timeseries,1,User List,mlx-community/DeepSeek-R1-Distill-Qwen-14B-4bit,145.0,9260.0,0.0,0
2026-06-26T15:26:43.955,timeseries,1,User List,mlx-community/DeepSeek-R1-Distill-Qwen-14B-4bit,113.0,10634.0,0.0,0
2026-06-26T15:26:44.017,timeseries,1,User List,mlx-community/DeepSeek-R1-Distill-Qwen-14B-4bit,113.0,9295.0,0.0,0
2026-06-26T15:26:44.079,timeseries,1,User List,mlx-community/DeepSeek-R1-Distill-Qwen-14B-4bit,145.0,10582.0,0.0,0
2026-06-26T15:26:44.142,timeseries,1,User List,mlx-community/DeepSeek-R1-Distill-Qwen-14B-4bit,318.0,9090.0,0.0,0
2026-06-26T15:26:44.204,timeseries,1,User List,mlx-community/DeepSeek-R1-Distill-Qwen-14B-4bit,131.0,10772.0,0.0,0
2026-06-26T15:26:44.266,timeseries,1,User List,mlx-community/DeepSeek-R1-Distill-Qwen-14B-4bit,127.0,9147.0,0.0,0
2026-06-26T15:26:44.329,timeseries,1,User List,mlx-community/DeepSeek-R1-Distill-Qwen-14B-4bit,128.0,10528.0,0.0,0
2026-06-26T15:26:44.392,timeseries,1,User List,mlx-community/DeepSeek-R1-Distill-Qwen-14B-4bit,291.0,9214.0,0.0,0
2026-06-26T15:26:44.454,timeseries,1,User List,mlx-community/DeepSeek-R1-Distill-Qwen-14B-4bit,364.0,10371.0,0.0,0
2026-06-26T15:26:44.517,timeseries,1,User List,mlx-community/DeepSeek-R1-Distill-Qwen-14B-4bit,128.0,9246.0,0.0,0
2026-06-26T15:26:44.578,timeseries,1,User List,mlx-community/DeepSeek-R1-Distill-Qwen-14B-4bit,144.0,10510.0,0.0,0
2026-06-26T15:26:44.639,timeseries,1,User List,mlx-community/DeepSeek-R1-Distill-Qwen-14B-4bit,272.0,9163.0,0.0,0
2026-06-26T15:26:44.702,timeseries,1,User List,mlx-community/DeepSeek-R1-Distill-Qwen-14B-4bit,147.0,9386.0,0.0,0
2026-06-26T15:26:44.764,timeseries,1,User List,mlx-community/DeepSeek-R1-Distill-Qwen-14B-4bit,97.0,10691.0,0.0,0
2026-06-26T15:26:44.825,timeseries,1,User List,mlx-community/DeepSeek-R1-Distill-Qwen-14B-4bit,128.0,9217.0,0.0,0
2026-06-26T15:26:44.887,timeseries,1,User List,mlx-community/DeepSeek-R1-Distill-Qwen-14B-4bit,180.0,10725.0,0.0,0
2026-06-26T15:26:44.950,timeseries,1,User List,mlx-community/DeepSeek-R1-Distill-Qwen-14B-4bit,114.0,9349.0,0.0,0
2026-06-26T15:26:45.012,timeseries,1,User List,mlx-community/DeepSeek-R1-Distill-Qwen-14B-4bit,113.0,10577.0,0.0,0
2026-06-26T15:26:45.072,timeseries,1,User List,mlx-community/DeepSeek-R1-Distill-Qwen-14B-4bit,127.0,9188.0,0.0,0
2026-06-26T15:26:45.134,timeseries,1,User List,mlx-community/DeepSeek-R1-Distill-Qwen-14B-4bit,305.0,9195.0,0.0,0
2026-06-26T15:26:45.197,timeseries,1,User List,mlx-community/DeepSeek-R1-Distill-Qwen-14B-4bit,149.0,10926.0,0.0,0
2026-06-26T15:26:45.260,timeseries,1,User List,mlx-community/DeepSeek-R1-Distill-Qwen-14B-4bit,130.0,9364.0,0.0,0
2026-06-26T15:26:45.323,timeseries,1,User List,mlx-community/DeepSeek-R1-Distill-Qwen-14B-4bit,127.0,10486.0,0.0,0
2026-06-26T15:26:45.385,timeseries,1,User List,mlx-community/DeepSeek-R1-Distill-Qwen-14B-4bit,206.0,9095.0,0.0,0
2026-06-26T15:26:45.447,timeseries,1,User List,mlx-community/DeepSeek-R1-Distill-Qwen-14B-4bit,252.0,10402.0,0.0,0
2026-06-26T15:26:45.509,timeseries,1,User List,mlx-community/DeepSeek-R1-Distill-Qwen-14B-4bit,114.0,9350.0,0.0,0
2026-06-26T15:26:45.571,timeseries,1,User List,mlx-community/DeepSeek-R1-Distill-Qwen-14B-4bit,129.0,10645.0,0.0,0
2026-06-26T15:26:45.632,timeseries,1,User List,mlx-community/DeepSeek-R1-Distill-Qwen-14B-4bit,289.0,9210.0,0.0,0
2026-06-26T15:26:45.694,timeseries,1,User List,mlx-community/DeepSeek-R1-Distill-Qwen-14B-4bit,162.0,10657.0,0.0,0
2026-06-26T15:26:45.758,timeseries,1,User List,mlx-community/DeepSeek-R1-Distill-Qwen-14B-4bit,130.0,9416.0,0.0,0
2026-06-26T15:26:45.820,timeseries,1,User List,mlx-community/DeepSeek-R1-Distill-Qwen-14B-4bit,112.0,10511.0,0.0,0
2026-06-26T15:26:45.882,timeseries,1,User List,mlx-community/DeepSeek-R1-Distill-Qwen-14B-4bit,126.0,9122.0,0.0,0
2026-06-26T15:26:45.944,timeseries,1,User List,mlx-community/DeepSeek-R1-Distill-Qwen-14B-4bit,162.0,10643.0,0.0,0
2026-06-26T15:26:46.007,timeseries,1,User List,mlx-community/DeepSeek-R1-Distill-Qwen-14B-4bit,128.0,9212.0,0.0,0
2026-06-26T15:26:46.069,timeseries,1,User List,mlx-community/DeepSeek-R1-Distill-Qwen-14B-4bit,129.0,10629.0,0.0,0
2026-06-26T15:26:46.131,timeseries,1,User List,mlx-community/DeepSeek-R1-Distill-Qwen-14B-4bit,254.0,9141.0,0.0,0
2026-06-26T15:26:46.193,timeseries,1,User List,mlx-community/DeepSeek-R1-Distill-Qwen-14B-4bit,160.0,9258.0,0.0,0
2026-06-26T15:26:46.255,timeseries,1,User List,mlx-community/DeepSeek-R1-Distill-Qwen-14B-4bit,130.0,10700.0,0.0,0
2026-06-26T15:26:46.319,timeseries,1,User List,mlx-community/DeepSeek-R1-Distill-Qwen-14B-4bit,129.0,9287.0,0.0,0
2026-06-26T15:26:46.381,timeseries,1,User List,mlx-community/DeepSeek-R1-Distill-Qwen-14B-4bit,161.0,10546.0,0.0,0
2026-06-26T15:26:46.443,timeseries,1,User List,mlx-community/DeepSeek-R1-Distill-Qwen-14B-4bit,218.0,8943.0,0.0,0
2026-06-26T15:26:46.506,timeseries,1,User List,mlx-community/DeepSeek-R1-Distill-Qwen-14B-4bit,146.0,10727.0,0.0,0
2026-06-26T15:26:46.567,timeseries,1,User List,mlx-community/DeepSeek-R1-Distill-Qwen-14B-4bit,128.0,9252.0,0.0,0
2026-06-26T15:26:46.628,timeseries,1,User List,mlx-community/DeepSeek-R1-Distill-Qwen-14B-4bit,289.0,10498.0,0.0,0
2026-06-26T15:26:46.690,timeseries,1,User List,mlx-community/DeepSeek-R1-Distill-Qwen-14B-4bit,344.0,9444.0,0.0,0
2026-06-26T15:26:46.754,timeseries,1,User List,mlx-community/DeepSeek-R1-Distill-Qwen-14B-4bit,162.0,10686.0,0.0,0
2026-06-26T15:26:46.817,timeseries,1,User List,mlx-community/DeepSeek-R1-Distill-Qwen-14B-4bit,146.0,9318.0,0.0,0
2026-06-26T15:26:46.880,timeseries,1,User List,mlx-community/DeepSeek-R1-Distill-Qwen-14B-4bit,236.0,10090.0,0.0,0
2026-06-26T15:26:46.942,timeseries,1,User List,mlx-community/DeepSeek-R1-Distill-Qwen-14B-4bit,141.0,9046.0,0.0,0
2026-06-26T15:26:47.005,timeseries,1,User List,mlx-community/DeepSeek-R1-Distill-Qwen-14B-4bit,161.0,10553.0,0.0,0
2026-06-26T15:26:47.066,timeseries,1,User List,mlx-community/DeepSeek-R1-Distill-Qwen-14B-4bit,144.0,9263.0,0.0,0
2026-06-26T15:26:47.129,timeseries,1,User List,mlx-community/DeepSeek-R1-Distill-Qwen-14B-4bit,303.0,10477.0,0.0,0
2026-06-26T15:26:47.191,timeseries,1,User List,mlx-community/DeepSeek-R1-Distill-Qwen-14B-4bit,163.0,9446.0,0.0,0
2026-06-26T15:26:47.252,timeseries,1,User List,mlx-community/DeepSeek-R1-Distill-Qwen-14B-4bit,142.0,10380.0,0.0,0
2026-06-26T15:26:47.315,timeseries,1,User List,mlx-community/DeepSeek-R1-Distill-Qwen-14B-4bit,114.0,9431.0,0.0,0
2026-06-26T15:26:47.378,timeseries,1,User List,mlx-community/DeepSeek-R1-Distill-Qwen-14B-4bit,178.0,9314.0,0.0,0
2026-06-26T15:26:47.439,timeseries,1,User List,mlx-community/DeepSeek-R1-Distill-Qwen-14B-4bit,256.0,10514.0,0.0,0
2026-06-26T15:26:47.502,timeseries,1,User List,mlx-community/DeepSeek-R1-Distill-Qwen-14B-4bit,143.0,9192.0,0.0,0
2026-06-26T15:26:47.563,timeseries,1,User List,mlx-community/DeepSeek-R1-Distill-Qwen-14B-4bit,130.0,10679.0,0.0,0
2026-06-26T15:26:47.629,timeseries,1,User List,mlx-community/DeepSeek-R1-Distill-Qwen-14B-4bit,255.0,9177.0,0.0,0
2026-06-26T15:26:47.692,timeseries,1,User List,mlx-community/DeepSeek-R1-Distill-Qwen-14B-4bit,213.0,10686.0,0.0,0
2026-06-26T15:26:47.753,timeseries,1,User List,mlx-community/DeepSeek-R1-Distill-Qwen-14B-4bit,227.0,9913.0,0.0,0
2026-06-26T15:26:47.816,timeseries,1,User List,mlx-community/DeepSeek-R1-Distill-Qwen-14B-4bit,128.0,9262.0,0.0,0
2026-06-26T15:26:47.878,timeseries,1,User List,mlx-community/DeepSeek-R1-Distill-Qwen-14B-4bit,130.0,10677.0,0.0,0
2026-06-26T15:26:47.941,timeseries,1,User List,mlx-community/DeepSeek-R1-Distill-Qwen-14B-4bit,144.0,9217.0,0.0,0
2026-06-26T15:26:48.005,timeseries,1,User List,mlx-community/DeepSeek-R1-Distill-Qwen-14B-4bit,129.0,10603.0,0.0,0
2026-06-26T15:26:48.066,timeseries,1,User List,mlx-community/DeepSeek-R1-Distill-Qwen-14B-4bit,192.0,9225.0,0.0,0
2026-06-26T15:26:48.128,timeseries,1,User List,mlx-community/DeepSeek-R1-Distill-Qwen-14B-4bit,1433.0,10096.0,0.0,0
2026-06-26T15:26:48.189,timeseries,1,User List,mlx-community/DeepSeek-R1-Distill-Qwen-14B-4bit,571.0,9377.0,0.0,0
2026-06-26T15:26:48.251,timeseries,1,User List,mlx-community/DeepSeek-R1-Distill-Qwen-14B-4bit,240.0,9241.0,0.0,0
2026-06-26T15:26:48.313,timeseries,1,User List,mlx-community/DeepSeek-R1-Distill-Qwen-14B-4bit,197.0,10821.0,0.0,0
2026-06-26T15:26:48.375,timeseries,1,User List,mlx-community/DeepSeek-R1-Distill-Qwen-14B-4bit,162.0,9330.0,0.0,0
2026-06-26T15:26:48.438,timeseries,1,User List,mlx-community/DeepSeek-R1-Distill-Qwen-14B-4bit,274.0,10561.0,0.0,0
2026-06-26T15:26:48.499,timeseries,1,User List,mlx-community/DeepSeek-R1-Distill-Qwen-14B-4bit,130.0,9381.0,0.0,0
2026-06-26T15:26:48.560,timeseries,1,User List,mlx-community/DeepSeek-R1-Distill-Qwen-14B-4bit,128.0,10542.0,0.0,0
2026-06-26T15:26:48.621,timeseries,1,User List,mlx-community/DeepSeek-R1-Distill-Qwen-14B-4bit,260.0,9346.0,0.0,0
2026-06-26T15:26:48.683,timeseries,1,User List,mlx-community/DeepSeek-R1-Distill-Qwen-14B-4bit,1116.0,9492.0,0.0,0
2026-06-26T15:26:48.744,timeseries,1,User List,mlx-community/DeepSeek-R1-Distill-Qwen-14B-4bit,1567.0,10721.0,0.0,0
2026-06-26T15:26:48.806,timeseries,1,User List,mlx-community/DeepSeek-R1-Distill-Qwen-14B-4bit,226.0,9339.0,0.0,0
2026-06-26T15:26:48.867,timeseries,1,User List,mlx-community/DeepSeek-R1-Distill-Qwen-14B-4bit,259.0,9370.0,0.0,0
2026-06-26T15:26:48.928,timeseries,1,User List,mlx-community/DeepSeek-R1-Distill-Qwen-14B-4bit,278.0,10822.0,0.0,0
2026-06-26T15:26:48.990,timeseries,1,User List,mlx-community/DeepSeek-R1-Distill-Qwen-14B-4bit,409.0,9473.0,0.0,0
2026-06-26T15:26:49.053,timeseries,1,User List,mlx-community/DeepSeek-R1-Distill-Qwen-14B-4bit,486.0,10666.0,0.0,0
2026-06-26T15:26:49.114,timeseries,1,User List,mlx-community/DeepSeek-R1-Distill-Qwen-14B-4bit,1228.0,9321.0,0.0,0
2026-06-26T15:26:49.176,timeseries,1,User List,mlx-community/DeepSeek-R1-Distill-Qwen-14B-4bit,499.0,9322.0,0.0,0
2026-06-26T15:26:49.238,timeseries,1,User List,mlx-community/DeepSeek-R1-Distill-Qwen-14B-4bit,470.0,10708.0,0.0,0
2026-06-26T15:26:49.302,timeseries,1,User List,mlx-community/DeepSeek-R1-Distill-Qwen-14B-4bit,470.0,9373.0,0.0,0
2026-06-26T15:26:49.364,timeseries,1,User List,mlx-community/DeepSeek-R1-Distill-Qwen-14B-4bit,531.0,10613.0,0.0,0
2026-06-26T15:26:49.426,timeseries,1,User List,mlx-community/DeepSeek-R1-Distill-Qwen-14B-4bit,751.0,9041.0,0.0,0
2026-06-26T15:26:49.488,timeseries,1,User List,mlx-community/DeepSeek-R1-Distill-Qwen-14B-4bit,482.0,10669.0,0.0,0
2026-06-26T15:26:49.550,timeseries,1,User List,mlx-community/DeepSeek-R1-Distill-Qwen-14B-4bit,456.0,9405.0,0.0,0
2026-06-26T15:26:49.612,timeseries,1,User List,mlx-community/DeepSeek-R1-Distill-Qwen-14B-4bit,1028.0,10587.0,0.0,0
2026-06-26T15:26:49.674,timeseries,1,User List,mlx-community/DeepSeek-R1-Distill-Qwen-14B-4bit,468.0,9355.0,0.0,0
2026-06-26T15:26:49.736,timeseries,1,User List,mlx-community/DeepSeek-R1-Distill-Qwen-14B-4bit,463.0,10556.0,0.0,0
2026-06-26T15:26:49.797,timeseries,1,User List,mlx-community/DeepSeek-R1-Distill-Qwen-14B-4bit,474.0,9462.0,0.0,0
2026-06-26T15:26:49.859,timeseries,1,User List,mlx-community/DeepSeek-R1-Distill-Qwen-14B-4bit,516.0,9313.0,0.0,0
2026-06-26T15:26:49.921,timeseries,1,User List,mlx-community/DeepSeek-R1-Distill-Qwen-14B-4bit,341.0,10738.0,0.0,0
2026-06-26T15:26:49.982,timeseries,1,User List,mlx-community/DeepSeek-R1-Distill-Qwen-14B-4bit,453.0,9366.0,0.0,0
2026-06-26T15:26:50.045,timeseries,1,User List,mlx-community/DeepSeek-R1-Distill-Qwen-14B-4bit,452.0,10679.0,0.0,0
2026-06-26T15:26:50.106,timeseries,1,User List,mlx-community/DeepSeek-R1-Distill-Qwen-14B-4bit,1208.0,9405.0,0.0,0
2026-06-26T15:26:50.168,timeseries,1,User List,mlx-community/DeepSeek-R1-Distill-Qwen-14B-4bit,466.0,9343.0,0.0,0
2026-06-26T15:26:50.229,timeseries,1,User List,mlx-community/DeepSeek-R1-Distill-Qwen-14B-4bit,455.0,10747.0,0.0,0
2026-06-26T15:26:50.291,timeseries,1,User List,mlx-community/DeepSeek-R1-Distill-Qwen-14B-4bit,455.0,9415.0,0.0,0
2026-06-26T15:26:50.354,timeseries,1,User List,mlx-community/DeepSeek-R1-Distill-Qwen-14B-4bit,452.0,10697.0,0.0,0
2026-06-26T15:26:50.416,timeseries,1,User List,mlx-community/DeepSeek-R1-Distill-Qwen-14B-4bit,812.0,9352.0,0.0,0
2026-06-26T15:26:50.478,timeseries,1,User List,mlx-community/DeepSeek-R1-Distill-Qwen-14B-4bit,525.0,10573.0,0.0,0
2026-06-26T15:26:50.539,timeseries,1,User List,mlx-community/DeepSeek-R1-Distill-Qwen-14B-4bit,438.0,9405.0,0.0,0
2026-06-26T15:26:50.600,timeseries,1,User List,mlx-community/DeepSeek-R1-Distill-Qwen-14B-4bit,998.0,9320.0,0.0,0
2026-06-26T15:26:50.663,timeseries,1,User List,mlx-community/DeepSeek-R1-Distill-Qwen-14B-4bit,589.0,10812.0,0.0,0
2026-06-26T15:26:50.724,timeseries,1,User List,mlx-community/DeepSeek-R1-Distill-Qwen-14B-4bit,324.0,9426.0,0.0,0
2026-06-26T15:26:50.786,timeseries,1,User List,mlx-community/DeepSeek-R1-Distill-Qwen-14B-4bit,482.0,10650.0,0.0,0
2026-06-26T15:26:50.847,timeseries,1,User List,mlx-community/DeepSeek-R1-Distill-Qwen-14B-4bit,438.0,9415.0,0.0,0
2026-06-26T15:26:50.909,timeseries,1,User List,mlx-community/DeepSeek-R1-Distill-Qwen-14B-4bit,520.0,9412.0,0.0,0
2026-06-26T15:26:50.971,timeseries,1,User List,mlx-community/DeepSeek-R1-Distill-Qwen-14B-4bit,358.0,10800.0,0.0,0
2026-06-26T15:26:51.032,timeseries,1,User List,mlx-community/DeepSeek-R1-Distill-Qwen-14B-4bit,421.0,9385.0,0.0,0
2026-06-26T15:26:51.094,timeseries,1,User List,mlx-community/DeepSeek-R1-Distill-Qwen-14B-4bit,1017.0,10669.0,0.0,0
2026-06-26T15:26:51.155,timeseries,1,User List,mlx-community/DeepSeek-R1-Distill-Qwen-14B-4bit,769.0,9500.0,0.0,0
2026-06-26T15:26:51.216,timeseries,1,User List,mlx-community/DeepSeek-R1-Distill-Qwen-14B-4bit,1070.0,9322.0,0.0,0
2026-06-26T15:26:51.278,timeseries,1,User List,mlx-community/DeepSeek-R1-Distill-Qwen-14B-4bit,670.0,10818.0,0.0,0
2026-06-26T15:26:51.340,timeseries,1,User List,mlx-community/DeepSeek-R1-Distill-Qwen-14B-4bit,425.0,9495.0,0.0,0
2026-06-26T15:26:51.402,timeseries,1,User List,mlx-community/DeepSeek-R1-Distill-Qwen-14B-4bit,884.0,10627.0,0.0,0
2026-06-26T15:26:51.464,timeseries,1,User List,mlx-community/DeepSeek-R1-Distill-Qwen-14B-4bit,519.0,9421.0,0.0,0
2026-06-26T15:26:51.525,timeseries,1,User List,mlx-community/DeepSeek-R1-Distill-Qwen-14B-4bit,385.0,9323.0,0.0,0
2026-06-26T15:26:51.587,timeseries,1,User List,mlx-community/DeepSeek-R1-Distill-Qwen-14B-4bit,818.0,10813.0,0.0,0
2026-06-26T15:26:51.648,timeseries,1,User List,mlx-community/DeepSeek-R1-Distill-Qwen-14B-4bit,753.0,9526.0,0.0,0
2026-06-26T15:26:51.710,timeseries,1,User List,mlx-community/DeepSeek-R1-Distill-Qwen-14B-4bit,550.0,10692.0,0.0,0
2026-06-26T15:26:51.772,timeseries,1,User List,mlx-community/DeepSeek-R1-Distill-Qwen-14B-4bit,340.0,9411.0,0.0,0
2026-06-26T15:26:51.833,timeseries,1,User List,mlx-community/DeepSeek-R1-Distill-Qwen-14B-4bit,454.0,9408.0,0.0,0
2026-06-26T15:26:51.895,timeseries,1,User List,mlx-community/DeepSeek-R1-Distill-Qwen-14B-4bit,453.0,10717.0,0.0,0
2026-06-26T15:26:51.957,timeseries,1,User List,mlx-community/DeepSeek-R1-Distill-Qwen-14B-4bit,536.0,9421.0,0.0,0
2026-06-26T15:26:52.018,timeseries,1,User List,mlx-community/DeepSeek-R1-Distill-Qwen-14B-4bit,338.0,10685.0,0.0,0
2026-06-26T15:26:52.080,timeseries,1,User List,mlx-community/DeepSeek-R1-Distill-Qwen-14B-4bit,470.0,9407.0,0.0,0
2026-06-26T15:26:52.142,timeseries,1,User List,mlx-community/DeepSeek-R1-Distill-Qwen-14B-4bit,1043.0,9452.0,0.0,0
2026-06-26T15:26:52.204,timeseries,1,User List,mlx-community/DeepSeek-R1-Distill-Qwen-14B-4bit,726.0,10710.0,0.0,0
2026-06-26T15:26:52.265,timeseries,1,User List,mlx-community/DeepSeek-R1-Distill-Qwen-14B-4bit,357.0,9406.0,0.0,0
2026-06-26T15:26:52.328,timeseries,1,User List,mlx-community/DeepSeek-R1-Distill-Qwen-14B-4bit,455.0,10782.0,0.0,0
2026-06-26T15:26:52.390,timeseries,1,User List,mlx-community/DeepSeek-R1-Distill-Qwen-14B-4bit,862.0,9385.0,0.0,0
2026-06-26T15:26:52.451,timeseries,1,User List,mlx-community/DeepSeek-R1-Distill-Qwen-14B-4bit,558.0,9297.0,0.0,0
2026-06-26T15:26:52.513,timeseries,1,User List,mlx-community/DeepSeek-R1-Distill-Qwen-14B-4bit,482.0,10656.0,0.0,0
2026-06-26T15:26:52.580,timeseries,1,User List,mlx-community/DeepSeek-R1-Distill-Qwen-14B-4bit,342.0,9471.0,0.0,0
2026-06-26T15:26:52.648,timeseries,1,User List,mlx-community/DeepSeek-R1-Distill-Qwen-14B-4bit,1100.0,10664.0,0.0,0
2026-06-26T15:26:52.710,timeseries,1,User List,mlx-community/DeepSeek-R1-Distill-Qwen-14B-4bit,721.0,9870.0,0.0,0
2026-06-26T15:26:52.771,timeseries,1,User List,mlx-community/DeepSeek-R1-Distill-Qwen-14B-4bit,675.0,9650.0,0.0,0
2026-06-26T15:26:52.833,timeseries,1,User List,mlx-community/DeepSeek-R1-Distill-Qwen-14B-4bit,356.0,9365.0,0.0,0
2026-06-26T15:26:52.895,timeseries,1,User List,mlx-community/DeepSeek-R1-Distill-Qwen-14B-4bit,454.0,10747.0,0.0,0
2026-06-26T15:26:52.956,timeseries,1,User List,mlx-community/DeepSeek-R1-Distill-Qwen-14B-4bit,440.0,9491.0,0.0,0
2026-06-26T15:26:53.018,timeseries,1,User List,mlx-community/DeepSeek-R1-Distill-Qwen-14B-4bit,530.0,9356.0,0.0,0
2026-06-26T15:26:53.081,timeseries,1,User List,mlx-community/DeepSeek-R1-Distill-Qwen-14B-4bit,473.0,10822.0,0.0,0
2026-06-26T15:26:53.142,timeseries,1,User List,mlx-community/DeepSeek-R1-Distill-Qwen-14B-4bit,916.0,9371.0,0.0,0
2026-06-26T15:26:53.204,timeseries,1,User List,mlx-community/DeepSeek-R1-Distill-Qwen-14B-4bit,483.0,10696.0,0.0,0
2026-06-26T15:26:53.266,timeseries,1,User List,mlx-community/DeepSeek-R1-Distill-Qwen-14B-4bit,730.0,9454.0,0.0,0
2026-06-26T15:26:53.328,timeseries,1,User List,mlx-community/DeepSeek-R1-Distill-Qwen-14B-4bit,484.0,10734.0,0.0,0
2026-06-26T15:26:53.389,timeseries,1,User List,mlx-community/DeepSeek-R1-Distill-Qwen-14B-4bit,760.0,9377.0,0.0,0
2026-06-26T15:26:53.451,timeseries,1,User List,mlx-community/DeepSeek-R1-Distill-Qwen-14B-4bit,471.0,9506.0,0.0,0
2026-06-26T15:26:53.513,timeseries,1,User List,mlx-community/DeepSeek-R1-Distill-Qwen-14B-4bit,553.0,10838.0,0.0,0
2026-06-26T15:26:53.575,timeseries,1,User List,mlx-community/DeepSeek-R1-Distill-Qwen-14B-4bit,483.0,9342.0,0.0,0
2026-06-26T15:26:53.637,timeseries,1,User List,mlx-community/DeepSeek-R1-Distill-Qwen-14B-4bit,915.0,10655.0,0.0,0
2026-06-26T15:26:53.699,timeseries,1,User List,mlx-community/DeepSeek-R1-Distill-Qwen-14B-4bit,487.0,9472.0,0.0,0
2026-06-26T15:26:53.761,timeseries,1,User List,mlx-community/DeepSeek-R1-Distill-Qwen-14B-4bit,1991.0,10517.0,0.0,0
2026-06-26T15:26:53.823,timeseries,1,User List,mlx-community/DeepSeek-R1-Distill-Qwen-14B-4bit,1730.0,9468.0,0.0,0
2026-06-26T15:26:53.885,timeseries,1,User List,mlx-community/DeepSeek-R1-Distill-Qwen-14B-4bit,193.0,9361.0,0.0,0
2026-06-26T15:26:53.947,timeseries,1,User List,mlx-community/DeepSeek-R1-Distill-Qwen-14B-4bit,178.0,10753.0,0.0,0
2026-06-26T15:26:54.009,timeseries,1,User List,mlx-community/DeepSeek-R1-Distill-Qwen-14B-4bit,144.0,9345.0,0.0,0
2026-06-26T15:26:54.071,timeseries,1,User List,mlx-community/DeepSeek-R1-Distill-Qwen-14B-4bit,161.0,10754.0,0.0,0
2026-06-26T15:26:54.134,timeseries,1,User List,mlx-community/DeepSeek-R1-Distill-Qwen-14B-4bit,292.0,9351.0,0.0,0
2026-06-26T15:26:54.196,timeseries,1,User List,mlx-community/DeepSeek-R1-Distill-Qwen-14B-4bit,160.0,10620.0,0.0,0
2026-06-26T15:26:54.258,timeseries,1,User List,mlx-community/DeepSeek-R1-Distill-Qwen-14B-4bit,129.0,9359.0,0.0,0
2026-06-26T15:26:54.321,timeseries,1,User List,mlx-community/DeepSeek-R1-Distill-Qwen-14B-4bit,176.0,10606.0,0.0,0
2026-06-26T15:26:54.383,timeseries,1,User List,mlx-community/DeepSeek-R1-Distill-Qwen-14B-4bit,194.0,9341.0,0.0,0
2026-06-26T15:26:54.445,timeseries,1,User List,mlx-community/DeepSeek-R1-Distill-Qwen-14B-4bit,223.0,10555.0,0.0,0
2026-06-26T15:26:54.507,timeseries,1,User List,mlx-community/DeepSeek-R1-Distill-Qwen-14B-4bit,128.0,9325.0,0.0,0
2026-06-26T15:26:54.569,timeseries,1,User List,mlx-community/DeepSeek-R1-Distill-Qwen-14B-4bit,145.0,10653.0,0.0,0
2026-06-26T15:26:54.631,timeseries,1,User List,mlx-community/DeepSeek-R1-Distill-Qwen-14B-4bit,323.0,9292.0,0.0,0
2026-06-26T15:26:54.694,timeseries,1,User List,mlx-community/DeepSeek-R1-Distill-Qwen-14B-4bit,131.0,9527.0,0.0,0
2026-06-26T15:26:54.755,timeseries,1,User List,mlx-community/DeepSeek-R1-Distill-Qwen-14B-4bit,145.0,10696.0,0.0,0
2026-06-26T15:26:54.817,timeseries,1,User List,mlx-community/DeepSeek-R1-Distill-Qwen-14B-4bit,127.0,9253.0,0.0,0
2026-06-26T15:26:54.880,timeseries,1,User List,mlx-community/DeepSeek-R1-Distill-Qwen-14B-4bit,129.0,10711.0,0.0,0
2026-06-26T15:26:54.942,timeseries,1,User List,mlx-community/DeepSeek-R1-Distill-Qwen-14B-4bit,113.0,9391.0,0.0,0
2026-06-26T15:26:55.004,timeseries,1,User List,mlx-community/DeepSeek-R1-Distill-Qwen-14B-4bit,143.0,10564.0,0.0,0
2026-06-26T15:26:55.065,timeseries,1,User List,mlx-community/DeepSeek-R1-Distill-Qwen-14B-4bit,145.0,9374.0,0.0,0
2026-06-26T15:26:55.128,timeseries,1,User List,mlx-community/DeepSeek-R1-Distill-Qwen-14B-4bit,292.0,10698.0,0.0,0
2026-06-26T15:26:55.191,timeseries,1,User List,mlx-community/DeepSeek-R1-Distill-Qwen-14B-4bit,163.0,9464.0,0.0,0
2026-06-26T15:26:55.252,timeseries,1,User List,mlx-community/DeepSeek-R1-Distill-Qwen-14B-4bit,111.0,10528.0,0.0,0
2026-06-26T15:26:55.314,timeseries,1,User List,mlx-community/DeepSeek-R1-Distill-Qwen-14B-4bit,129.0,9361.0,0.0,0
2026-06-26T15:26:55.376,timeseries,1,User List,mlx-community/DeepSeek-R1-Distill-Qwen-14B-4bit,259.0,9351.0,0.0,0
2026-06-26T15:26:55.438,timeseries,1,User List,mlx-community/DeepSeek-R1-Distill-Qwen-14B-4bit,259.0,10706.0,0.0,0
2026-06-26T15:26:55.500,timeseries,1,User List,mlx-community/DeepSeek-R1-Distill-Qwen-14B-4bit,114.0,9538.0,0.0,0
2026-06-26T15:26:55.561,timeseries,1,User List,mlx-community/DeepSeek-R1-Distill-Qwen-14B-4bit,128.0,10652.0,0.0,0
2026-06-26T15:26:55.622,timeseries,1,User List,mlx-community/DeepSeek-R1-Distill-Qwen-14B-4bit,274.0,9306.0,0.0,0
2026-06-26T15:26:55.685,timeseries,1,User List,mlx-community/DeepSeek-R1-Distill-Qwen-14B-4bit,181.0,9616.0,0.0,0
2026-06-26T15:26:55.747,timeseries,1,User List,mlx-community/DeepSeek-R1-Distill-Qwen-14B-4bit,130.0,10782.0,0.0,0
2026-06-26T15:26:55.808,timeseries,1,User List,mlx-community/DeepSeek-R1-Distill-Qwen-14B-4bit,142.0,9223.0,0.0,0
2026-06-26T15:26:55.870,timeseries,1,User List,mlx-community/DeepSeek-R1-Distill-Qwen-14B-4bit,131.0,10843.0,0.0,0
2026-06-26T15:26:55.932,timeseries,1,User List,mlx-community/DeepSeek-R1-Distill-Qwen-14B-4bit,131.0,9526.0,0.0,0
2026-06-26T15:26:55.994,timeseries,1,User List,mlx-community/DeepSeek-R1-Distill-Qwen-14B-4bit,114.0,10819.0,0.0,0
2026-06-26T15:26:56.054,timeseries,1,User List,mlx-community/DeepSeek-R1-Distill-Qwen-14B-4bit,128.0,9317.0,0.0,0
2026-06-26T15:26:56.116,timeseries,1,User List,mlx-community/DeepSeek-R1-Distill-Qwen-14B-4bit,273.0,9295.0,0.0,0
2026-06-26T15:26:56.179,timeseries,1,User List,mlx-community/DeepSeek-R1-Distill-Qwen-14B-4bit,183.0,11055.0,0.0,0
2026-06-26T15:26:56.240,timeseries,1,User List,mlx-community/DeepSeek-R1-Distill-Qwen-14B-4bit,130.0,9431.0,0.0,0
2026-06-26T15:26:56.304,timeseries,1,User List,mlx-community/DeepSeek-R1-Distill-Qwen-14B-4bit,111.0,10606.0,0.0,0
2026-06-26T15:26:56.365,timeseries,1,User List,mlx-community/DeepSeek-R1-Distill-Qwen-14B-4bit,130.0,9461.0,0.0,0
2026-06-26T15:26:56.427,timeseries,1,User List,mlx-community/DeepSeek-R1-Distill-Qwen-14B-4bit,315.0,10447.0,0.0,0
2026-06-26T15:26:56.489,timeseries,1,User List,mlx-community/DeepSeek-R1-Distill-Qwen-14B-4bit,147.0,9512.0,0.0,0
2026-06-26T15:26:56.549,timeseries,1,User List,mlx-community/DeepSeek-R1-Distill-Qwen-14B-4bit,112.0,9356.0,0.0,0
2026-06-26T15:26:56.610,timeseries,1,User List,mlx-community/DeepSeek-R1-Distill-Qwen-14B-4bit,243.0,10722.0,0.0,0
2026-06-26T15:26:56.671,timeseries,1,User List,mlx-community/DeepSeek-R1-Distill-Qwen-14B-4bit,349.0,9656.0,0.0,0
2026-06-26T15:26:56.733,timeseries,1,User List,mlx-community/DeepSeek-R1-Distill-Qwen-14B-4bit,198.0,9570.0,0.0,0
2026-06-26T15:26:56.795,timeseries,1,User List,mlx-community/DeepSeek-R1-Distill-Qwen-14B-4bit,98.0,10908.0,0.0,0
2026-06-26T15:26:56.857,timeseries,1,User List,mlx-community/DeepSeek-R1-Distill-Qwen-14B-4bit,130.0,9485.0,0.0,0
2026-06-26T15:26:56.919,timeseries,1,User List,mlx-community/DeepSeek-R1-Distill-Qwen-14B-4bit,145.0,10715.0,0.0,0
2026-06-26T15:26:56.982,timeseries,1,User List,mlx-community/DeepSeek-R1-Distill-Qwen-14B-4bit,145.0,9415.0,0.0,0
2026-06-26T15:26:57.044,timeseries,1,User List,mlx-community/DeepSeek-R1-Distill-Qwen-14B-4bit,113.0,10733.0,0.0,0
2026-06-26T15:26:57.105,timeseries,1,User List,mlx-community/DeepSeek-R1-Distill-Qwen-14B-4bit,206.0,9198.0,0.0,0
2026-06-26T15:26:57.167,timeseries,1,User List,mlx-community/DeepSeek-R1-Distill-Qwen-14B-4bit,273.0,9373.0,0.0,0
2026-06-26T15:26:57.229,timeseries,1,User List,mlx-community/DeepSeek-R1-Distill-Qwen-14B-4bit,132.0,11002.0,0.0,0
2026-06-26T15:26:57.291,timeseries,1,User List,mlx-community/DeepSeek-R1-Distill-Qwen-14B-4bit,129.0,9406.0,0.0,0
2026-06-26T15:26:57.353,timeseries,1,User List,mlx-community/DeepSeek-R1-Distill-Qwen-14B-4bit,112.0,10626.0,0.0,0
2026-06-26T15:26:57.415,timeseries,1,User List,mlx-community/DeepSeek-R1-Distill-Qwen-14B-4bit,260.0,9400.0,0.0,0
2026-06-26T15:26:57.476,timeseries,1,User List,mlx-community/DeepSeek-R1-Distill-Qwen-14B-4bit,224.0,9366.0,0.0,0
2026-06-26T15:26:57.538,timeseries,1,User List,mlx-community/DeepSeek-R1-Distill-Qwen-14B-4bit,147.0,10893.0,0.0,0
2026-06-26T15:26:57.600,timeseries,1,User List,mlx-community/DeepSeek-R1-Distill-Qwen-14B-4bit,147.0,9529.0,0.0,0
2026-06-26T15:26:57.662,timeseries,1,User List,mlx-community/DeepSeek-R1-Distill-Qwen-14B-4bit,322.0,10698.0,0.0,0
2026-06-26T15:26:57.723,timeseries,1,User List,mlx-community/DeepSeek-R1-Distill-Qwen-14B-4bit,146.0,9463.0,0.0,0
2026-06-26T15:26:57.786,timeseries,1,User List,mlx-community/DeepSeek-R1-Distill-Qwen-14B-4bit,127.0,10626.0,0.0,0
2026-06-26T15:26:57.848,timeseries,1,User List,mlx-community/DeepSeek-R1-Distill-Qwen-14B-4bit,98.0,9522.0,0.0,0
2026-06-26T15:26:57.910,timeseries,1,User List,mlx-community/DeepSeek-R1-Distill-Qwen-14B-4bit,144.0,9301.0,0.0,0
2026-06-26T15:26:57.971,timeseries,1,User List,mlx-community/DeepSeek-R1-Distill-Qwen-14B-4bit,162.0,10765.0,0.0,0
2026-06-26T15:26:58.033,timeseries,1,User List,mlx-community/DeepSeek-R1-Distill-Qwen-14B-4bit,130.0,9465.0,0.0,0
2026-06-26T15:26:58.096,timeseries,1,User List,mlx-community/DeepSeek-R1-Distill-Qwen-14B-4bit,147.0,10852.0,0.0,0
2026-06-26T15:26:58.157,timeseries,1,User List,mlx-community/DeepSeek-R1-Distill-Qwen-14B-4bit,686.0,9200.0,0.0,0
2026-06-26T15:26:58.217,timeseries,1,User List,mlx-community/DeepSeek-R1-Distill-Qwen-14B-4bit,1006.0,10589.0,0.0,0
2026-06-26T15:26:58.279,timeseries,1,User List,mlx-community/DeepSeek-R1-Distill-Qwen-14B-4bit,266.0,9722.0,0.0,0
2026-06-26T15:26:58.340,timeseries,1,User List,mlx-community/DeepSeek-R1-Distill-Qwen-14B-4bit,246.0,9555.0,0.0,0
2026-06-26T15:26:58.401,timeseries,1,User List,mlx-community/DeepSeek-R1-Distill-Qwen-14B-4bit,521.0,9473.0,0.0,0
2026-06-26T15:26:58.463,timeseries,1,User List,mlx-community/DeepSeek-R1-Distill-Qwen-14B-4bit,376.0,10962.0,0.0,0
2026-06-26T15:26:58.525,timeseries,1,User List,mlx-community/DeepSeek-R1-Distill-Qwen-14B-4bit,603.0,9516.0,0.0,0
2026-06-26T15:26:58.587,timeseries,1,User List,mlx-community/DeepSeek-R1-Distill-Qwen-14B-4bit,710.0,10715.0,0.0,0
2026-06-26T15:26:58.649,timeseries,1,User List,mlx-community/DeepSeek-R1-Distill-Qwen-14B-4bit,501.0,9460.0,0.0,0
2026-06-26T15:26:58.711,timeseries,1,User List,mlx-community/DeepSeek-R1-Distill-Qwen-14B-4bit,387.0,10729.0,0.0,0
2026-06-26T15:26:58.772,timeseries,1,User List,mlx-community/DeepSeek-R1-Distill-Qwen-14B-4bit,451.0,9406.0,0.0,0
2026-06-26T15:26:58.833,timeseries,1,User List,mlx-community/DeepSeek-R1-Distill-Qwen-14B-4bit,1488.0,9284.0,0.0,0
2026-06-26T15:26:58.895,timeseries,1,User List,mlx-community/DeepSeek-R1-Distill-Qwen-14B-4bit,2048.0,10774.0,0.0,0
2026-06-26T15:26:58.956,timeseries,1,User List,mlx-community/DeepSeek-R1-Distill-Qwen-14B-4bit,315.0,9650.0,0.0,0
2026-06-26T15:26:59.018,timeseries,1,User List,mlx-community/DeepSeek-R1-Distill-Qwen-14B-4bit,240.0,9325.0,0.0,0
2026-06-26T15:26:59.080,timeseries,1,User List,mlx-community/DeepSeek-R1-Distill-Qwen-14B-4bit,149.0,11012.0,0.0,0
2026-06-26T15:26:59.142,timeseries,1,User List,mlx-community/DeepSeek-R1-Distill-Qwen-14B-4bit,304.0,9298.0,0.0,0
2026-06-26T15:26:59.204,timeseries,1,User List,mlx-community/DeepSeek-R1-Distill-Qwen-14B-4bit,161.0,10763.0,0.0,0
2026-06-26T15:26:59.265,timeseries,1,User List,mlx-community/DeepSeek-R1-Distill-Qwen-14B-4bit,146.0,9502.0,0.0,0
2026-06-26T15:26:59.327,timeseries,1,User List,mlx-community/DeepSeek-R1-Distill-Qwen-14B-4bit,113.0,10762.0,0.0,0
2026-06-26T15:26:59.389,timeseries,1,User List,mlx-community/DeepSeek-R1-Distill-Qwen-14B-4bit,211.0,9397.0,0.0,0
2026-06-26T15:26:59.452,timeseries,1,User List,mlx-community/DeepSeek-R1-Distill-Qwen-14B-4bit,212.0,9515.0,0.0,0
2026-06-26T15:26:59.513,timeseries,1,User List,mlx-community/DeepSeek-R1-Distill-Qwen-14B-4bit,145.0,10715.0,0.0,0
2026-06-26T15:26:59.576,timeseries,1,User List,mlx-community/DeepSeek-R1-Distill-Qwen-14B-4bit,146.0,9463.0,0.0,0
2026-06-26T15:26:59.638,timeseries,1,User List,mlx-community/DeepSeek-R1-Distill-Qwen-14B-4bit,288.0,10603.0,0.0,0
2026-06-26T15:26:59.700,timeseries,1,User List,mlx-community/DeepSeek-R1-Distill-Qwen-14B-4bit,144.0,9370.0,0.0,0
2026-06-26T15:26:59.762,timeseries,1,User List,mlx-community/DeepSeek-R1-Distill-Qwen-14B-4bit,128.0,10657.0,0.0,0
2026-06-26T15:26:59.825,timeseries,1,User List,mlx-community/DeepSeek-R1-Distill-Qwen-14B-4bit,129.0,9435.0,0.0,0
2026-06-26T15:26:59.887,timeseries,1,User List,mlx-community/DeepSeek-R1-Distill-Qwen-14B-4bit,129.0,10707.0,0.0,0
2026-06-26T15:26:59.949,timeseries,1,User List,mlx-community/DeepSeek-R1-Distill-Qwen-14B-4bit,112.0,9378.0,0.0,0
2026-06-26T15:27:00.012,timeseries,1,User List,mlx-community/DeepSeek-R1-Distill-Qwen-14B-4bit,129.0,10782.0,0.0,0
2026-06-26T15:27:00.072,timeseries,1,User List,mlx-community/DeepSeek-R1-Distill-Qwen-14B-4bit,129.0,9410.0,0.0,0
2026-06-26T15:27:00.134,timeseries,1,User List,mlx-community/DeepSeek-R1-Distill-Qwen-14B-4bit,351.0,9252.0,0.0,0
2026-06-26T15:27:00.195,timeseries,1,User List,mlx-community/DeepSeek-R1-Distill-Qwen-14B-4bit,133.0,11101.0,0.0,0
2026-06-26T15:27:00.257,timeseries,1,User List,mlx-community/DeepSeek-R1-Distill-Qwen-14B-4bit,129.0,9413.0,0.0,0
2026-06-26T15:27:00.320,timeseries,1,User List,mlx-community/DeepSeek-R1-Distill-Qwen-14B-4bit,146.0,10802.0,0.0,0
2026-06-26T15:27:00.384,timeseries,1,User List,mlx-community/DeepSeek-R1-Distill-Qwen-14B-4bit,178.0,9444.0,0.0,0
2026-06-26T15:27:00.445,timeseries,1,User List,mlx-community/DeepSeek-R1-Distill-Qwen-14B-4bit,206.0,10553.0,0.0,0
2026-06-26T15:27:00.507,timeseries,1,User List,mlx-community/DeepSeek-R1-Distill-Qwen-14B-4bit,144.0,9384.0,0.0,0
2026-06-26T15:27:00.568,timeseries,1,User List,mlx-community/DeepSeek-R1-Distill-Qwen-14B-4bit,144.0,10677.0,0.0,0
2026-06-26T15:27:00.631,timeseries,1,User List,mlx-community/DeepSeek-R1-Distill-Qwen-14B-4bit,371.0,9397.0,0.0,0
2026-06-26T15:27:00.693,timeseries,1,User List,mlx-community/DeepSeek-R1-Distill-Qwen-14B-4bit,164.0,9618.0,0.0,0
2026-06-26T15:27:00.755,timeseries,1,User List,mlx-community/DeepSeek-R1-Distill-Qwen-14B-4bit,143.0,10625.0,0.0,0
2026-06-26T15:27:00.817,timeseries,1,User List,mlx-community/DeepSeek-R1-Distill-Qwen-14B-4bit,129.0,9397.0,0.0,0
2026-06-26T15:27:00.880,timeseries,1,User List,mlx-community/DeepSeek-R1-Distill-Qwen-14B-4bit,129.0,10750.0,0.0,0
2026-06-26T15:27:00.942,timeseries,1,User List,mlx-community/DeepSeek-R1-Distill-Qwen-14B-4bit,113.0,9427.0,0.0,0
2026-06-26T15:27:01.004,timeseries,1,User List,mlx-community/DeepSeek-R1-Distill-Qwen-14B-4bit,111.0,10629.0,0.0,0
2026-06-26T15:27:01.064,timeseries,1,User List,mlx-community/DeepSeek-R1-Distill-Qwen-14B-4bit,131.0,9552.0,0.0,0
2026-06-26T15:27:01.126,timeseries,1,User List,mlx-community/DeepSeek-R1-Distill-Qwen-14B-4bit,321.0,9331.0,0.0,0
2026-06-26T15:27:01.187,timeseries,1,User List,mlx-community/DeepSeek-R1-Distill-Qwen-14B-4bit,198.0,11023.0,0.0,0
2026-06-26T15:27:01.248,timeseries,1,User List,mlx-community/DeepSeek-R1-Distill-Qwen-14B-4bit,211.0,9406.0,0.0,0
2026-06-26T15:27:01.308,timeseries,1,User List,mlx-community/DeepSeek-R1-Distill-Qwen-14B-4bit,489.0,9524.0,0.0,0
2026-06-26T15:27:01.369,timeseries,1,User List,mlx-community/DeepSeek-R1-Distill-Qwen-14B-4bit,249.0,11024.0,0.0,0
2026-06-26T15:27:01.431,timeseries,1,User List,mlx-community/DeepSeek-R1-Distill-Qwen-14B-4bit,318.0,9749.0,0.0,0
2026-06-26T15:27:01.493,timeseries,1,User List,mlx-community/DeepSeek-R1-Distill-Qwen-14B-4bit,114.0,9583.0,0.0,0
2026-06-26T15:27:01.556,timeseries,1,User List,mlx-community/DeepSeek-R1-Distill-Qwen-14B-4bit,128.0,10727.0,0.0,0
2026-06-26T15:27:01.617,timeseries,1,User List,mlx-community/DeepSeek-R1-Distill-Qwen-14B-4bit,371.0,9395.0,0.0,0
2026-06-26T15:27:01.680,timeseries,1,User List,mlx-community/DeepSeek-R1-Distill-Qwen-14B-4bit,254.0,10627.0,0.0,0
2026-06-26T15:27:01.742,timeseries,1,User List,mlx-community/DeepSeek-R1-Distill-Qwen-14B-4bit,114.0,9576.0,0.0,0
2026-06-26T15:27:01.805,timeseries,1,User List,mlx-community/DeepSeek-R1-Distill-Qwen-14B-4bit,143.0,10585.0,0.0,0
2026-06-26T15:27:01.866,timeseries,1,User List,mlx-community/DeepSeek-R1-Distill-Qwen-14B-4bit,129.0,9440.0,0.0,0
2026-06-26T15:27:01.929,timeseries,1,User List,mlx-community/DeepSeek-R1-Distill-Qwen-14B-4bit,144.0,10725.0,0.0,0
2026-06-26T15:27:01.992,timeseries,1,User List,mlx-community/DeepSeek-R1-Distill-Qwen-14B-4bit,114.0,9527.0,0.0,0
2026-06-26T15:27:02.053,timeseries,1,User List,mlx-community/DeepSeek-R1-Distill-Qwen-14B-4bit,126.0,10573.0,0.0,0
2026-06-26T15:27:02.114,timeseries,1,User List,mlx-community/DeepSeek-R1-Distill-Qwen-14B-4bit,272.0,9340.0,0.0,0
2026-06-26T15:27:02.177,timeseries,1,User List,mlx-community/DeepSeek-R1-Distill-Qwen-14B-4bit,230.0,9639.0,0.0,0
2026-06-26T15:27:02.239,timeseries,1,User List,mlx-community/DeepSeek-R1-Distill-Qwen-14B-4bit,130.0,10837.0,0.0,0
2026-06-26T15:27:02.302,timeseries,1,User List,mlx-community/DeepSeek-R1-Distill-Qwen-14B-4bit,112.0,9400.0,0.0,0
2026-06-26T15:27:02.364,timeseries,1,User List,mlx-community/DeepSeek-R1-Distill-Qwen-14B-4bit,145.0,10798.0,0.0,0
2026-06-26T15:27:02.425,timeseries,1,User List,mlx-community/DeepSeek-R1-Distill-Qwen-14B-4bit,253.0,9248.0,0.0,0
2026-06-26T15:27:02.488,timeseries,1,User List,mlx-community/DeepSeek-R1-Distill-Qwen-14B-4bit,147.0,10954.0,0.0,0
2026-06-26T15:27:02.548,timeseries,1,User List,mlx-community/DeepSeek-R1-Distill-Qwen-14B-4bit,113.0,9450.0,0.0,0
2026-06-26T15:27:02.610,timeseries,1,User List,mlx-community/DeepSeek-R1-Distill-Qwen-14B-4bit,239.0,9312.0,0.0,0
2026-06-26T15:27:02.672,timeseries,1,User List,mlx-community/DeepSeek-R1-Distill-Qwen-14B-4bit,232.0,11061.0,0.0,0
2026-06-26T15:27:02.736,timeseries,1,User List,mlx-community/DeepSeek-R1-Distill-Qwen-14B-4bit,162.0,9457.0,0.0,0
2026-06-26T15:27:02.798,timeseries,1,User List,mlx-community/DeepSeek-R1-Distill-Qwen-14B-4bit,210.0,10736.0,0.0,0
2026-06-26T15:27:02.860,timeseries,1,User List,mlx-community/DeepSeek-R1-Distill-Qwen-14B-4bit,125.0,9181.0,0.0,0
2026-06-26T15:27:02.922,timeseries,1,User List,mlx-community/DeepSeek-R1-Distill-Qwen-14B-4bit,161.0,10758.0,0.0,0
2026-06-26T15:27:02.985,timeseries,1,User List,mlx-community/DeepSeek-R1-Distill-Qwen-14B-4bit,130.0,9504.0,0.0,0
2026-06-26T15:27:03.046,timeseries,1,User List,mlx-community/DeepSeek-R1-Distill-Qwen-14B-4bit,160.0,10638.0,0.0,0
2026-06-26T15:27:03.108,timeseries,1,User List,mlx-community/DeepSeek-R1-Distill-Qwen-14B-4bit,193.0,9401.0,0.0,0
2026-06-26T15:27:03.170,timeseries,1,User List,mlx-community/DeepSeek-R1-Distill-Qwen-14B-4bit,226.0,10793.0,0.0,0
2026-06-26T15:27:03.233,timeseries,1,User List,mlx-community/DeepSeek-R1-Distill-Qwen-14B-4bit,146.0,9486.0,0.0,0
2026-06-26T15:27:03.295,timeseries,1,User List,mlx-community/DeepSeek-R1-Distill-Qwen-14B-4bit,128.0,10737.0,0.0,0
2026-06-26T15:27:03.356,timeseries,1,User List,mlx-community/DeepSeek-R1-Distill-Qwen-14B-4bit,98.0,9559.0,0.0,0
2026-06-26T15:27:03.419,timeseries,1,User List,mlx-community/DeepSeek-R1-Distill-Qwen-14B-4bit,302.0,9265.0,0.0,0
2026-06-26T15:27:03.481,timeseries,1,User List,mlx-community/DeepSeek-R1-Distill-Qwen-14B-4bit,146.0,10869.0,0.0,0
2026-06-26T15:27:03.544,timeseries,1,User List,mlx-community/DeepSeek-R1-Distill-Qwen-14B-4bit,127.0,9306.0,0.0,0
2026-06-26T15:27:03.606,timeseries,1,User List,mlx-community/DeepSeek-R1-Distill-Qwen-14B-4bit,177.0,10760.0,0.0,0
2026-06-26T15:27:03.668,timeseries,1,User List,mlx-community/DeepSeek-R1-Distill-Qwen-14B-4bit,285.0,9289.0,0.0,0
2026-06-26T15:27:03.729,timeseries,1,User List,mlx-community/DeepSeek-R1-Distill-Qwen-14B-4bit,162.0,10832.0,0.0,0
2026-06-26T15:27:03.793,timeseries,1,User List,mlx-community/DeepSeek-R1-Distill-Qwen-14B-4bit,163.0,9543.0,0.0,0
2026-06-26T15:27:03.854,timeseries,1,User List,mlx-community/DeepSeek-R1-Distill-Qwen-14B-4bit,113.0,10761.0,0.0,0
2026-06-26T15:27:03.916,timeseries,1,User List,mlx-community/DeepSeek-R1-Distill-Qwen-14B-4bit,128.0,9415.0,0.0,0
2026-06-26T15:27:03.977,timeseries,1,User List,mlx-community/DeepSeek-R1-Distill-Qwen-14B-4bit,194.0,10737.0,0.0,0
2026-06-26T15:27:04.040,timeseries,1,User List,mlx-community/DeepSeek-R1-Distill-Qwen-14B-4bit,1872.0,9328.0,0.0,0
2026-06-26T15:27:04.101,timeseries,1,User List,mlx-community/DeepSeek-R1-Distill-Qwen-14B-4bit,923.0,9441.0,0.0,0
2026-06-26T15:27:04.162,timeseries,1,User List,mlx-community/DeepSeek-R1-Distill-Qwen-14B-4bit,242.0,10820.0,0.0,0
2026-06-26T15:27:04.223,timeseries,1,User List,mlx-community/DeepSeek-R1-Distill-Qwen-14B-4bit,228.0,9533.0,0.0,0
2026-06-26T15:27:04.286,timeseries,1,User List,mlx-community/DeepSeek-R1-Distill-Qwen-14B-4bit,330.0,9693.0,0.0,0
2026-06-26T15:27:04.348,timeseries,1,User List,mlx-community/DeepSeek-R1-Distill-Qwen-14B-4bit,388.0,10827.0,0.0,0
2026-06-26T15:27:04.409,timeseries,1,User List,mlx-community/DeepSeek-R1-Distill-Qwen-14B-4bit,643.0,9399.0,0.0,0
2026-06-26T15:27:04.471,timeseries,1,User List,mlx-community/DeepSeek-R1-Distill-Qwen-14B-4bit,403.0,10846.0,0.0,0
2026-06-26T15:27:04.532,timeseries,1,User List,mlx-community/DeepSeek-R1-Distill-Qwen-14B-4bit,427.0,9629.0,0.0,0
2026-06-26T15:27:04.594,timeseries,1,User List,mlx-community/DeepSeek-R1-Distill-Qwen-14B-4bit,936.0,10779.0,0.0,0
2026-06-26T15:27:04.656,timeseries,1,User List,mlx-community/DeepSeek-R1-Distill-Qwen-14B-4bit,278.0,9584.0,0.0,0
2026-06-26T15:27:04.718,timeseries,1,User List,mlx-community/DeepSeek-R1-Distill-Qwen-14B-4bit,400.0,9368.0,0.0,0
2026-06-26T15:27:04.780,timeseries,1,User List,mlx-community/DeepSeek-R1-Distill-Qwen-14B-4bit,586.0,10926.0,0.0,0
2026-06-26T15:27:04.841,timeseries,1,User List,mlx-community/DeepSeek-R1-Distill-Qwen-14B-4bit,369.0,9423.0,0.0,0
2026-06-26T15:27:04.902,timeseries,1,User List,mlx-community/DeepSeek-R1-Distill-Qwen-14B-4bit,276.0,10883.0,0.0,0
2026-06-26T15:27:04.964,timeseries,1,User List,mlx-community/DeepSeek-R1-Distill-Qwen-14B-4bit,376.0,9639.0,0.0,0
2026-06-26T15:27:05.026,timeseries,1,User List,mlx-community/DeepSeek-R1-Distill-Qwen-14B-4bit,342.0,9554.0,0.0,0
2026-06-26T15:27:05.088,timeseries,1,User List,mlx-community/DeepSeek-R1-Distill-Qwen-14B-4bit,829.0,10891.0,0.0,0
2026-06-26T15:27:05.149,timeseries,1,User List,mlx-community/DeepSeek-R1-Distill-Qwen-14B-4bit,2870.0,9352.0,0.0,0
2026-06-26T15:27:05.211,timeseries,1,User List,mlx-community/DeepSeek-R1-Distill-Qwen-14B-4bit,1084.0,10809.0,0.0,0
2026-06-26T15:27:05.273,timeseries,1,User List,mlx-community/DeepSeek-R1-Distill-Qwen-14B-4bit,259.0,9526.0,0.0,0
2026-06-26T15:27:05.333,timeseries,1,User List,mlx-community/DeepSeek-R1-Distill-Qwen-14B-4bit,194.0,9476.0,0.0,0
2026-06-26T15:27:05.396,timeseries,1,User List,mlx-community/DeepSeek-R1-Distill-Qwen-14B-4bit,277.0,10804.0,0.0,0
2026-06-26T15:27:05.457,timeseries,1,User List,mlx-community/DeepSeek-R1-Distill-Qwen-14B-4bit,231.0,9688.0,0.0,0
2026-06-26T15:27:05.520,timeseries,1,User List,mlx-community/DeepSeek-R1-Distill-Qwen-14B-4bit,144.0,10779.0,0.0,0
2026-06-26T15:27:05.582,timeseries,1,User List,mlx-community/DeepSeek-R1-Distill-Qwen-14B-4bit,146.0,9511.0,0.0,0
2026-06-26T15:27:05.645,timeseries,1,User List,mlx-community/DeepSeek-R1-Distill-Qwen-14B-4bit,285.0,10532.0,0.0,0
2026-06-26T15:27:05.706,timeseries,1,User List,mlx-community/DeepSeek-R1-Distill-Qwen-14B-4bit,129.0,9527.0,0.0,0
2026-06-26T15:27:05.768,timeseries,1,User List,mlx-community/DeepSeek-R1-Distill-Qwen-14B-4bit,128.0,9419.0,0.0,0
2026-06-26T15:27:05.829,timeseries,1,User List,mlx-community/DeepSeek-R1-Distill-Qwen-14B-4bit,178.0,10853.0,0.0,0
2026-06-26T15:27:05.892,timeseries,1,User List,mlx-community/DeepSeek-R1-Distill-Qwen-14B-4bit,132.0,9640.0,0.0,0
2026-06-26T15:27:05.954,timeseries,1,User List,mlx-community/DeepSeek-R1-Distill-Qwen-14B-4bit,113.0,10817.0,0.0,0
2026-06-26T15:27:06.017,timeseries,1,User List,mlx-community/DeepSeek-R1-Distill-Qwen-14B-4bit,129.0,9466.0,0.0,0
2026-06-26T15:27:06.077,timeseries,1,User List,mlx-community/DeepSeek-R1-Distill-Qwen-14B-4bit,128.0,10742.0,0.0,0
2026-06-26T15:27:06.140,timeseries,1,User List,mlx-community/DeepSeek-R1-Distill-Qwen-14B-4bit,306.0,9426.0,0.0,0
2026-06-26T15:27:06.202,timeseries,1,User List,mlx-community/DeepSeek-R1-Distill-Qwen-14B-4bit,148.0,9655.0,0.0,0
2026-06-26T15:27:06.264,timeseries,1,User List,mlx-community/DeepSeek-R1-Distill-Qwen-14B-4bit,128.0,10759.0,0.0,0
2026-06-26T15:27:06.325,timeseries,1,User List,mlx-community/DeepSeek-R1-Distill-Qwen-14B-4bit,144.0,9417.0,0.0,0
2026-06-26T15:27:06.388,timeseries,1,User List,mlx-community/DeepSeek-R1-Distill-Qwen-14B-4bit,227.0,10830.0,0.0,0
2026-06-26T15:27:06.450,timeseries,1,User List,mlx-community/DeepSeek-R1-Distill-Qwen-14B-4bit,165.0,9707.0,0.0,0
2026-06-26T15:27:06.512,timeseries,1,User List,mlx-community/DeepSeek-R1-Distill-Qwen-14B-4bit,158.0,10589.0,0.0,0
2026-06-26T15:27:06.573,timeseries,1,User List,mlx-community/DeepSeek-R1-Distill-Qwen-14B-4bit,112.0,9445.0,0.0,0
2026-06-26T15:27:06.635,timeseries,1,User List,mlx-community/DeepSeek-R1-Distill-Qwen-14B-4bit,340.0,9476.0,0.0,0
2026-06-26T15:27:06.697,timeseries,1,User List,mlx-community/DeepSeek-R1-Distill-Qwen-14B-4bit,296.0,10970.0,0.0,0
2026-06-26T15:27:06.759,timeseries,1,User List,mlx-community/DeepSeek-R1-Distill-Qwen-14B-4bit,129.0,9522.0,0.0,0
2026-06-26T15:27:06.822,timeseries,1,User List,mlx-community/DeepSeek-R1-Distill-Qwen-14B-4bit,129.0,10791.0,0.0,0
2026-06-26T15:27:06.884,timeseries,1,User List,mlx-community/DeepSeek-R1-Distill-Qwen-14B-4bit,160.0,9401.0,0.0,0
2026-06-26T15:27:06.947,timeseries,1,User List,mlx-community/DeepSeek-R1-Distill-Qwen-14B-4bit,129.0,10770.0,0.0,0
2026-06-26T15:27:07.008,timeseries,1,User List,mlx-community/DeepSeek-R1-Distill-Qwen-14B-4bit,112.0,9444.0,0.0,0
2026-06-26T15:27:07.070,timeseries,1,User List,mlx-community/DeepSeek-R1-Distill-Qwen-14B-4bit,144.0,10725.0,0.0,0
2026-06-26T15:27:07.132,timeseries,1,User List,mlx-community/DeepSeek-R1-Distill-Qwen-14B-4bit,292.0,9491.0,0.0,0
2026-06-26T15:27:07.194,timeseries,1,User List,mlx-community/DeepSeek-R1-Distill-Qwen-14B-4bit,161.0,10829.0,0.0,0
2026-06-26T15:27:07.257,timeseries,1,User List,mlx-community/DeepSeek-R1-Distill-Qwen-14B-4bit,114.0,9582.0,0.0,0
2026-06-26T15:27:07.320,timeseries,1,User List,mlx-community/DeepSeek-R1-Distill-Qwen-14B-4bit,128.0,9430.0,0.0,0
2026-06-26T15:27:07.382,timeseries,1,User List,mlx-community/DeepSeek-R1-Distill-Qwen-14B-4bit,192.0,10716.0,0.0,0
2026-06-26T15:27:07.447,timeseries,1,User List,mlx-community/DeepSeek-R1-Distill-Qwen-14B-4bit,257.0,10733.0,0.0,0
2026-06-26T15:27:07.508,timeseries,1,User List,mlx-community/DeepSeek-R1-Distill-Qwen-14B-4bit,174.0,9358.0,0.0,0
2026-06-26T15:27:07.570,timeseries,1,User List,mlx-community/DeepSeek-R1-Distill-Qwen-14B-4bit,172.0,10537.0,0.0,0
2026-06-26T15:27:07.632,timeseries,1,User List,mlx-community/DeepSeek-R1-Distill-Qwen-14B-4bit,307.0,9510.0,0.0,0
2026-06-26T15:27:07.695,timeseries,1,User List,mlx-community/DeepSeek-R1-Distill-Qwen-14B-4bit,192.0,9485.0,0.0,0
2026-06-26T15:27:07.756,timeseries,1,User List,mlx-community/DeepSeek-R1-Distill-Qwen-14B-4bit,162.0,10910.0,0.0,0
2026-06-26T15:27:07.819,timeseries,1,User List,mlx-community/DeepSeek-R1-Distill-Qwen-14B-4bit,144.0,9458.0,0.0,0
2026-06-26T15:27:07.881,timeseries,1,User List,mlx-community/DeepSeek-R1-Distill-Qwen-14B-4bit,162.0,10933.0,0.0,0
2026-06-26T15:27:07.944,timeseries,1,User List,mlx-community/DeepSeek-R1-Distill-Qwen-14B-4bit,223.0,9363.0,0.0,0
2026-06-26T15:27:08.006,timeseries,1,User List,mlx-community/DeepSeek-R1-Distill-Qwen-14B-4bit,161.0,10802.0,0.0,0
2026-06-26T15:27:08.067,timeseries,1,User List,mlx-community/DeepSeek-R1-Distill-Qwen-14B-4bit,128.0,9499.0,0.0,0
2026-06-26T15:27:08.130,timeseries,1,User List,mlx-community/DeepSeek-R1-Distill-Qwen-14B-4bit,335.0,10698.0,0.0,0
2026-06-26T15:27:08.192,timeseries,1,User List,mlx-community/DeepSeek-R1-Distill-Qwen-14B-4bit,214.0,9644.0,0.0,0
2026-06-26T15:27:08.254,timeseries,1,User List,mlx-community/DeepSeek-R1-Distill-Qwen-14B-4bit,1324.0,10591.0,0.0,0
2026-06-26T15:27:08.318,timeseries,1,User List,mlx-community/DeepSeek-R1-Distill-Qwen-14B-4bit,226.0,9496.0,0.0,0
2026-06-26T15:27:08.380,timeseries,1,User List,mlx-community/DeepSeek-R1-Distill-Qwen-14B-4bit,421.0,10829.0,0.0,0
2026-06-26T15:27:08.442,timeseries,1,User List,mlx-community/DeepSeek-R1-Distill-Qwen-14B-4bit,510.0,9070.0,0.0,0
2026-06-26T15:27:08.504,timeseries,1,User List,mlx-community/DeepSeek-R1-Distill-Qwen-14B-4bit,163.0,10985.0,0.0,0
2026-06-26T15:27:08.566,timeseries,1,User List,mlx-community/DeepSeek-R1-Distill-Qwen-14B-4bit,113.0,9533.0,0.0,0
2026-06-26T15:27:08.628,timeseries,1,User List,mlx-community/DeepSeek-R1-Distill-Qwen-14B-4bit,672.0,10578.0,0.0,0
2026-06-26T15:27:08.690,timeseries,1,User List,mlx-community/DeepSeek-R1-Distill-Qwen-14B-4bit,2116.0,9367.0,0.0,0
2026-06-26T15:27:08.751,timeseries,1,User List,mlx-community/DeepSeek-R1-Distill-Qwen-14B-4bit,433.0,9457.0,0.0,0
2026-06-26T15:27:08.813,timeseries,1,User List,mlx-community/DeepSeek-R1-Distill-Qwen-14B-4bit,213.0,11038.0,0.0,0
2026-06-26T15:27:08.875,timeseries,1,User List,mlx-community/DeepSeek-R1-Distill-Qwen-14B-4bit,243.0,9557.0,0.0,0
2026-06-26T15:27:08.936,timeseries,1,User List,mlx-community/DeepSeek-R1-Distill-Qwen-14B-4bit,390.0,10947.0,0.0,0
2026-06-26T15:27:08.998,timeseries,1,User List,mlx-community/DeepSeek-R1-Distill-Qwen-14B-4bit,583.0,9539.0,0.0,0
2026-06-26T15:27:09.060,timeseries,1,User List,mlx-community/DeepSeek-R1-Distill-Qwen-14B-4bit,420.0,9601.0,0.0,0
2026-06-26T15:27:09.122,timeseries,1,User List,mlx-community/DeepSeek-R1-Distill-Qwen-14B-4bit,3498.0,10721.0,0.0,0
2026-06-26T15:27:09.183,timeseries,1,User List,mlx-community/DeepSeek-R1-Distill-Qwen-14B-4bit,486.0,9550.0,0.0,0
2026-06-26T15:27:09.246,timeseries,1,User List,mlx-community/DeepSeek-R1-Distill-Qwen-14B-4bit,225.0,10839.0,0.0,0
2026-06-26T15:27:09.310,timeseries,1,User List,mlx-community/DeepSeek-R1-Distill-Qwen-14B-4bit,114.0,9571.0,0.0,0
2026-06-26T15:27:09.372,timeseries,1,User List,mlx-community/DeepSeek-R1-Distill-Qwen-14B-4bit,175.0,10686.0,0.0,0
2026-06-26T15:27:09.434,timeseries,1,User List,mlx-community/DeepSeek-R1-Distill-Qwen-14B-4bit,281.0,9190.0,0.0,0
2026-06-26T15:27:09.497,timeseries,1,User List,mlx-community/DeepSeek-R1-Distill-Qwen-14B-4bit,146.0,10952.0,0.0,0
2026-06-26T15:27:09.558,timeseries,1,User List,mlx-community/DeepSeek-R1-Distill-Qwen-14B-4bit,128.0,9386.0,0.0,0
2026-06-26T15:27:09.620,timeseries,1,User List,mlx-community/DeepSeek-R1-Distill-Qwen-14B-4bit,272.0,10723.0,0.0,0
2026-06-26T15:27:09.682,timeseries,1,User List,mlx-community/DeepSeek-R1-Distill-Qwen-14B-4bit,215.0,9723.0,0.0,0
2026-06-26T15:27:09.744,timeseries,1,User List,mlx-community/DeepSeek-R1-Distill-Qwen-14B-4bit,128.0,10803.0,0.0,0
2026-06-26T15:27:09.806,timeseries,1,User List,mlx-community/DeepSeek-R1-Distill-Qwen-14B-4bit,129.0,9507.0,0.0,0
2026-06-26T15:27:09.868,timeseries,1,User List,mlx-community/DeepSeek-R1-Distill-Qwen-14B-4bit,113.0,9559.0,0.0,0
2026-06-26T15:27:09.932,timeseries,1,User List,mlx-community/DeepSeek-R1-Distill-Qwen-14B-4bit,130.0,10912.0,0.0,0
2026-06-26T15:27:09.993,timeseries,1,User List,mlx-community/DeepSeek-R1-Distill-Qwen-14B-4bit,128.0,9447.0,0.0,0
2026-06-26T15:27:10.055,timeseries,1,User List,mlx-community/DeepSeek-R1-Distill-Qwen-14B-4bit,173.0,10576.0,0.0,0
2026-06-26T15:27:10.117,timeseries,1,User List,mlx-community/DeepSeek-R1-Distill-Qwen-14B-4bit,259.0,9488.0,0.0,0
2026-06-26T15:27:10.179,timeseries,1,User List,mlx-community/DeepSeek-R1-Distill-Qwen-14B-4bit,194.0,10907.0,0.0,0
2026-06-26T15:27:10.241,timeseries,1,User List,mlx-community/DeepSeek-R1-Distill-Qwen-14B-4bit,129.0,9488.0,0.0,0
2026-06-26T15:27:10.305,timeseries,1,User List,mlx-community/DeepSeek-R1-Distill-Qwen-14B-4bit,161.0,10853.0,0.0,0
2026-06-26T15:27:10.367,timeseries,1,User List,mlx-community/DeepSeek-R1-Distill-Qwen-14B-4bit,130.0,9542.0,0.0,0
2026-06-26T15:27:10.430,timeseries,1,User List,mlx-community/DeepSeek-R1-Distill-Qwen-14B-4bit,236.0,10579.0,0.0,0
2026-06-26T15:27:10.492,timeseries,1,User List,mlx-community/DeepSeek-R1-Distill-Qwen-14B-4bit,144.0,9462.0,0.0,0
2026-06-26T15:27:10.552,timeseries,1,User List,mlx-community/DeepSeek-R1-Distill-Qwen-14B-4bit,128.0,10775.0,0.0,0
2026-06-26T15:27:10.614,timeseries,1,User List,mlx-community/DeepSeek-R1-Distill-Qwen-14B-4bit,275.0,9480.0,0.0,0
2026-06-26T15:27:10.677,timeseries,1,User List,mlx-community/DeepSeek-R1-Distill-Qwen-14B-4bit,165.0,9786.0,0.0,0
2026-06-26T15:27:10.738,timeseries,1,User List,mlx-community/DeepSeek-R1-Distill-Qwen-14B-4bit,129.0,10902.0,0.0,0
2026-06-26T15:27:10.800,timeseries,1,User List,mlx-community/DeepSeek-R1-Distill-Qwen-14B-4bit,128.0,9421.0,0.0,0
2026-06-26T15:27:10.862,timeseries,1,User List,mlx-community/DeepSeek-R1-Distill-Qwen-14B-4bit,130.0,10952.0,0.0,0
2026-06-26T15:27:10.924,timeseries,1,User List,mlx-community/DeepSeek-R1-Distill-Qwen-14B-4bit,114.0,9622.0,0.0,0
2026-06-26T15:27:10.986,timeseries,1,User List,mlx-community/DeepSeek-R1-Distill-Qwen-14B-4bit,128.0,10799.0,0.0,0
2026-06-26T15:27:11.047,timeseries,1,User List,mlx-community/DeepSeek-R1-Distill-Qwen-14B-4bit,129.0,9537.0,0.0,0
2026-06-26T15:27:11.109,timeseries,1,User List,mlx-community/DeepSeek-R1-Distill-Qwen-14B-4bit,288.0,9362.0,0.0,0
2026-06-26T15:27:11.171,timeseries,1,User List,mlx-community/DeepSeek-R1-Distill-Qwen-14B-4bit,164.0,11068.0,0.0,0
2026-06-26T15:27:11.233,timeseries,1,User List,mlx-community/DeepSeek-R1-Distill-Qwen-14B-4bit,129.0,9542.0,0.0,0
2026-06-26T15:27:11.295,timeseries,1,User List,mlx-community/DeepSeek-R1-Distill-Qwen-14B-4bit,388.0,10804.0,0.0,0
2026-06-26T15:27:11.357,timeseries,1,User List,mlx-community/DeepSeek-R1-Distill-Qwen-14B-4bit,407.0,9611.0,0.0,0
2026-06-26T15:27:11.419,timeseries,1,User List,mlx-community/DeepSeek-R1-Distill-Qwen-14B-4bit,433.0,9377.0,0.0,0
2026-06-26T15:27:11.481,timeseries,1,User List,mlx-community/DeepSeek-R1-Distill-Qwen-14B-4bit,195.0,10998.0,0.0,0
2026-06-26T15:27:11.542,timeseries,1,User List,mlx-community/DeepSeek-R1-Distill-Qwen-14B-4bit,129.0,9500.0,0.0,0
2026-06-26T15:27:11.605,timeseries,1,User List,mlx-community/DeepSeek-R1-Distill-Qwen-14B-4bit,257.0,10761.0,0.0,0
2026-06-26T15:27:11.667,timeseries,1,User List,mlx-community/DeepSeek-R1-Distill-Qwen-14B-4bit,263.0,9705.0,0.0,0
2026-06-26T15:27:11.728,timeseries,1,User List,mlx-community/DeepSeek-R1-Distill-Qwen-14B-4bit,126.0,10666.0,0.0,0
2026-06-26T15:27:11.789,timeseries,1,User List,mlx-community/DeepSeek-R1-Distill-Qwen-14B-4bit,130.0,9594.0,0.0,0
2026-06-26T15:27:11.852,timeseries,1,User List,mlx-community/DeepSeek-R1-Distill-Qwen-14B-4bit,131.0,9654.0,0.0,0
2026-06-26T15:27:11.915,timeseries,1,User List,mlx-community/DeepSeek-R1-Distill-Qwen-14B-4bit,162.0,10935.0,0.0,0
2026-06-26T15:27:11.977,timeseries,1,User List,mlx-community/DeepSeek-R1-Distill-Qwen-14B-4bit,95.0,9398.0,0.0,0
2026-06-26T15:27:12.038,timeseries,1,User List,mlx-community/DeepSeek-R1-Distill-Qwen-14B-4bit,128.0,10832.0,0.0,0
2026-06-26T15:27:12.100,timeseries,1,User List,mlx-community/DeepSeek-R1-Distill-Qwen-14B-4bit,210.0,9512.0,0.0,0
2026-06-26T15:27:12.162,timeseries,1,User List,mlx-community/DeepSeek-R1-Distill-Qwen-14B-4bit,325.0,10923.0,0.0,0
2026-06-26T15:27:12.224,timeseries,1,User List,mlx-community/DeepSeek-R1-Distill-Qwen-14B-4bit,130.0,9652.0,0.0,0
2026-06-26T15:27:12.286,timeseries,1,User List,mlx-community/DeepSeek-R1-Distill-Qwen-14B-4bit,113.0,10858.0,0.0,0
2026-06-26T15:27:12.347,timeseries,1,User List,mlx-community/DeepSeek-R1-Distill-Qwen-14B-4bit,129.0,9557.0,0.0,0
2026-06-26T15:27:12.410,timeseries,1,User List,mlx-community/DeepSeek-R1-Distill-Qwen-14B-4bit,321.0,9374.0,0.0,0
2026-06-26T15:27:12.472,timeseries,1,User List,mlx-community/DeepSeek-R1-Distill-Qwen-14B-4bit,130.0,11044.0,0.0,0
2026-06-26T15:27:12.534,timeseries,1,User List,mlx-community/DeepSeek-R1-Distill-Qwen-14B-4bit,144.0,9484.0,0.0,0
2026-06-26T15:27:12.596,timeseries,1,User List,mlx-community/DeepSeek-R1-Distill-Qwen-14B-4bit,162.0,10894.0,0.0,0
2026-06-26T15:27:12.660,timeseries,1,User List,mlx-community/DeepSeek-R1-Distill-Qwen-14B-4bit,256.0,9425.0,0.0,0
2026-06-26T15:27:12.722,timeseries,1,User List,mlx-community/DeepSeek-R1-Distill-Qwen-14B-4bit,128.0,10806.0,0.0,0
2026-06-26T15:27:12.784,timeseries,1,User List,mlx-community/DeepSeek-R1-Distill-Qwen-14B-4bit,126.0,9336.0,0.0,0
2026-06-26T15:27:12.846,timeseries,1,User List,mlx-community/DeepSeek-R1-Distill-Qwen-14B-4bit,160.0,10833.0,0.0,0
2026-06-26T15:27:12.912,timeseries,1,User List,mlx-community/DeepSeek-R1-Distill-Qwen-14B-4bit,129.0,9549.0,0.0,0
2026-06-26T15:27:12.974,timeseries,1,User List,mlx-community/DeepSeek-R1-Distill-Qwen-14B-4bit,194.0,10787.0,0.0,0
2026-06-26T15:27:13.037,timeseries,1,User List,mlx-community/DeepSeek-R1-Distill-Qwen-14B-4bit,197.0,10191.0,0.0,0
2026-06-26T15:27:13.097,timeseries,1,User List,mlx-community/DeepSeek-R1-Distill-Qwen-14B-4bit,162.0,9547.0,0.0,0
2026-06-26T15:27:13.159,timeseries,1,User List,mlx-community/DeepSeek-R1-Distill-Qwen-14B-4bit,302.0,9356.0,0.0,0
2026-06-26T15:27:13.221,timeseries,1,User List,mlx-community/DeepSeek-R1-Distill-Qwen-14B-4bit,197.0,11089.0,0.0,0
2026-06-26T15:27:13.283,timeseries,1,User List,mlx-community/DeepSeek-R1-Distill-Qwen-14B-4bit,114.0,9611.0,0.0,0
2026-06-26T15:27:13.345,timeseries,1,User List,mlx-community/DeepSeek-R1-Distill-Qwen-14B-4bit,128.0,10837.0,0.0,0
2026-06-26T15:27:13.406,timeseries,1,User List,mlx-community/DeepSeek-R1-Distill-Qwen-14B-4bit,260.0,9539.0,0.0,0
2026-06-26T15:27:13.468,timeseries,1,User List,mlx-community/DeepSeek-R1-Distill-Qwen-14B-4bit,180.0,9666.0,0.0,0
2026-06-26T15:27:13.530,timeseries,1,User List,mlx-community/DeepSeek-R1-Distill-Qwen-14B-4bit,114.0,10976.0,0.0,0
2026-06-26T15:27:13.592,timeseries,1,User List,mlx-community/DeepSeek-R1-Distill-Qwen-14B-4bit,159.0,9404.0,0.0,0
2026-06-26T15:27:13.654,timeseries,1,User List,mlx-community/DeepSeek-R1-Distill-Qwen-14B-4bit,274.0,10837.0,0.0,0
2026-06-26T15:27:13.718,timeseries,1,User List,mlx-community/DeepSeek-R1-Distill-Qwen-14B-4bit,129.0,9580.0,0.0,0
2026-06-26T15:27:13.779,timeseries,1,User List,mlx-community/DeepSeek-R1-Distill-Qwen-14B-4bit,145.0,10868.0,0.0,0
2026-06-26T15:27:13.840,timeseries,1,User List,mlx-community/DeepSeek-R1-Distill-Qwen-14B-4bit,128.0,9442.0,0.0,0
2026-06-26T15:27:13.901,timeseries,1,User List,mlx-community/DeepSeek-R1-Distill-Qwen-14B-4bit,131.0,11042.0,0.0,0
2026-06-26T15:27:13.964,timeseries,1,User List,mlx-community/DeepSeek-R1-Distill-Qwen-14B-4bit,147.0,9663.0,0.0,0
2026-06-26T15:27:14.028,timeseries,1,User List,mlx-community/DeepSeek-R1-Distill-Qwen-14B-4bit,114.0,9618.0,0.0,0
2026-06-26T15:27:14.089,timeseries,1,User List,mlx-community/DeepSeek-R1-Distill-Qwen-14B-4bit,142.0,10614.0,0.0,0
2026-06-26T15:27:14.151,timeseries,1,User List,mlx-community/DeepSeek-R1-Distill-Qwen-14B-4bit,284.0,9277.0,0.0,0
2026-06-26T15:27:14.213,timeseries,1,User List,mlx-community/DeepSeek-R1-Distill-Qwen-14B-4bit,1086.0,10765.0,0.0,0
2026-06-26T15:27:14.275,timeseries,1,User List,mlx-community/DeepSeek-R1-Distill-Qwen-14B-4bit,1307.0,9507.0,0.0,0
2026-06-26T15:27:14.336,timeseries,1,User List,mlx-community/DeepSeek-R1-Distill-Qwen-14B-4bit,324.0,10965.0,0.0,0
2026-06-26T15:27:14.397,timeseries,1,User List,mlx-community/DeepSeek-R1-Distill-Qwen-14B-4bit,477.0,9698.0,0.0,0
2026-06-26T15:27:14.459,timeseries,1,User List,mlx-community/DeepSeek-R1-Distill-Qwen-14B-4bit,229.0,9700.0,0.0,0
2026-06-26T15:27:14.522,timeseries,1,User List,mlx-community/DeepSeek-R1-Distill-Qwen-14B-4bit,179.0,10960.0,0.0,0
2026-06-26T15:27:14.583,timeseries,1,User List,mlx-community/DeepSeek-R1-Distill-Qwen-14B-4bit,112.0,9528.0,0.0,0
2026-06-26T15:27:14.644,timeseries,1,User List,mlx-community/DeepSeek-R1-Distill-Qwen-14B-4bit,274.0,10822.0,0.0,0
2026-06-26T15:27:14.706,timeseries,1,User List,mlx-community/DeepSeek-R1-Distill-Qwen-14B-4bit,131.0,9692.0,0.0,0
2026-06-26T15:27:14.769,timeseries,1,User List,mlx-community/DeepSeek-R1-Distill-Qwen-14B-4bit,145.0,9514.0,0.0,0
2026-06-26T15:27:14.831,timeseries,1,User List,mlx-community/DeepSeek-R1-Distill-Qwen-14B-4bit,112.0,10848.0,0.0,0
2026-06-26T15:27:14.894,timeseries,1,User List,mlx-community/DeepSeek-R1-Distill-Qwen-14B-4bit,127.0,9417.0,0.0,0
2026-06-26T15:27:14.955,timeseries,1,User List,mlx-community/DeepSeek-R1-Distill-Qwen-14B-4bit,146.0,10947.0,0.0,0
2026-06-26T15:27:15.019,timeseries,1,User List,mlx-community/DeepSeek-R1-Distill-Qwen-14B-4bit,128.0,9441.0,0.0,0
2026-06-26T15:27:15.081,timeseries,1,User List,mlx-community/DeepSeek-R1-Distill-Qwen-14B-4bit,114.0,11010.0,0.0,0
2026-06-26T15:27:15.143,timeseries,1,User List,mlx-community/DeepSeek-R1-Distill-Qwen-14B-4bit,282.0,9228.0,0.0,0
2026-06-26T15:27:15.204,timeseries,1,User List,mlx-community/DeepSeek-R1-Distill-Qwen-14B-4bit,146.0,10945.0,0.0,0
2026-06-26T15:27:15.267,timeseries,1,User List,mlx-community/DeepSeek-R1-Distill-Qwen-14B-4bit,180.0,9658.0,0.0,0
2026-06-26T15:27:15.330,timeseries,1,User List,mlx-community/DeepSeek-R1-Distill-Qwen-14B-4bit,145.0,10847.0,0.0,0
2026-06-26T15:27:15.392,timeseries,1,User List,mlx-community/DeepSeek-R1-Distill-Qwen-14B-4bit,253.0,9316.0,0.0,0
2026-06-26T15:27:15.453,timeseries,1,User List,mlx-community/DeepSeek-R1-Distill-Qwen-14B-4bit,176.0,10883.0,0.0,0
2026-06-26T15:27:15.516,timeseries,1,User List,mlx-community/DeepSeek-R1-Distill-Qwen-14B-4bit,147.0,9691.0,0.0,0
2026-06-26T15:27:15.578,timeseries,1,User List,mlx-community/DeepSeek-R1-Distill-Qwen-14B-4bit,144.0,10821.0,0.0,0
2026-06-26T15:27:15.640,timeseries,1,User List,mlx-community/DeepSeek-R1-Distill-Qwen-14B-4bit,253.0,9359.0,0.0,0
2026-06-26T15:27:15.702,timeseries,1,User List,mlx-community/DeepSeek-R1-Distill-Qwen-14B-4bit,162.0,9589.0,0.0,0
2026-06-26T15:27:15.764,timeseries,1,User List,mlx-community/DeepSeek-R1-Distill-Qwen-14B-4bit,114.0,10989.0,0.0,0
2026-06-26T15:27:15.827,timeseries,1,User List,mlx-community/DeepSeek-R1-Distill-Qwen-14B-4bit,144.0,9417.0,0.0,0
2026-06-26T15:27:15.889,timeseries,1,User List,mlx-community/DeepSeek-R1-Distill-Qwen-14B-4bit,97.0,10952.0,0.0,0
2026-06-26T15:27:15.951,timeseries,1,User List,mlx-community/DeepSeek-R1-Distill-Qwen-14B-4bit,128.0,9493.0,0.0,0
2026-06-26T15:27:16.013,timeseries,1,User List,mlx-community/DeepSeek-R1-Distill-Qwen-14B-4bit,145.0,10915.0,0.0,0
2026-06-26T15:27:16.075,timeseries,1,User List,mlx-community/DeepSeek-R1-Distill-Qwen-14B-4bit,128.0,9475.0,0.0,0
2026-06-26T15:27:16.137,timeseries,1,User List,mlx-community/DeepSeek-R1-Distill-Qwen-14B-4bit,257.0,10829.0,0.0,0
2026-06-26T15:27:16.199,timeseries,1,User List,mlx-community/DeepSeek-R1-Distill-Qwen-14B-4bit,162.0,9607.0,0.0,0
2026-06-26T15:27:16.261,timeseries,1,User List,mlx-community/DeepSeek-R1-Distill-Qwen-14B-4bit,128.0,10866.0,0.0,0
2026-06-26T15:27:16.324,timeseries,1,User List,mlx-community/DeepSeek-R1-Distill-Qwen-14B-4bit,179.0,9640.0,0.0,0
2026-06-26T15:27:16.386,timeseries,1,User List,mlx-community/DeepSeek-R1-Distill-Qwen-14B-4bit,176.0,10752.0,0.0,0
2026-06-26T15:27:16.447,timeseries,1,User List,mlx-community/DeepSeek-R1-Distill-Qwen-14B-4bit,191.0,9467.0,0.0,0
2026-06-26T15:27:16.510,timeseries,1,User List,mlx-community/DeepSeek-R1-Distill-Qwen-14B-4bit,147.0,9681.0,0.0,0
2026-06-26T15:27:16.573,timeseries,1,User List,mlx-community/DeepSeek-R1-Distill-Qwen-14B-4bit,129.0,10896.0,0.0,0
2026-06-26T15:27:16.634,timeseries,1,User List,mlx-community/DeepSeek-R1-Distill-Qwen-14B-4bit,302.0,9368.0,0.0,0
2026-06-26T15:27:16.695,timeseries,1,User List,mlx-community/DeepSeek-R1-Distill-Qwen-14B-4bit,240.0,10786.0,0.0,0
2026-06-26T15:27:16.759,timeseries,1,User List,mlx-community/DeepSeek-R1-Distill-Qwen-14B-4bit,149.0,9847.0,0.0,0
2026-06-26T15:27:16.823,timeseries,1,User List,mlx-community/DeepSeek-R1-Distill-Qwen-14B-4bit,161.0,10827.0,0.0,0
2026-06-26T15:27:16.885,timeseries,1,User List,mlx-community/DeepSeek-R1-Distill-Qwen-14B-4bit,248.0,8970.0,0.0,0
2026-06-26T15:27:16.947,timeseries,1,User List,mlx-community/DeepSeek-R1-Distill-Qwen-14B-4bit,142.0,10660.0,0.0,0
2026-06-26T15:27:17.009,timeseries,1,User List,mlx-community/DeepSeek-R1-Distill-Qwen-14B-4bit,129.0,9531.0,0.0,0
2026-06-26T15:27:17.071,timeseries,1,User List,mlx-community/DeepSeek-R1-Distill-Qwen-14B-4bit,128.0,10806.0,0.0,0
2026-06-26T15:27:17.133,timeseries,1,User List,mlx-community/DeepSeek-R1-Distill-Qwen-14B-4bit,323.0,9497.0,0.0,0
2026-06-26T15:27:17.195,timeseries,1,User List,mlx-community/DeepSeek-R1-Distill-Qwen-14B-4bit,130.0,11015.0,0.0,0
2026-06-26T15:27:17.257,timeseries,1,User List,mlx-community/DeepSeek-R1-Distill-Qwen-14B-4bit,129.0,9571.0,0.0,0
2026-06-26T15:27:17.320,timeseries,1,User List,mlx-community/DeepSeek-R1-Distill-Qwen-14B-4bit,129.0,10902.0,0.0,0
2026-06-26T15:27:17.382,timeseries,1,User List,mlx-community/DeepSeek-R1-Distill-Qwen-14B-4bit,272.0,9425.0,0.0,0
2026-06-26T15:27:17.443,timeseries,1,User List,mlx-community/DeepSeek-R1-Distill-Qwen-14B-4bit,257.0,9552.0,0.0,0
2026-06-26T15:27:17.506,timeseries,1,User List,mlx-community/DeepSeek-R1-Distill-Qwen-14B-4bit,129.0,10952.0,0.0,0
2026-06-26T15:27:17.566,timeseries,1,User List,mlx-community/DeepSeek-R1-Distill-Qwen-14B-4bit,130.0,9636.0,0.0,0
2026-06-26T15:27:17.629,timeseries,1,User List,mlx-community/DeepSeek-R1-Distill-Qwen-14B-4bit,337.0,10820.0,0.0,0
2026-06-26T15:27:17.691,timeseries,1,User List,mlx-community/DeepSeek-R1-Distill-Qwen-14B-4bit,149.0,9822.0,0.0,0
2026-06-26T15:27:17.753,timeseries,1,User List,mlx-community/DeepSeek-R1-Distill-Qwen-14B-4bit,128.0,10839.0,0.0,0
2026-06-26T15:27:17.816,timeseries,1,User List,mlx-community/DeepSeek-R1-Distill-Qwen-14B-4bit,129.0,9569.0,0.0,0
2026-06-26T15:27:17.879,timeseries,1,User List,mlx-community/DeepSeek-R1-Distill-Qwen-14B-4bit,129.0,10895.0,0.0,0
2026-06-26T15:27:17.941,timeseries,1,User List,mlx-community/DeepSeek-R1-Distill-Qwen-14B-4bit,143.0,9372.0,0.0,0
2026-06-26T15:27:18.004,timeseries,1,User List,mlx-community/DeepSeek-R1-Distill-Qwen-14B-4bit,142.0,10691.0,0.0,0
2026-06-26T15:27:18.065,timeseries,1,User List,mlx-community/DeepSeek-R1-Distill-Qwen-14B-4bit,129.0,9564.0,0.0,0
2026-06-26T15:27:18.128,timeseries,1,User List,mlx-community/DeepSeek-R1-Distill-Qwen-14B-4bit,258.0,9499.0,0.0,0
2026-06-26T15:27:18.192,timeseries,1,User List,mlx-community/DeepSeek-R1-Distill-Qwen-14B-4bit,212.0,11026.0,0.0,0
2026-06-26T15:27:18.257,timeseries,1,User List,mlx-community/DeepSeek-R1-Distill-Qwen-14B-4bit,349.0,10571.0,0.0,0
2026-06-26T15:27:18.319,timeseries,1,User List,mlx-community/DeepSeek-R1-Distill-Qwen-14B-4bit,1391.0,10331.0,0.0,0
2026-06-26T15:27:18.381,timeseries,1,User List,mlx-community/DeepSeek-R1-Distill-Qwen-14B-4bit,490.0,9057.0,0.0,0
2026-06-26T15:27:18.443,timeseries,1,User List,mlx-community/DeepSeek-R1-Distill-Qwen-14B-4bit,384.0,9492.0,0.0,0
2026-06-26T15:27:18.505,timeseries,1,User List,mlx-community/DeepSeek-R1-Distill-Qwen-14B-4bit,227.0,11009.0,0.0,0
2026-06-26T15:27:18.567,timeseries,1,User List,mlx-community/DeepSeek-R1-Distill-Qwen-14B-4bit,129.0,9612.0,0.0,0
2026-06-26T15:27:18.628,timeseries,1,User List,mlx-community/DeepSeek-R1-Distill-Qwen-14B-4bit,320.0,10793.0,0.0,0
2026-06-26T15:27:18.691,timeseries,1,User List,mlx-community/DeepSeek-R1-Distill-Qwen-14B-4bit,180.0,9704.0,0.0,0
2026-06-26T15:27:18.754,timeseries,1,User List,mlx-community/DeepSeek-R1-Distill-Qwen-14B-4bit,113.0,10983.0,0.0,0
2026-06-26T15:27:18.816,timeseries,1,User List,mlx-community/DeepSeek-R1-Distill-Qwen-14B-4bit,113.0,9556.0,0.0,0
2026-06-26T15:27:18.878,timeseries,1,User List,mlx-community/DeepSeek-R1-Distill-Qwen-14B-4bit,143.0,10758.0,0.0,0
2026-06-26T15:27:18.941,timeseries,1,User List,mlx-community/DeepSeek-R1-Distill-Qwen-14B-4bit,129.0,9544.0,0.0,0
2026-06-26T15:27:19.003,timeseries,1,User List,mlx-community/DeepSeek-R1-Distill-Qwen-14B-4bit,113.0,10904.0,0.0,0
2026-06-26T15:27:19.065,timeseries,1,User List,mlx-community/DeepSeek-R1-Distill-Qwen-14B-4bit,128.0,9487.0,0.0,0
2026-06-26T15:27:19.127,timeseries,1,User List,mlx-community/DeepSeek-R1-Distill-Qwen-14B-4bit,306.0,9499.0,0.0,0
2026-06-26T15:27:19.190,timeseries,1,User List,mlx-community/DeepSeek-R1-Distill-Qwen-14B-4bit,162.0,10971.0,0.0,0
2026-06-26T15:27:19.252,timeseries,1,User List,mlx-community/DeepSeek-R1-Distill-Qwen-14B-4bit,128.0,9519.0,0.0,0
2026-06-26T15:27:19.314,timeseries,1,User List,mlx-community/DeepSeek-R1-Distill-Qwen-14B-4bit,127.0,10762.0,0.0,0
2026-06-26T15:27:19.376,timeseries,1,User List,mlx-community/DeepSeek-R1-Distill-Qwen-14B-4bit,743.0,9436.0,0.0,0
2026-06-26T15:27:19.438,timeseries,1,User List,mlx-community/DeepSeek-R1-Distill-Qwen-14B-4bit,1798.0,10788.0,0.0,0
2026-06-26T15:27:19.500,timeseries,1,User List,mlx-community/DeepSeek-R1-Distill-Qwen-14B-4bit,580.0,9546.0,0.0,0
2026-06-26T15:27:19.562,timeseries,1,User List,mlx-community/DeepSeek-R1-Distill-Qwen-14B-4bit,194.0,10993.0,0.0,0
2026-06-26T15:27:19.623,timeseries,1,User List,mlx-community/DeepSeek-R1-Distill-Qwen-14B-4bit,611.0,9542.0,0.0,0
2026-06-26T15:27:19.684,timeseries,1,User List,mlx-community/DeepSeek-R1-Distill-Qwen-14B-4bit,293.0,9662.0,0.0,0
2026-06-26T15:27:19.745,timeseries,1,User List,mlx-community/DeepSeek-R1-Distill-Qwen-14B-4bit,442.0,11086.0,0.0,0
2026-06-26T15:27:19.806,timeseries,1,User List,mlx-community/DeepSeek-R1-Distill-Qwen-14B-4bit,282.0,9869.0,0.0,0
2026-06-26T15:27:19.868,timeseries,1,User List,mlx-community/DeepSeek-R1-Distill-Qwen-14B-4bit,369.0,9532.0,0.0,0
2026-06-26T15:27:19.930,timeseries,1,User List,mlx-community/DeepSeek-R1-Distill-Qwen-14B-4bit,377.0,11120.0,0.0,0
2026-06-26T15:27:19.991,timeseries,1,User List,mlx-community/DeepSeek-R1-Distill-Qwen-14B-4bit,423.0,9624.0,0.0,0
2026-06-26T15:27:20.054,timeseries,1,User List,mlx-community/DeepSeek-R1-Distill-Qwen-14B-4bit,259.0,10974.0,0.0,0
2026-06-26T15:27:20.116,timeseries,1,User List,mlx-community/DeepSeek-R1-Distill-Qwen-14B-4bit,941.0,9616.0,0.0,0
2026-06-26T15:27:20.178,timeseries,1,User List,mlx-community/DeepSeek-R1-Distill-Qwen-14B-4bit,399.0,10847.0,0.0,0
2026-06-26T15:27:20.239,timeseries,1,User List,mlx-community/DeepSeek-R1-Distill-Qwen-14B-4bit,438.0,9615.0,0.0,0
2026-06-26T15:27:20.302,timeseries,1,User List,mlx-community/DeepSeek-R1-Distill-Qwen-14B-4bit,257.0,9534.0,0.0,0
2026-06-26T15:27:20.366,timeseries,1,User List,mlx-community/DeepSeek-R1-Distill-Qwen-14B-4bit,557.0,11119.0,0.0,0
2026-06-26T15:27:20.428,timeseries,1,User List,mlx-community/DeepSeek-R1-Distill-Qwen-14B-4bit,693.0,10660.0,0.0,0
2026-06-26T15:27:20.489,timeseries,1,User List,mlx-community/DeepSeek-R1-Distill-Qwen-14B-4bit,570.0,9423.0,0.0,0
2026-06-26T15:27:20.551,timeseries,1,User List,mlx-community/DeepSeek-R1-Distill-Qwen-14B-4bit,433.0,9505.0,0.0,0
2026-06-26T15:27:20.613,timeseries,1,User List,mlx-community/DeepSeek-R1-Distill-Qwen-14B-4bit,830.0,11040.0,0.0,0
2026-06-26T15:27:20.675,timeseries,1,User List,mlx-community/DeepSeek-R1-Distill-Qwen-14B-4bit,406.0,9654.0,0.0,0
2026-06-26T15:27:20.737,timeseries,1,User List,mlx-community/DeepSeek-R1-Distill-Qwen-14B-4bit,387.0,10977.0,0.0,0
2026-06-26T15:27:20.798,timeseries,1,User List,mlx-community/DeepSeek-R1-Distill-Qwen-14B-4bit,436.0,9565.0,0.0,0
2026-06-26T15:27:20.859,timeseries,1,User List,mlx-community/DeepSeek-R1-Distill-Qwen-14B-4bit,260.0,9651.0,0.0,0
2026-06-26T15:27:20.921,timeseries,1,User List,mlx-community/DeepSeek-R1-Distill-Qwen-14B-4bit,373.0,11016.0,0.0,0
2026-06-26T15:27:20.983,timeseries,1,User List,mlx-community/DeepSeek-R1-Distill-Qwen-14B-4bit,376.0,9720.0,0.0,0
2026-06-26T15:27:21.045,timeseries,1,User List,mlx-community/DeepSeek-R1-Distill-Qwen-14B-4bit,438.0,10977.0,0.0,0
2026-06-26T15:27:21.106,timeseries,1,User List,mlx-community/DeepSeek-R1-Distill-Qwen-14B-4bit,810.0,9604.0,0.0,0
2026-06-26T15:27:21.168,timeseries,1,User List,mlx-community/DeepSeek-R1-Distill-Qwen-14B-4bit,384.0,9525.0,0.0,0
2026-06-26T15:27:21.230,timeseries,1,User List,mlx-community/DeepSeek-R1-Distill-Qwen-14B-4bit,377.0,11139.0,0.0,0
2026-06-26T15:27:21.291,timeseries,1,User List,mlx-community/DeepSeek-R1-Distill-Qwen-14B-4bit,456.0,9646.0,0.0,0
2026-06-26T15:27:21.354,timeseries,1,User List,mlx-community/DeepSeek-R1-Distill-Qwen-14B-4bit,1280.0,10957.0,0.0,0
2026-06-26T15:27:21.416,timeseries,1,User List,mlx-community/DeepSeek-R1-Distill-Qwen-14B-4bit,828.0,9623.0,0.0,0
2026-06-26T15:27:21.478,timeseries,1,User List,mlx-community/DeepSeek-R1-Distill-Qwen-14B-4bit,396.0,10806.0,0.0,0
2026-06-26T15:27:21.540,timeseries,1,User List,mlx-community/DeepSeek-R1-Distill-Qwen-14B-4bit,615.0,9608.0,0.0,0
2026-06-26T15:27:21.602,timeseries,1,User List,mlx-community/DeepSeek-R1-Distill-Qwen-14B-4bit,866.0,10852.0,0.0,0
2026-06-26T15:27:21.664,timeseries,1,User List,mlx-community/DeepSeek-R1-Distill-Qwen-14B-4bit,421.0,9653.0,0.0,0
2026-06-26T15:27:21.726,timeseries,1,User List,mlx-community/DeepSeek-R1-Distill-Qwen-14B-4bit,369.0,9552.0,0.0,0
2026-06-26T15:27:21.788,timeseries,1,User List,mlx-community/DeepSeek-R1-Distill-Qwen-14B-4bit,374.0,11062.0,0.0,0
2026-06-26T15:27:21.849,timeseries,1,User List,mlx-community/DeepSeek-R1-Distill-Qwen-14B-4bit,337.0,9521.0,0.0,0
2026-06-26T15:27:21.911,timeseries,1,User List,mlx-community/DeepSeek-R1-Distill-Qwen-14B-4bit,371.0,10960.0,0.0,0
2026-06-26T15:27:21.973,timeseries,1,User List,mlx-community/DeepSeek-R1-Distill-Qwen-14B-4bit,377.0,9746.0,0.0,0
2026-06-26T15:27:22.035,timeseries,1,User List,mlx-community/DeepSeek-R1-Distill-Qwen-14B-4bit,372.0,9634.0,0.0,0
2026-06-26T15:27:22.097,timeseries,1,User List,mlx-community/DeepSeek-R1-Distill-Qwen-14B-4bit,882.0,11040.0,0.0,0
2026-06-26T15:27:22.158,timeseries,1,User List,mlx-community/DeepSeek-R1-Distill-Qwen-14B-4bit,384.0,9533.0,0.0,0
2026-06-26T15:27:22.219,timeseries,1,User List,mlx-community/DeepSeek-R1-Distill-Qwen-14B-4bit,373.0,11022.0,0.0,0
2026-06-26T15:27:22.281,timeseries,1,User List,mlx-community/DeepSeek-R1-Distill-Qwen-14B-4bit,375.0,9701.0,0.0,0
2026-06-26T15:27:22.343,timeseries,1,User List,mlx-community/DeepSeek-R1-Distill-Qwen-14B-4bit,457.0,9695.0,0.0,0
2026-06-26T15:27:22.405,timeseries,1,User List,mlx-community/DeepSeek-R1-Distill-Qwen-14B-4bit,668.0,11059.0,0.0,0
2026-06-26T15:27:22.467,timeseries,1,User List,mlx-community/DeepSeek-R1-Distill-Qwen-14B-4bit,402.0,9608.0,0.0,0
2026-06-26T15:27:22.529,timeseries,1,User List,mlx-community/DeepSeek-R1-Distill-Qwen-14B-4bit,387.0,10977.0,0.0,0
2026-06-26T15:27:22.590,timeseries,1,User List,mlx-community/DeepSeek-R1-Distill-Qwen-14B-4bit,1111.0,9536.0,0.0,0
2026-06-26T15:27:22.652,timeseries,1,User List,mlx-community/DeepSeek-R1-Distill-Qwen-14B-4bit,308.0,11055.0,0.0,0
2026-06-26T15:27:22.714,timeseries,1,User List,mlx-community/DeepSeek-R1-Distill-Qwen-14B-4bit,405.0,9633.0,0.0,0
2026-06-26T15:27:22.775,timeseries,1,User List,mlx-community/DeepSeek-R1-Distill-Qwen-14B-4bit,372.0,9622.0,0.0,0
2026-06-26T15:27:22.837,timeseries,1,User List,mlx-community/DeepSeek-R1-Distill-Qwen-14B-4bit,452.0,10940.0,0.0,0
2026-06-26T15:27:22.899,timeseries,1,User List,mlx-community/DeepSeek-R1-Distill-Qwen-14B-4bit,262.0,9749.0,0.0,0
2026-06-26T15:27:22.961,timeseries,1,User List,mlx-community/DeepSeek-R1-Distill-Qwen-14B-4bit,372.0,10972.0,0.0,0
2026-06-26T15:27:23.023,timeseries,1,User List,mlx-community/DeepSeek-R1-Distill-Qwen-14B-4bit,370.0,9572.0,0.0,0
2026-06-26T15:27:23.085,timeseries,1,User List,mlx-community/DeepSeek-R1-Distill-Qwen-14B-4bit,532.0,9583.0,0.0,0
2026-06-26T15:27:23.147,timeseries,1,User List,mlx-community/DeepSeek-R1-Distill-Qwen-14B-4bit,742.0,10987.0,0.0,0
2026-06-26T15:27:23.208,timeseries,1,User List,mlx-community/DeepSeek-R1-Distill-Qwen-14B-4bit,402.0,9552.0,0.0,0
2026-06-26T15:27:23.270,timeseries,1,User List,mlx-community/DeepSeek-R1-Distill-Qwen-14B-4bit,389.0,11033.0,0.0,0
2026-06-26T15:27:23.332,timeseries,1,User List,mlx-community/DeepSeek-R1-Distill-Qwen-14B-4bit,376.0,9720.0,0.0,0
2026-06-26T15:27:23.393,timeseries,1,User List,mlx-community/DeepSeek-R1-Distill-Qwen-14B-4bit,713.0,9611.0,0.0,0
2026-06-26T15:27:23.455,timeseries,1,User List,mlx-community/DeepSeek-R1-Distill-Qwen-14B-4bit,423.0,11104.0,0.0,0
2026-06-26T15:27:23.516,timeseries,1,User List,mlx-community/DeepSeek-R1-Distill-Qwen-14B-4bit,371.0,9625.0,0.0,0
2026-06-26T15:27:23.579,timeseries,1,User List,mlx-community/DeepSeek-R1-Distill-Qwen-14B-4bit,371.0,10981.0,0.0,0
2026-06-26T15:27:23.640,timeseries,1,User List,mlx-community/DeepSeek-R1-Distill-Qwen-14B-4bit,1050.0,9750.0,0.0,0
2026-06-26T15:27:23.702,timeseries,1,User List,mlx-community/DeepSeek-R1-Distill-Qwen-14B-4bit,401.0,9539.0,0.0,0
2026-06-26T15:27:23.764,timeseries,1,User List,mlx-community/DeepSeek-R1-Distill-Qwen-14B-4bit,374.0,11061.0,0.0,0
2026-06-26T15:27:23.825,timeseries,1,User List,mlx-community/DeepSeek-R1-Distill-Qwen-14B-4bit,371.0,9589.0,0.0,0
2026-06-26T15:27:23.886,timeseries,1,User List,mlx-community/DeepSeek-R1-Distill-Qwen-14B-4bit,341.0,11021.0,0.0,0
2026-06-26T15:27:23.948,timeseries,1,User List,mlx-community/DeepSeek-R1-Distill-Qwen-14B-4bit,363.0,9810.0,0.0,0
2026-06-26T15:27:24.010,timeseries,1,User List,mlx-community/DeepSeek-R1-Distill-Qwen-14B-4bit,376.0,9742.0,0.0,0
2026-06-26T15:27:24.072,timeseries,1,User List,mlx-community/DeepSeek-R1-Distill-Qwen-14B-4bit,400.0,11008.0,0.0,0
2026-06-26T15:27:24.134,timeseries,1,User List,mlx-community/DeepSeek-R1-Distill-Qwen-14B-4bit,969.0,9580.0,0.0,0
2026-06-26T15:27:24.196,timeseries,1,User List,mlx-community/DeepSeek-R1-Distill-Qwen-14B-4bit,308.0,11034.0,0.0,0
2026-06-26T15:27:24.257,timeseries,1,User List,mlx-community/DeepSeek-R1-Distill-Qwen-14B-4bit,388.0,9641.0,0.0,0
2026-06-26T15:27:24.320,timeseries,1,User List,mlx-community/DeepSeek-R1-Distill-Qwen-14B-4bit,372.0,11000.0,0.0,0
2026-06-26T15:27:24.382,timeseries,1,User List,mlx-community/DeepSeek-R1-Distill-Qwen-14B-4bit,775.0,9557.0,0.0,0
2026-06-26T15:27:24.444,timeseries,1,User List,mlx-community/DeepSeek-R1-Distill-Qwen-14B-4bit,558.0,10831.0,0.0,0
2026-06-26T15:27:24.504,timeseries,1,User List,mlx-community/DeepSeek-R1-Distill-Qwen-14B-4bit,3068.0,9496.0,0.0,0
2026-06-26T15:27:24.566,timeseries,1,User List,mlx-community/DeepSeek-R1-Distill-Qwen-14B-4bit,292.0,9651.0,0.0,0
2026-06-26T15:27:24.628,timeseries,1,User List,mlx-community/DeepSeek-R1-Distill-Qwen-14B-4bit,594.0,11158.0,0.0,0
2026-06-26T15:27:24.690,timeseries,1,User List,mlx-community/DeepSeek-R1-Distill-Qwen-14B-4bit,274.0,9623.0,0.0,0
2026-06-26T15:27:24.752,timeseries,1,User List,mlx-community/DeepSeek-R1-Distill-Qwen-14B-4bit,163.0,9720.0,0.0,0
2026-06-26T15:27:24.814,timeseries,1,User List,mlx-community/DeepSeek-R1-Distill-Qwen-14B-4bit,129.0,10950.0,0.0,0
2026-06-26T15:27:24.876,timeseries,1,User List,mlx-community/DeepSeek-R1-Distill-Qwen-14B-4bit,131.0,9747.0,0.0,0
2026-06-26T15:27:24.938,timeseries,1,User List,mlx-community/DeepSeek-R1-Distill-Qwen-14B-4bit,143.0,10823.0,0.0,0
2026-06-26T15:27:25.000,timeseries,1,User List,mlx-community/DeepSeek-R1-Distill-Qwen-14B-4bit,129.0,9611.0,0.0,0
2026-06-26T15:27:25.060,timeseries,1,User List,mlx-community/DeepSeek-R1-Distill-Qwen-14B-4bit,145.0,10966.0,0.0,0
2026-06-26T15:27:25.122,timeseries,1,User List,mlx-community/DeepSeek-R1-Distill-Qwen-14B-4bit,294.0,9662.0,0.0,0
2026-06-26T15:27:25.183,timeseries,1,User List,mlx-community/DeepSeek-R1-Distill-Qwen-14B-4bit,180.0,9759.0,0.0,0
2026-06-26T15:27:25.246,timeseries,1,User List,mlx-community/DeepSeek-R1-Distill-Qwen-14B-4bit,146.0,11002.0,0.0,0
2026-06-26T15:27:25.308,timeseries,1,User List,mlx-community/DeepSeek-R1-Distill-Qwen-14B-4bit,147.0,9716.0,0.0,0
2026-06-26T15:27:25.371,timeseries,1,User List,mlx-community/DeepSeek-R1-Distill-Qwen-14B-4bit,145.0,10910.0,0.0,0
2026-06-26T15:27:25.433,timeseries,1,User List,mlx-community/DeepSeek-R1-Distill-Qwen-14B-4bit,272.0,9499.0,0.0,0
2026-06-26T15:27:25.496,timeseries,1,User List,mlx-community/DeepSeek-R1-Distill-Qwen-14B-4bit,143.0,10823.0,0.0,0
2026-06-26T15:27:25.556,timeseries,1,User List,mlx-community/DeepSeek-R1-Distill-Qwen-14B-4bit,128.0,9544.0,0.0,0
2026-06-26T15:27:25.618,timeseries,1,User List,mlx-community/DeepSeek-R1-Distill-Qwen-14B-4bit,273.0,9520.0,0.0,0
2026-06-26T15:27:25.680,timeseries,1,User List,mlx-community/DeepSeek-R1-Distill-Qwen-14B-4bit,148.0,11243.0,0.0,0
2026-06-26T15:27:25.741,timeseries,1,User List,mlx-community/DeepSeek-R1-Distill-Qwen-14B-4bit,195.0,9660.0,0.0,0
2026-06-26T15:27:25.804,timeseries,1,User List,mlx-community/DeepSeek-R1-Distill-Qwen-14B-4bit,130.0,11045.0,0.0,0
2026-06-26T15:27:25.866,timeseries,1,User List,mlx-community/DeepSeek-R1-Distill-Qwen-14B-4bit,129.0,9645.0,0.0,0
2026-06-26T15:27:25.928,timeseries,1,User List,mlx-community/DeepSeek-R1-Distill-Qwen-14B-4bit,129.0,10965.0,0.0,0
2026-06-26T15:27:25.990,timeseries,1,User List,mlx-community/DeepSeek-R1-Distill-Qwen-14B-4bit,129.0,9611.0,0.0,0
2026-06-26T15:27:26.050,timeseries,1,User List,mlx-community/DeepSeek-R1-Distill-Qwen-14B-4bit,129.0,9621.0,0.0,0
2026-06-26T15:27:26.113,timeseries,1,User List,mlx-community/DeepSeek-R1-Distill-Qwen-14B-4bit,257.0,10889.0,0.0,0
2026-06-26T15:27:26.175,timeseries,1,User List,mlx-community/DeepSeek-R1-Distill-Qwen-14B-4bit,166.0,9932.0,0.0,0
2026-06-26T15:27:26.237,timeseries,1,User List,mlx-community/DeepSeek-R1-Distill-Qwen-14B-4bit,142.0,10758.0,0.0,0
2026-06-26T15:27:26.301,timeseries,1,User List,mlx-community/DeepSeek-R1-Distill-Qwen-14B-4bit,130.0,9673.0,0.0,0
2026-06-26T15:27:26.364,timeseries,1,User List,mlx-community/DeepSeek-R1-Distill-Qwen-14B-4bit,128.0,10893.0,0.0,0
2026-06-26T15:27:26.427,timeseries,1,User List,mlx-community/DeepSeek-R1-Distill-Qwen-14B-4bit,253.0,9383.0,0.0,0
2026-06-26T15:27:26.489,timeseries,1,User List,mlx-community/DeepSeek-R1-Distill-Qwen-14B-4bit,158.0,10778.0,0.0,0
2026-06-26T15:27:26.549,timeseries,1,User List,mlx-community/DeepSeek-R1-Distill-Qwen-14B-4bit,128.0,9524.0,0.0,0
2026-06-26T15:27:26.612,timeseries,1,User List,mlx-community/DeepSeek-R1-Distill-Qwen-14B-4bit,258.0,10929.0,0.0,0
2026-06-26T15:27:26.673,timeseries,1,User List,mlx-community/DeepSeek-R1-Distill-Qwen-14B-4bit,183.0,9917.0,0.0,0
2026-06-26T15:27:26.735,timeseries,1,User List,mlx-community/DeepSeek-R1-Distill-Qwen-14B-4bit,206.0,9408.0,0.0,0
2026-06-26T15:27:26.797,timeseries,1,User List,mlx-community/DeepSeek-R1-Distill-Qwen-14B-4bit,229.0,11115.0,0.0,0
2026-06-26T15:27:26.860,timeseries,1,User List,mlx-community/DeepSeek-R1-Distill-Qwen-14B-4bit,128.0,9568.0,0.0,0
2026-06-26T15:27:26.922,timeseries,1,User List,mlx-community/DeepSeek-R1-Distill-Qwen-14B-4bit,129.0,11010.0,0.0,0
2026-06-26T15:27:26.984,timeseries,1,User List,mlx-community/DeepSeek-R1-Distill-Qwen-14B-4bit,112.0,9528.0,0.0,0
2026-06-26T15:27:27.045,timeseries,1,User List,mlx-community/DeepSeek-R1-Distill-Qwen-14B-4bit,130.0,11033.0,0.0,0
2026-06-26T15:27:27.106,timeseries,1,User List,mlx-community/DeepSeek-R1-Distill-Qwen-14B-4bit,272.0,9534.0,0.0,0
2026-06-26T15:27:27.168,timeseries,1,User List,mlx-community/DeepSeek-R1-Distill-Qwen-14B-4bit,217.0,9965.0,0.0,0
2026-06-26T15:27:27.230,timeseries,1,User List,mlx-community/DeepSeek-R1-Distill-Qwen-14B-4bit,130.0,11077.0,0.0,0
2026-06-26T15:27:27.293,timeseries,1,User List,mlx-community/DeepSeek-R1-Distill-Qwen-14B-4bit,128.0,9587.0,0.0,0
2026-06-26T15:27:27.354,timeseries,1,User List,mlx-community/DeepSeek-R1-Distill-Qwen-14B-4bit,128.0,10940.0,0.0,0
2026-06-26T15:27:27.417,timeseries,1,User List,mlx-community/DeepSeek-R1-Distill-Qwen-14B-4bit,259.0,9540.0,0.0,0
2026-06-26T15:27:27.479,timeseries,1,User List,mlx-community/DeepSeek-R1-Distill-Qwen-14B-4bit,145.0,11039.0,0.0,0
2026-06-26T15:27:27.541,timeseries,1,User List,mlx-community/DeepSeek-R1-Distill-Qwen-14B-4bit,144.0,9573.0,0.0,0
2026-06-26T15:27:27.604,timeseries,1,User List,mlx-community/DeepSeek-R1-Distill-Qwen-14B-4bit,176.0,10887.0,0.0,0
2026-06-26T15:27:27.666,timeseries,1,User List,mlx-community/DeepSeek-R1-Distill-Qwen-14B-4bit,273.0,9590.0,0.0,0
2026-06-26T15:27:27.729,timeseries,1,User List,mlx-community/DeepSeek-R1-Distill-Qwen-14B-4bit,112.0,10887.0,0.0,0
2026-06-26T15:27:27.790,timeseries,1,User List,mlx-community/DeepSeek-R1-Distill-Qwen-14B-4bit,128.0,9546.0,0.0,0
2026-06-26T15:27:27.852,timeseries,1,User List,mlx-community/DeepSeek-R1-Distill-Qwen-14B-4bit,191.0,10868.0,0.0,0
2026-06-26T15:27:27.915,timeseries,1,User List,mlx-community/DeepSeek-R1-Distill-Qwen-14B-4bit,132.0,9863.0,0.0,0
2026-06-26T15:27:27.977,timeseries,1,User List,mlx-community/DeepSeek-R1-Distill-Qwen-14B-4bit,129.0,9592.0,0.0,0
2026-06-26T15:27:28.038,timeseries,1,User List,mlx-community/DeepSeek-R1-Distill-Qwen-14B-4bit,142.0,10807.0,0.0,0
2026-06-26T15:27:28.100,timeseries,1,User List,mlx-community/DeepSeek-R1-Distill-Qwen-14B-4bit,211.0,9665.0,0.0,0
2026-06-26T15:27:28.163,timeseries,1,User List,mlx-community/DeepSeek-R1-Distill-Qwen-14B-4bit,292.0,11036.0,0.0,0
2026-06-26T15:27:28.225,timeseries,1,User List,mlx-community/DeepSeek-R1-Distill-Qwen-14B-4bit,130.0,9714.0,0.0,0
2026-06-26T15:27:28.287,timeseries,1,User List,mlx-community/DeepSeek-R1-Distill-Qwen-14B-4bit,142.0,10766.0,0.0,0
2026-06-26T15:27:28.349,timeseries,1,User List,mlx-community/DeepSeek-R1-Distill-Qwen-14B-4bit,741.0,9453.0,0.0,0
2026-06-26T15:27:28.412,timeseries,1,User List,mlx-community/DeepSeek-R1-Distill-Qwen-14B-4bit,1213.0,10935.0,0.0,0
2026-06-26T15:27:28.473,timeseries,1,User List,mlx-community/DeepSeek-R1-Distill-Qwen-14B-4bit,271.0,9561.0,0.0,0
2026-06-26T15:27:28.535,timeseries,1,User List,mlx-community/DeepSeek-R1-Distill-Qwen-14B-4bit,193.0,9655.0,0.0,0
2026-06-26T15:27:28.597,timeseries,1,User List,mlx-community/DeepSeek-R1-Distill-Qwen-14B-4bit,891.0,11031.0,0.0,0
2026-06-26T15:27:28.658,timeseries,1,User List,mlx-community/DeepSeek-R1-Distill-Qwen-14B-4bit,422.0,9716.0,0.0,0
2026-06-26T15:27:28.720,timeseries,1,User List,mlx-community/DeepSeek-R1-Distill-Qwen-14B-4bit,389.0,11057.0,0.0,0
2026-06-26T15:27:28.782,timeseries,1,User List,mlx-community/DeepSeek-R1-Distill-Qwen-14B-4bit,244.0,9708.0,0.0,0
2026-06-26T15:27:28.844,timeseries,1,User List,mlx-community/DeepSeek-R1-Distill-Qwen-14B-4bit,370.0,10983.0,0.0,0
2026-06-26T15:27:28.906,timeseries,1,User List,mlx-community/DeepSeek-R1-Distill-Qwen-14B-4bit,598.0,9659.0,0.0,0
2026-06-26T15:27:28.967,timeseries,1,User List,mlx-community/DeepSeek-R1-Distill-Qwen-14B-4bit,373.0,9687.0,0.0,0
2026-06-26T15:27:29.029,timeseries,1,User List,mlx-community/DeepSeek-R1-Distill-Qwen-14B-4bit,257.0,11002.0,0.0,0
2026-06-26T15:27:29.090,timeseries,1,User List,mlx-community/DeepSeek-R1-Distill-Qwen-14B-4bit,883.0,9767.0,0.0,0
2026-06-26T15:27:29.152,timeseries,1,User List,mlx-community/DeepSeek-R1-Distill-Qwen-14B-4bit,517.0,9672.0,0.0,0
2026-06-26T15:27:29.214,timeseries,1,User List,mlx-community/DeepSeek-R1-Distill-Qwen-14B-4bit,393.0,11174.0,0.0,0
2026-06-26T15:27:29.276,timeseries,1,User List,mlx-community/DeepSeek-R1-Distill-Qwen-14B-4bit,260.0,9713.0,0.0,0
2026-06-26T15:27:29.337,timeseries,1,User List,mlx-community/DeepSeek-R1-Distill-Qwen-14B-4bit,370.0,11016.0,0.0,0
2026-06-26T15:27:29.399,timeseries,1,User List,mlx-community/DeepSeek-R1-Distill-Qwen-14B-4bit,827.0,9680.0,0.0,0
2026-06-26T15:27:29.461,timeseries,1,User List,mlx-community/DeepSeek-R1-Distill-Qwen-14B-4bit,422.0,11139.0,0.0,0
2026-06-26T15:27:29.523,timeseries,1,User List,mlx-community/DeepSeek-R1-Distill-Qwen-14B-4bit,276.0,9694.0,0.0,0
2026-06-26T15:27:29.585,timeseries,1,User List,mlx-community/DeepSeek-R1-Distill-Qwen-14B-4bit,705.0,9571.0,0.0,0
2026-06-26T15:27:29.645,timeseries,1,User List,mlx-community/DeepSeek-R1-Distill-Qwen-14B-4bit,3531.0,10934.0,0.0,0
2026-06-26T15:27:29.706,timeseries,1,User List,mlx-community/DeepSeek-R1-Distill-Qwen-14B-4bit,356.0,9644.0,0.0,0
2026-06-26T15:27:29.769,timeseries,1,User List,mlx-community/DeepSeek-R1-Distill-Qwen-14B-4bit,133.0,9972.0,0.0,0
2026-06-26T15:27:29.831,timeseries,1,User List,mlx-community/DeepSeek-R1-Distill-Qwen-14B-4bit,146.0,11067.0,0.0,0
2026-06-26T15:27:29.892,timeseries,1,User List,mlx-community/DeepSeek-R1-Distill-Qwen-14B-4bit,145.0,9625.0,0.0,0
2026-06-26T15:27:29.955,timeseries,1,User List,mlx-community/DeepSeek-R1-Distill-Qwen-14B-4bit,161.0,11011.0,0.0,0
2026-06-26T15:27:30.017,timeseries,1,User List,mlx-community/DeepSeek-R1-Distill-Qwen-14B-4bit,114.0,9760.0,0.0,0
2026-06-26T15:27:30.078,timeseries,1,User List,mlx-community/DeepSeek-R1-Distill-Qwen-14B-4bit,129.0,11025.0,0.0,0
2026-06-26T15:27:30.140,timeseries,1,User List,mlx-community/DeepSeek-R1-Distill-Qwen-14B-4bit,321.0,9548.0,0.0,0
2026-06-26T15:27:30.203,timeseries,1,User List,mlx-community/DeepSeek-R1-Distill-Qwen-14B-4bit,146.0,11107.0,0.0,0
2026-06-26T15:27:30.265,timeseries,1,User List,mlx-community/DeepSeek-R1-Distill-Qwen-14B-4bit,113.0,9627.0,0.0,0
2026-06-26T15:27:30.327,timeseries,1,User List,mlx-community/DeepSeek-R1-Distill-Qwen-14B-4bit,143.0,9526.0,0.0,0
2026-06-26T15:27:30.389,timeseries,1,User List,mlx-community/DeepSeek-R1-Distill-Qwen-14B-4bit,225.0,10949.0,0.0,0
2026-06-26T15:27:30.452,timeseries,1,User List,mlx-community/DeepSeek-R1-Distill-Qwen-14B-4bit,177.0,9667.0,0.0,0
2026-06-26T15:27:30.473,timeseries,1,User List,mlx-community/DeepSeek-R1-Distill-Qwen-14B-4bit,129.0,11019.0,0.0,1010
2026-06-26T15:27:33.950,timeseries,2,Nested Product Conversion,mlx-community/DeepSeek-R1-Distill-Qwen-14B-4bit,252.0,21323.0,0.0,0
2026-06-26T15:27:34.008,timeseries,2,Nested Product Conversion,mlx-community/DeepSeek-R1-Distill-Qwen-14B-4bit,214.0,21334.0,0.0,0
2026-06-26T15:27:34.067,timeseries,2,Nested Product Conversion,mlx-community/DeepSeek-R1-Distill-Qwen-14B-4bit,230.0,21240.0,0.0,0
2026-06-26T15:27:34.129,timeseries,2,Nested Product Conversion,mlx-community/DeepSeek-R1-Distill-Qwen-14B-4bit,1002.0,20752.0,0.0,0
2026-06-26T15:27:34.190,timeseries,2,Nested Product Conversion,mlx-community/DeepSeek-R1-Distill-Qwen-14B-4bit,151.0,20091.0,0.0,0
2026-06-26T15:27:34.250,timeseries,2,Nested Product Conversion,mlx-community/DeepSeek-R1-Distill-Qwen-14B-4bit,114.0,19668.0,0.0,0
2026-06-26T15:27:34.311,timeseries,2,Nested Product Conversion,mlx-community/DeepSeek-R1-Distill-Qwen-14B-4bit,116.0,22942.0,0.0,0
2026-06-26T15:27:34.373,timeseries,2,Nested Product Conversion,mlx-community/DeepSeek-R1-Distill-Qwen-14B-4bit,527.0,19753.0,0.0,0
2026-06-26T15:27:34.434,timeseries,2,Nested Product Conversion,mlx-community/DeepSeek-R1-Distill-Qwen-14B-4bit,246.0,20009.0,0.0,0
2026-06-26T15:27:34.495,timeseries,2,Nested Product Conversion,mlx-community/DeepSeek-R1-Distill-Qwen-14B-4bit,161.0,22465.0,0.0,0
2026-06-26T15:27:34.557,timeseries,2,Nested Product Conversion,mlx-community/DeepSeek-R1-Distill-Qwen-14B-4bit,182.0,20115.0,0.0,0
2026-06-26T15:27:34.618,timeseries,2,Nested Product Conversion,mlx-community/DeepSeek-R1-Distill-Qwen-14B-4bit,724.0,22544.0,0.0,0
2026-06-26T15:27:34.679,timeseries,2,Nested Product Conversion,mlx-community/DeepSeek-R1-Distill-Qwen-14B-4bit,1180.0,19544.0,0.0,0
2026-06-26T15:27:34.740,timeseries,2,Nested Product Conversion,mlx-community/DeepSeek-R1-Distill-Qwen-14B-4bit,2215.0,20170.0,0.0,0
2026-06-26T15:27:34.801,timeseries,2,Nested Product Conversion,mlx-community/DeepSeek-R1-Distill-Qwen-14B-4bit,196.0,19817.0,0.0,0
2026-06-26T15:27:34.862,timeseries,2,Nested Product Conversion,mlx-community/DeepSeek-R1-Distill-Qwen-14B-4bit,98.0,22573.0,0.0,0
2026-06-26T15:27:34.923,timeseries,2,Nested Product Conversion,mlx-community/DeepSeek-R1-Distill-Qwen-14B-4bit,131.0,19873.0,0.0,0
2026-06-26T15:27:34.985,timeseries,2,Nested Product Conversion,mlx-community/DeepSeek-R1-Distill-Qwen-14B-4bit,426.0,14434.0,0.0,0
2026-06-26T15:27:35.048,timeseries,2,Nested Product Conversion,mlx-community/DeepSeek-R1-Distill-Qwen-14B-4bit,342.0,11223.0,0.0,0
2026-06-26T15:27:35.108,timeseries,2,Nested Product Conversion,mlx-community/DeepSeek-R1-Distill-Qwen-14B-4bit,895.0,9663.0,0.0,0
2026-06-26T15:27:35.168,timeseries,2,Nested Product Conversion,mlx-community/DeepSeek-R1-Distill-Qwen-14B-4bit,3599.0,2867.0,0.0,0
2026-06-26T15:27:35.229,timeseries,2,Nested Product Conversion,mlx-community/DeepSeek-R1-Distill-Qwen-14B-4bit,818.0,1786.0,0.0,0
2026-06-26T15:27:35.290,timeseries,2,Nested Product Conversion,mlx-community/DeepSeek-R1-Distill-Qwen-14B-4bit,82.0,1757.0,0.0,0
2026-06-26T15:27:35.351,timeseries,2,Nested Product Conversion,mlx-community/DeepSeek-R1-Distill-Qwen-14B-4bit,82.0,1970.0,0.0,0
2026-06-26T15:27:35.414,timeseries,2,Nested Product Conversion,mlx-community/DeepSeek-R1-Distill-Qwen-14B-4bit,475.0,1719.0,0.0,0
2026-06-26T15:27:35.475,timeseries,2,Nested Product Conversion,mlx-community/DeepSeek-R1-Distill-Qwen-14B-4bit,229.0,1981.0,0.0,0
2026-06-26T15:27:35.537,timeseries,2,Nested Product Conversion,mlx-community/DeepSeek-R1-Distill-Qwen-14B-4bit,290.0,10673.0,0.0,0
2026-06-26T15:27:35.598,timeseries,2,Nested Product Conversion,mlx-community/DeepSeek-R1-Distill-Qwen-14B-4bit,975.0,9280.0,0.0,0
2026-06-26T15:27:35.658,timeseries,2,Nested Product Conversion,mlx-community/DeepSeek-R1-Distill-Qwen-14B-4bit,358.0,9544.0,0.0,0
2026-06-26T15:27:35.720,timeseries,2,Nested Product Conversion,mlx-community/DeepSeek-R1-Distill-Qwen-14B-4bit,495.0,11052.0,0.0,0
2026-06-26T15:27:35.781,timeseries,2,Nested Product Conversion,mlx-community/DeepSeek-R1-Distill-Qwen-14B-4bit,409.0,9607.0,0.0,0
2026-06-26T15:27:35.843,timeseries,2,Nested Product Conversion,mlx-community/DeepSeek-R1-Distill-Qwen-14B-4bit,276.0,9546.0,0.0,0
2026-06-26T15:27:35.904,timeseries,2,Nested Product Conversion,mlx-community/DeepSeek-R1-Distill-Qwen-14B-4bit,392.0,11003.0,0.0,0
2026-06-26T15:27:35.966,timeseries,2,Nested Product Conversion,mlx-community/DeepSeek-R1-Distill-Qwen-14B-4bit,438.0,9581.0,0.0,0
2026-06-26T15:27:36.028,timeseries,2,Nested Product Conversion,mlx-community/DeepSeek-R1-Distill-Qwen-14B-4bit,372.0,10886.0,0.0,0
2026-06-26T15:27:36.090,timeseries,2,Nested Product Conversion,mlx-community/DeepSeek-R1-Distill-Qwen-14B-4bit,862.0,9517.0,0.0,0
2026-06-26T15:27:36.151,timeseries,2,Nested Product Conversion,mlx-community/DeepSeek-R1-Distill-Qwen-14B-4bit,340.0,9596.0,0.0,0
2026-06-26T15:27:36.213,timeseries,2,Nested Product Conversion,mlx-community/DeepSeek-R1-Distill-Qwen-14B-4bit,612.0,10825.0,0.0,0
2026-06-26T15:27:36.274,timeseries,2,Nested Product Conversion,mlx-community/DeepSeek-R1-Distill-Qwen-14B-4bit,1821.0,9594.0,0.0,0
2026-06-26T15:27:36.335,timeseries,2,Nested Product Conversion,mlx-community/DeepSeek-R1-Distill-Qwen-14B-4bit,4559.0,10930.0,0.0,0
2026-06-26T15:27:36.397,timeseries,2,Nested Product Conversion,mlx-community/DeepSeek-R1-Distill-Qwen-14B-4bit,3721.0,9385.0,0.0,0
2026-06-26T15:27:36.458,timeseries,2,Nested Product Conversion,mlx-community/DeepSeek-R1-Distill-Qwen-14B-4bit,5438.0,9814.0,0.0,0
2026-06-26T15:27:36.519,timeseries,2,Nested Product Conversion,mlx-community/DeepSeek-R1-Distill-Qwen-14B-4bit,5727.0,10894.0,0.0,0
2026-06-26T15:27:36.581,timeseries,2,Nested Product Conversion,mlx-community/DeepSeek-R1-Distill-Qwen-14B-4bit,5762.0,9852.0,0.0,0
2026-06-26T15:27:36.642,timeseries,2,Nested Product Conversion,mlx-community/DeepSeek-R1-Distill-Qwen-14B-4bit,5625.0,9675.0,0.0,0
2026-06-26T15:27:36.704,timeseries,2,Nested Product Conversion,mlx-community/DeepSeek-R1-Distill-Qwen-14B-4bit,821.0,10833.0,0.0,0
2026-06-26T15:27:36.766,timeseries,2,Nested Product Conversion,mlx-community/DeepSeek-R1-Distill-Qwen-14B-4bit,649.0,9584.0,0.0,0
2026-06-26T15:27:36.828,timeseries,2,Nested Product Conversion,mlx-community/DeepSeek-R1-Distill-Qwen-14B-4bit,276.0,10962.0,0.0,0
2026-06-26T15:27:36.889,timeseries,2,Nested Product Conversion,mlx-community/DeepSeek-R1-Distill-Qwen-14B-4bit,308.0,9539.0,0.0,0
2026-06-26T15:27:36.951,timeseries,2,Nested Product Conversion,mlx-community/DeepSeek-R1-Distill-Qwen-14B-4bit,273.0,9467.0,0.0,0
2026-06-26T15:27:37.013,timeseries,2,Nested Product Conversion,mlx-community/DeepSeek-R1-Distill-Qwen-14B-4bit,441.0,11041.0,0.0,0
2026-06-26T15:27:37.074,timeseries,2,Nested Product Conversion,mlx-community/DeepSeek-R1-Distill-Qwen-14B-4bit,373.0,9592.0,0.0,0
2026-06-26T15:27:37.136,timeseries,2,Nested Product Conversion,mlx-community/DeepSeek-R1-Distill-Qwen-14B-4bit,972.0,10899.0,0.0,0
2026-06-26T15:27:37.198,timeseries,2,Nested Product Conversion,mlx-community/DeepSeek-R1-Distill-Qwen-14B-4bit,275.0,9558.0,0.0,0
2026-06-26T15:27:37.259,timeseries,2,Nested Product Conversion,mlx-community/DeepSeek-R1-Distill-Qwen-14B-4bit,614.0,9553.0,0.0,0
2026-06-26T15:27:37.323,timeseries,2,Nested Product Conversion,mlx-community/DeepSeek-R1-Distill-Qwen-14B-4bit,374.0,10986.0,0.0,0
2026-06-26T15:27:37.389,timeseries,2,Nested Product Conversion,mlx-community/DeepSeek-R1-Distill-Qwen-14B-4bit,778.0,9525.0,0.0,0
2026-06-26T15:27:37.451,timeseries,2,Nested Product Conversion,mlx-community/DeepSeek-R1-Distill-Qwen-14B-4bit,527.0,10684.0,0.0,0
2026-06-26T15:27:37.513,timeseries,2,Nested Product Conversion,mlx-community/DeepSeek-R1-Distill-Qwen-14B-4bit,421.0,10160.0,0.0,0
2026-06-26T15:27:37.574,timeseries,2,Nested Product Conversion,mlx-community/DeepSeek-R1-Distill-Qwen-14B-4bit,387.0,9538.0,0.0,0
2026-06-26T15:27:37.636,timeseries,2,Nested Product Conversion,mlx-community/DeepSeek-R1-Distill-Qwen-14B-4bit,930.0,10808.0,0.0,0
2026-06-26T15:27:37.698,timeseries,2,Nested Product Conversion,mlx-community/DeepSeek-R1-Distill-Qwen-14B-4bit,390.0,9601.0,0.0,0
2026-06-26T15:27:37.760,timeseries,2,Nested Product Conversion,mlx-community/DeepSeek-R1-Distill-Qwen-14B-4bit,471.0,9559.0,0.0,0
2026-06-26T15:27:37.822,timeseries,2,Nested Product Conversion,mlx-community/DeepSeek-R1-Distill-Qwen-14B-4bit,274.0,10863.0,0.0,0
2026-06-26T15:27:37.883,timeseries,2,Nested Product Conversion,mlx-community/DeepSeek-R1-Distill-Qwen-14B-4bit,373.0,9589.0,0.0,0
2026-06-26T15:27:37.945,timeseries,2,Nested Product Conversion,mlx-community/DeepSeek-R1-Distill-Qwen-14B-4bit,437.0,10917.0,0.0,0
2026-06-26T15:27:38.007,timeseries,2,Nested Product Conversion,mlx-community/DeepSeek-R1-Distill-Qwen-14B-4bit,393.0,9602.0,0.0,0
2026-06-26T15:27:38.069,timeseries,2,Nested Product Conversion,mlx-community/DeepSeek-R1-Distill-Qwen-14B-4bit,355.0,10885.0,0.0,0
2026-06-26T15:27:38.131,timeseries,2,Nested Product Conversion,mlx-community/DeepSeek-R1-Distill-Qwen-14B-4bit,946.0,9496.0,0.0,0
2026-06-26T15:27:38.192,timeseries,2,Nested Product Conversion,mlx-community/DeepSeek-R1-Distill-Qwen-14B-4bit,405.0,9581.0,0.0,0
2026-06-26T15:27:38.254,timeseries,2,Nested Product Conversion,mlx-community/DeepSeek-R1-Distill-Qwen-14B-4bit,386.0,10886.0,0.0,0
2026-06-26T15:27:38.316,timeseries,2,Nested Product Conversion,mlx-community/DeepSeek-R1-Distill-Qwen-14B-4bit,621.0,9679.0,0.0,0
2026-06-26T15:27:38.378,timeseries,2,Nested Product Conversion,mlx-community/DeepSeek-R1-Distill-Qwen-14B-4bit,1032.0,10840.0,0.0,0
2026-06-26T15:27:38.440,timeseries,2,Nested Product Conversion,mlx-community/DeepSeek-R1-Distill-Qwen-14B-4bit,2009.0,9509.0,0.0,0
2026-06-26T15:27:38.502,timeseries,2,Nested Product Conversion,mlx-community/DeepSeek-R1-Distill-Qwen-14B-4bit,290.0,9539.0,0.0,0
2026-06-26T15:27:38.565,timeseries,2,Nested Product Conversion,mlx-community/DeepSeek-R1-Distill-Qwen-14B-4bit,179.0,10915.0,0.0,0
2026-06-26T15:27:38.626,timeseries,2,Nested Product Conversion,mlx-community/DeepSeek-R1-Distill-Qwen-14B-4bit,606.0,10653.0,0.0,0
2026-06-26T15:27:38.688,timeseries,2,Nested Product Conversion,mlx-community/DeepSeek-R1-Distill-Qwen-14B-4bit,2201.0,9365.0,0.0,0
2026-06-26T15:27:38.750,timeseries,2,Nested Product Conversion,mlx-community/DeepSeek-R1-Distill-Qwen-14B-4bit,406.0,9656.0,0.0,0
2026-06-26T15:27:38.812,timeseries,2,Nested Product Conversion,mlx-community/DeepSeek-R1-Distill-Qwen-14B-4bit,338.0,10892.0,0.0,0
2026-06-26T15:27:38.873,timeseries,2,Nested Product Conversion,mlx-community/DeepSeek-R1-Distill-Qwen-14B-4bit,245.0,9634.0,0.0,0
2026-06-26T15:27:38.935,timeseries,2,Nested Product Conversion,mlx-community/DeepSeek-R1-Distill-Qwen-14B-4bit,405.0,9604.0,0.0,0
2026-06-26T15:27:38.997,timeseries,2,Nested Product Conversion,mlx-community/DeepSeek-R1-Distill-Qwen-14B-4bit,407.0,11031.0,0.0,0
2026-06-26T15:27:39.059,timeseries,2,Nested Product Conversion,mlx-community/DeepSeek-R1-Distill-Qwen-14B-4bit,389.0,9696.0,0.0,0
2026-06-26T15:27:39.121,timeseries,2,Nested Product Conversion,mlx-community/DeepSeek-R1-Distill-Qwen-14B-4bit,1017.0,10682.0,0.0,0
2026-06-26T15:27:39.183,timeseries,2,Nested Product Conversion,mlx-community/DeepSeek-R1-Distill-Qwen-14B-4bit,292.0,9611.0,0.0,0
2026-06-26T15:27:39.245,timeseries,2,Nested Product Conversion,mlx-community/DeepSeek-R1-Distill-Qwen-14B-4bit,403.0,10907.0,0.0,0
2026-06-26T15:27:39.307,timeseries,2,Nested Product Conversion,mlx-community/DeepSeek-R1-Distill-Qwen-14B-4bit,374.0,9653.0,0.0,0
2026-06-26T15:27:39.369,timeseries,2,Nested Product Conversion,mlx-community/DeepSeek-R1-Distill-Qwen-14B-4bit,981.0,10836.0,0.0,0
2026-06-26T15:27:39.431,timeseries,2,Nested Product Conversion,mlx-community/DeepSeek-R1-Distill-Qwen-14B-4bit,306.0,9503.0,0.0,0
2026-06-26T15:27:39.493,timeseries,2,Nested Product Conversion,mlx-community/DeepSeek-R1-Distill-Qwen-14B-4bit,403.0,9566.0,0.0,0
2026-06-26T15:27:39.555,timeseries,2,Nested Product Conversion,mlx-community/DeepSeek-R1-Distill-Qwen-14B-4bit,389.0,10931.0,0.0,0
2026-06-26T15:27:39.617,timeseries,2,Nested Product Conversion,mlx-community/DeepSeek-R1-Distill-Qwen-14B-4bit,1044.0,9476.0,0.0,0
2026-06-26T15:27:39.679,timeseries,2,Nested Product Conversion,mlx-community/DeepSeek-R1-Distill-Qwen-14B-4bit,417.0,10835.0,0.0,0
2026-06-26T15:27:39.740,timeseries,2,Nested Product Conversion,mlx-community/DeepSeek-R1-Distill-Qwen-14B-4bit,260.0,9633.0,0.0,0
2026-06-26T15:27:39.802,timeseries,2,Nested Product Conversion,mlx-community/DeepSeek-R1-Distill-Qwen-14B-4bit,3115.0,10693.0,0.0,0
2026-06-26T15:27:39.864,timeseries,2,Nested Product Conversion,mlx-community/DeepSeek-R1-Distill-Qwen-14B-4bit,359.0,9667.0,0.0,0
2026-06-26T15:27:39.926,timeseries,2,Nested Product Conversion,mlx-community/DeepSeek-R1-Distill-Qwen-14B-4bit,259.0,9547.0,0.0,0
2026-06-26T15:27:39.988,timeseries,2,Nested Product Conversion,mlx-community/DeepSeek-R1-Distill-Qwen-14B-4bit,130.0,10991.0,0.0,0
2026-06-26T15:27:40.049,timeseries,2,Nested Product Conversion,mlx-community/DeepSeek-R1-Distill-Qwen-14B-4bit,128.0,9492.0,0.0,0
2026-06-26T15:27:40.110,timeseries,2,Nested Product Conversion,mlx-community/DeepSeek-R1-Distill-Qwen-14B-4bit,327.0,9616.0,0.0,0
2026-06-26T15:27:40.173,timeseries,2,Nested Product Conversion,mlx-community/DeepSeek-R1-Distill-Qwen-14B-4bit,196.0,11055.0,0.0,0
2026-06-26T15:27:40.235,timeseries,2,Nested Product Conversion,mlx-community/DeepSeek-R1-Distill-Qwen-14B-4bit,146.0,9629.0,0.0,0
2026-06-26T15:27:40.298,timeseries,2,Nested Product Conversion,mlx-community/DeepSeek-R1-Distill-Qwen-14B-4bit,143.0,10765.0,0.0,0
2026-06-26T15:27:40.360,timeseries,2,Nested Product Conversion,mlx-community/DeepSeek-R1-Distill-Qwen-14B-4bit,129.0,9563.0,0.0,0
2026-06-26T15:27:40.422,timeseries,2,Nested Product Conversion,mlx-community/DeepSeek-R1-Distill-Qwen-14B-4bit,331.0,10589.0,0.0,0
2026-06-26T15:27:40.484,timeseries,2,Nested Product Conversion,mlx-community/DeepSeek-R1-Distill-Qwen-14B-4bit,162.0,9613.0,0.0,0
2026-06-26T15:27:40.546,timeseries,2,Nested Product Conversion,mlx-community/DeepSeek-R1-Distill-Qwen-14B-4bit,112.0,10828.0,0.0,0
2026-06-26T15:27:40.607,timeseries,2,Nested Product Conversion,mlx-community/DeepSeek-R1-Distill-Qwen-14B-4bit,242.0,9549.0,0.0,0
2026-06-26T15:27:40.670,timeseries,2,Nested Product Conversion,mlx-community/DeepSeek-R1-Distill-Qwen-14B-4bit,274.0,10914.0,0.0,0
2026-06-26T15:27:40.732,timeseries,2,Nested Product Conversion,mlx-community/DeepSeek-R1-Distill-Qwen-14B-4bit,131.0,9725.0,0.0,0
2026-06-26T15:27:40.795,timeseries,2,Nested Product Conversion,mlx-community/DeepSeek-R1-Distill-Qwen-14B-4bit,128.0,10809.0,0.0,0
2026-06-26T15:27:40.857,timeseries,2,Nested Product Conversion,mlx-community/DeepSeek-R1-Distill-Qwen-14B-4bit,144.0,9458.0,0.0,0
2026-06-26T15:27:40.919,timeseries,2,Nested Product Conversion,mlx-community/DeepSeek-R1-Distill-Qwen-14B-4bit,128.0,9502.0,0.0,0
2026-06-26T15:27:40.982,timeseries,2,Nested Product Conversion,mlx-community/DeepSeek-R1-Distill-Qwen-14B-4bit,145.0,10881.0,0.0,0
2026-06-26T15:27:41.044,timeseries,2,Nested Product Conversion,mlx-community/DeepSeek-R1-Distill-Qwen-14B-4bit,129.0,9572.0,0.0,0
2026-06-26T15:27:41.106,timeseries,2,Nested Product Conversion,mlx-community/DeepSeek-R1-Distill-Qwen-14B-4bit,175.0,10741.0,0.0,0
2026-06-26T15:27:41.169,timeseries,2,Nested Product Conversion,mlx-community/DeepSeek-R1-Distill-Qwen-14B-4bit,272.0,9472.0,0.0,0
2026-06-26T15:27:41.230,timeseries,2,Nested Product Conversion,mlx-community/DeepSeek-R1-Distill-Qwen-14B-4bit,130.0,11015.0,0.0,0
2026-06-26T15:27:41.295,timeseries,2,Nested Product Conversion,mlx-community/DeepSeek-R1-Distill-Qwen-14B-4bit,127.0,9449.0,0.0,0
2026-06-26T15:27:41.357,timeseries,2,Nested Product Conversion,mlx-community/DeepSeek-R1-Distill-Qwen-14B-4bit,129.0,10917.0,0.0,0
2026-06-26T15:27:41.419,timeseries,2,Nested Product Conversion,mlx-community/DeepSeek-R1-Distill-Qwen-14B-4bit,857.0,9112.0,0.0,0
2026-06-26T15:27:41.480,timeseries,2,Nested Product Conversion,mlx-community/DeepSeek-R1-Distill-Qwen-14B-4bit,372.0,10990.0,0.0,0
2026-06-26T15:27:41.542,timeseries,2,Nested Product Conversion,mlx-community/DeepSeek-R1-Distill-Qwen-14B-4bit,226.0,9538.0,0.0,0
2026-06-26T15:27:41.604,timeseries,2,Nested Product Conversion,mlx-community/DeepSeek-R1-Distill-Qwen-14B-4bit,212.0,10951.0,0.0,0
2026-06-26T15:27:41.666,timeseries,2,Nested Product Conversion,mlx-community/DeepSeek-R1-Distill-Qwen-14B-4bit,322.0,9561.0,0.0,0
2026-06-26T15:27:41.729,timeseries,2,Nested Product Conversion,mlx-community/DeepSeek-R1-Distill-Qwen-14B-4bit,177.0,10865.0,0.0,0
2026-06-26T15:27:41.791,timeseries,2,Nested Product Conversion,mlx-community/DeepSeek-R1-Distill-Qwen-14B-4bit,129.0,9570.0,0.0,0
2026-06-26T15:27:41.854,timeseries,2,Nested Product Conversion,mlx-community/DeepSeek-R1-Distill-Qwen-14B-4bit,129.0,10896.0,0.0,0
2026-06-26T15:27:41.916,timeseries,2,Nested Product Conversion,mlx-community/DeepSeek-R1-Distill-Qwen-14B-4bit,113.0,9531.0,0.0,0
2026-06-26T15:27:41.978,timeseries,2,Nested Product Conversion,mlx-community/DeepSeek-R1-Distill-Qwen-14B-4bit,143.0,10745.0,0.0,0
2026-06-26T15:27:42.040,timeseries,2,Nested Product Conversion,mlx-community/DeepSeek-R1-Distill-Qwen-14B-4bit,129.0,9550.0,0.0,0
2026-06-26T15:27:42.102,timeseries,2,Nested Product Conversion,mlx-community/DeepSeek-R1-Distill-Qwen-14B-4bit,208.0,9508.0,0.0,0
2026-06-26T15:27:42.164,timeseries,2,Nested Product Conversion,mlx-community/DeepSeek-R1-Distill-Qwen-14B-4bit,275.0,10907.0,0.0,0
2026-06-26T15:27:42.226,timeseries,2,Nested Product Conversion,mlx-community/DeepSeek-R1-Distill-Qwen-14B-4bit,129.0,9628.0,0.0,0
2026-06-26T15:27:42.288,timeseries,2,Nested Product Conversion,mlx-community/DeepSeek-R1-Distill-Qwen-14B-4bit,129.0,10921.0,0.0,0
2026-06-26T15:27:42.350,timeseries,2,Nested Product Conversion,mlx-community/DeepSeek-R1-Distill-Qwen-14B-4bit,128.0,9513.0,0.0,0
2026-06-26T15:27:42.415,timeseries,2,Nested Product Conversion,mlx-community/DeepSeek-R1-Distill-Qwen-14B-4bit,260.0,10989.0,0.0,0
2026-06-26T15:27:42.482,timeseries,2,Nested Product Conversion,mlx-community/DeepSeek-R1-Distill-Qwen-14B-4bit,356.0,9483.0,0.0,0
2026-06-26T15:27:42.545,timeseries,2,Nested Product Conversion,mlx-community/DeepSeek-R1-Distill-Qwen-14B-4bit,442.0,10148.0,0.0,0
2026-06-26T15:27:42.606,timeseries,2,Nested Product Conversion,mlx-community/DeepSeek-R1-Distill-Qwen-14B-4bit,196.0,10175.0,0.0,0
2026-06-26T15:27:42.668,timeseries,2,Nested Product Conversion,mlx-community/DeepSeek-R1-Distill-Qwen-14B-4bit,270.0,9411.0,0.0,0
2026-06-26T15:27:42.730,timeseries,2,Nested Product Conversion,mlx-community/DeepSeek-R1-Distill-Qwen-14B-4bit,162.0,11011.0,0.0,0
2026-06-26T15:27:42.792,timeseries,2,Nested Product Conversion,mlx-community/DeepSeek-R1-Distill-Qwen-14B-4bit,114.0,9623.0,0.0,0
2026-06-26T15:27:42.853,timeseries,2,Nested Product Conversion,mlx-community/DeepSeek-R1-Distill-Qwen-14B-4bit,145.0,10874.0,0.0,0
2026-06-26T15:27:42.915,timeseries,2,Nested Product Conversion,mlx-community/DeepSeek-R1-Distill-Qwen-14B-4bit,132.0,9761.0,0.0,0
2026-06-26T15:27:42.977,timeseries,2,Nested Product Conversion,mlx-community/DeepSeek-R1-Distill-Qwen-14B-4bit,128.0,9506.0,0.0,0
2026-06-26T15:27:43.040,timeseries,2,Nested Product Conversion,mlx-community/DeepSeek-R1-Distill-Qwen-14B-4bit,131.0,11054.0,0.0,0
2026-06-26T15:27:43.102,timeseries,2,Nested Product Conversion,mlx-community/DeepSeek-R1-Distill-Qwen-14B-4bit,175.0,9434.0,0.0,0
2026-06-26T15:27:43.164,timeseries,2,Nested Product Conversion,mlx-community/DeepSeek-R1-Distill-Qwen-14B-4bit,288.0,10800.0,0.0,0
2026-06-26T15:27:43.226,timeseries,2,Nested Product Conversion,mlx-community/DeepSeek-R1-Distill-Qwen-14B-4bit,146.0,9619.0,0.0,0
2026-06-26T15:27:43.288,timeseries,2,Nested Product Conversion,mlx-community/DeepSeek-R1-Distill-Qwen-14B-4bit,145.0,10912.0,0.0,0
2026-06-26T15:27:43.351,timeseries,2,Nested Product Conversion,mlx-community/DeepSeek-R1-Distill-Qwen-14B-4bit,113.0,9554.0,0.0,0
2026-06-26T15:27:43.412,timeseries,2,Nested Product Conversion,mlx-community/DeepSeek-R1-Distill-Qwen-14B-4bit,258.0,10887.0,0.0,0
2026-06-26T15:27:43.474,timeseries,2,Nested Product Conversion,mlx-community/DeepSeek-R1-Distill-Qwen-14B-4bit,178.0,9630.0,0.0,0
2026-06-26T15:27:43.537,timeseries,2,Nested Product Conversion,mlx-community/DeepSeek-R1-Distill-Qwen-14B-4bit,177.0,10923.0,0.0,0
2026-06-26T15:27:43.599,timeseries,2,Nested Product Conversion,mlx-community/DeepSeek-R1-Distill-Qwen-14B-4bit,176.0,9457.0,0.0,0
2026-06-26T15:27:43.662,timeseries,2,Nested Product Conversion,mlx-community/DeepSeek-R1-Distill-Qwen-14B-4bit,255.0,10799.0,0.0,0
2026-06-26T15:27:43.724,timeseries,2,Nested Product Conversion,mlx-community/DeepSeek-R1-Distill-Qwen-14B-4bit,129.0,9577.0,0.0,0
2026-06-26T15:27:43.786,timeseries,2,Nested Product Conversion,mlx-community/DeepSeek-R1-Distill-Qwen-14B-4bit,128.0,9494.0,0.0,0
2026-06-26T15:27:43.848,timeseries,2,Nested Product Conversion,mlx-community/DeepSeek-R1-Distill-Qwen-14B-4bit,145.0,10900.0,0.0,0
2026-06-26T15:27:43.910,timeseries,2,Nested Product Conversion,mlx-community/DeepSeek-R1-Distill-Qwen-14B-4bit,112.0,9515.0,0.0,0
2026-06-26T15:27:43.972,timeseries,2,Nested Product Conversion,mlx-community/DeepSeek-R1-Distill-Qwen-14B-4bit,129.0,10891.0,0.0,0
2026-06-26T15:27:44.034,timeseries,2,Nested Product Conversion,mlx-community/DeepSeek-R1-Distill-Qwen-14B-4bit,129.0,9598.0,0.0,0
2026-06-26T15:27:44.095,timeseries,2,Nested Product Conversion,mlx-community/DeepSeek-R1-Distill-Qwen-14B-4bit,193.0,10884.0,0.0,0
2026-06-26T15:27:44.158,timeseries,2,Nested Product Conversion,mlx-community/DeepSeek-R1-Distill-Qwen-14B-4bit,329.0,9736.0,0.0,0
2026-06-26T15:27:44.220,timeseries,2,Nested Product Conversion,mlx-community/DeepSeek-R1-Distill-Qwen-14B-4bit,128.0,10893.0,0.0,0
2026-06-26T15:27:44.282,timeseries,2,Nested Product Conversion,mlx-community/DeepSeek-R1-Distill-Qwen-14B-4bit,128.0,9534.0,0.0,0
2026-06-26T15:27:44.344,timeseries,2,Nested Product Conversion,mlx-community/DeepSeek-R1-Distill-Qwen-14B-4bit,144.0,10865.0,0.0,0
2026-06-26T15:27:44.407,timeseries,2,Nested Product Conversion,mlx-community/DeepSeek-R1-Distill-Qwen-14B-4bit,274.0,9491.0,0.0,0
2026-06-26T15:27:44.469,timeseries,2,Nested Product Conversion,mlx-community/DeepSeek-R1-Distill-Qwen-14B-4bit,145.0,10972.0,0.0,0
2026-06-26T15:27:44.530,timeseries,2,Nested Product Conversion,mlx-community/DeepSeek-R1-Distill-Qwen-14B-4bit,143.0,9471.0,0.0,0
2026-06-26T15:27:44.592,timeseries,2,Nested Product Conversion,mlx-community/DeepSeek-R1-Distill-Qwen-14B-4bit,243.0,9578.0,0.0,0
2026-06-26T15:27:44.655,timeseries,2,Nested Product Conversion,mlx-community/DeepSeek-R1-Distill-Qwen-14B-4bit,394.0,11128.0,0.0,0
2026-06-26T15:27:44.717,timeseries,2,Nested Product Conversion,mlx-community/DeepSeek-R1-Distill-Qwen-14B-4bit,145.0,9596.0,0.0,0
2026-06-26T15:27:44.779,timeseries,2,Nested Product Conversion,mlx-community/DeepSeek-R1-Distill-Qwen-14B-4bit,142.0,10700.0,0.0,0
2026-06-26T15:27:44.842,timeseries,2,Nested Product Conversion,mlx-community/DeepSeek-R1-Distill-Qwen-14B-4bit,129.0,9578.0,0.0,0
2026-06-26T15:27:44.904,timeseries,2,Nested Product Conversion,mlx-community/DeepSeek-R1-Distill-Qwen-14B-4bit,162.0,10912.0,0.0,0
2026-06-26T15:27:44.966,timeseries,2,Nested Product Conversion,mlx-community/DeepSeek-R1-Distill-Qwen-14B-4bit,1801.0,9226.0,0.0,0
2026-06-26T15:27:45.028,timeseries,2,Nested Product Conversion,mlx-community/DeepSeek-R1-Distill-Qwen-14B-4bit,532.0,10910.0,0.0,0
2026-06-26T15:27:45.090,timeseries,2,Nested Product Conversion,mlx-community/DeepSeek-R1-Distill-Qwen-14B-4bit,404.0,9614.0,0.0,0
2026-06-26T15:27:45.152,timeseries,2,Nested Product Conversion,mlx-community/DeepSeek-R1-Distill-Qwen-14B-4bit,501.0,9617.0,0.0,0
2026-06-26T15:27:45.214,timeseries,2,Nested Product Conversion,mlx-community/DeepSeek-R1-Distill-Qwen-14B-4bit,243.0,11031.0,0.0,0
2026-06-26T15:27:45.276,timeseries,2,Nested Product Conversion,mlx-community/DeepSeek-R1-Distill-Qwen-14B-4bit,369.0,9501.0,0.0,0
2026-06-26T15:27:45.338,timeseries,2,Nested Product Conversion,mlx-community/DeepSeek-R1-Distill-Qwen-14B-4bit,275.0,10978.0,0.0,0
2026-06-26T15:27:45.400,timeseries,2,Nested Product Conversion,mlx-community/DeepSeek-R1-Distill-Qwen-14B-4bit,859.0,9596.0,0.0,0
2026-06-26T15:27:45.462,timeseries,2,Nested Product Conversion,mlx-community/DeepSeek-R1-Distill-Qwen-14B-4bit,403.0,10981.0,0.0,0
2026-06-26T15:27:45.524,timeseries,2,Nested Product Conversion,mlx-community/DeepSeek-R1-Distill-Qwen-14B-4bit,383.0,9466.0,0.0,0
2026-06-26T15:27:45.586,timeseries,2,Nested Product Conversion,mlx-community/DeepSeek-R1-Distill-Qwen-14B-4bit,581.0,10932.0,0.0,0
2026-06-26T15:27:45.648,timeseries,2,Nested Product Conversion,mlx-community/DeepSeek-R1-Distill-Qwen-14B-4bit,878.0,9692.0,0.0,0
2026-06-26T15:27:45.709,timeseries,2,Nested Product Conversion,mlx-community/DeepSeek-R1-Distill-Qwen-14B-4bit,386.0,9580.0,0.0,0
2026-06-26T15:27:45.771,timeseries,2,Nested Product Conversion,mlx-community/DeepSeek-R1-Distill-Qwen-14B-4bit,388.0,10990.0,0.0,0
2026-06-26T15:27:45.832,timeseries,2,Nested Product Conversion,mlx-community/DeepSeek-R1-Distill-Qwen-14B-4bit,374.0,9652.0,0.0,0
2026-06-26T15:27:45.894,timeseries,2,Nested Product Conversion,mlx-community/DeepSeek-R1-Distill-Qwen-14B-4bit,341.0,11059.0,0.0,0
2026-06-26T15:27:45.956,timeseries,2,Nested Product Conversion,mlx-community/DeepSeek-R1-Distill-Qwen-14B-4bit,390.0,9675.0,0.0,0
2026-06-26T15:27:46.018,timeseries,2,Nested Product Conversion,mlx-community/DeepSeek-R1-Distill-Qwen-14B-4bit,374.0,9680.0,0.0,0
2026-06-26T15:27:46.080,timeseries,2,Nested Product Conversion,mlx-community/DeepSeek-R1-Distill-Qwen-14B-4bit,373.0,11014.0,0.0,0
2026-06-26T15:27:46.142,timeseries,2,Nested Product Conversion,mlx-community/DeepSeek-R1-Distill-Qwen-14B-4bit,888.0,9586.0,0.0,0
2026-06-26T15:27:46.202,timeseries,2,Nested Product Conversion,mlx-community/DeepSeek-R1-Distill-Qwen-14B-4bit,417.0,10916.0,0.0,0
2026-06-26T15:27:46.264,timeseries,2,Nested Product Conversion,mlx-community/DeepSeek-R1-Distill-Qwen-14B-4bit,393.0,9757.0,0.0,0
2026-06-26T15:27:46.326,timeseries,2,Nested Product Conversion,mlx-community/DeepSeek-R1-Distill-Qwen-14B-4bit,407.0,9699.0,0.0,0
2026-06-26T15:27:46.388,timeseries,2,Nested Product Conversion,mlx-community/DeepSeek-R1-Distill-Qwen-14B-4bit,792.0,10945.0,0.0,0
2026-06-26T15:27:46.450,timeseries,2,Nested Product Conversion,mlx-community/DeepSeek-R1-Distill-Qwen-14B-4bit,354.0,9655.0,0.0,0
2026-06-26T15:27:46.512,timeseries,2,Nested Product Conversion,mlx-community/DeepSeek-R1-Distill-Qwen-14B-4bit,388.0,10985.0,0.0,0
2026-06-26T15:27:46.573,timeseries,2,Nested Product Conversion,mlx-community/DeepSeek-R1-Distill-Qwen-14B-4bit,373.0,9669.0,0.0,0
2026-06-26T15:27:46.635,timeseries,2,Nested Product Conversion,mlx-community/DeepSeek-R1-Distill-Qwen-14B-4bit,966.0,9566.0,0.0,0
2026-06-26T15:27:46.697,timeseries,2,Nested Product Conversion,mlx-community/DeepSeek-R1-Distill-Qwen-14B-4bit,523.0,11137.0,0.0,0
2026-06-26T15:27:46.761,timeseries,2,Nested Product Conversion,mlx-community/DeepSeek-R1-Distill-Qwen-14B-4bit,747.0,9624.0,0.0,0
2026-06-26T15:27:46.824,timeseries,2,Nested Product Conversion,mlx-community/DeepSeek-R1-Distill-Qwen-14B-4bit,435.0,10883.0,0.0,0
2026-06-26T15:27:46.884,timeseries,2,Nested Product Conversion,mlx-community/DeepSeek-R1-Distill-Qwen-14B-4bit,512.0,9024.0,0.0,0
2026-06-26T15:27:46.945,timeseries,2,Nested Product Conversion,mlx-community/DeepSeek-R1-Distill-Qwen-14B-4bit,359.0,11061.0,0.0,0
2026-06-26T15:27:47.006,timeseries,2,Nested Product Conversion,mlx-community/DeepSeek-R1-Distill-Qwen-14B-4bit,397.0,9882.0,0.0,0
2026-06-26T15:27:47.068,timeseries,2,Nested Product Conversion,mlx-community/DeepSeek-R1-Distill-Qwen-14B-4bit,355.0,9591.0,0.0,0
2026-06-26T15:27:47.130,timeseries,2,Nested Product Conversion,mlx-community/DeepSeek-R1-Distill-Qwen-14B-4bit,980.0,11107.0,0.0,0
2026-06-26T15:27:47.192,timeseries,2,Nested Product Conversion,mlx-community/DeepSeek-R1-Distill-Qwen-14B-4bit,471.0,9673.0,0.0,0
2026-06-26T15:27:47.253,timeseries,2,Nested Product Conversion,mlx-community/DeepSeek-R1-Distill-Qwen-14B-4bit,274.0,10979.0,0.0,0
2026-06-26T15:27:47.314,timeseries,2,Nested Product Conversion,mlx-community/DeepSeek-R1-Distill-Qwen-14B-4bit,357.0,9678.0,0.0,0
2026-06-26T15:27:47.376,timeseries,2,Nested Product Conversion,mlx-community/DeepSeek-R1-Distill-Qwen-14B-4bit,793.0,9595.0,0.0,0
2026-06-26T15:27:47.438,timeseries,2,Nested Product Conversion,mlx-community/DeepSeek-R1-Distill-Qwen-14B-4bit,475.0,11164.0,0.0,0
2026-06-26T15:27:47.500,timeseries,2,Nested Product Conversion,mlx-community/DeepSeek-R1-Distill-Qwen-14B-4bit,323.0,9633.0,0.0,0
2026-06-26T15:27:47.562,timeseries,2,Nested Product Conversion,mlx-community/DeepSeek-R1-Distill-Qwen-14B-4bit,388.0,11013.0,0.0,0
2026-06-26T15:27:47.624,timeseries,2,Nested Product Conversion,mlx-community/DeepSeek-R1-Distill-Qwen-14B-4bit,923.0,9666.0,0.0,0
2026-06-26T15:27:47.686,timeseries,2,Nested Product Conversion,mlx-community/DeepSeek-R1-Distill-Qwen-14B-4bit,388.0,9635.0,0.0,0
2026-06-26T15:27:47.747,timeseries,2,Nested Product Conversion,mlx-community/DeepSeek-R1-Distill-Qwen-14B-4bit,614.0,10989.0,0.0,0
2026-06-26T15:27:47.808,timeseries,2,Nested Product Conversion,mlx-community/DeepSeek-R1-Distill-Qwen-14B-4bit,290.0,9604.0,0.0,0
2026-06-26T15:27:47.871,timeseries,2,Nested Product Conversion,mlx-community/DeepSeek-R1-Distill-Qwen-14B-4bit,392.0,11110.0,0.0,0
2026-06-26T15:27:47.932,timeseries,2,Nested Product Conversion,mlx-community/DeepSeek-R1-Distill-Qwen-14B-4bit,407.0,9711.0,0.0,0
2026-06-26T15:27:47.994,timeseries,2,Nested Product Conversion,mlx-community/DeepSeek-R1-Distill-Qwen-14B-4bit,466.0,10907.0,0.0,0
2026-06-26T15:27:48.055,timeseries,2,Nested Product Conversion,mlx-community/DeepSeek-R1-Distill-Qwen-14B-4bit,260.0,9660.0,0.0,0
2026-06-26T15:27:48.117,timeseries,2,Nested Product Conversion,mlx-community/DeepSeek-R1-Distill-Qwen-14B-4bit,946.0,9708.0,0.0,0
2026-06-26T15:27:48.178,timeseries,2,Nested Product Conversion,mlx-community/DeepSeek-R1-Distill-Qwen-14B-4bit,710.0,10953.0,0.0,0
2026-06-26T15:27:48.240,timeseries,2,Nested Product Conversion,mlx-community/DeepSeek-R1-Distill-Qwen-14B-4bit,623.0,9791.0,0.0,0
2026-06-26T15:27:48.302,timeseries,2,Nested Product Conversion,mlx-community/DeepSeek-R1-Distill-Qwen-14B-4bit,293.0,9680.0,0.0,0
2026-06-26T15:27:48.365,timeseries,2,Nested Product Conversion,mlx-community/DeepSeek-R1-Distill-Qwen-14B-4bit,566.0,10992.0,0.0,0
2026-06-26T15:27:48.426,timeseries,2,Nested Product Conversion,mlx-community/DeepSeek-R1-Distill-Qwen-14B-4bit,1389.0,9451.0,0.0,0
2026-06-26T15:27:48.487,timeseries,2,Nested Product Conversion,mlx-community/DeepSeek-R1-Distill-Qwen-14B-4bit,1593.0,10912.0,0.0,0
2026-06-26T15:27:48.550,timeseries,2,Nested Product Conversion,mlx-community/DeepSeek-R1-Distill-Qwen-14B-4bit,278.0,9736.0,0.0,0
2026-06-26T15:27:48.612,timeseries,2,Nested Product Conversion,mlx-community/DeepSeek-R1-Distill-Qwen-14B-4bit,825.0,11006.0,0.0,0
2026-06-26T15:27:48.673,timeseries,2,Nested Product Conversion,mlx-community/DeepSeek-R1-Distill-Qwen-14B-4bit,417.0,9576.0,0.0,0
2026-06-26T15:27:48.736,timeseries,2,Nested Product Conversion,mlx-community/DeepSeek-R1-Distill-Qwen-14B-4bit,518.0,9641.0,0.0,0
2026-06-26T15:27:48.797,timeseries,2,Nested Product Conversion,mlx-community/DeepSeek-R1-Distill-Qwen-14B-4bit,486.0,11008.0,0.0,0
2026-06-26T15:27:48.859,timeseries,2,Nested Product Conversion,mlx-community/DeepSeek-R1-Distill-Qwen-14B-4bit,273.0,9577.0,0.0,0
2026-06-26T15:27:48.920,timeseries,2,Nested Product Conversion,mlx-community/DeepSeek-R1-Distill-Qwen-14B-4bit,372.0,11045.0,0.0,0
2026-06-26T15:27:48.982,timeseries,2,Nested Product Conversion,mlx-community/DeepSeek-R1-Distill-Qwen-14B-4bit,390.0,9688.0,0.0,0
2026-06-26T15:27:49.044,timeseries,2,Nested Product Conversion,mlx-community/DeepSeek-R1-Distill-Qwen-14B-4bit,440.0,9737.0,0.0,0
2026-06-26T15:27:49.106,timeseries,2,Nested Product Conversion,mlx-community/DeepSeek-R1-Distill-Qwen-14B-4bit,958.0,11009.0,0.0,0
2026-06-26T15:27:49.167,timeseries,2,Nested Product Conversion,mlx-community/DeepSeek-R1-Distill-Qwen-14B-4bit,275.0,9664.0,0.0,0
2026-06-26T15:27:49.228,timeseries,2,Nested Product Conversion,mlx-community/DeepSeek-R1-Distill-Qwen-14B-4bit,403.0,10995.0,0.0,0
2026-06-26T15:27:49.289,timeseries,2,Nested Product Conversion,mlx-community/DeepSeek-R1-Distill-Qwen-14B-4bit,461.0,9840.0,0.0,0
2026-06-26T15:27:49.351,timeseries,2,Nested Product Conversion,mlx-community/DeepSeek-R1-Distill-Qwen-14B-4bit,371.0,9600.0,0.0,0
2026-06-26T15:27:49.413,timeseries,2,Nested Product Conversion,mlx-community/DeepSeek-R1-Distill-Qwen-14B-4bit,705.0,11168.0,0.0,0
2026-06-26T15:27:49.475,timeseries,2,Nested Product Conversion,mlx-community/DeepSeek-R1-Distill-Qwen-14B-4bit,394.0,9827.0,0.0,0
2026-06-26T15:27:49.537,timeseries,2,Nested Product Conversion,mlx-community/DeepSeek-R1-Distill-Qwen-14B-4bit,431.0,10882.0,0.0,0
2026-06-26T15:27:49.598,timeseries,2,Nested Product Conversion,mlx-community/DeepSeek-R1-Distill-Qwen-14B-4bit,925.0,9669.0,0.0,0
2026-06-26T15:27:49.661,timeseries,2,Nested Product Conversion,mlx-community/DeepSeek-R1-Distill-Qwen-14B-4bit,307.0,9619.0,0.0,0
2026-06-26T15:27:49.722,timeseries,2,Nested Product Conversion,mlx-community/DeepSeek-R1-Distill-Qwen-14B-4bit,405.0,11040.0,0.0,0
2026-06-26T15:27:49.784,timeseries,2,Nested Product Conversion,mlx-community/DeepSeek-R1-Distill-Qwen-14B-4bit,546.0,9579.0,0.0,0
2026-06-26T15:27:49.846,timeseries,2,Nested Product Conversion,mlx-community/DeepSeek-R1-Distill-Qwen-14B-4bit,441.0,11135.0,0.0,0
2026-06-26T15:27:49.907,timeseries,2,Nested Product Conversion,mlx-community/DeepSeek-R1-Distill-Qwen-14B-4bit,387.0,9611.0,0.0,0
2026-06-26T15:27:49.968,timeseries,2,Nested Product Conversion,mlx-community/DeepSeek-R1-Distill-Qwen-14B-4bit,258.0,11016.0,0.0,0
2026-06-26T15:27:50.030,timeseries,2,Nested Product Conversion,mlx-community/DeepSeek-R1-Distill-Qwen-14B-4bit,2212.0,9564.0,0.0,0
2026-06-26T15:27:50.091,timeseries,2,Nested Product Conversion,mlx-community/DeepSeek-R1-Distill-Qwen-14B-4bit,1620.0,9836.0,0.0,0
2026-06-26T15:27:50.153,timeseries,2,Nested Product Conversion,mlx-community/DeepSeek-R1-Distill-Qwen-14B-4bit,355.0,10976.0,0.0,0
2026-06-26T15:27:50.215,timeseries,2,Nested Product Conversion,mlx-community/DeepSeek-R1-Distill-Qwen-14B-4bit,164.0,9765.0,0.0,0
2026-06-26T15:27:50.277,timeseries,2,Nested Product Conversion,mlx-community/DeepSeek-R1-Distill-Qwen-14B-4bit,129.0,9652.0,0.0,0
2026-06-26T15:27:50.339,timeseries,2,Nested Product Conversion,mlx-community/DeepSeek-R1-Distill-Qwen-14B-4bit,145.0,10966.0,0.0,0
2026-06-26T15:27:50.403,timeseries,2,Nested Product Conversion,mlx-community/DeepSeek-R1-Distill-Qwen-14B-4bit,276.0,9627.0,0.0,0
2026-06-26T15:27:50.464,timeseries,2,Nested Product Conversion,mlx-community/DeepSeek-R1-Distill-Qwen-14B-4bit,191.0,10834.0,0.0,0
2026-06-26T15:27:50.527,timeseries,2,Nested Product Conversion,mlx-community/DeepSeek-R1-Distill-Qwen-14B-4bit,143.0,9465.0,0.0,0
2026-06-26T15:27:50.589,timeseries,2,Nested Product Conversion,mlx-community/DeepSeek-R1-Distill-Qwen-14B-4bit,178.0,11022.0,0.0,0
2026-06-26T15:27:50.650,timeseries,2,Nested Product Conversion,mlx-community/DeepSeek-R1-Distill-Qwen-14B-4bit,285.0,9402.0,0.0,0
2026-06-26T15:27:50.713,timeseries,2,Nested Product Conversion,mlx-community/DeepSeek-R1-Distill-Qwen-14B-4bit,149.0,11238.0,0.0,0
2026-06-26T15:27:50.776,timeseries,2,Nested Product Conversion,mlx-community/DeepSeek-R1-Distill-Qwen-14B-4bit,112.0,9599.0,0.0,0
2026-06-26T15:27:50.837,timeseries,2,Nested Product Conversion,mlx-community/DeepSeek-R1-Distill-Qwen-14B-4bit,161.0,10974.0,0.0,0
2026-06-26T15:27:50.899,timeseries,2,Nested Product Conversion,mlx-community/DeepSeek-R1-Distill-Qwen-14B-4bit,144.0,9534.0,0.0,0
2026-06-26T15:27:50.963,timeseries,2,Nested Product Conversion,mlx-community/DeepSeek-R1-Distill-Qwen-14B-4bit,145.0,10997.0,0.0,0
2026-06-26T15:27:51.025,timeseries,2,Nested Product Conversion,mlx-community/DeepSeek-R1-Distill-Qwen-14B-4bit,113.0,9649.0,0.0,0
2026-06-26T15:27:51.087,timeseries,2,Nested Product Conversion,mlx-community/DeepSeek-R1-Distill-Qwen-14B-4bit,158.0,10716.0,0.0,0
2026-06-26T15:27:51.149,timeseries,2,Nested Product Conversion,mlx-community/DeepSeek-R1-Distill-Qwen-14B-4bit,319.0,9476.0,0.0,0
2026-06-26T15:27:51.211,timeseries,2,Nested Product Conversion,mlx-community/DeepSeek-R1-Distill-Qwen-14B-4bit,128.0,10965.0,0.0,0
2026-06-26T15:27:51.273,timeseries,2,Nested Product Conversion,mlx-community/DeepSeek-R1-Distill-Qwen-14B-4bit,131.0,9757.0,0.0,0
2026-06-26T15:27:51.333,timeseries,2,Nested Product Conversion,mlx-community/DeepSeek-R1-Distill-Qwen-14B-4bit,112.0,9603.0,0.0,0
2026-06-26T15:27:51.396,timeseries,2,Nested Product Conversion,mlx-community/DeepSeek-R1-Distill-Qwen-14B-4bit,308.0,11000.0,0.0,0
2026-06-26T15:27:51.456,timeseries,2,Nested Product Conversion,mlx-community/DeepSeek-R1-Distill-Qwen-14B-4bit,659.0,9787.0,0.0,0
2026-06-26T15:27:51.519,timeseries,2,Nested Product Conversion,mlx-community/DeepSeek-R1-Distill-Qwen-14B-4bit,273.0,9588.0,0.0,0
2026-06-26T15:27:51.580,timeseries,2,Nested Product Conversion,mlx-community/DeepSeek-R1-Distill-Qwen-14B-4bit,148.0,11233.0,0.0,0
2026-06-26T15:27:51.643,timeseries,2,Nested Product Conversion,mlx-community/DeepSeek-R1-Distill-Qwen-14B-4bit,396.0,9366.0,0.0,0
2026-06-26T15:27:51.704,timeseries,2,Nested Product Conversion,mlx-community/DeepSeek-R1-Distill-Qwen-14B-4bit,196.0,11160.0,0.0,0
2026-06-26T15:27:51.767,timeseries,2,Nested Product Conversion,mlx-community/DeepSeek-R1-Distill-Qwen-14B-4bit,129.0,9600.0,0.0,0
2026-06-26T15:27:51.829,timeseries,2,Nested Product Conversion,mlx-community/DeepSeek-R1-Distill-Qwen-14B-4bit,129.0,11022.0,0.0,0
2026-06-26T15:27:51.891,timeseries,2,Nested Product Conversion,mlx-community/DeepSeek-R1-Distill-Qwen-14B-4bit,159.0,9525.0,0.0,0
2026-06-26T15:27:51.954,timeseries,2,Nested Product Conversion,mlx-community/DeepSeek-R1-Distill-Qwen-14B-4bit,161.0,10965.0,0.0,0
2026-06-26T15:27:52.016,timeseries,2,Nested Product Conversion,mlx-community/DeepSeek-R1-Distill-Qwen-14B-4bit,130.0,9685.0,0.0,0
2026-06-26T15:27:52.077,timeseries,2,Nested Product Conversion,mlx-community/DeepSeek-R1-Distill-Qwen-14B-4bit,144.0,10905.0,0.0,0
2026-06-26T15:27:52.139,timeseries,2,Nested Product Conversion,mlx-community/DeepSeek-R1-Distill-Qwen-14B-4bit,274.0,9560.0,0.0,0
2026-06-26T15:27:52.201,timeseries,2,Nested Product Conversion,mlx-community/DeepSeek-R1-Distill-Qwen-14B-4bit,162.0,9697.0,0.0,0
2026-06-26T15:27:52.264,timeseries,2,Nested Product Conversion,mlx-community/DeepSeek-R1-Distill-Qwen-14B-4bit,130.0,11077.0,0.0,0
2026-06-26T15:27:52.325,timeseries,2,Nested Product Conversion,mlx-community/DeepSeek-R1-Distill-Qwen-14B-4bit,112.0,9594.0,0.0,0
2026-06-26T15:27:52.388,timeseries,2,Nested Product Conversion,mlx-community/DeepSeek-R1-Distill-Qwen-14B-4bit,225.0,10860.0,0.0,0
2026-06-26T15:27:52.450,timeseries,2,Nested Product Conversion,mlx-community/DeepSeek-R1-Distill-Qwen-14B-4bit,259.0,9709.0,0.0,0
2026-06-26T15:27:52.515,timeseries,2,Nested Product Conversion,mlx-community/DeepSeek-R1-Distill-Qwen-14B-4bit,192.0,10940.0,0.0,0
2026-06-26T15:27:52.575,timeseries,2,Nested Product Conversion,mlx-community/DeepSeek-R1-Distill-Qwen-14B-4bit,241.0,9609.0,0.0,0
2026-06-26T15:27:52.638,timeseries,2,Nested Product Conversion,mlx-community/DeepSeek-R1-Distill-Qwen-14B-4bit,360.0,10619.0,0.0,0
2026-06-26T15:27:52.700,timeseries,2,Nested Product Conversion,mlx-community/DeepSeek-R1-Distill-Qwen-14B-4bit,163.0,9830.0,0.0,0
2026-06-26T15:27:52.762,timeseries,2,Nested Product Conversion,mlx-community/DeepSeek-R1-Distill-Qwen-14B-4bit,144.0,10991.0,0.0,0
2026-06-26T15:27:52.824,timeseries,2,Nested Product Conversion,mlx-community/DeepSeek-R1-Distill-Qwen-14B-4bit,162.0,9689.0,0.0,0
2026-06-26T15:27:52.886,timeseries,2,Nested Product Conversion,mlx-community/DeepSeek-R1-Distill-Qwen-14B-4bit,161.0,11025.0,0.0,0
2026-06-26T15:27:52.949,timeseries,2,Nested Product Conversion,mlx-community/DeepSeek-R1-Distill-Qwen-14B-4bit,177.0,9636.0,0.0,0
2026-06-26T15:27:53.011,timeseries,2,Nested Product Conversion,mlx-community/DeepSeek-R1-Distill-Qwen-14B-4bit,161.0,10995.0,0.0,0
2026-06-26T15:27:53.072,timeseries,2,Nested Product Conversion,mlx-community/DeepSeek-R1-Distill-Qwen-14B-4bit,159.0,9559.0,0.0,0
2026-06-26T15:27:53.135,timeseries,2,Nested Product Conversion,mlx-community/DeepSeek-R1-Distill-Qwen-14B-4bit,337.0,9590.0,0.0,0
2026-06-26T15:27:53.197,timeseries,2,Nested Product Conversion,mlx-community/DeepSeek-R1-Distill-Qwen-14B-4bit,199.0,11256.0,0.0,0
2026-06-26T15:27:53.259,timeseries,2,Nested Product Conversion,mlx-community/DeepSeek-R1-Distill-Qwen-14B-4bit,142.0,9480.0,0.0,0
2026-06-26T15:27:53.322,timeseries,2,Nested Product Conversion,mlx-community/DeepSeek-R1-Distill-Qwen-14B-4bit,129.0,11003.0,0.0,0
2026-06-26T15:27:53.383,timeseries,2,Nested Product Conversion,mlx-community/DeepSeek-R1-Distill-Qwen-14B-4bit,192.0,9516.0,0.0,0
2026-06-26T15:27:53.446,timeseries,2,Nested Product Conversion,mlx-community/DeepSeek-R1-Distill-Qwen-14B-4bit,259.0,11060.0,0.0,0
2026-06-26T15:27:53.507,timeseries,2,Nested Product Conversion,mlx-community/DeepSeek-R1-Distill-Qwen-14B-4bit,130.0,9707.0,0.0,0
2026-06-26T15:27:53.569,timeseries,2,Nested Product Conversion,mlx-community/DeepSeek-R1-Distill-Qwen-14B-4bit,144.0,10905.0,0.0,0
2026-06-26T15:27:53.631,timeseries,2,Nested Product Conversion,mlx-community/DeepSeek-R1-Distill-Qwen-14B-4bit,291.0,9622.0,0.0,0
2026-06-26T15:27:53.695,timeseries,2,Nested Product Conversion,mlx-community/DeepSeek-R1-Distill-Qwen-14B-4bit,161.0,9661.0,0.0,0
2026-06-26T15:27:53.757,timeseries,2,Nested Product Conversion,mlx-community/DeepSeek-R1-Distill-Qwen-14B-4bit,129.0,11014.0,0.0,0
2026-06-26T15:27:53.819,timeseries,2,Nested Product Conversion,mlx-community/DeepSeek-R1-Distill-Qwen-14B-4bit,142.0,10767.0,0.0,0
2026-06-26T15:27:53.882,timeseries,2,Nested Product Conversion,mlx-community/DeepSeek-R1-Distill-Qwen-14B-4bit,128.0,9573.0,0.0,0
2026-06-26T15:27:53.943,timeseries,2,Nested Product Conversion,mlx-community/DeepSeek-R1-Distill-Qwen-14B-4bit,129.0,9619.0,0.0,0
2026-06-26T15:27:54.006,timeseries,2,Nested Product Conversion,mlx-community/DeepSeek-R1-Distill-Qwen-14B-4bit,176.0,10850.0,0.0,0
2026-06-26T15:27:54.067,timeseries,2,Nested Product Conversion,mlx-community/DeepSeek-R1-Distill-Qwen-14B-4bit,164.0,9898.0,0.0,0
2026-06-26T15:27:54.129,timeseries,2,Nested Product Conversion,mlx-community/DeepSeek-R1-Distill-Qwen-14B-4bit,353.0,10902.0,0.0,0
2026-06-26T15:27:54.190,timeseries,2,Nested Product Conversion,mlx-community/DeepSeek-R1-Distill-Qwen-14B-4bit,163.0,9776.0,0.0,0
2026-06-26T15:27:54.253,timeseries,2,Nested Product Conversion,mlx-community/DeepSeek-R1-Distill-Qwen-14B-4bit,145.0,9642.0,0.0,0
2026-06-26T15:27:54.315,timeseries,2,Nested Product Conversion,mlx-community/DeepSeek-R1-Distill-Qwen-14B-4bit,131.0,11234.0,0.0,0
2026-06-26T15:27:54.378,timeseries,2,Nested Product Conversion,mlx-community/DeepSeek-R1-Distill-Qwen-14B-4bit,175.0,9499.0,0.0,0
2026-06-26T15:27:54.440,timeseries,2,Nested Product Conversion,mlx-community/DeepSeek-R1-Distill-Qwen-14B-4bit,239.0,10869.0,0.0,0
2026-06-26T15:27:54.504,timeseries,2,Nested Product Conversion,mlx-community/DeepSeek-R1-Distill-Qwen-14B-4bit,144.0,9657.0,0.0,0
2026-06-26T15:27:54.564,timeseries,2,Nested Product Conversion,mlx-community/DeepSeek-R1-Distill-Qwen-14B-4bit,175.0,10844.0,0.0,0
2026-06-26T15:27:54.626,timeseries,2,Nested Product Conversion,mlx-community/DeepSeek-R1-Distill-Qwen-14B-4bit,256.0,9509.0,0.0,0
2026-06-26T15:27:54.688,timeseries,2,Nested Product Conversion,mlx-community/DeepSeek-R1-Distill-Qwen-14B-4bit,196.0,11182.0,0.0,0
2026-06-26T15:27:54.749,timeseries,2,Nested Product Conversion,mlx-community/DeepSeek-R1-Distill-Qwen-14B-4bit,130.0,9699.0,0.0,0
2026-06-26T15:27:54.811,timeseries,2,Nested Product Conversion,mlx-community/DeepSeek-R1-Distill-Qwen-14B-4bit,146.0,11090.0,0.0,0
2026-06-26T15:27:54.873,timeseries,2,Nested Product Conversion,mlx-community/DeepSeek-R1-Distill-Qwen-14B-4bit,130.0,9700.0,0.0,0
2026-06-26T15:27:54.935,timeseries,2,Nested Product Conversion,mlx-community/DeepSeek-R1-Distill-Qwen-14B-4bit,145.0,9662.0,0.0,0
2026-06-26T15:27:54.997,timeseries,2,Nested Product Conversion,mlx-community/DeepSeek-R1-Distill-Qwen-14B-4bit,130.0,11096.0,0.0,0
2026-06-26T15:27:55.058,timeseries,2,Nested Product Conversion,mlx-community/DeepSeek-R1-Distill-Qwen-14B-4bit,178.0,9670.0,0.0,0
2026-06-26T15:27:55.120,timeseries,2,Nested Product Conversion,mlx-community/DeepSeek-R1-Distill-Qwen-14B-4bit,690.0,10778.0,0.0,0
2026-06-26T15:27:55.182,timeseries,2,Nested Product Conversion,mlx-community/DeepSeek-R1-Distill-Qwen-14B-4bit,1690.0,9764.0,0.0,0
2026-06-26T15:27:55.242,timeseries,2,Nested Product Conversion,mlx-community/DeepSeek-R1-Distill-Qwen-14B-4bit,404.0,9662.0,0.0,0
2026-06-26T15:27:55.303,timeseries,2,Nested Product Conversion,mlx-community/DeepSeek-R1-Distill-Qwen-14B-4bit,289.0,10974.0,0.0,0
2026-06-26T15:27:55.366,timeseries,2,Nested Product Conversion,mlx-community/DeepSeek-R1-Distill-Qwen-14B-4bit,286.0,10046.0,0.0,0
2026-06-26T15:27:55.429,timeseries,2,Nested Product Conversion,mlx-community/DeepSeek-R1-Distill-Qwen-14B-4bit,324.0,11051.0,0.0,0
2026-06-26T15:27:55.491,timeseries,2,Nested Product Conversion,mlx-community/DeepSeek-R1-Distill-Qwen-14B-4bit,176.0,9601.0,0.0,0
2026-06-26T15:27:55.552,timeseries,2,Nested Product Conversion,mlx-community/DeepSeek-R1-Distill-Qwen-14B-4bit,127.0,10822.0,0.0,0
2026-06-26T15:27:55.614,timeseries,2,Nested Product Conversion,mlx-community/DeepSeek-R1-Distill-Qwen-14B-4bit,321.0,9522.0,0.0,0
2026-06-26T15:27:55.677,timeseries,2,Nested Product Conversion,mlx-community/DeepSeek-R1-Distill-Qwen-14B-4bit,165.0,9933.0,0.0,0
2026-06-26T15:27:55.739,timeseries,2,Nested Product Conversion,mlx-community/DeepSeek-R1-Distill-Qwen-14B-4bit,128.0,10955.0,0.0,0
2026-06-26T15:27:55.801,timeseries,2,Nested Product Conversion,mlx-community/DeepSeek-R1-Distill-Qwen-14B-4bit,144.0,9563.0,0.0,0
2026-06-26T15:27:55.863,timeseries,2,Nested Product Conversion,mlx-community/DeepSeek-R1-Distill-Qwen-14B-4bit,129.0,11021.0,0.0,0
2026-06-26T15:27:55.926,timeseries,2,Nested Product Conversion,mlx-community/DeepSeek-R1-Distill-Qwen-14B-4bit,129.0,9616.0,0.0,0
2026-06-26T15:27:55.988,timeseries,2,Nested Product Conversion,mlx-community/DeepSeek-R1-Distill-Qwen-14B-4bit,128.0,10923.0,0.0,0
2026-06-26T15:27:56.049,timeseries,2,Nested Product Conversion,mlx-community/DeepSeek-R1-Distill-Qwen-14B-4bit,129.0,9664.0,0.0,0
2026-06-26T15:27:56.111,timeseries,2,Nested Product Conversion,mlx-community/DeepSeek-R1-Distill-Qwen-14B-4bit,367.0,10839.0,0.0,0
2026-06-26T15:27:56.173,timeseries,2,Nested Product Conversion,mlx-community/DeepSeek-R1-Distill-Qwen-14B-4bit,213.0,9783.0,0.0,0
2026-06-26T15:27:56.235,timeseries,2,Nested Product Conversion,mlx-community/DeepSeek-R1-Distill-Qwen-14B-4bit,129.0,9665.0,0.0,0
2026-06-26T15:27:56.297,timeseries,2,Nested Product Conversion,mlx-community/DeepSeek-R1-Distill-Qwen-14B-4bit,130.0,11113.0,0.0,0
2026-06-26T15:27:56.359,timeseries,2,Nested Product Conversion,mlx-community/DeepSeek-R1-Distill-Qwen-14B-4bit,130.0,9732.0,0.0,0
2026-06-26T15:27:56.422,timeseries,2,Nested Product Conversion,mlx-community/DeepSeek-R1-Distill-Qwen-14B-4bit,559.0,10797.0,0.0,0
2026-06-26T15:27:56.483,timeseries,2,Nested Product Conversion,mlx-community/DeepSeek-R1-Distill-Qwen-14B-4bit,130.0,9820.0,0.0,0
2026-06-26T15:27:56.545,timeseries,2,Nested Product Conversion,mlx-community/DeepSeek-R1-Distill-Qwen-14B-4bit,142.0,10843.0,0.0,0
2026-06-26T15:27:56.606,timeseries,2,Nested Product Conversion,mlx-community/DeepSeek-R1-Distill-Qwen-14B-4bit,244.0,9705.0,0.0,0
2026-06-26T15:27:56.671,timeseries,2,Nested Product Conversion,mlx-community/DeepSeek-R1-Distill-Qwen-14B-4bit,259.0,9693.0,0.0,0
2026-06-26T15:27:56.733,timeseries,2,Nested Product Conversion,mlx-community/DeepSeek-R1-Distill-Qwen-14B-4bit,163.0,11104.0,0.0,0
2026-06-26T15:27:56.796,timeseries,2,Nested Product Conversion,mlx-community/DeepSeek-R1-Distill-Qwen-14B-4bit,154.0,10539.0,0.0,0
2026-06-26T15:27:56.857,timeseries,2,Nested Product Conversion,mlx-community/DeepSeek-R1-Distill-Qwen-14B-4bit,129.0,9689.0,0.0,0
2026-06-26T15:27:56.920,timeseries,2,Nested Product Conversion,mlx-community/DeepSeek-R1-Distill-Qwen-14B-4bit,144.0,10956.0,0.0,0
2026-06-26T15:27:56.982,timeseries,2,Nested Product Conversion,mlx-community/DeepSeek-R1-Distill-Qwen-14B-4bit,129.0,9696.0,0.0,0
2026-06-26T15:27:57.045,timeseries,2,Nested Product Conversion,mlx-community/DeepSeek-R1-Distill-Qwen-14B-4bit,112.0,9593.0,0.0,0
2026-06-26T15:27:57.105,timeseries,2,Nested Product Conversion,mlx-community/DeepSeek-R1-Distill-Qwen-14B-4bit,194.0,11012.0,0.0,0
2026-06-26T15:27:57.167,timeseries,2,Nested Product Conversion,mlx-community/DeepSeek-R1-Distill-Qwen-14B-4bit,412.0,9478.0,0.0,0
2026-06-26T15:27:57.229,timeseries,2,Nested Product Conversion,mlx-community/DeepSeek-R1-Distill-Qwen-14B-4bit,181.0,11281.0,0.0,0
2026-06-26T15:27:57.291,timeseries,2,Nested Product Conversion,mlx-community/DeepSeek-R1-Distill-Qwen-14B-4bit,115.0,9808.0,0.0,0
2026-06-26T15:27:57.353,timeseries,2,Nested Product Conversion,mlx-community/DeepSeek-R1-Distill-Qwen-14B-4bit,143.0,10924.0,0.0,0
2026-06-26T15:27:57.415,timeseries,2,Nested Product Conversion,mlx-community/DeepSeek-R1-Distill-Qwen-14B-4bit,291.0,9620.0,0.0,0
2026-06-26T15:27:57.477,timeseries,2,Nested Product Conversion,mlx-community/DeepSeek-R1-Distill-Qwen-14B-4bit,145.0,9735.0,0.0,0
2026-06-26T15:27:57.539,timeseries,2,Nested Product Conversion,mlx-community/DeepSeek-R1-Distill-Qwen-14B-4bit,145.0,11030.0,0.0,0
2026-06-26T15:27:57.601,timeseries,2,Nested Product Conversion,mlx-community/DeepSeek-R1-Distill-Qwen-14B-4bit,161.0,9641.0,0.0,0
2026-06-26T15:27:57.662,timeseries,2,Nested Product Conversion,mlx-community/DeepSeek-R1-Distill-Qwen-14B-4bit,323.0,11013.0,0.0,0
2026-06-26T15:27:57.724,timeseries,2,Nested Product Conversion,mlx-community/DeepSeek-R1-Distill-Qwen-14B-4bit,147.0,9811.0,0.0,0
2026-06-26T15:27:57.787,timeseries,2,Nested Product Conversion,mlx-community/DeepSeek-R1-Distill-Qwen-14B-4bit,145.0,11061.0,0.0,0
2026-06-26T15:27:57.849,timeseries,2,Nested Product Conversion,mlx-community/DeepSeek-R1-Distill-Qwen-14B-4bit,113.0,9697.0,0.0,0
2026-06-26T15:27:57.912,timeseries,2,Nested Product Conversion,mlx-community/DeepSeek-R1-Distill-Qwen-14B-4bit,159.0,10869.0,0.0,0
2026-06-26T15:27:57.974,timeseries,2,Nested Product Conversion,mlx-community/DeepSeek-R1-Distill-Qwen-14B-4bit,129.0,9691.0,0.0,0
2026-06-26T15:27:58.037,timeseries,2,Nested Product Conversion,mlx-community/DeepSeek-R1-Distill-Qwen-14B-4bit,158.0,10798.0,0.0,0
2026-06-26T15:27:58.099,timeseries,2,Nested Product Conversion,mlx-community/DeepSeek-R1-Distill-Qwen-14B-4bit,178.0,9668.0,0.0,0
2026-06-26T15:27:58.161,timeseries,2,Nested Product Conversion,mlx-community/DeepSeek-R1-Distill-Qwen-14B-4bit,268.0,10801.0,0.0,0
2026-06-26T15:27:58.224,timeseries,2,Nested Product Conversion,mlx-community/DeepSeek-R1-Distill-Qwen-14B-4bit,178.0,9674.0,0.0,0
2026-06-26T15:27:58.286,timeseries,2,Nested Product Conversion,mlx-community/DeepSeek-R1-Distill-Qwen-14B-4bit,129.0,11009.0,0.0,0
2026-06-26T15:27:58.349,timeseries,2,Nested Product Conversion,mlx-community/DeepSeek-R1-Distill-Qwen-14B-4bit,128.0,9598.0,0.0,0
2026-06-26T15:27:58.410,timeseries,2,Nested Product Conversion,mlx-community/DeepSeek-R1-Distill-Qwen-14B-4bit,227.0,10989.0,0.0,0
2026-06-26T15:27:58.472,timeseries,2,Nested Product Conversion,mlx-community/DeepSeek-R1-Distill-Qwen-14B-4bit,332.0,9481.0,0.0,0
2026-06-26T15:27:58.534,timeseries,2,Nested Product Conversion,mlx-community/DeepSeek-R1-Distill-Qwen-14B-4bit,1136.0,9642.0,0.0,0
2026-06-26T15:27:58.596,timeseries,2,Nested Product Conversion,mlx-community/DeepSeek-R1-Distill-Qwen-14B-4bit,584.0,11081.0,0.0,0
2026-06-26T15:27:58.657,timeseries,2,Nested Product Conversion,mlx-community/DeepSeek-R1-Distill-Qwen-14B-4bit,245.0,9786.0,0.0,0
2026-06-26T15:27:58.720,timeseries,2,Nested Product Conversion,mlx-community/DeepSeek-R1-Distill-Qwen-14B-4bit,207.0,10932.0,0.0,0
2026-06-26T15:27:58.781,timeseries,2,Nested Product Conversion,mlx-community/DeepSeek-R1-Distill-Qwen-14B-4bit,146.0,9746.0,0.0,0
2026-06-26T15:27:58.844,timeseries,2,Nested Product Conversion,mlx-community/DeepSeek-R1-Distill-Qwen-14B-4bit,129.0,9671.0,0.0,0
2026-06-26T15:27:58.906,timeseries,2,Nested Product Conversion,mlx-community/DeepSeek-R1-Distill-Qwen-14B-4bit,129.0,11040.0,0.0,0
2026-06-26T15:27:58.968,timeseries,2,Nested Product Conversion,mlx-community/DeepSeek-R1-Distill-Qwen-14B-4bit,145.0,9659.0,0.0,0
2026-06-26T15:27:59.030,timeseries,2,Nested Product Conversion,mlx-community/DeepSeek-R1-Distill-Qwen-14B-4bit,129.0,11078.0,0.0,0
2026-06-26T15:27:59.095,timeseries,2,Nested Product Conversion,mlx-community/DeepSeek-R1-Distill-Qwen-14B-4bit,144.0,9595.0,0.0,0
2026-06-26T15:27:59.160,timeseries,2,Nested Product Conversion,mlx-community/DeepSeek-R1-Distill-Qwen-14B-4bit,371.0,10973.0,0.0,0
2026-06-26T15:27:59.222,timeseries,2,Nested Product Conversion,mlx-community/DeepSeek-R1-Distill-Qwen-14B-4bit,215.0,10448.0,0.0,0
2026-06-26T15:27:59.284,timeseries,2,Nested Product Conversion,mlx-community/DeepSeek-R1-Distill-Qwen-14B-4bit,247.0,9200.0,0.0,0
2026-06-26T15:27:59.348,timeseries,2,Nested Product Conversion,mlx-community/DeepSeek-R1-Distill-Qwen-14B-4bit,161.0,11000.0,0.0,0
2026-06-26T15:27:59.409,timeseries,2,Nested Product Conversion,mlx-community/DeepSeek-R1-Distill-Qwen-14B-4bit,273.0,9562.0,0.0,0
2026-06-26T15:27:59.471,timeseries,2,Nested Product Conversion,mlx-community/DeepSeek-R1-Distill-Qwen-14B-4bit,237.0,10827.0,0.0,0
2026-06-26T15:27:59.534,timeseries,2,Nested Product Conversion,mlx-community/DeepSeek-R1-Distill-Qwen-14B-4bit,130.0,9730.0,0.0,0
2026-06-26T15:27:59.596,timeseries,2,Nested Product Conversion,mlx-community/DeepSeek-R1-Distill-Qwen-14B-4bit,161.0,11035.0,0.0,0
2026-06-26T15:27:59.658,timeseries,2,Nested Product Conversion,mlx-community/DeepSeek-R1-Distill-Qwen-14B-4bit,290.0,9644.0,0.0,0
2026-06-26T15:27:59.721,timeseries,2,Nested Product Conversion,mlx-community/DeepSeek-R1-Distill-Qwen-14B-4bit,128.0,11005.0,0.0,0
2026-06-26T15:27:59.782,timeseries,2,Nested Product Conversion,mlx-community/DeepSeek-R1-Distill-Qwen-14B-4bit,146.0,9704.0,0.0,0
2026-06-26T15:27:59.843,timeseries,2,Nested Product Conversion,mlx-community/DeepSeek-R1-Distill-Qwen-14B-4bit,127.0,10903.0,0.0,0
2026-06-26T15:27:59.905,timeseries,2,Nested Product Conversion,mlx-community/DeepSeek-R1-Distill-Qwen-14B-4bit,131.0,9855.0,0.0,0
2026-06-26T15:27:59.967,timeseries,2,Nested Product Conversion,mlx-community/DeepSeek-R1-Distill-Qwen-14B-4bit,131.0,9808.0,0.0,0
2026-06-26T15:28:00.030,timeseries,2,Nested Product Conversion,mlx-community/DeepSeek-R1-Distill-Qwen-14B-4bit,145.0,11028.0,0.0,0
2026-06-26T15:28:00.091,timeseries,2,Nested Product Conversion,mlx-community/DeepSeek-R1-Distill-Qwen-14B-4bit,146.0,9715.0,0.0,0
2026-06-26T15:28:00.152,timeseries,2,Nested Product Conversion,mlx-community/DeepSeek-R1-Distill-Qwen-14B-4bit,285.0,10863.0,0.0,0
2026-06-26T15:28:00.214,timeseries,2,Nested Product Conversion,mlx-community/DeepSeek-R1-Distill-Qwen-14B-4bit,309.0,9686.0,0.0,0
2026-06-26T15:28:00.275,timeseries,2,Nested Product Conversion,mlx-community/DeepSeek-R1-Distill-Qwen-14B-4bit,2177.0,9762.0,0.0,0
2026-06-26T15:28:00.338,timeseries,2,Nested Product Conversion,mlx-community/DeepSeek-R1-Distill-Qwen-14B-4bit,514.0,11006.0,0.0,0
2026-06-26T15:28:00.399,timeseries,2,Nested Product Conversion,mlx-community/DeepSeek-R1-Distill-Qwen-14B-4bit,618.0,9730.0,0.0,0
2026-06-26T15:28:00.461,timeseries,2,Nested Product Conversion,mlx-community/DeepSeek-R1-Distill-Qwen-14B-4bit,290.0,11105.0,0.0,0
2026-06-26T15:28:00.522,timeseries,2,Nested Product Conversion,mlx-community/DeepSeek-R1-Distill-Qwen-14B-4bit,342.0,9794.0,0.0,0
2026-06-26T15:28:00.585,timeseries,2,Nested Product Conversion,mlx-community/DeepSeek-R1-Distill-Qwen-14B-4bit,438.0,9719.0,0.0,0
2026-06-26T15:28:00.647,timeseries,2,Nested Product Conversion,mlx-community/DeepSeek-R1-Distill-Qwen-14B-4bit,876.0,11123.0,0.0,0
2026-06-26T15:28:00.708,timeseries,2,Nested Product Conversion,mlx-community/DeepSeek-R1-Distill-Qwen-14B-4bit,400.0,9599.0,0.0,0
2026-06-26T15:28:00.770,timeseries,2,Nested Product Conversion,mlx-community/DeepSeek-R1-Distill-Qwen-14B-4bit,389.0,11108.0,0.0,0
2026-06-26T15:28:00.831,timeseries,2,Nested Product Conversion,mlx-community/DeepSeek-R1-Distill-Qwen-14B-4bit,455.0,9738.0,0.0,0
2026-06-26T15:28:00.893,timeseries,2,Nested Product Conversion,mlx-community/DeepSeek-R1-Distill-Qwen-14B-4bit,305.0,9626.0,0.0,0
2026-06-26T15:28:00.955,timeseries,2,Nested Product Conversion,mlx-community/DeepSeek-R1-Distill-Qwen-14B-4bit,360.0,11229.0,0.0,0
2026-06-26T15:28:01.017,timeseries,2,Nested Product Conversion,mlx-community/DeepSeek-R1-Distill-Qwen-14B-4bit,374.0,9773.0,0.0,0
2026-06-26T15:28:01.079,timeseries,2,Nested Product Conversion,mlx-community/DeepSeek-R1-Distill-Qwen-14B-4bit,471.0,11149.0,0.0,0
2026-06-26T15:28:01.140,timeseries,2,Nested Product Conversion,mlx-community/DeepSeek-R1-Distill-Qwen-14B-4bit,835.0,9624.0,0.0,0
2026-06-26T15:28:01.201,timeseries,2,Nested Product Conversion,mlx-community/DeepSeek-R1-Distill-Qwen-14B-4bit,422.0,9757.0,0.0,0
2026-06-26T15:28:01.264,timeseries,2,Nested Product Conversion,mlx-community/DeepSeek-R1-Distill-Qwen-14B-4bit,391.0,11181.0,0.0,0
2026-06-26T15:28:01.326,timeseries,2,Nested Product Conversion,mlx-community/DeepSeek-R1-Distill-Qwen-14B-4bit,600.0,9739.0,0.0,0
2026-06-26T15:28:01.388,timeseries,2,Nested Product Conversion,mlx-community/DeepSeek-R1-Distill-Qwen-14B-4bit,773.0,10980.0,0.0,0
2026-06-26T15:28:01.450,timeseries,2,Nested Product Conversion,mlx-community/DeepSeek-R1-Distill-Qwen-14B-4bit,433.0,9661.0,0.0,0
2026-06-26T15:28:01.511,timeseries,2,Nested Product Conversion,mlx-community/DeepSeek-R1-Distill-Qwen-14B-4bit,1315.0,10933.0,0.0,0
2026-06-26T15:28:01.573,timeseries,2,Nested Product Conversion,mlx-community/DeepSeek-R1-Distill-Qwen-14B-4bit,392.0,9819.0,0.0,0
2026-06-26T15:28:01.635,timeseries,2,Nested Product Conversion,mlx-community/DeepSeek-R1-Distill-Qwen-14B-4bit,1039.0,9728.0,0.0,0
2026-06-26T15:28:01.697,timeseries,2,Nested Product Conversion,mlx-community/DeepSeek-R1-Distill-Qwen-14B-4bit,371.0,11069.0,0.0,0
2026-06-26T15:28:01.759,timeseries,2,Nested Product Conversion,mlx-community/DeepSeek-R1-Distill-Qwen-14B-4bit,423.0,9819.0,0.0,0
2026-06-26T15:28:01.821,timeseries,2,Nested Product Conversion,mlx-community/DeepSeek-R1-Distill-Qwen-14B-4bit,384.0,10970.0,0.0,0
2026-06-26T15:28:01.882,timeseries,2,Nested Product Conversion,mlx-community/DeepSeek-R1-Distill-Qwen-14B-4bit,472.0,9754.0,0.0,0
2026-06-26T15:28:01.943,timeseries,2,Nested Product Conversion,mlx-community/DeepSeek-R1-Distill-Qwen-14B-4bit,258.0,9711.0,0.0,0
2026-06-26T15:28:02.006,timeseries,2,Nested Product Conversion,mlx-community/DeepSeek-R1-Distill-Qwen-14B-4bit,407.0,11183.0,0.0,0
2026-06-26T15:28:02.066,timeseries,2,Nested Product Conversion,mlx-community/DeepSeek-R1-Distill-Qwen-14B-4bit,375.0,9807.0,0.0,0
2026-06-26T15:28:02.127,timeseries,2,Nested Product Conversion,mlx-community/DeepSeek-R1-Distill-Qwen-14B-4bit,1010.0,11170.0,0.0,0
2026-06-26T15:28:02.189,timeseries,2,Nested Product Conversion,mlx-community/DeepSeek-R1-Distill-Qwen-14B-4bit,294.0,9794.0,0.0,0
2026-06-26T15:28:02.250,timeseries,2,Nested Product Conversion,mlx-community/DeepSeek-R1-Distill-Qwen-14B-4bit,376.0,9848.0,0.0,0
2026-06-26T15:28:02.312,timeseries,2,Nested Product Conversion,mlx-community/DeepSeek-R1-Distill-Qwen-14B-4bit,390.0,11173.0,0.0,0
2026-06-26T15:28:02.374,timeseries,2,Nested Product Conversion,mlx-community/DeepSeek-R1-Distill-Qwen-14B-4bit,1000.0,9816.0,0.0,0
2026-06-26T15:28:02.435,timeseries,2,Nested Product Conversion,mlx-community/DeepSeek-R1-Distill-Qwen-14B-4bit,401.0,9645.0,0.0,0
2026-06-26T15:28:02.497,timeseries,2,Nested Product Conversion,mlx-community/DeepSeek-R1-Distill-Qwen-14B-4bit,292.0,11157.0,0.0,0
2026-06-26T15:28:02.560,timeseries,2,Nested Product Conversion,mlx-community/DeepSeek-R1-Distill-Qwen-14B-4bit,373.0,9758.0,0.0,0
2026-06-26T15:28:02.621,timeseries,2,Nested Product Conversion,mlx-community/DeepSeek-R1-Distill-Qwen-14B-4bit,989.0,11144.0,0.0,0
2026-06-26T15:28:02.683,timeseries,2,Nested Product Conversion,mlx-community/DeepSeek-R1-Distill-Qwen-14B-4bit,464.0,9592.0,0.0,0
2026-06-26T15:28:02.745,timeseries,2,Nested Product Conversion,mlx-community/DeepSeek-R1-Distill-Qwen-14B-4bit,276.0,11161.0,0.0,0
2026-06-26T15:28:02.807,timeseries,2,Nested Product Conversion,mlx-community/DeepSeek-R1-Distill-Qwen-14B-4bit,371.0,9699.0,0.0,0
2026-06-26T15:28:02.867,timeseries,2,Nested Product Conversion,mlx-community/DeepSeek-R1-Distill-Qwen-14B-4bit,372.0,9740.0,0.0,0
2026-06-26T15:28:02.929,timeseries,2,Nested Product Conversion,mlx-community/DeepSeek-R1-Distill-Qwen-14B-4bit,459.0,11253.0,0.0,0
2026-06-26T15:28:02.991,timeseries,2,Nested Product Conversion,mlx-community/DeepSeek-R1-Distill-Qwen-14B-4bit,278.0,9789.0,0.0,0
2026-06-26T15:28:03.053,timeseries,2,Nested Product Conversion,mlx-community/DeepSeek-R1-Distill-Qwen-14B-4bit,388.0,9727.0,0.0,0
2026-06-26T15:28:03.114,timeseries,2,Nested Product Conversion,mlx-community/DeepSeek-R1-Distill-Qwen-14B-4bit,927.0,11168.0,0.0,0
2026-06-26T15:28:03.176,timeseries,2,Nested Product Conversion,mlx-community/DeepSeek-R1-Distill-Qwen-14B-4bit,449.0,9670.0,0.0,0
2026-06-26T15:28:03.238,timeseries,2,Nested Product Conversion,mlx-community/DeepSeek-R1-Distill-Qwen-14B-4bit,391.0,11162.0,0.0,0
2026-06-26T15:28:03.301,timeseries,2,Nested Product Conversion,mlx-community/DeepSeek-R1-Distill-Qwen-14B-4bit,275.0,9761.0,0.0,0
2026-06-26T15:28:03.364,timeseries,2,Nested Product Conversion,mlx-community/DeepSeek-R1-Distill-Qwen-14B-4bit,419.0,11081.0,0.0,0
2026-06-26T15:28:03.425,timeseries,2,Nested Product Conversion,mlx-community/DeepSeek-R1-Distill-Qwen-14B-4bit,989.0,9572.0,0.0,0
2026-06-26T15:28:03.488,timeseries,2,Nested Product Conversion,mlx-community/DeepSeek-R1-Distill-Qwen-14B-4bit,396.0,10958.0,0.0,0
2026-06-26T15:28:03.550,timeseries,2,Nested Product Conversion,mlx-community/DeepSeek-R1-Distill-Qwen-14B-4bit,391.0,9684.0,0.0,0
2026-06-26T15:28:03.612,timeseries,2,Nested Product Conversion,mlx-community/DeepSeek-R1-Distill-Qwen-14B-4bit,921.0,10877.0,0.0,0
2026-06-26T15:28:03.674,timeseries,2,Nested Product Conversion,mlx-community/DeepSeek-R1-Distill-Qwen-14B-4bit,486.0,9778.0,0.0,0
2026-06-26T15:28:03.735,timeseries,2,Nested Product Conversion,mlx-community/DeepSeek-R1-Distill-Qwen-14B-4bit,388.0,9739.0,0.0,0
2026-06-26T15:28:03.798,timeseries,2,Nested Product Conversion,mlx-community/DeepSeek-R1-Distill-Qwen-14B-4bit,404.0,11093.0,0.0,0
2026-06-26T15:28:03.859,timeseries,2,Nested Product Conversion,mlx-community/DeepSeek-R1-Distill-Qwen-14B-4bit,259.0,9711.0,0.0,0
2026-06-26T15:28:03.921,timeseries,2,Nested Product Conversion,mlx-community/DeepSeek-R1-Distill-Qwen-14B-4bit,433.0,11041.0,0.0,0
2026-06-26T15:28:03.982,timeseries,2,Nested Product Conversion,mlx-community/DeepSeek-R1-Distill-Qwen-14B-4bit,375.0,9831.0,0.0,0
2026-06-26T15:28:04.044,timeseries,2,Nested Product Conversion,mlx-community/DeepSeek-R1-Distill-Qwen-14B-4bit,389.0,11109.0,0.0,0
2026-06-26T15:28:04.105,timeseries,2,Nested Product Conversion,mlx-community/DeepSeek-R1-Distill-Qwen-14B-4bit,848.0,9785.0,0.0,0
2026-06-26T15:28:04.167,timeseries,2,Nested Product Conversion,mlx-community/DeepSeek-R1-Distill-Qwen-14B-4bit,407.0,9827.0,0.0,0
2026-06-26T15:28:04.229,timeseries,2,Nested Product Conversion,mlx-community/DeepSeek-R1-Distill-Qwen-14B-4bit,454.0,11163.0,0.0,0
2026-06-26T15:28:04.291,timeseries,2,Nested Product Conversion,mlx-community/DeepSeek-R1-Distill-Qwen-14B-4bit,391.0,9787.0,0.0,0
2026-06-26T15:28:04.353,timeseries,2,Nested Product Conversion,mlx-community/DeepSeek-R1-Distill-Qwen-14B-4bit,271.0,9588.0,0.0,0
2026-06-26T15:28:04.415,timeseries,2,Nested Product Conversion,mlx-community/DeepSeek-R1-Distill-Qwen-14B-4bit,801.0,11208.0,0.0,0
2026-06-26T15:28:04.476,timeseries,2,Nested Product Conversion,mlx-community/DeepSeek-R1-Distill-Qwen-14B-4bit,626.0,9702.0,0.0,0
2026-06-26T15:28:04.538,timeseries,2,Nested Product Conversion,mlx-community/DeepSeek-R1-Distill-Qwen-14B-4bit,389.0,11150.0,0.0,0
2026-06-26T15:28:04.600,timeseries,2,Nested Product Conversion,mlx-community/DeepSeek-R1-Distill-Qwen-14B-4bit,876.0,9713.0,0.0,0
2026-06-26T15:28:04.662,timeseries,2,Nested Product Conversion,mlx-community/DeepSeek-R1-Distill-Qwen-14B-4bit,372.0,11118.0,0.0,0
2026-06-26T15:28:04.724,timeseries,2,Nested Product Conversion,mlx-community/DeepSeek-R1-Distill-Qwen-14B-4bit,451.0,9718.0,0.0,0
2026-06-26T15:28:04.786,timeseries,2,Nested Product Conversion,mlx-community/DeepSeek-R1-Distill-Qwen-14B-4bit,389.0,9765.0,0.0,0
2026-06-26T15:28:04.848,timeseries,2,Nested Product Conversion,mlx-community/DeepSeek-R1-Distill-Qwen-14B-4bit,388.0,11113.0,0.0,0
2026-06-26T15:28:04.910,timeseries,2,Nested Product Conversion,mlx-community/DeepSeek-R1-Distill-Qwen-14B-4bit,273.0,9693.0,0.0,0
2026-06-26T15:28:04.971,timeseries,2,Nested Product Conversion,mlx-community/DeepSeek-R1-Distill-Qwen-14B-4bit,436.0,11137.0,0.0,0
2026-06-26T15:28:05.033,timeseries,2,Nested Product Conversion,mlx-community/DeepSeek-R1-Distill-Qwen-14B-4bit,372.0,9742.0,0.0,0
2026-06-26T15:28:05.094,timeseries,2,Nested Product Conversion,mlx-community/DeepSeek-R1-Distill-Qwen-14B-4bit,927.0,11151.0,0.0,0
2026-06-26T15:28:05.155,timeseries,2,Nested Product Conversion,mlx-community/DeepSeek-R1-Distill-Qwen-14B-4bit,293.0,9792.0,0.0,0
2026-06-26T15:28:05.217,timeseries,2,Nested Product Conversion,mlx-community/DeepSeek-R1-Distill-Qwen-14B-4bit,2352.0,9736.0,0.0,0
2026-06-26T15:28:05.278,timeseries,2,Nested Product Conversion,mlx-community/DeepSeek-R1-Distill-Qwen-14B-4bit,1626.0,11173.0,0.0,0
2026-06-26T15:28:05.340,timeseries,2,Nested Product Conversion,mlx-community/DeepSeek-R1-Distill-Qwen-14B-4bit,3123.0,9699.0,0.0,0
2026-06-26T15:28:05.402,timeseries,2,Nested Product Conversion,mlx-community/DeepSeek-R1-Distill-Qwen-14B-4bit,1186.0,9698.0,0.0,0
2026-06-26T15:28:05.464,timeseries,2,Nested Product Conversion,mlx-community/DeepSeek-R1-Distill-Qwen-14B-4bit,466.0,11087.0,0.0,0
2026-06-26T15:28:05.526,timeseries,2,Nested Product Conversion,mlx-community/DeepSeek-R1-Distill-Qwen-14B-4bit,436.0,9711.0,0.0,0
2026-06-26T15:28:05.588,timeseries,2,Nested Product Conversion,mlx-community/DeepSeek-R1-Distill-Qwen-14B-4bit,514.0,11036.0,0.0,0
2026-06-26T15:28:05.650,timeseries,2,Nested Product Conversion,mlx-community/DeepSeek-R1-Distill-Qwen-14B-4bit,636.0,9785.0,0.0,0
2026-06-26T15:28:05.712,timeseries,2,Nested Product Conversion,mlx-community/DeepSeek-R1-Distill-Qwen-14B-4bit,304.0,11038.0,0.0,0
2026-06-26T15:28:05.773,timeseries,2,Nested Product Conversion,mlx-community/DeepSeek-R1-Distill-Qwen-14B-4bit,471.0,9792.0,0.0,0
2026-06-26T15:28:05.834,timeseries,2,Nested Product Conversion,mlx-community/DeepSeek-R1-Distill-Qwen-14B-4bit,372.0,9745.0,0.0,0
2026-06-26T15:28:05.895,timeseries,2,Nested Product Conversion,mlx-community/DeepSeek-R1-Distill-Qwen-14B-4bit,393.0,11244.0,0.0,0
2026-06-26T15:28:05.957,timeseries,2,Nested Product Conversion,mlx-community/DeepSeek-R1-Distill-Qwen-14B-4bit,278.0,9848.0,0.0,0
2026-06-26T15:28:06.018,timeseries,2,Nested Product Conversion,mlx-community/DeepSeek-R1-Distill-Qwen-14B-4bit,439.0,9794.0,0.0,0
2026-06-26T15:28:06.079,timeseries,2,Nested Product Conversion,mlx-community/DeepSeek-R1-Distill-Qwen-14B-4bit,375.0,11239.0,0.0,0
2026-06-26T15:28:06.141,timeseries,2,Nested Product Conversion,mlx-community/DeepSeek-R1-Distill-Qwen-14B-4bit,993.0,9928.0,0.0,0
2026-06-26T15:28:06.203,timeseries,2,Nested Product Conversion,mlx-community/DeepSeek-R1-Distill-Qwen-14B-4bit,290.0,9720.0,0.0,0
2026-06-26T15:28:06.265,timeseries,2,Nested Product Conversion,mlx-community/DeepSeek-R1-Distill-Qwen-14B-4bit,456.0,11210.0,0.0,0
2026-06-26T15:28:06.328,timeseries,2,Nested Product Conversion,mlx-community/DeepSeek-R1-Distill-Qwen-14B-4bit,370.0,9716.0,0.0,0
2026-06-26T15:28:06.390,timeseries,2,Nested Product Conversion,mlx-community/DeepSeek-R1-Distill-Qwen-14B-4bit,786.0,11007.0,0.0,0
2026-06-26T15:28:06.452,timeseries,2,Nested Product Conversion,mlx-community/DeepSeek-R1-Distill-Qwen-14B-4bit,350.0,9612.0,0.0,0
2026-06-26T15:28:06.514,timeseries,2,Nested Product Conversion,mlx-community/DeepSeek-R1-Distill-Qwen-14B-4bit,421.0,11170.0,0.0,0
2026-06-26T15:28:06.576,timeseries,2,Nested Product Conversion,mlx-community/DeepSeek-R1-Distill-Qwen-14B-4bit,516.0,9720.0,0.0,0
2026-06-26T15:28:06.637,timeseries,2,Nested Product Conversion,mlx-community/DeepSeek-R1-Distill-Qwen-14B-4bit,966.0,11082.0,0.0,0
2026-06-26T15:28:06.699,timeseries,2,Nested Product Conversion,mlx-community/DeepSeek-R1-Distill-Qwen-14B-4bit,392.0,9826.0,0.0,0
2026-06-26T15:28:06.761,timeseries,2,Nested Product Conversion,mlx-community/DeepSeek-R1-Distill-Qwen-14B-4bit,630.0,11103.0,0.0,0
2026-06-26T15:28:06.823,timeseries,2,Nested Product Conversion,mlx-community/DeepSeek-R1-Distill-Qwen-14B-4bit,484.0,9737.0,0.0,0
2026-06-26T15:28:06.884,timeseries,2,Nested Product Conversion,mlx-community/DeepSeek-R1-Distill-Qwen-14B-4bit,388.0,9730.0,0.0,0
2026-06-26T15:28:06.946,timeseries,2,Nested Product Conversion,mlx-community/DeepSeek-R1-Distill-Qwen-14B-4bit,404.0,11133.0,0.0,0
2026-06-26T15:28:07.008,timeseries,2,Nested Product Conversion,mlx-community/DeepSeek-R1-Distill-Qwen-14B-4bit,245.0,9866.0,0.0,0
2026-06-26T15:28:07.070,timeseries,2,Nested Product Conversion,mlx-community/DeepSeek-R1-Distill-Qwen-14B-4bit,436.0,11133.0,0.0,0
2026-06-26T15:28:07.131,timeseries,2,Nested Product Conversion,mlx-community/DeepSeek-R1-Distill-Qwen-14B-4bit,1017.0,9719.0,0.0,0
2026-06-26T15:28:07.193,timeseries,2,Nested Product Conversion,mlx-community/DeepSeek-R1-Distill-Qwen-14B-4bit,386.0,9698.0,0.0,0
2026-06-26T15:28:07.255,timeseries,2,Nested Product Conversion,mlx-community/DeepSeek-R1-Distill-Qwen-14B-4bit,277.0,11194.0,0.0,0
2026-06-26T15:28:07.316,timeseries,2,Nested Product Conversion,mlx-community/DeepSeek-R1-Distill-Qwen-14B-4bit,457.0,9868.0,0.0,0
2026-06-26T15:28:07.379,timeseries,2,Nested Product Conversion,mlx-community/DeepSeek-R1-Distill-Qwen-14B-4bit,774.0,11093.0,0.0,0
2026-06-26T15:28:07.441,timeseries,2,Nested Product Conversion,mlx-community/DeepSeek-R1-Distill-Qwen-14B-4bit,421.0,9840.0,0.0,0
2026-06-26T15:28:07.503,timeseries,2,Nested Product Conversion,mlx-community/DeepSeek-R1-Distill-Qwen-14B-4bit,417.0,11052.0,0.0,0
2026-06-26T15:28:07.565,timeseries,2,Nested Product Conversion,mlx-community/DeepSeek-R1-Distill-Qwen-14B-4bit,468.0,9733.0,0.0,0
2026-06-26T15:28:07.626,timeseries,2,Nested Product Conversion,mlx-community/DeepSeek-R1-Distill-Qwen-14B-4bit,966.0,9706.0,0.0,0
2026-06-26T15:28:07.688,timeseries,2,Nested Product Conversion,mlx-community/DeepSeek-R1-Distill-Qwen-14B-4bit,419.0,11125.0,0.0,0
2026-06-26T15:28:07.749,timeseries,2,Nested Product Conversion,mlx-community/DeepSeek-R1-Distill-Qwen-14B-4bit,391.0,9819.0,0.0,0
2026-06-26T15:28:07.811,timeseries,2,Nested Product Conversion,mlx-community/DeepSeek-R1-Distill-Qwen-14B-4bit,259.0,11189.0,0.0,0
2026-06-26T15:28:07.873,timeseries,2,Nested Product Conversion,mlx-community/DeepSeek-R1-Distill-Qwen-14B-4bit,457.0,9868.0,0.0,0
2026-06-26T15:28:07.935,timeseries,2,Nested Product Conversion,mlx-community/DeepSeek-R1-Distill-Qwen-14B-4bit,438.0,9782.0,0.0,0
2026-06-26T15:28:07.998,timeseries,2,Nested Product Conversion,mlx-community/DeepSeek-R1-Distill-Qwen-14B-4bit,404.0,11125.0,0.0,0
2026-06-26T15:28:08.059,timeseries,2,Nested Product Conversion,mlx-community/DeepSeek-R1-Distill-Qwen-14B-4bit,272.0,9640.0,0.0,0
2026-06-26T15:28:08.121,timeseries,2,Nested Product Conversion,mlx-community/DeepSeek-R1-Distill-Qwen-14B-4bit,993.0,11020.0,0.0,0
2026-06-26T15:28:08.182,timeseries,2,Nested Product Conversion,mlx-community/DeepSeek-R1-Distill-Qwen-14B-4bit,408.0,9874.0,0.0,0
2026-06-26T15:28:08.243,timeseries,2,Nested Product Conversion,mlx-community/DeepSeek-R1-Distill-Qwen-14B-4bit,388.0,9764.0,0.0,0
2026-06-26T15:28:08.306,timeseries,2,Nested Product Conversion,mlx-community/DeepSeek-R1-Distill-Qwen-14B-4bit,375.0,11217.0,0.0,0
2026-06-26T15:28:08.368,timeseries,2,Nested Product Conversion,mlx-community/DeepSeek-R1-Distill-Qwen-14B-4bit,734.0,9840.0,0.0,0
2026-06-26T15:28:08.430,timeseries,2,Nested Product Conversion,mlx-community/DeepSeek-R1-Distill-Qwen-14B-4bit,462.0,10982.0,0.0,0
2026-06-26T15:28:08.492,timeseries,2,Nested Product Conversion,mlx-community/DeepSeek-R1-Distill-Qwen-14B-4bit,389.0,9815.0,0.0,0
2026-06-26T15:28:08.553,timeseries,2,Nested Product Conversion,mlx-community/DeepSeek-R1-Distill-Qwen-14B-4bit,2294.0,10893.0,0.0,0
2026-06-26T15:28:08.620,timeseries,2,Nested Product Conversion,mlx-community/DeepSeek-R1-Distill-Qwen-14B-4bit,1435.0,9716.0,0.0,0
2026-06-26T15:28:08.682,timeseries,2,Nested Product Conversion,mlx-community/DeepSeek-R1-Distill-Qwen-14B-4bit,2370.0,11005.0,0.0,0
2026-06-26T15:28:08.745,timeseries,2,Nested Product Conversion,mlx-community/DeepSeek-R1-Distill-Qwen-14B-4bit,659.0,10228.0,0.0,0
2026-06-26T15:28:08.806,timeseries,2,Nested Product Conversion,mlx-community/DeepSeek-R1-Distill-Qwen-14B-4bit,304.0,9645.0,0.0,0
2026-06-26T15:28:08.869,timeseries,2,Nested Product Conversion,mlx-community/DeepSeek-R1-Distill-Qwen-14B-4bit,321.0,9667.0,0.0,0
2026-06-26T15:28:08.930,timeseries,2,Nested Product Conversion,mlx-community/DeepSeek-R1-Distill-Qwen-14B-4bit,406.0,11211.0,0.0,0
2026-06-26T15:28:08.992,timeseries,2,Nested Product Conversion,mlx-community/DeepSeek-R1-Distill-Qwen-14B-4bit,369.0,9704.0,0.0,0
2026-06-26T15:28:09.054,timeseries,2,Nested Product Conversion,mlx-community/DeepSeek-R1-Distill-Qwen-14B-4bit,422.0,11322.0,0.0,0
2026-06-26T15:28:09.116,timeseries,2,Nested Product Conversion,mlx-community/DeepSeek-R1-Distill-Qwen-14B-4bit,906.0,9741.0,0.0,0
2026-06-26T15:28:09.178,timeseries,2,Nested Product Conversion,mlx-community/DeepSeek-R1-Distill-Qwen-14B-4bit,417.0,11079.0,0.0,0
2026-06-26T15:28:09.240,timeseries,2,Nested Product Conversion,mlx-community/DeepSeek-R1-Distill-Qwen-14B-4bit,403.0,9761.0,0.0,0
2026-06-26T15:28:09.302,timeseries,2,Nested Product Conversion,mlx-community/DeepSeek-R1-Distill-Qwen-14B-4bit,374.0,9839.0,0.0,0
2026-06-26T15:28:09.365,timeseries,2,Nested Product Conversion,mlx-community/DeepSeek-R1-Distill-Qwen-14B-4bit,503.0,11193.0,0.0,0
2026-06-26T15:28:09.426,timeseries,2,Nested Product Conversion,mlx-community/DeepSeek-R1-Distill-Qwen-14B-4bit,621.0,9620.0,0.0,0
2026-06-26T15:28:09.488,timeseries,2,Nested Product Conversion,mlx-community/DeepSeek-R1-Distill-Qwen-14B-4bit,418.0,11129.0,0.0,0
2026-06-26T15:28:09.550,timeseries,2,Nested Product Conversion,mlx-community/DeepSeek-R1-Distill-Qwen-14B-4bit,406.0,9818.0,0.0,0
2026-06-26T15:28:09.612,timeseries,2,Nested Product Conversion,mlx-community/DeepSeek-R1-Distill-Qwen-14B-4bit,934.0,11111.0,0.0,0
2026-06-26T15:28:09.672,timeseries,2,Nested Product Conversion,mlx-community/DeepSeek-R1-Distill-Qwen-14B-4bit,552.0,9787.0,0.0,0
2026-06-26T15:28:09.734,timeseries,2,Nested Product Conversion,mlx-community/DeepSeek-R1-Distill-Qwen-14B-4bit,391.0,9868.0,0.0,0
2026-06-26T15:28:09.796,timeseries,2,Nested Product Conversion,mlx-community/DeepSeek-R1-Distill-Qwen-14B-4bit,393.0,11310.0,0.0,0
2026-06-26T15:28:09.857,timeseries,2,Nested Product Conversion,mlx-community/DeepSeek-R1-Distill-Qwen-14B-4bit,390.0,9832.0,0.0,0
2026-06-26T15:28:09.919,timeseries,2,Nested Product Conversion,mlx-community/DeepSeek-R1-Distill-Qwen-14B-4bit,387.0,11134.0,0.0,0
2026-06-26T15:28:09.980,timeseries,2,Nested Product Conversion,mlx-community/DeepSeek-R1-Distill-Qwen-14B-4bit,359.0,9861.0,0.0,0
2026-06-26T15:28:10.042,timeseries,2,Nested Product Conversion,mlx-community/DeepSeek-R1-Distill-Qwen-14B-4bit,374.0,9823.0,0.0,0
2026-06-26T15:28:10.104,timeseries,2,Nested Product Conversion,mlx-community/DeepSeek-R1-Distill-Qwen-14B-4bit,941.0,11175.0,0.0,0
2026-06-26T15:28:10.166,timeseries,2,Nested Product Conversion,mlx-community/DeepSeek-R1-Distill-Qwen-14B-4bit,521.0,9853.0,0.0,0
2026-06-26T15:28:10.227,timeseries,2,Nested Product Conversion,mlx-community/DeepSeek-R1-Distill-Qwen-14B-4bit,273.0,11122.0,0.0,0
2026-06-26T15:28:10.289,timeseries,2,Nested Product Conversion,mlx-community/DeepSeek-R1-Distill-Qwen-14B-4bit,389.0,9805.0,0.0,0
2026-06-26T15:28:10.350,timeseries,2,Nested Product Conversion,mlx-community/DeepSeek-R1-Distill-Qwen-14B-4bit,376.0,9899.0,0.0,0
2026-06-26T15:28:10.412,timeseries,2,Nested Product Conversion,mlx-community/DeepSeek-R1-Distill-Qwen-14B-4bit,2552.0,10949.0,0.0,0
2026-06-26T15:28:10.473,timeseries,2,Nested Product Conversion,mlx-community/DeepSeek-R1-Distill-Qwen-14B-4bit,1286.0,9878.0,0.0,0
2026-06-26T15:28:10.534,timeseries,2,Nested Product Conversion,mlx-community/DeepSeek-R1-Distill-Qwen-14B-4bit,274.0,9717.0,0.0,0
2026-06-26T15:28:10.595,timeseries,2,Nested Product Conversion,mlx-community/DeepSeek-R1-Distill-Qwen-14B-4bit,229.0,11277.0,0.0,0
2026-06-26T15:28:10.657,timeseries,2,Nested Product Conversion,mlx-community/DeepSeek-R1-Distill-Qwen-14B-4bit,333.0,10036.0,0.0,0
2026-06-26T15:28:10.719,timeseries,2,Nested Product Conversion,mlx-community/DeepSeek-R1-Distill-Qwen-14B-4bit,194.0,9784.0,0.0,0
2026-06-26T15:28:10.781,timeseries,2,Nested Product Conversion,mlx-community/DeepSeek-R1-Distill-Qwen-14B-4bit,147.0,11265.0,0.0,0
2026-06-26T15:28:10.842,timeseries,2,Nested Product Conversion,mlx-community/DeepSeek-R1-Distill-Qwen-14B-4bit,128.0,9683.0,0.0,0
2026-06-26T15:28:10.905,timeseries,2,Nested Product Conversion,mlx-community/DeepSeek-R1-Distill-Qwen-14B-4bit,146.0,11242.0,0.0,0
2026-06-26T15:28:10.967,timeseries,2,Nested Product Conversion,mlx-community/DeepSeek-R1-Distill-Qwen-14B-4bit,113.0,9798.0,0.0,0
2026-06-26T15:28:11.030,timeseries,2,Nested Product Conversion,mlx-community/DeepSeek-R1-Distill-Qwen-14B-4bit,160.0,11049.0,0.0,0
2026-06-26T15:28:11.091,timeseries,2,Nested Product Conversion,mlx-community/DeepSeek-R1-Distill-Qwen-14B-4bit,144.0,9713.0,0.0,0
2026-06-26T15:28:11.155,timeseries,2,Nested Product Conversion,mlx-community/DeepSeek-R1-Distill-Qwen-14B-4bit,288.0,11028.0,0.0,0
2026-06-26T15:28:11.217,timeseries,2,Nested Product Conversion,mlx-community/DeepSeek-R1-Distill-Qwen-14B-4bit,115.0,9913.0,0.0,0
2026-06-26T15:28:11.279,timeseries,2,Nested Product Conversion,mlx-community/DeepSeek-R1-Distill-Qwen-14B-4bit,140.0,10792.0,0.0,0
2026-06-26T15:28:11.341,timeseries,2,Nested Product Conversion,mlx-community/DeepSeek-R1-Distill-Qwen-14B-4bit,130.0,9800.0,0.0,0
2026-06-26T15:28:11.404,timeseries,2,Nested Product Conversion,mlx-community/DeepSeek-R1-Distill-Qwen-14B-4bit,240.0,10979.0,0.0,0
2026-06-26T15:28:11.466,timeseries,2,Nested Product Conversion,mlx-community/DeepSeek-R1-Distill-Qwen-14B-4bit,179.0,9857.0,0.0,0
2026-06-26T15:28:11.526,timeseries,2,Nested Product Conversion,mlx-community/DeepSeek-R1-Distill-Qwen-14B-4bit,571.0,10842.0,0.0,0
2026-06-26T15:28:11.587,timeseries,2,Nested Product Conversion,mlx-community/DeepSeek-R1-Distill-Qwen-14B-4bit,279.0,9897.0,0.0,0
2026-06-26T15:28:11.649,timeseries,2,Nested Product Conversion,mlx-community/DeepSeek-R1-Distill-Qwen-14B-4bit,444.0,9940.0,0.0,0
2026-06-26T15:28:11.710,timeseries,2,Nested Product Conversion,mlx-community/DeepSeek-R1-Distill-Qwen-14B-4bit,180.0,9884.0,0.0,0
2026-06-26T15:28:11.773,timeseries,2,Nested Product Conversion,mlx-community/DeepSeek-R1-Distill-Qwen-14B-4bit,178.0,11151.0,0.0,0
2026-06-26T15:28:11.835,timeseries,2,Nested Product Conversion,mlx-community/DeepSeek-R1-Distill-Qwen-14B-4bit,146.0,9806.0,0.0,0
2026-06-26T15:28:11.897,timeseries,2,Nested Product Conversion,mlx-community/DeepSeek-R1-Distill-Qwen-14B-4bit,129.0,11109.0,0.0,0
2026-06-26T15:28:11.960,timeseries,2,Nested Product Conversion,mlx-community/DeepSeek-R1-Distill-Qwen-14B-4bit,145.0,9770.0,0.0,0
2026-06-26T15:28:12.023,timeseries,2,Nested Product Conversion,mlx-community/DeepSeek-R1-Distill-Qwen-14B-4bit,129.0,11131.0,0.0,0
2026-06-26T15:28:12.084,timeseries,2,Nested Product Conversion,mlx-community/DeepSeek-R1-Distill-Qwen-14B-4bit,159.0,9625.0,0.0,0
2026-06-26T15:28:12.145,timeseries,2,Nested Product Conversion,mlx-community/DeepSeek-R1-Distill-Qwen-14B-4bit,271.0,10970.0,0.0,0
2026-06-26T15:28:12.209,timeseries,2,Nested Product Conversion,mlx-community/DeepSeek-R1-Distill-Qwen-14B-4bit,147.0,9903.0,0.0,0
2026-06-26T15:28:12.271,timeseries,2,Nested Product Conversion,mlx-community/DeepSeek-R1-Distill-Qwen-14B-4bit,129.0,11116.0,0.0,0
2026-06-26T15:28:12.332,timeseries,2,Nested Product Conversion,mlx-community/DeepSeek-R1-Distill-Qwen-14B-4bit,126.0,9577.0,0.0,0
2026-06-26T15:28:12.393,timeseries,2,Nested Product Conversion,mlx-community/DeepSeek-R1-Distill-Qwen-14B-4bit,259.0,9719.0,0.0,0
2026-06-26T15:28:12.455,timeseries,2,Nested Product Conversion,mlx-community/DeepSeek-R1-Distill-Qwen-14B-4bit,164.0,11345.0,0.0,0
2026-06-26T15:28:12.516,timeseries,2,Nested Product Conversion,mlx-community/DeepSeek-R1-Distill-Qwen-14B-4bit,148.0,9913.0,0.0,0
2026-06-26T15:28:12.577,timeseries,2,Nested Product Conversion,mlx-community/DeepSeek-R1-Distill-Qwen-14B-4bit,130.0,11243.0,0.0,0
2026-06-26T15:28:12.639,timeseries,2,Nested Product Conversion,mlx-community/DeepSeek-R1-Distill-Qwen-14B-4bit,292.0,9779.0,0.0,0
2026-06-26T15:28:12.701,timeseries,2,Nested Product Conversion,mlx-community/DeepSeek-R1-Distill-Qwen-14B-4bit,146.0,9860.0,0.0,0
2026-06-26T15:28:12.762,timeseries,2,Nested Product Conversion,mlx-community/DeepSeek-R1-Distill-Qwen-14B-4bit,145.0,11124.0,0.0,0
2026-06-26T15:28:12.823,timeseries,2,Nested Product Conversion,mlx-community/DeepSeek-R1-Distill-Qwen-14B-4bit,148.0,9953.0,0.0,0
2026-06-26T15:28:12.884,timeseries,2,Nested Product Conversion,mlx-community/DeepSeek-R1-Distill-Qwen-14B-4bit,131.0,9905.0,0.0,0
2026-06-26T15:28:12.946,timeseries,2,Nested Product Conversion,mlx-community/DeepSeek-R1-Distill-Qwen-14B-4bit,148.0,11378.0,0.0,0
2026-06-26T15:28:13.009,timeseries,2,Nested Product Conversion,mlx-community/DeepSeek-R1-Distill-Qwen-14B-4bit,129.0,9782.0,0.0,0
2026-06-26T15:28:13.070,timeseries,2,Nested Product Conversion,mlx-community/DeepSeek-R1-Distill-Qwen-14B-4bit,129.0,11091.0,0.0,0
2026-06-26T15:28:13.132,timeseries,2,Nested Product Conversion,mlx-community/DeepSeek-R1-Distill-Qwen-14B-4bit,319.0,9608.0,0.0,0
2026-06-26T15:28:13.195,timeseries,2,Nested Product Conversion,mlx-community/DeepSeek-R1-Distill-Qwen-14B-4bit,162.0,9834.0,0.0,0
2026-06-26T15:28:13.257,timeseries,2,Nested Product Conversion,mlx-community/DeepSeek-R1-Distill-Qwen-14B-4bit,130.0,11243.0,0.0,0
2026-06-26T15:28:13.321,timeseries,2,Nested Product Conversion,mlx-community/DeepSeek-R1-Distill-Qwen-14B-4bit,128.0,9646.0,0.0,0
2026-06-26T15:28:13.382,timeseries,2,Nested Product Conversion,mlx-community/DeepSeek-R1-Distill-Qwen-14B-4bit,208.0,11039.0,0.0,0
2026-06-26T15:28:13.445,timeseries,2,Nested Product Conversion,mlx-community/DeepSeek-R1-Distill-Qwen-14B-4bit,253.0,10937.0,0.0,0
2026-06-26T15:28:13.506,timeseries,2,Nested Product Conversion,mlx-community/DeepSeek-R1-Distill-Qwen-14B-4bit,145.0,9776.0,0.0,0
2026-06-26T15:28:13.567,timeseries,2,Nested Product Conversion,mlx-community/DeepSeek-R1-Distill-Qwen-14B-4bit,146.0,9764.0,0.0,0
2026-06-26T15:28:13.629,timeseries,2,Nested Product Conversion,mlx-community/DeepSeek-R1-Distill-Qwen-14B-4bit,290.0,11106.0,0.0,0
2026-06-26T15:28:13.692,timeseries,2,Nested Product Conversion,mlx-community/DeepSeek-R1-Distill-Qwen-14B-4bit,214.0,9985.0,0.0,0
2026-06-26T15:28:13.753,timeseries,2,Nested Product Conversion,mlx-community/DeepSeek-R1-Distill-Qwen-14B-4bit,146.0,11172.0,0.0,0
2026-06-26T15:28:13.816,timeseries,2,Nested Product Conversion,mlx-community/DeepSeek-R1-Distill-Qwen-14B-4bit,128.0,9682.0,0.0,0
2026-06-26T15:28:13.878,timeseries,2,Nested Product Conversion,mlx-community/DeepSeek-R1-Distill-Qwen-14B-4bit,146.0,11184.0,0.0,0
2026-06-26T15:28:13.940,timeseries,2,Nested Product Conversion,mlx-community/DeepSeek-R1-Distill-Qwen-14B-4bit,143.0,9648.0,0.0,0
2026-06-26T15:28:14.002,timeseries,2,Nested Product Conversion,mlx-community/DeepSeek-R1-Distill-Qwen-14B-4bit,146.0,9790.0,0.0,0
2026-06-26T15:28:14.063,timeseries,2,Nested Product Conversion,mlx-community/DeepSeek-R1-Distill-Qwen-14B-4bit,129.0,11148.0,0.0,0
2026-06-26T15:28:14.124,timeseries,2,Nested Product Conversion,mlx-community/DeepSeek-R1-Distill-Qwen-14B-4bit,288.0,9626.0,0.0,0
2026-06-26T15:28:14.187,timeseries,2,Nested Product Conversion,mlx-community/DeepSeek-R1-Distill-Qwen-14B-4bit,233.0,10080.0,0.0,0
2026-06-26T15:28:14.248,timeseries,2,Nested Product Conversion,mlx-community/DeepSeek-R1-Distill-Qwen-14B-4bit,130.0,11238.0,0.0,0
2026-06-26T15:28:14.312,timeseries,2,Nested Product Conversion,mlx-community/DeepSeek-R1-Distill-Qwen-14B-4bit,128.0,9685.0,0.0,0
2026-06-26T15:28:14.374,timeseries,2,Nested Product Conversion,mlx-community/DeepSeek-R1-Distill-Qwen-14B-4bit,146.0,11152.0,0.0,0
2026-06-26T15:28:14.436,timeseries,2,Nested Product Conversion,mlx-community/DeepSeek-R1-Distill-Qwen-14B-4bit,250.0,10793.0,0.0,0
2026-06-26T15:28:14.499,timeseries,2,Nested Product Conversion,mlx-community/DeepSeek-R1-Distill-Qwen-14B-4bit,145.0,9808.0,0.0,0
2026-06-26T15:28:14.559,timeseries,2,Nested Product Conversion,mlx-community/DeepSeek-R1-Distill-Qwen-14B-4bit,129.0,9743.0,0.0,0
2026-06-26T15:28:14.621,timeseries,2,Nested Product Conversion,mlx-community/DeepSeek-R1-Distill-Qwen-14B-4bit,321.0,11057.0,0.0,0
2026-06-26T15:28:14.684,timeseries,2,Nested Product Conversion,mlx-community/DeepSeek-R1-Distill-Qwen-14B-4bit,183.0,10066.0,0.0,0
2026-06-26T15:28:14.746,timeseries,2,Nested Product Conversion,mlx-community/DeepSeek-R1-Distill-Qwen-14B-4bit,144.0,11075.0,0.0,0
2026-06-26T15:28:14.808,timeseries,2,Nested Product Conversion,mlx-community/DeepSeek-R1-Distill-Qwen-14B-4bit,129.0,9760.0,0.0,0
2026-06-26T15:28:14.871,timeseries,2,Nested Product Conversion,mlx-community/DeepSeek-R1-Distill-Qwen-14B-4bit,129.0,11138.0,0.0,0
2026-06-26T15:28:14.934,timeseries,2,Nested Product Conversion,mlx-community/DeepSeek-R1-Distill-Qwen-14B-4bit,160.0,9680.0,0.0,0
2026-06-26T15:28:14.996,timeseries,2,Nested Product Conversion,mlx-community/DeepSeek-R1-Distill-Qwen-14B-4bit,142.0,10948.0,0.0,0
2026-06-26T15:28:15.057,timeseries,2,Nested Product Conversion,mlx-community/DeepSeek-R1-Distill-Qwen-14B-4bit,128.0,9716.0,0.0,0
2026-06-26T15:28:15.119,timeseries,2,Nested Product Conversion,mlx-community/DeepSeek-R1-Distill-Qwen-14B-4bit,274.0,9713.0,0.0,0
2026-06-26T15:28:15.181,timeseries,2,Nested Product Conversion,mlx-community/DeepSeek-R1-Distill-Qwen-14B-4bit,182.0,11415.0,0.0,0
2026-06-26T15:28:15.244,timeseries,2,Nested Product Conversion,mlx-community/DeepSeek-R1-Distill-Qwen-14B-4bit,128.0,9695.0,0.0,0
2026-06-26T15:28:15.306,timeseries,2,Nested Product Conversion,mlx-community/DeepSeek-R1-Distill-Qwen-14B-4bit,129.0,11205.0,0.0,0
2026-06-26T15:28:15.368,timeseries,2,Nested Product Conversion,mlx-community/DeepSeek-R1-Distill-Qwen-14B-4bit,144.0,9688.0,0.0,0
2026-06-26T15:28:15.430,timeseries,2,Nested Product Conversion,mlx-community/DeepSeek-R1-Distill-Qwen-14B-4bit,257.0,11104.0,0.0,0
2026-06-26T15:28:15.491,timeseries,2,Nested Product Conversion,mlx-community/DeepSeek-R1-Distill-Qwen-14B-4bit,128.0,9764.0,0.0,0
2026-06-26T15:28:15.552,timeseries,2,Nested Product Conversion,mlx-community/DeepSeek-R1-Distill-Qwen-14B-4bit,387.0,11058.0,0.0,0
2026-06-26T15:28:15.614,timeseries,2,Nested Product Conversion,mlx-community/DeepSeek-R1-Distill-Qwen-14B-4bit,2304.0,9894.0,0.0,0
2026-06-26T15:28:15.676,timeseries,2,Nested Product Conversion,mlx-community/DeepSeek-R1-Distill-Qwen-14B-4bit,455.0,9822.0,0.0,0
2026-06-26T15:28:15.737,timeseries,2,Nested Product Conversion,mlx-community/DeepSeek-R1-Distill-Qwen-14B-4bit,241.0,11129.0,0.0,0
2026-06-26T15:28:15.799,timeseries,2,Nested Product Conversion,mlx-community/DeepSeek-R1-Distill-Qwen-14B-4bit,265.0,10041.0,0.0,0
2026-06-26T15:28:15.860,timeseries,2,Nested Product Conversion,mlx-community/DeepSeek-R1-Distill-Qwen-14B-4bit,340.0,9844.0,0.0,0
2026-06-26T15:28:15.922,timeseries,2,Nested Product Conversion,mlx-community/DeepSeek-R1-Distill-Qwen-14B-4bit,372.0,11235.0,0.0,0
2026-06-26T15:28:15.983,timeseries,2,Nested Product Conversion,mlx-community/DeepSeek-R1-Distill-Qwen-14B-4bit,522.0,9883.0,0.0,0
2026-06-26T15:28:16.044,timeseries,2,Nested Product Conversion,mlx-community/DeepSeek-R1-Distill-Qwen-14B-4bit,388.0,11215.0,0.0,0
2026-06-26T15:28:16.106,timeseries,2,Nested Product Conversion,mlx-community/DeepSeek-R1-Distill-Qwen-14B-4bit,932.0,9895.0,0.0,0
2026-06-26T15:28:16.167,timeseries,2,Nested Product Conversion,mlx-community/DeepSeek-R1-Distill-Qwen-14B-4bit,439.0,9887.0,0.0,0
2026-06-26T15:28:16.229,timeseries,2,Nested Product Conversion,mlx-community/DeepSeek-R1-Distill-Qwen-14B-4bit,470.0,11193.0,0.0,0
2026-06-26T15:28:16.291,timeseries,2,Nested Product Conversion,mlx-community/DeepSeek-R1-Distill-Qwen-14B-4bit,276.0,9884.0,0.0,0
2026-06-26T15:28:16.353,timeseries,2,Nested Product Conversion,mlx-community/DeepSeek-R1-Distill-Qwen-14B-4bit,420.0,11219.0,0.0,0
2026-06-26T15:28:16.415,timeseries,2,Nested Product Conversion,mlx-community/DeepSeek-R1-Distill-Qwen-14B-4bit,818.0,9901.0,0.0,0
2026-06-26T15:28:16.477,timeseries,2,Nested Product Conversion,mlx-community/DeepSeek-R1-Distill-Qwen-14B-4bit,399.0,9701.0,0.0,0
2026-06-26T15:28:16.538,timeseries,2,Nested Product Conversion,mlx-community/DeepSeek-R1-Distill-Qwen-14B-4bit,339.0,11197.0,0.0,0
2026-06-26T15:28:16.600,timeseries,2,Nested Product Conversion,mlx-community/DeepSeek-R1-Distill-Qwen-14B-4bit,1083.0,9712.0,0.0,0
2026-06-26T15:28:16.662,timeseries,2,Nested Product Conversion,mlx-community/DeepSeek-R1-Distill-Qwen-14B-4bit,1243.0,11185.0,0.0,0
2026-06-26T15:28:16.724,timeseries,2,Nested Product Conversion,mlx-community/DeepSeek-R1-Distill-Qwen-14B-4bit,324.0,9808.0,0.0,0
2026-06-26T15:28:16.788,timeseries,2,Nested Product Conversion,mlx-community/DeepSeek-R1-Distill-Qwen-14B-4bit,709.0,9755.0,0.0,0
2026-06-26T15:28:16.850,timeseries,2,Nested Product Conversion,mlx-community/DeepSeek-R1-Distill-Qwen-14B-4bit,501.0,11064.0,0.0,0
2026-06-26T15:28:16.912,timeseries,2,Nested Product Conversion,mlx-community/DeepSeek-R1-Distill-Qwen-14B-4bit,483.0,10694.0,0.0,0
2026-06-26T15:28:16.973,timeseries,2,Nested Product Conversion,mlx-community/DeepSeek-R1-Distill-Qwen-14B-4bit,372.0,9813.0,0.0,0
2026-06-26T15:28:17.035,timeseries,2,Nested Product Conversion,mlx-community/DeepSeek-R1-Distill-Qwen-14B-4bit,515.0,9731.0,0.0,0
2026-06-26T15:28:17.097,timeseries,2,Nested Product Conversion,mlx-community/DeepSeek-R1-Distill-Qwen-14B-4bit,933.0,11321.0,0.0,0
2026-06-26T15:28:17.158,timeseries,2,Nested Product Conversion,mlx-community/DeepSeek-R1-Distill-Qwen-14B-4bit,420.0,9836.0,0.0,0
2026-06-26T15:28:17.220,timeseries,2,Nested Product Conversion,mlx-community/DeepSeek-R1-Distill-Qwen-14B-4bit,404.0,11225.0,0.0,0
2026-06-26T15:28:17.281,timeseries,2,Nested Product Conversion,mlx-community/DeepSeek-R1-Distill-Qwen-14B-4bit,407.0,9872.0,0.0,0
2026-06-26T15:28:17.342,timeseries,2,Nested Product Conversion,mlx-community/DeepSeek-R1-Distill-Qwen-14B-4bit,309.0,9894.0,0.0,0
2026-06-26T15:28:17.404,timeseries,2,Nested Product Conversion,mlx-community/DeepSeek-R1-Distill-Qwen-14B-4bit,815.0,11283.0,0.0,0
2026-06-26T15:28:17.466,timeseries,2,Nested Product Conversion,mlx-community/DeepSeek-R1-Distill-Qwen-14B-4bit,410.0,10008.0,0.0,0
2026-06-26T15:28:17.528,timeseries,2,Nested Product Conversion,mlx-community/DeepSeek-R1-Distill-Qwen-14B-4bit,453.0,9812.0,0.0,0
2026-06-26T15:28:17.590,timeseries,2,Nested Product Conversion,mlx-community/DeepSeek-R1-Distill-Qwen-14B-4bit,760.0,11197.0,0.0,0
2026-06-26T15:28:17.651,timeseries,2,Nested Product Conversion,mlx-community/DeepSeek-R1-Distill-Qwen-14B-4bit,482.0,9762.0,0.0,0
2026-06-26T15:28:17.714,timeseries,2,Nested Product Conversion,mlx-community/DeepSeek-R1-Distill-Qwen-14B-4bit,405.0,11239.0,0.0,0
2026-06-26T15:28:17.775,timeseries,2,Nested Product Conversion,mlx-community/DeepSeek-R1-Distill-Qwen-14B-4bit,390.0,9856.0,0.0,0
2026-06-26T15:28:17.838,timeseries,2,Nested Product Conversion,mlx-community/DeepSeek-R1-Distill-Qwen-14B-4bit,336.0,11100.0,0.0,0
2026-06-26T15:28:17.899,timeseries,2,Nested Product Conversion,mlx-community/DeepSeek-R1-Distill-Qwen-14B-4bit,438.0,9843.0,0.0,0
2026-06-26T15:28:17.960,timeseries,2,Nested Product Conversion,mlx-community/DeepSeek-R1-Distill-Qwen-14B-4bit,384.0,9736.0,0.0,0
2026-06-26T15:28:18.021,timeseries,2,Nested Product Conversion,mlx-community/DeepSeek-R1-Distill-Qwen-14B-4bit,393.0,11354.0,0.0,0
2026-06-26T15:28:18.083,timeseries,2,Nested Product Conversion,mlx-community/DeepSeek-R1-Distill-Qwen-14B-4bit,538.0,9856.0,0.0,0
2026-06-26T15:28:18.145,timeseries,2,Nested Product Conversion,mlx-community/DeepSeek-R1-Distill-Qwen-14B-4bit,948.0,11354.0,0.0,0
2026-06-26T15:28:18.206,timeseries,2,Nested Product Conversion,mlx-community/DeepSeek-R1-Distill-Qwen-14B-4bit,391.0,9897.0,0.0,0
2026-06-26T15:28:18.268,timeseries,2,Nested Product Conversion,mlx-community/DeepSeek-R1-Distill-Qwen-14B-4bit,402.0,9733.0,0.0,0
2026-06-26T15:28:18.332,timeseries,2,Nested Product Conversion,mlx-community/DeepSeek-R1-Distill-Qwen-14B-4bit,391.0,11297.0,0.0,0
2026-06-26T15:28:18.394,timeseries,2,Nested Product Conversion,mlx-community/DeepSeek-R1-Distill-Qwen-14B-4bit,759.0,9743.0,0.0,0
2026-06-26T15:28:18.456,timeseries,2,Nested Product Conversion,mlx-community/DeepSeek-R1-Distill-Qwen-14B-4bit,692.0,10844.0,0.0,0
2026-06-26T15:28:18.517,timeseries,2,Nested Product Conversion,mlx-community/DeepSeek-R1-Distill-Qwen-14B-4bit,405.0,9862.0,0.0,0
2026-06-26T15:28:18.580,timeseries,2,Nested Product Conversion,mlx-community/DeepSeek-R1-Distill-Qwen-14B-4bit,2017.0,10935.0,0.0,0
2026-06-26T15:28:18.642,timeseries,2,Nested Product Conversion,mlx-community/DeepSeek-R1-Distill-Qwen-14B-4bit,1218.0,9975.0,0.0,0
2026-06-26T15:28:18.705,timeseries,2,Nested Product Conversion,mlx-community/DeepSeek-R1-Distill-Qwen-14B-4bit,254.0,11000.0,0.0,0
2026-06-26T15:28:18.767,timeseries,2,Nested Product Conversion,mlx-community/DeepSeek-R1-Distill-Qwen-14B-4bit,178.0,9827.0,0.0,0
2026-06-26T15:28:18.829,timeseries,2,Nested Product Conversion,mlx-community/DeepSeek-R1-Distill-Qwen-14B-4bit,236.0,10847.0,0.0,0
2026-06-26T15:28:18.891,timeseries,2,Nested Product Conversion,mlx-community/DeepSeek-R1-Distill-Qwen-14B-4bit,114.0,9900.0,0.0,0
2026-06-26T15:28:18.954,timeseries,2,Nested Product Conversion,mlx-community/DeepSeek-R1-Distill-Qwen-14B-4bit,128.0,11145.0,0.0,0
2026-06-26T15:28:19.016,timeseries,2,Nested Product Conversion,mlx-community/DeepSeek-R1-Distill-Qwen-14B-4bit,145.0,9809.0,0.0,0
2026-06-26T15:28:19.079,timeseries,2,Nested Product Conversion,mlx-community/DeepSeek-R1-Distill-Qwen-14B-4bit,144.0,11077.0,0.0,0
2026-06-26T15:28:19.141,timeseries,2,Nested Product Conversion,mlx-community/DeepSeek-R1-Distill-Qwen-14B-4bit,321.0,9664.0,0.0,0
2026-06-26T15:28:19.203,timeseries,2,Nested Product Conversion,mlx-community/DeepSeek-R1-Distill-Qwen-14B-4bit,159.0,9682.0,0.0,0
2026-06-26T15:28:19.266,timeseries,2,Nested Product Conversion,mlx-community/DeepSeek-R1-Distill-Qwen-14B-4bit,130.0,11249.0,0.0,0
2026-06-26T15:28:19.328,timeseries,2,Nested Product Conversion,mlx-community/DeepSeek-R1-Distill-Qwen-14B-4bit,143.0,9671.0,0.0,0
2026-06-26T15:28:19.391,timeseries,2,Nested Product Conversion,mlx-community/DeepSeek-R1-Distill-Qwen-14B-4bit,228.0,11212.0,0.0,0
2026-06-26T15:28:19.453,timeseries,2,Nested Product Conversion,mlx-community/DeepSeek-R1-Distill-Qwen-14B-4bit,159.0,9673.0,0.0,0
2026-06-26T15:28:19.515,timeseries,2,Nested Product Conversion,mlx-community/DeepSeek-R1-Distill-Qwen-14B-4bit,144.0,11094.0,0.0,0
2026-06-26T15:28:19.577,timeseries,2,Nested Product Conversion,mlx-community/DeepSeek-R1-Distill-Qwen-14B-4bit,144.0,9685.0,0.0,0
2026-06-26T15:28:19.639,timeseries,2,Nested Product Conversion,mlx-community/DeepSeek-R1-Distill-Qwen-14B-4bit,324.0,11159.0,0.0,0
2026-06-26T15:28:19.700,timeseries,2,Nested Product Conversion,mlx-community/DeepSeek-R1-Distill-Qwen-14B-4bit,130.0,9915.0,0.0,0
2026-06-26T15:28:19.763,timeseries,2,Nested Product Conversion,mlx-community/DeepSeek-R1-Distill-Qwen-14B-4bit,129.0,11172.0,0.0,0
2026-06-26T15:28:19.825,timeseries,2,Nested Product Conversion,mlx-community/DeepSeek-R1-Distill-Qwen-14B-4bit,130.0,9877.0,0.0,0
2026-06-26T15:28:19.887,timeseries,2,Nested Product Conversion,mlx-community/DeepSeek-R1-Distill-Qwen-14B-4bit,144.0,11107.0,0.0,0
2026-06-26T15:28:19.949,timeseries,2,Nested Product Conversion,mlx-community/DeepSeek-R1-Distill-Qwen-14B-4bit,113.0,9819.0,0.0,0
2026-06-26T15:28:20.011,timeseries,2,Nested Product Conversion,mlx-community/DeepSeek-R1-Distill-Qwen-14B-4bit,144.0,9748.0,0.0,0
2026-06-26T15:28:20.071,timeseries,2,Nested Product Conversion,mlx-community/DeepSeek-R1-Distill-Qwen-14B-4bit,145.0,11204.0,0.0,0
2026-06-26T15:28:20.132,timeseries,2,Nested Product Conversion,mlx-community/DeepSeek-R1-Distill-Qwen-14B-4bit,339.0,9757.0,0.0,0
2026-06-26T15:28:20.194,timeseries,2,Nested Product Conversion,mlx-community/DeepSeek-R1-Distill-Qwen-14B-4bit,234.0,10171.0,0.0,0
2026-06-26T15:28:20.256,timeseries,2,Nested Product Conversion,mlx-community/DeepSeek-R1-Distill-Qwen-14B-4bit,163.0,11349.0,0.0,0
2026-06-26T15:28:20.320,timeseries,2,Nested Product Conversion,mlx-community/DeepSeek-R1-Distill-Qwen-14B-4bit,129.0,9830.0,0.0,0
2026-06-26T15:28:20.382,timeseries,2,Nested Product Conversion,mlx-community/DeepSeek-R1-Distill-Qwen-14B-4bit,207.0,11041.0,0.0,0
2026-06-26T15:28:20.445,timeseries,2,Nested Product Conversion,mlx-community/DeepSeek-R1-Distill-Qwen-14B-4bit,300.0,10903.0,0.0,0
2026-06-26T15:28:20.507,timeseries,2,Nested Product Conversion,mlx-community/DeepSeek-R1-Distill-Qwen-14B-4bit,143.0,9702.0,0.0,0
2026-06-26T15:28:20.570,timeseries,2,Nested Product Conversion,mlx-community/DeepSeek-R1-Distill-Qwen-14B-4bit,145.0,9776.0,0.0,0
2026-06-26T15:28:20.631,timeseries,2,Nested Product Conversion,mlx-community/DeepSeek-R1-Distill-Qwen-14B-4bit,307.0,11153.0,0.0,0
2026-06-26T15:28:20.693,timeseries,2,Nested Product Conversion,mlx-community/DeepSeek-R1-Distill-Qwen-14B-4bit,2061.0,9479.0,0.0,0
2026-06-26T15:28:20.756,timeseries,2,Nested Product Conversion,mlx-community/DeepSeek-R1-Distill-Qwen-14B-4bit,649.0,11270.0,0.0,0
2026-06-26T15:28:20.816,timeseries,2,Nested Product Conversion,mlx-community/DeepSeek-R1-Distill-Qwen-14B-4bit,306.0,9792.0,0.0,0
2026-06-26T15:28:20.878,timeseries,2,Nested Product Conversion,mlx-community/DeepSeek-R1-Distill-Qwen-14B-4bit,243.0,11266.0,0.0,0
2026-06-26T15:28:20.939,timeseries,2,Nested Product Conversion,mlx-community/DeepSeek-R1-Distill-Qwen-14B-4bit,457.0,9916.0,0.0,0
2026-06-26T15:28:21.000,timeseries,2,Nested Product Conversion,mlx-community/DeepSeek-R1-Distill-Qwen-14B-4bit,261.0,9918.0,0.0,0
2026-06-26T15:28:21.063,timeseries,2,Nested Product Conversion,mlx-community/DeepSeek-R1-Distill-Qwen-14B-4bit,391.0,11350.0,0.0,0
2026-06-26T15:28:21.124,timeseries,2,Nested Product Conversion,mlx-community/DeepSeek-R1-Distill-Qwen-14B-4bit,960.0,9894.0,0.0,0
2026-06-26T15:28:21.186,timeseries,2,Nested Product Conversion,mlx-community/DeepSeek-R1-Distill-Qwen-14B-4bit,644.0,11203.0,0.0,0
2026-06-26T15:28:21.247,timeseries,2,Nested Product Conversion,mlx-community/DeepSeek-R1-Distill-Qwen-14B-4bit,276.0,9865.0,0.0,0
2026-06-26T15:28:21.312,timeseries,2,Nested Product Conversion,mlx-community/DeepSeek-R1-Distill-Qwen-14B-4bit,391.0,9931.0,0.0,0
2026-06-26T15:28:21.373,timeseries,2,Nested Product Conversion,mlx-community/DeepSeek-R1-Distill-Qwen-14B-4bit,795.0,11232.0,0.0,0
2026-06-26T15:28:21.435,timeseries,2,Nested Product Conversion,mlx-community/DeepSeek-R1-Distill-Qwen-14B-4bit,720.0,9483.0,0.0,0
2026-06-26T15:28:21.497,timeseries,2,Nested Product Conversion,mlx-community/DeepSeek-R1-Distill-Qwen-14B-4bit,468.0,11220.0,0.0,0
2026-06-26T15:28:21.559,timeseries,2,Nested Product Conversion,mlx-community/DeepSeek-R1-Distill-Qwen-14B-4bit,1309.0,9759.0,0.0,0
2026-06-26T15:28:21.620,timeseries,2,Nested Product Conversion,mlx-community/DeepSeek-R1-Distill-Qwen-14B-4bit,967.0,11179.0,0.0,0
2026-06-26T15:28:21.682,timeseries,2,Nested Product Conversion,mlx-community/DeepSeek-R1-Distill-Qwen-14B-4bit,406.0,9898.0,0.0,0
2026-06-26T15:28:21.743,timeseries,2,Nested Product Conversion,mlx-community/DeepSeek-R1-Distill-Qwen-14B-4bit,502.0,9839.0,0.0,0
2026-06-26T15:28:21.805,timeseries,2,Nested Product Conversion,mlx-community/DeepSeek-R1-Distill-Qwen-14B-4bit,261.0,11359.0,0.0,0
2026-06-26T15:28:21.867,timeseries,2,Nested Product Conversion,mlx-community/DeepSeek-R1-Distill-Qwen-14B-4bit,392.0,9967.0,0.0,0
2026-06-26T15:28:21.928,timeseries,2,Nested Product Conversion,mlx-community/DeepSeek-R1-Distill-Qwen-14B-4bit,389.0,11294.0,0.0,0
2026-06-26T15:28:21.990,timeseries,2,Nested Product Conversion,mlx-community/DeepSeek-R1-Distill-Qwen-14B-4bit,435.0,9788.0,0.0,0
2026-06-26T15:28:22.052,timeseries,2,Nested Product Conversion,mlx-community/DeepSeek-R1-Distill-Qwen-14B-4bit,275.0,9867.0,0.0,0
2026-06-26T15:28:22.114,timeseries,2,Nested Product Conversion,mlx-community/DeepSeek-R1-Distill-Qwen-14B-4bit,1023.0,11284.0,0.0,0
2026-06-26T15:28:22.176,timeseries,2,Nested Product Conversion,mlx-community/DeepSeek-R1-Distill-Qwen-14B-4bit,422.0,9923.0,0.0,0
2026-06-26T15:28:22.237,timeseries,2,Nested Product Conversion,mlx-community/DeepSeek-R1-Distill-Qwen-14B-4bit,628.0,11200.0,0.0,0
2026-06-26T15:28:22.300,timeseries,2,Nested Product Conversion,mlx-community/DeepSeek-R1-Distill-Qwen-14B-4bit,259.0,9814.0,0.0,0
2026-06-26T15:28:22.361,timeseries,2,Nested Product Conversion,mlx-community/DeepSeek-R1-Distill-Qwen-14B-4bit,391.0,11350.0,0.0,0
2026-06-26T15:28:22.423,timeseries,2,Nested Product Conversion,mlx-community/DeepSeek-R1-Distill-Qwen-14B-4bit,800.0,9725.0,0.0,0
2026-06-26T15:28:22.486,timeseries,2,Nested Product Conversion,mlx-community/DeepSeek-R1-Distill-Qwen-14B-4bit,501.0,9896.0,0.0,0
2026-06-26T15:28:22.548,timeseries,2,Nested Product Conversion,mlx-community/DeepSeek-R1-Distill-Qwen-14B-4bit,290.0,11192.0,0.0,0
2026-06-26T15:28:22.609,timeseries,2,Nested Product Conversion,mlx-community/DeepSeek-R1-Distill-Qwen-14B-4bit,917.0,9786.0,0.0,0
2026-06-26T15:28:22.671,timeseries,2,Nested Product Conversion,mlx-community/DeepSeek-R1-Distill-Qwen-14B-4bit,415.0,11124.0,0.0,0
2026-06-26T15:28:22.732,timeseries,2,Nested Product Conversion,mlx-community/DeepSeek-R1-Distill-Qwen-14B-4bit,392.0,9957.0,0.0,0
2026-06-26T15:28:22.794,timeseries,2,Nested Product Conversion,mlx-community/DeepSeek-R1-Distill-Qwen-14B-4bit,470.0,11261.0,0.0,0
2026-06-26T15:28:22.856,timeseries,2,Nested Product Conversion,mlx-community/DeepSeek-R1-Distill-Qwen-14B-4bit,277.0,9963.0,0.0,0
2026-06-26T15:28:22.917,timeseries,2,Nested Product Conversion,mlx-community/DeepSeek-R1-Distill-Qwen-14B-4bit,375.0,9929.0,0.0,0
2026-06-26T15:28:22.980,timeseries,2,Nested Product Conversion,mlx-community/DeepSeek-R1-Distill-Qwen-14B-4bit,404.0,11273.0,0.0,0
2026-06-26T15:28:23.042,timeseries,2,Nested Product Conversion,mlx-community/DeepSeek-R1-Distill-Qwen-14B-4bit,424.0,9904.0,0.0,0
2026-06-26T15:28:23.104,timeseries,2,Nested Product Conversion,mlx-community/DeepSeek-R1-Distill-Qwen-14B-4bit,851.0,10991.0,0.0,0
2026-06-26T15:28:23.166,timeseries,2,Nested Product Conversion,mlx-community/DeepSeek-R1-Distill-Qwen-14B-4bit,440.0,9984.0,0.0,0
2026-06-26T15:28:23.227,timeseries,2,Nested Product Conversion,mlx-community/DeepSeek-R1-Distill-Qwen-14B-4bit,401.0,11178.0,0.0,0
2026-06-26T15:28:23.289,timeseries,2,Nested Product Conversion,mlx-community/DeepSeek-R1-Distill-Qwen-14B-4bit,632.0,9890.0,0.0,0
2026-06-26T15:28:23.351,timeseries,2,Nested Product Conversion,mlx-community/DeepSeek-R1-Distill-Qwen-14B-4bit,292.0,9896.0,0.0,0
2026-06-26T15:28:23.414,timeseries,2,Nested Product Conversion,mlx-community/DeepSeek-R1-Distill-Qwen-14B-4bit,795.0,11320.0,0.0,0
2026-06-26T15:28:23.475,timeseries,2,Nested Product Conversion,mlx-community/DeepSeek-R1-Distill-Qwen-14B-4bit,419.0,9873.0,0.0,0
2026-06-26T15:28:23.538,timeseries,2,Nested Product Conversion,mlx-community/DeepSeek-R1-Distill-Qwen-14B-4bit,465.0,11198.0,0.0,0
2026-06-26T15:28:23.599,timeseries,2,Nested Product Conversion,mlx-community/DeepSeek-R1-Distill-Qwen-14B-4bit,849.0,9924.0,0.0,0
2026-06-26T15:28:23.661,timeseries,2,Nested Product Conversion,mlx-community/DeepSeek-R1-Distill-Qwen-14B-4bit,445.0,11103.0,0.0,0
2026-06-26T15:28:23.723,timeseries,2,Nested Product Conversion,mlx-community/DeepSeek-R1-Distill-Qwen-14B-4bit,391.0,9967.0,0.0,0
2026-06-26T15:28:23.785,timeseries,2,Nested Product Conversion,mlx-community/DeepSeek-R1-Distill-Qwen-14B-4bit,468.0,9868.0,0.0,0
2026-06-26T15:28:23.847,timeseries,2,Nested Product Conversion,mlx-community/DeepSeek-R1-Distill-Qwen-14B-4bit,423.0,11335.0,0.0,0
2026-06-26T15:28:23.909,timeseries,2,Nested Product Conversion,mlx-community/DeepSeek-R1-Distill-Qwen-14B-4bit,273.0,9825.0,0.0,0
2026-06-26T15:28:23.972,timeseries,2,Nested Product Conversion,mlx-community/DeepSeek-R1-Distill-Qwen-14B-4bit,419.0,11254.0,0.0,0
2026-06-26T15:28:24.033,timeseries,2,Nested Product Conversion,mlx-community/DeepSeek-R1-Distill-Qwen-14B-4bit,405.0,9938.0,0.0,0
2026-06-26T15:28:24.095,timeseries,2,Nested Product Conversion,mlx-community/DeepSeek-R1-Distill-Qwen-14B-4bit,1012.0,10994.0,0.0,0
2026-06-26T15:28:24.157,timeseries,2,Nested Product Conversion,mlx-community/DeepSeek-R1-Distill-Qwen-14B-4bit,295.0,9990.0,0.0,0
2026-06-26T15:28:24.219,timeseries,2,Nested Product Conversion,mlx-community/DeepSeek-R1-Distill-Qwen-14B-4bit,385.0,9791.0,0.0,0
2026-06-26T15:28:24.280,timeseries,2,Nested Product Conversion,mlx-community/DeepSeek-R1-Distill-Qwen-14B-4bit,391.0,11352.0,0.0,0
2026-06-26T15:28:24.342,timeseries,2,Nested Product Conversion,mlx-community/DeepSeek-R1-Distill-Qwen-14B-4bit,619.0,9913.0,0.0,0
2026-06-26T15:28:24.403,timeseries,2,Nested Product Conversion,mlx-community/DeepSeek-R1-Distill-Qwen-14B-4bit,675.0,11152.0,0.0,0
2026-06-26T15:28:24.465,timeseries,2,Nested Product Conversion,mlx-community/DeepSeek-R1-Distill-Qwen-14B-4bit,410.0,10042.0,0.0,0
2026-06-26T15:28:24.526,timeseries,2,Nested Product Conversion,mlx-community/DeepSeek-R1-Distill-Qwen-14B-4bit,403.0,9835.0,0.0,0
2026-06-26T15:28:24.588,timeseries,2,Nested Product Conversion,mlx-community/DeepSeek-R1-Distill-Qwen-14B-4bit,830.0,11293.0,0.0,0
2026-06-26T15:28:24.650,timeseries,2,Nested Product Conversion,mlx-community/DeepSeek-R1-Distill-Qwen-14B-4bit,472.0,9918.0,0.0,0
2026-06-26T15:28:24.712,timeseries,2,Nested Product Conversion,mlx-community/DeepSeek-R1-Distill-Qwen-14B-4bit,405.0,11294.0,0.0,0
2026-06-26T15:28:24.773,timeseries,2,Nested Product Conversion,mlx-community/DeepSeek-R1-Distill-Qwen-14B-4bit,389.0,9897.0,0.0,0
2026-06-26T15:28:24.834,timeseries,2,Nested Product Conversion,mlx-community/DeepSeek-R1-Distill-Qwen-14B-4bit,453.0,9854.0,0.0,0
2026-06-26T15:28:24.896,timeseries,2,Nested Product Conversion,mlx-community/DeepSeek-R1-Distill-Qwen-14B-4bit,276.0,11314.0,0.0,0
2026-06-26T15:28:24.958,timeseries,2,Nested Product Conversion,mlx-community/DeepSeek-R1-Distill-Qwen-14B-4bit,378.0,10012.0,0.0,0
2026-06-26T15:28:25.018,timeseries,2,Nested Product Conversion,mlx-community/DeepSeek-R1-Distill-Qwen-14B-4bit,405.0,11298.0,0.0,0
2026-06-26T15:28:25.080,timeseries,2,Nested Product Conversion,mlx-community/DeepSeek-R1-Distill-Qwen-14B-4bit,460.0,10018.0,0.0,0
2026-06-26T15:28:25.142,timeseries,2,Nested Product Conversion,mlx-community/DeepSeek-R1-Distill-Qwen-14B-4bit,815.0,9913.0,0.0,0
2026-06-26T15:28:25.204,timeseries,2,Nested Product Conversion,mlx-community/DeepSeek-R1-Distill-Qwen-14B-4bit,432.0,11159.0,0.0,0
2026-06-26T15:28:25.265,timeseries,2,Nested Product Conversion,mlx-community/DeepSeek-R1-Distill-Qwen-14B-4bit,391.0,9935.0,0.0,0
2026-06-26T15:28:25.327,timeseries,2,Nested Product Conversion,mlx-community/DeepSeek-R1-Distill-Qwen-14B-4bit,372.0,9859.0,0.0,0
2026-06-26T15:28:25.389,timeseries,2,Nested Product Conversion,mlx-community/DeepSeek-R1-Distill-Qwen-14B-4bit,1047.0,11349.0,0.0,0
2026-06-26T15:28:25.451,timeseries,2,Nested Product Conversion,mlx-community/DeepSeek-R1-Distill-Qwen-14B-4bit,289.0,9838.0,0.0,0
2026-06-26T15:28:25.512,timeseries,2,Nested Product Conversion,mlx-community/DeepSeek-R1-Distill-Qwen-14B-4bit,372.0,11279.0,0.0,0
2026-06-26T15:28:25.573,timeseries,2,Nested Product Conversion,mlx-community/DeepSeek-R1-Distill-Qwen-14B-4bit,409.0,9973.0,0.0,0
2026-06-26T15:28:25.634,timeseries,2,Nested Product Conversion,mlx-community/DeepSeek-R1-Distill-Qwen-14B-4bit,989.0,9856.0,0.0,0
2026-06-26T15:28:25.695,timeseries,2,Nested Product Conversion,mlx-community/DeepSeek-R1-Distill-Qwen-14B-4bit,310.0,11370.0,0.0,0
2026-06-26T15:28:25.757,timeseries,2,Nested Product Conversion,mlx-community/DeepSeek-R1-Distill-Qwen-14B-4bit,1986.0,9880.0,0.0,0
2026-06-26T15:28:25.818,timeseries,2,Nested Product Conversion,mlx-community/DeepSeek-R1-Distill-Qwen-14B-4bit,1621.0,9936.0,0.0,0
2026-06-26T15:28:25.880,timeseries,2,Nested Product Conversion,mlx-community/DeepSeek-R1-Distill-Qwen-14B-4bit,228.0,11320.0,0.0,0
2026-06-26T15:28:25.942,timeseries,2,Nested Product Conversion,mlx-community/DeepSeek-R1-Distill-Qwen-14B-4bit,131.0,9986.0,0.0,0
2026-06-26T15:28:26.004,timeseries,2,Nested Product Conversion,mlx-community/DeepSeek-R1-Distill-Qwen-14B-4bit,129.0,11230.0,0.0,0
2026-06-26T15:28:26.066,timeseries,2,Nested Product Conversion,mlx-community/DeepSeek-R1-Distill-Qwen-14B-4bit,145.0,9841.0,0.0,0
2026-06-26T15:28:26.129,timeseries,2,Nested Product Conversion,mlx-community/DeepSeek-R1-Distill-Qwen-14B-4bit,353.0,11105.0,0.0,0
2026-06-26T15:28:26.190,timeseries,2,Nested Product Conversion,mlx-community/DeepSeek-R1-Distill-Qwen-14B-4bit,178.0,9865.0,0.0,0
2026-06-26T15:28:26.252,timeseries,2,Nested Product Conversion,mlx-community/DeepSeek-R1-Distill-Qwen-14B-4bit,146.0,9888.0,0.0,0
2026-06-26T15:28:26.314,timeseries,2,Nested Product Conversion,mlx-community/DeepSeek-R1-Distill-Qwen-14B-4bit,129.0,11270.0,0.0,0
2026-06-26T15:28:26.376,timeseries,2,Nested Product Conversion,mlx-community/DeepSeek-R1-Distill-Qwen-14B-4bit,161.0,9818.0,0.0,0
2026-06-26T15:28:26.438,timeseries,2,Nested Product Conversion,mlx-community/DeepSeek-R1-Distill-Qwen-14B-4bit,383.0,11107.0,0.0,0
2026-06-26T15:28:26.501,timeseries,2,Nested Product Conversion,mlx-community/DeepSeek-R1-Distill-Qwen-14B-4bit,146.0,9952.0,0.0,0
2026-06-26T15:28:26.562,timeseries,2,Nested Product Conversion,mlx-community/DeepSeek-R1-Distill-Qwen-14B-4bit,144.0,11160.0,0.0,0
2026-06-26T15:28:26.626,timeseries,2,Nested Product Conversion,mlx-community/DeepSeek-R1-Distill-Qwen-14B-4bit,290.0,9777.0,0.0,0
2026-06-26T15:28:26.688,timeseries,2,Nested Product Conversion,mlx-community/DeepSeek-R1-Distill-Qwen-14B-4bit,162.0,11253.0,0.0,0
2026-06-26T15:28:26.750,timeseries,2,Nested Product Conversion,mlx-community/DeepSeek-R1-Distill-Qwen-14B-4bit,141.0,9618.0,0.0,0
2026-06-26T15:28:26.812,timeseries,2,Nested Product Conversion,mlx-community/DeepSeek-R1-Distill-Qwen-14B-4bit,256.0,11081.0,0.0,0
2026-06-26T15:28:26.875,timeseries,2,Nested Product Conversion,mlx-community/DeepSeek-R1-Distill-Qwen-14B-4bit,130.0,9888.0,0.0,0
2026-06-26T15:28:26.937,timeseries,2,Nested Product Conversion,mlx-community/DeepSeek-R1-Distill-Qwen-14B-4bit,145.0,11191.0,0.0,0
2026-06-26T15:28:26.999,timeseries,2,Nested Product Conversion,mlx-community/DeepSeek-R1-Distill-Qwen-14B-4bit,112.0,9755.0,0.0,0
2026-06-26T15:28:27.060,timeseries,2,Nested Product Conversion,mlx-community/DeepSeek-R1-Distill-Qwen-14B-4bit,128.0,11164.0,0.0,0
2026-06-26T15:28:27.122,timeseries,2,Nested Product Conversion,mlx-community/DeepSeek-R1-Distill-Qwen-14B-4bit,291.0,9801.0,0.0,0
2026-06-26T15:28:27.183,timeseries,2,Nested Product Conversion,mlx-community/DeepSeek-R1-Distill-Qwen-14B-4bit,181.0,10016.0,0.0,0
2026-06-26T15:28:27.246,timeseries,2,Nested Product Conversion,mlx-community/DeepSeek-R1-Distill-Qwen-14B-4bit,262.0,11268.0,0.0,0
2026-06-26T15:28:27.308,timeseries,2,Nested Product Conversion,mlx-community/DeepSeek-R1-Distill-Qwen-14B-4bit,129.0,9854.0,0.0,0
2026-06-26T15:28:27.370,timeseries,2,Nested Product Conversion,mlx-community/DeepSeek-R1-Distill-Qwen-14B-4bit,160.0,11145.0,0.0,0
2026-06-26T15:28:27.432,timeseries,2,Nested Product Conversion,mlx-community/DeepSeek-R1-Distill-Qwen-14B-4bit,258.0,9800.0,0.0,0
2026-06-26T15:28:27.495,timeseries,2,Nested Product Conversion,mlx-community/DeepSeek-R1-Distill-Qwen-14B-4bit,161.0,9845.0,0.0,0
2026-06-26T15:28:27.555,timeseries,2,Nested Product Conversion,mlx-community/DeepSeek-R1-Distill-Qwen-14B-4bit,145.0,11214.0,0.0,0
2026-06-26T15:28:27.617,timeseries,2,Nested Product Conversion,mlx-community/DeepSeek-R1-Distill-Qwen-14B-4bit,285.0,9606.0,0.0,0
2026-06-26T15:28:27.679,timeseries,2,Nested Product Conversion,mlx-community/DeepSeek-R1-Distill-Qwen-14B-4bit,183.0,11588.0,0.0,0
2026-06-26T15:28:27.742,timeseries,2,Nested Product Conversion,mlx-community/DeepSeek-R1-Distill-Qwen-14B-4bit,130.0,9903.0,0.0,0
2026-06-26T15:28:27.804,timeseries,2,Nested Product Conversion,mlx-community/DeepSeek-R1-Distill-Qwen-14B-4bit,144.0,11169.0,0.0,0
2026-06-26T15:28:27.866,timeseries,2,Nested Product Conversion,mlx-community/DeepSeek-R1-Distill-Qwen-14B-4bit,129.0,9855.0,0.0,0
2026-06-26T15:28:27.929,timeseries,2,Nested Product Conversion,mlx-community/DeepSeek-R1-Distill-Qwen-14B-4bit,144.0,11183.0,0.0,0
2026-06-26T15:28:27.991,timeseries,2,Nested Product Conversion,mlx-community/DeepSeek-R1-Distill-Qwen-14B-4bit,144.0,9800.0,0.0,0
2026-06-26T15:28:28.053,timeseries,2,Nested Product Conversion,mlx-community/DeepSeek-R1-Distill-Qwen-14B-4bit,142.0,11000.0,0.0,0
2026-06-26T15:28:28.115,timeseries,2,Nested Product Conversion,mlx-community/DeepSeek-R1-Distill-Qwen-14B-4bit,242.0,9820.0,0.0,0
2026-06-26T15:28:28.177,timeseries,2,Nested Product Conversion,mlx-community/DeepSeek-R1-Distill-Qwen-14B-4bit,225.0,9829.0,0.0,0
2026-06-26T15:28:28.240,timeseries,2,Nested Product Conversion,mlx-community/DeepSeek-R1-Distill-Qwen-14B-4bit,163.0,11314.0,0.0,0
2026-06-26T15:28:28.303,timeseries,2,Nested Product Conversion,mlx-community/DeepSeek-R1-Distill-Qwen-14B-4bit,112.0,9780.0,0.0,0
2026-06-26T15:28:28.366,timeseries,2,Nested Product Conversion,mlx-community/DeepSeek-R1-Distill-Qwen-14B-4bit,144.0,11151.0,0.0,0
2026-06-26T15:28:28.428,timeseries,2,Nested Product Conversion,mlx-community/DeepSeek-R1-Distill-Qwen-14B-4bit,253.0,9620.0,0.0,0
2026-06-26T15:28:28.490,timeseries,2,Nested Product Conversion,mlx-community/DeepSeek-R1-Distill-Qwen-14B-4bit,144.0,11133.0,0.0,0
2026-06-26T15:28:28.551,timeseries,2,Nested Product Conversion,mlx-community/DeepSeek-R1-Distill-Qwen-14B-4bit,194.0,9851.0,0.0,0
2026-06-26T15:28:28.613,timeseries,2,Nested Product Conversion,mlx-community/DeepSeek-R1-Distill-Qwen-14B-4bit,339.0,11160.0,0.0,0
2026-06-26T15:28:28.674,timeseries,2,Nested Product Conversion,mlx-community/DeepSeek-R1-Distill-Qwen-14B-4bit,1443.0,9810.0,0.0,0
2026-06-26T15:28:28.734,timeseries,2,Nested Product Conversion,mlx-community/DeepSeek-R1-Distill-Qwen-14B-4bit,326.0,9940.0,0.0,0
2026-06-26T15:28:28.796,timeseries,2,Nested Product Conversion,mlx-community/DeepSeek-R1-Distill-Qwen-14B-4bit,212.0,11403.0,0.0,0
2026-06-26T15:28:28.858,timeseries,2,Nested Product Conversion,mlx-community/DeepSeek-R1-Distill-Qwen-14B-4bit,234.0,10176.0,0.0,0
2026-06-26T15:28:28.920,timeseries,2,Nested Product Conversion,mlx-community/DeepSeek-R1-Distill-Qwen-14B-4bit,161.0,11215.0,0.0,0
2026-06-26T15:28:28.983,timeseries,2,Nested Product Conversion,mlx-community/DeepSeek-R1-Distill-Qwen-14B-4bit,130.0,9907.0,0.0,0
2026-06-26T15:28:29.045,timeseries,2,Nested Product Conversion,mlx-community/DeepSeek-R1-Distill-Qwen-14B-4bit,127.0,11070.0,0.0,0
2026-06-26T15:28:29.107,timeseries,2,Nested Product Conversion,mlx-community/DeepSeek-R1-Distill-Qwen-14B-4bit,225.0,9765.0,0.0,0
2026-06-26T15:28:29.169,timeseries,2,Nested Product Conversion,mlx-community/DeepSeek-R1-Distill-Qwen-14B-4bit,272.0,9746.0,0.0,0
2026-06-26T15:28:29.232,timeseries,2,Nested Product Conversion,mlx-community/DeepSeek-R1-Distill-Qwen-14B-4bit,146.0,11308.0,0.0,0
2026-06-26T15:28:29.296,timeseries,2,Nested Product Conversion,mlx-community/DeepSeek-R1-Distill-Qwen-14B-4bit,129.0,9816.0,0.0,0
2026-06-26T15:28:29.357,timeseries,2,Nested Product Conversion,mlx-community/DeepSeek-R1-Distill-Qwen-14B-4bit,142.0,11044.0,0.0,0
2026-06-26T15:28:29.420,timeseries,2,Nested Product Conversion,mlx-community/DeepSeek-R1-Distill-Qwen-14B-4bit,268.0,9559.0,0.0,0
2026-06-26T15:28:29.482,timeseries,2,Nested Product Conversion,mlx-community/DeepSeek-R1-Distill-Qwen-14B-4bit,162.0,11318.0,0.0,0
2026-06-26T15:28:29.545,timeseries,2,Nested Product Conversion,mlx-community/DeepSeek-R1-Distill-Qwen-14B-4bit,161.0,9845.0,0.0,0
2026-06-26T15:28:29.606,timeseries,2,Nested Product Conversion,mlx-community/DeepSeek-R1-Distill-Qwen-14B-4bit,222.0,11023.0,0.0,0
2026-06-26T15:28:29.668,timeseries,2,Nested Product Conversion,mlx-community/DeepSeek-R1-Distill-Qwen-14B-4bit,304.0,9768.0,0.0,0
2026-06-26T15:28:29.730,timeseries,2,Nested Product Conversion,mlx-community/DeepSeek-R1-Distill-Qwen-14B-4bit,147.0,11387.0,0.0,0
2026-06-26T15:28:29.792,timeseries,2,Nested Product Conversion,mlx-community/DeepSeek-R1-Distill-Qwen-14B-4bit,146.0,9890.0,0.0,0
2026-06-26T15:28:29.854,timeseries,2,Nested Product Conversion,mlx-community/DeepSeek-R1-Distill-Qwen-14B-4bit,129.0,11270.0,0.0,0
2026-06-26T15:28:29.917,timeseries,2,Nested Product Conversion,mlx-community/DeepSeek-R1-Distill-Qwen-14B-4bit,129.0,9841.0,0.0,0
2026-06-26T15:28:29.979,timeseries,2,Nested Product Conversion,mlx-community/DeepSeek-R1-Distill-Qwen-14B-4bit,129.0,11228.0,0.0,0
2026-06-26T15:28:30.041,timeseries,2,Nested Product Conversion,mlx-community/DeepSeek-R1-Distill-Qwen-14B-4bit,176.0,9750.0,0.0,0
2026-06-26T15:28:30.103,timeseries,2,Nested Product Conversion,mlx-community/DeepSeek-R1-Distill-Qwen-14B-4bit,357.0,11155.0,0.0,0
2026-06-26T15:28:30.164,timeseries,2,Nested Product Conversion,mlx-community/DeepSeek-R1-Distill-Qwen-14B-4bit,508.0,9703.0,0.0,0
2026-06-26T15:28:30.226,timeseries,2,Nested Product Conversion,mlx-community/DeepSeek-R1-Distill-Qwen-14B-4bit,164.0,10022.0,0.0,0
2026-06-26T15:28:30.289,timeseries,2,Nested Product Conversion,mlx-community/DeepSeek-R1-Distill-Qwen-14B-4bit,129.0,11265.0,0.0,0
2026-06-26T15:28:30.351,timeseries,2,Nested Product Conversion,mlx-community/DeepSeek-R1-Distill-Qwen-14B-4bit,131.0,9985.0,0.0,0
2026-06-26T15:28:30.412,timeseries,2,Nested Product Conversion,mlx-community/DeepSeek-R1-Distill-Qwen-14B-4bit,252.0,10946.0,0.0,0
2026-06-26T15:28:30.474,timeseries,2,Nested Product Conversion,mlx-community/DeepSeek-R1-Distill-Qwen-14B-4bit,163.0,9990.0,0.0,0
2026-06-26T15:28:30.537,timeseries,2,Nested Product Conversion,mlx-community/DeepSeek-R1-Distill-Qwen-14B-4bit,160.0,11215.0,0.0,0
2026-06-26T15:28:30.599,timeseries,2,Nested Product Conversion,mlx-community/DeepSeek-R1-Distill-Qwen-14B-4bit,162.0,9832.0,0.0,0
2026-06-26T15:28:30.662,timeseries,2,Nested Product Conversion,mlx-community/DeepSeek-R1-Distill-Qwen-14B-4bit,336.0,9715.0,0.0,0
2026-06-26T15:28:30.724,timeseries,2,Nested Product Conversion,mlx-community/DeepSeek-R1-Distill-Qwen-14B-4bit,145.0,11282.0,0.0,0
2026-06-26T15:28:30.786,timeseries,2,Nested Product Conversion,mlx-community/DeepSeek-R1-Distill-Qwen-14B-4bit,143.0,9709.0,0.0,0
2026-06-26T15:28:30.848,timeseries,2,Nested Product Conversion,mlx-community/DeepSeek-R1-Distill-Qwen-14B-4bit,466.0,11083.0,0.0,0
2026-06-26T15:28:30.909,timeseries,2,Nested Product Conversion,mlx-community/DeepSeek-R1-Distill-Qwen-14B-4bit,1680.0,9806.0,0.0,0
2026-06-26T15:28:30.972,timeseries,2,Nested Product Conversion,mlx-community/DeepSeek-R1-Distill-Qwen-14B-4bit,451.0,11231.0,0.0,0
2026-06-26T15:28:31.033,timeseries,2,Nested Product Conversion,mlx-community/DeepSeek-R1-Distill-Qwen-14B-4bit,260.0,9937.0,0.0,0
2026-06-26T15:28:31.094,timeseries,2,Nested Product Conversion,mlx-community/DeepSeek-R1-Distill-Qwen-14B-4bit,804.0,11197.0,0.0,0
2026-06-26T15:28:31.156,timeseries,2,Nested Product Conversion,mlx-community/DeepSeek-R1-Distill-Qwen-14B-4bit,362.0,10066.0,0.0,0
2026-06-26T15:28:31.218,timeseries,2,Nested Product Conversion,mlx-community/DeepSeek-R1-Distill-Qwen-14B-4bit,407.0,9949.0,0.0,0
2026-06-26T15:28:31.279,timeseries,2,Nested Product Conversion,mlx-community/DeepSeek-R1-Distill-Qwen-14B-4bit,388.0,11285.0,0.0,0
2026-06-26T15:28:31.340,timeseries,2,Nested Product Conversion,mlx-community/DeepSeek-R1-Distill-Qwen-14B-4bit,392.0,9969.0,0.0,0
2026-06-26T15:28:31.401,timeseries,2,Nested Product Conversion,mlx-community/DeepSeek-R1-Distill-Qwen-14B-4bit,760.0,9847.0,0.0,0
2026-06-26T15:28:31.463,timeseries,2,Nested Product Conversion,mlx-community/DeepSeek-R1-Distill-Qwen-14B-4bit,406.0,11410.0,0.0,0
2026-06-26T15:28:31.523,timeseries,2,Nested Product Conversion,mlx-community/DeepSeek-R1-Distill-Qwen-14B-4bit,393.0,10017.0,0.0,0
2026-06-26T15:28:31.586,timeseries,2,Nested Product Conversion,mlx-community/DeepSeek-R1-Distill-Qwen-14B-4bit,1637.0,9901.0,0.0,0
2026-06-26T15:28:31.648,timeseries,2,Nested Product Conversion,mlx-community/DeepSeek-R1-Distill-Qwen-14B-4bit,853.0,11446.0,0.0,0
2026-06-26T15:28:31.709,timeseries,2,Nested Product Conversion,mlx-community/DeepSeek-R1-Distill-Qwen-14B-4bit,467.0,9836.0,0.0,0
2026-06-26T15:28:31.771,timeseries,2,Nested Product Conversion,mlx-community/DeepSeek-R1-Distill-Qwen-14B-4bit,401.0,11216.0,0.0,0
2026-06-26T15:28:31.832,timeseries,2,Nested Product Conversion,mlx-community/DeepSeek-R1-Distill-Qwen-14B-4bit,361.0,10036.0,0.0,0
2026-06-26T15:28:31.893,timeseries,2,Nested Product Conversion,mlx-community/DeepSeek-R1-Distill-Qwen-14B-4bit,309.0,9926.0,0.0,0
2026-06-26T15:28:31.954,timeseries,2,Nested Product Conversion,mlx-community/DeepSeek-R1-Distill-Qwen-14B-4bit,457.0,11417.0,0.0,0
2026-06-26T15:28:32.015,timeseries,2,Nested Product Conversion,mlx-community/DeepSeek-R1-Distill-Qwen-14B-4bit,395.0,10051.0,0.0,0
2026-06-26T15:28:32.077,timeseries,2,Nested Product Conversion,mlx-community/DeepSeek-R1-Distill-Qwen-14B-4bit,374.0,9941.0,0.0,0
2026-06-26T15:28:32.139,timeseries,2,Nested Product Conversion,mlx-community/DeepSeek-R1-Distill-Qwen-14B-4bit,961.0,11352.0,0.0,0
2026-06-26T15:28:32.205,timeseries,2,Nested Product Conversion,mlx-community/DeepSeek-R1-Distill-Qwen-14B-4bit,470.0,9927.0,0.0,0
2026-06-26T15:28:32.269,timeseries,2,Nested Product Conversion,mlx-community/DeepSeek-R1-Distill-Qwen-14B-4bit,516.0,11203.0,0.0,0
2026-06-26T15:28:32.331,timeseries,2,Nested Product Conversion,mlx-community/DeepSeek-R1-Distill-Qwen-14B-4bit,684.0,10485.0,0.0,0
2026-06-26T15:28:32.392,timeseries,2,Nested Product Conversion,mlx-community/DeepSeek-R1-Distill-Qwen-14B-4bit,841.0,9442.0,0.0,0
2026-06-26T15:28:32.454,timeseries,2,Nested Product Conversion,mlx-community/DeepSeek-R1-Distill-Qwen-14B-4bit,372.0,11365.0,0.0,0
2026-06-26T15:28:32.515,timeseries,2,Nested Product Conversion,mlx-community/DeepSeek-R1-Distill-Qwen-14B-4bit,393.0,10039.0,0.0,0
2026-06-26T15:28:32.576,timeseries,2,Nested Product Conversion,mlx-community/DeepSeek-R1-Distill-Qwen-14B-4bit,373.0,9933.0,0.0,0
2026-06-26T15:28:32.638,timeseries,2,Nested Product Conversion,mlx-community/DeepSeek-R1-Distill-Qwen-14B-4bit,963.0,11390.0,0.0,0
2026-06-26T15:28:32.699,timeseries,2,Nested Product Conversion,mlx-community/DeepSeek-R1-Distill-Qwen-14B-4bit,524.0,10047.0,0.0,0
2026-06-26T15:28:32.762,timeseries,2,Nested Product Conversion,mlx-community/DeepSeek-R1-Distill-Qwen-14B-4bit,389.0,11329.0,0.0,0
2026-06-26T15:28:32.823,timeseries,2,Nested Product Conversion,mlx-community/DeepSeek-R1-Distill-Qwen-14B-4bit,373.0,9926.0,0.0,0
2026-06-26T15:28:32.885,timeseries,2,Nested Product Conversion,mlx-community/DeepSeek-R1-Distill-Qwen-14B-4bit,384.0,9777.0,0.0,0
2026-06-26T15:28:32.947,timeseries,2,Nested Product Conversion,mlx-community/DeepSeek-R1-Distill-Qwen-14B-4bit,311.0,11424.0,0.0,0
2026-06-26T15:28:33.008,timeseries,2,Nested Product Conversion,mlx-community/DeepSeek-R1-Distill-Qwen-14B-4bit,435.0,9859.0,0.0,0
2026-06-26T15:28:33.070,timeseries,2,Nested Product Conversion,mlx-community/DeepSeek-R1-Distill-Qwen-14B-4bit,371.0,11288.0,0.0,0
2026-06-26T15:28:33.132,timeseries,2,Nested Product Conversion,mlx-community/DeepSeek-R1-Distill-Qwen-14B-4bit,960.0,9937.0,0.0,0
2026-06-26T15:28:33.194,timeseries,2,Nested Product Conversion,mlx-community/DeepSeek-R1-Distill-Qwen-14B-4bit,275.0,9911.0,0.0,0
2026-06-26T15:28:33.256,timeseries,2,Nested Product Conversion,mlx-community/DeepSeek-R1-Distill-Qwen-14B-4bit,450.0,11251.0,0.0,0
2026-06-26T15:28:33.317,timeseries,2,Nested Product Conversion,mlx-community/DeepSeek-R1-Distill-Qwen-14B-4bit,388.0,9887.0,0.0,0
2026-06-26T15:28:33.379,timeseries,2,Nested Product Conversion,mlx-community/DeepSeek-R1-Distill-Qwen-14B-4bit,771.0,11448.0,0.0,0
2026-06-26T15:28:33.440,timeseries,2,Nested Product Conversion,mlx-community/DeepSeek-R1-Distill-Qwen-14B-4bit,308.0,9943.0,0.0,0
2026-06-26T15:28:33.501,timeseries,2,Nested Product Conversion,mlx-community/DeepSeek-R1-Distill-Qwen-14B-4bit,468.0,9885.0,0.0,0
2026-06-26T15:28:33.564,timeseries,2,Nested Product Conversion,mlx-community/DeepSeek-R1-Distill-Qwen-14B-4bit,373.0,11362.0,0.0,0
2026-06-26T15:28:33.625,timeseries,2,Nested Product Conversion,mlx-community/DeepSeek-R1-Distill-Qwen-14B-4bit,984.0,10003.0,0.0,0
2026-06-26T15:28:33.687,timeseries,2,Nested Product Conversion,mlx-community/DeepSeek-R1-Distill-Qwen-14B-4bit,402.0,11226.0,0.0,0
2026-06-26T15:28:33.749,timeseries,2,Nested Product Conversion,mlx-community/DeepSeek-R1-Distill-Qwen-14B-4bit,505.0,9997.0,0.0,0
2026-06-26T15:28:33.811,timeseries,2,Nested Product Conversion,mlx-community/DeepSeek-R1-Distill-Qwen-14B-4bit,387.0,9886.0,0.0,0
2026-06-26T15:28:33.873,timeseries,2,Nested Product Conversion,mlx-community/DeepSeek-R1-Distill-Qwen-14B-4bit,405.0,11351.0,0.0,0
2026-06-26T15:28:33.934,timeseries,2,Nested Product Conversion,mlx-community/DeepSeek-R1-Distill-Qwen-14B-4bit,373.0,9909.0,0.0,0
2026-06-26T15:28:33.996,timeseries,2,Nested Product Conversion,mlx-community/DeepSeek-R1-Distill-Qwen-14B-4bit,338.0,11282.0,0.0,0
2026-06-26T15:28:34.057,timeseries,2,Nested Product Conversion,mlx-community/DeepSeek-R1-Distill-Qwen-14B-4bit,377.0,10052.0,0.0,0
2026-06-26T15:28:34.119,timeseries,2,Nested Product Conversion,mlx-community/DeepSeek-R1-Distill-Qwen-14B-4bit,935.0,9862.0,0.0,0
2026-06-26T15:28:34.181,timeseries,2,Nested Product Conversion,mlx-community/DeepSeek-R1-Distill-Qwen-14B-4bit,405.0,11320.0,0.0,0
2026-06-26T15:28:34.242,timeseries,2,Nested Product Conversion,mlx-community/DeepSeek-R1-Distill-Qwen-14B-4bit,322.0,9863.0,0.0,0
2026-06-26T15:28:34.305,timeseries,2,Nested Product Conversion,mlx-community/DeepSeek-R1-Distill-Qwen-14B-4bit,423.0,11400.0,0.0,0
2026-06-26T15:28:34.367,timeseries,2,Nested Product Conversion,mlx-community/DeepSeek-R1-Distill-Qwen-14B-4bit,637.0,10019.0,0.0,0
2026-06-26T15:28:34.430,timeseries,2,Nested Product Conversion,mlx-community/DeepSeek-R1-Distill-Qwen-14B-4bit,554.0,11074.0,0.0,0
2026-06-26T15:28:34.492,timeseries,2,Nested Product Conversion,mlx-community/DeepSeek-R1-Distill-Qwen-14B-4bit,292.0,9954.0,0.0,0
2026-06-26T15:28:34.554,timeseries,2,Nested Product Conversion,mlx-community/DeepSeek-R1-Distill-Qwen-14B-4bit,427.0,11073.0,0.0,0
2026-06-26T15:28:34.615,timeseries,2,Nested Product Conversion,mlx-community/DeepSeek-R1-Distill-Qwen-14B-4bit,927.0,9933.0,0.0,0
2026-06-26T15:28:34.676,timeseries,2,Nested Product Conversion,mlx-community/DeepSeek-R1-Distill-Qwen-14B-4bit,433.0,9824.0,0.0,0
2026-06-26T15:28:34.738,timeseries,2,Nested Product Conversion,mlx-community/DeepSeek-R1-Distill-Qwen-14B-4bit,294.0,11439.0,0.0,0
2026-06-26T15:28:34.799,timeseries,2,Nested Product Conversion,mlx-community/DeepSeek-R1-Distill-Qwen-14B-4bit,622.0,10028.0,0.0,0
2026-06-26T15:28:34.861,timeseries,2,Nested Product Conversion,mlx-community/DeepSeek-R1-Distill-Qwen-14B-4bit,407.0,9964.0,0.0,0
2026-06-26T15:28:34.923,timeseries,2,Nested Product Conversion,mlx-community/DeepSeek-R1-Distill-Qwen-14B-4bit,376.0,11434.0,0.0,0
2026-06-26T15:28:34.985,timeseries,2,Nested Product Conversion,mlx-community/DeepSeek-R1-Distill-Qwen-14B-4bit,385.0,9809.0,0.0,0
2026-06-26T15:28:35.046,timeseries,2,Nested Product Conversion,mlx-community/DeepSeek-R1-Distill-Qwen-14B-4bit,343.0,11428.0,0.0,0
2026-06-26T15:28:35.107,timeseries,2,Nested Product Conversion,mlx-community/DeepSeek-R1-Distill-Qwen-14B-4bit,949.0,9831.0,0.0,0
2026-06-26T15:28:35.170,timeseries,2,Nested Product Conversion,mlx-community/DeepSeek-R1-Distill-Qwen-14B-4bit,408.0,10012.0,0.0,0
2026-06-26T15:28:35.232,timeseries,2,Nested Product Conversion,mlx-community/DeepSeek-R1-Distill-Qwen-14B-4bit,422.0,11316.0,0.0,0
2026-06-26T15:28:35.294,timeseries,2,Nested Product Conversion,mlx-community/DeepSeek-R1-Distill-Qwen-14B-4bit,479.0,9757.0,0.0,0
2026-06-26T15:28:35.356,timeseries,2,Nested Product Conversion,mlx-community/DeepSeek-R1-Distill-Qwen-14B-4bit,435.0,11264.0,0.0,0
2026-06-26T15:28:35.418,timeseries,2,Nested Product Conversion,mlx-community/DeepSeek-R1-Distill-Qwen-14B-4bit,794.0,9919.0,0.0,0
2026-06-26T15:28:35.480,timeseries,2,Nested Product Conversion,mlx-community/DeepSeek-R1-Distill-Qwen-14B-4bit,450.0,11256.0,0.0,0
2026-06-26T15:28:35.542,timeseries,2,Nested Product Conversion,mlx-community/DeepSeek-R1-Distill-Qwen-14B-4bit,355.0,9882.0,0.0,0
2026-06-26T15:28:35.604,timeseries,2,Nested Product Conversion,mlx-community/DeepSeek-R1-Distill-Qwen-14B-4bit,901.0,11232.0,0.0,0
2026-06-26T15:28:35.666,timeseries,2,Nested Product Conversion,mlx-community/DeepSeek-R1-Distill-Qwen-14B-4bit,437.0,9929.0,0.0,0
2026-06-26T15:28:35.727,timeseries,2,Nested Product Conversion,mlx-community/DeepSeek-R1-Distill-Qwen-14B-4bit,402.0,11285.0,0.0,0
2026-06-26T15:28:35.789,timeseries,2,Nested Product Conversion,mlx-community/DeepSeek-R1-Distill-Qwen-14B-4bit,259.0,9914.0,0.0,0
2026-06-26T15:28:35.850,timeseries,2,Nested Product Conversion,mlx-community/DeepSeek-R1-Distill-Qwen-14B-4bit,619.0,9989.0,0.0,0
2026-06-26T15:28:35.911,timeseries,2,Nested Product Conversion,mlx-community/DeepSeek-R1-Distill-Qwen-14B-4bit,374.0,11370.0,0.0,0
2026-06-26T15:28:35.973,timeseries,2,Nested Product Conversion,mlx-community/DeepSeek-R1-Distill-Qwen-14B-4bit,3280.0,9855.0,0.0,0
2026-06-26T15:28:36.033,timeseries,2,Nested Product Conversion,mlx-community/DeepSeek-R1-Distill-Qwen-14B-4bit,260.0,9973.0,0.0,0
2026-06-26T15:28:36.095,timeseries,2,Nested Product Conversion,mlx-community/DeepSeek-R1-Distill-Qwen-14B-4bit,373.0,11276.0,0.0,0
2026-06-26T15:28:36.157,timeseries,2,Nested Product Conversion,mlx-community/DeepSeek-R1-Distill-Qwen-14B-4bit,399.0,10175.0,0.0,0
2026-06-26T15:28:36.219,timeseries,2,Nested Product Conversion,mlx-community/DeepSeek-R1-Distill-Qwen-14B-4bit,147.0,9959.0,0.0,0
2026-06-26T15:28:36.281,timeseries,2,Nested Product Conversion,mlx-community/DeepSeek-R1-Distill-Qwen-14B-4bit,113.0,11278.0,0.0,0
2026-06-26T15:28:36.343,timeseries,2,Nested Product Conversion,mlx-community/DeepSeek-R1-Distill-Qwen-14B-4bit,160.0,9818.0,0.0,0
2026-06-26T15:28:36.405,timeseries,2,Nested Product Conversion,mlx-community/DeepSeek-R1-Distill-Qwen-14B-4bit,257.0,11184.0,0.0,0
2026-06-26T15:28:36.467,timeseries,2,Nested Product Conversion,mlx-community/DeepSeek-R1-Distill-Qwen-14B-4bit,163.0,10025.0,0.0,0
2026-06-26T15:28:36.530,timeseries,2,Nested Product Conversion,mlx-community/DeepSeek-R1-Distill-Qwen-14B-4bit,129.0,11279.0,0.0,0
2026-06-26T15:28:36.593,timeseries,2,Nested Product Conversion,mlx-community/DeepSeek-R1-Distill-Qwen-14B-4bit,161.0,9864.0,0.0,0
2026-06-26T15:28:36.655,timeseries,2,Nested Product Conversion,mlx-community/DeepSeek-R1-Distill-Qwen-14B-4bit,318.0,11064.0,0.0,0
2026-06-26T15:28:36.717,timeseries,2,Nested Product Conversion,mlx-community/DeepSeek-R1-Distill-Qwen-14B-4bit,2370.0,9620.0,0.0,0
2026-06-26T15:28:36.778,timeseries,2,Nested Product Conversion,mlx-community/DeepSeek-R1-Distill-Qwen-14B-4bit,5630.0,11308.0,0.0,0
2026-06-26T15:28:36.839,timeseries,2,Nested Product Conversion,mlx-community/DeepSeek-R1-Distill-Qwen-14B-4bit,5703.0,10099.0,0.0,0
2026-06-26T15:28:36.900,timeseries,2,Nested Product Conversion,mlx-community/DeepSeek-R1-Distill-Qwen-14B-4bit,5802.0,9968.0,0.0,0
2026-06-26T15:28:36.963,timeseries,2,Nested Product Conversion,mlx-community/DeepSeek-R1-Distill-Qwen-14B-4bit,5872.0,11548.0,0.0,0
2026-06-26T15:28:37.023,timeseries,2,Nested Product Conversion,mlx-community/DeepSeek-R1-Distill-Qwen-14B-4bit,5295.0,10129.0,0.0,0
2026-06-26T15:28:37.086,timeseries,2,Nested Product Conversion,mlx-community/DeepSeek-R1-Distill-Qwen-14B-4bit,386.0,9903.0,0.0,0
2026-06-26T15:28:37.147,timeseries,2,Nested Product Conversion,mlx-community/DeepSeek-R1-Distill-Qwen-14B-4bit,838.0,11535.0,0.0,0
2026-06-26T15:28:37.208,timeseries,2,Nested Product Conversion,mlx-community/DeepSeek-R1-Distill-Qwen-14B-4bit,276.0,9990.0,0.0,0
2026-06-26T15:28:37.271,timeseries,2,Nested Product Conversion,mlx-community/DeepSeek-R1-Distill-Qwen-14B-4bit,308.0,11350.0,0.0,0
2026-06-26T15:28:37.332,timeseries,2,Nested Product Conversion,mlx-community/DeepSeek-R1-Distill-Qwen-14B-4bit,291.0,9943.0,0.0,0
2026-06-26T15:28:37.394,timeseries,2,Nested Product Conversion,mlx-community/DeepSeek-R1-Distill-Qwen-14B-4bit,852.0,9841.0,0.0,0
2026-06-26T15:28:37.454,timeseries,2,Nested Product Conversion,mlx-community/DeepSeek-R1-Distill-Qwen-14B-4bit,425.0,11480.0,0.0,0
2026-06-26T15:28:37.516,timeseries,2,Nested Product Conversion,mlx-community/DeepSeek-R1-Distill-Qwen-14B-4bit,452.0,9935.0,0.0,0
2026-06-26T15:28:37.578,timeseries,2,Nested Product Conversion,mlx-community/DeepSeek-R1-Distill-Qwen-14B-4bit,282.0,10251.0,0.0,0
2026-06-26T15:28:37.639,timeseries,2,Nested Product Conversion,mlx-community/DeepSeek-R1-Distill-Qwen-14B-4bit,1111.0,11267.0,0.0,0
2026-06-26T15:28:37.702,timeseries,2,Nested Product Conversion,mlx-community/DeepSeek-R1-Distill-Qwen-14B-4bit,420.0,9968.0,0.0,0
2026-06-26T15:28:37.764,timeseries,2,Nested Product Conversion,mlx-community/DeepSeek-R1-Distill-Qwen-14B-4bit,406.0,11400.0,0.0,0
2026-06-26T15:28:37.826,timeseries,2,Nested Product Conversion,mlx-community/DeepSeek-R1-Distill-Qwen-14B-4bit,305.0,9899.0,0.0,0
2026-06-26T15:28:37.888,timeseries,2,Nested Product Conversion,mlx-community/DeepSeek-R1-Distill-Qwen-14B-4bit,497.0,11281.0,0.0,0
2026-06-26T15:28:37.950,timeseries,2,Nested Product Conversion,mlx-community/DeepSeek-R1-Distill-Qwen-14B-4bit,615.0,9966.0,0.0,0
2026-06-26T15:28:38.012,timeseries,2,Nested Product Conversion,mlx-community/DeepSeek-R1-Distill-Qwen-14B-4bit,386.0,11308.0,0.0,0
2026-06-26T15:28:38.073,timeseries,2,Nested Product Conversion,mlx-community/DeepSeek-R1-Distill-Qwen-14B-4bit,309.0,10012.0,0.0,0
2026-06-26T15:28:38.135,timeseries,2,Nested Product Conversion,mlx-community/DeepSeek-R1-Distill-Qwen-14B-4bit,958.0,9819.0,0.0,0
2026-06-26T15:28:38.197,timeseries,2,Nested Product Conversion,mlx-community/DeepSeek-R1-Distill-Qwen-14B-4bit,474.0,11466.0,0.0,0
2026-06-26T15:28:38.259,timeseries,2,Nested Product Conversion,mlx-community/DeepSeek-R1-Distill-Qwen-14B-4bit,402.0,9849.0,0.0,0
2026-06-26T15:28:38.321,timeseries,2,Nested Product Conversion,mlx-community/DeepSeek-R1-Distill-Qwen-14B-4bit,258.0,11323.0,0.0,0
2026-06-26T15:28:38.382,timeseries,2,Nested Product Conversion,mlx-community/DeepSeek-R1-Distill-Qwen-14B-4bit,808.0,10103.0,0.0,0
2026-06-26T15:28:38.445,timeseries,2,Nested Product Conversion,mlx-community/DeepSeek-R1-Distill-Qwen-14B-4bit,480.0,9791.0,0.0,0
2026-06-26T15:28:38.506,timeseries,2,Nested Product Conversion,mlx-community/DeepSeek-R1-Distill-Qwen-14B-4bit,389.0,11432.0,0.0,0
2026-06-26T15:28:38.568,timeseries,2,Nested Product Conversion,mlx-community/DeepSeek-R1-Distill-Qwen-14B-4bit,289.0,9829.0,0.0,0
2026-06-26T15:28:38.628,timeseries,2,Nested Product Conversion,mlx-community/DeepSeek-R1-Distill-Qwen-14B-4bit,3267.0,11233.0,0.0,0
2026-06-26T15:28:38.690,timeseries,2,Nested Product Conversion,mlx-community/DeepSeek-R1-Distill-Qwen-14B-4bit,2332.0,9905.0,0.0,0
2026-06-26T15:28:38.751,timeseries,2,Nested Product Conversion,mlx-community/DeepSeek-R1-Distill-Qwen-14B-4bit,894.0,9911.0,0.0,0
2026-06-26T15:28:38.814,timeseries,2,Nested Product Conversion,mlx-community/DeepSeek-R1-Distill-Qwen-14B-4bit,261.0,11463.0,0.0,0
2026-06-26T15:28:38.875,timeseries,2,Nested Product Conversion,mlx-community/DeepSeek-R1-Distill-Qwen-14B-4bit,261.0,10024.0,0.0,0
2026-06-26T15:28:38.937,timeseries,2,Nested Product Conversion,mlx-community/DeepSeek-R1-Distill-Qwen-14B-4bit,607.0,11219.0,0.0,0
2026-06-26T15:28:38.999,timeseries,2,Nested Product Conversion,mlx-community/DeepSeek-R1-Distill-Qwen-14B-4bit,421.0,9953.0,0.0,0
2026-06-26T15:28:39.062,timeseries,2,Nested Product Conversion,mlx-community/DeepSeek-R1-Distill-Qwen-14B-4bit,306.0,9961.0,0.0,0
2026-06-26T15:28:39.123,timeseries,2,Nested Product Conversion,mlx-community/DeepSeek-R1-Distill-Qwen-14B-4bit,973.0,11370.0,0.0,0
2026-06-26T15:28:39.184,timeseries,2,Nested Product Conversion,mlx-community/DeepSeek-R1-Distill-Qwen-14B-4bit,429.0,9761.0,0.0,0
2026-06-26T15:28:39.246,timeseries,2,Nested Product Conversion,mlx-community/DeepSeek-R1-Distill-Qwen-14B-4bit,475.0,11496.0,0.0,0
2026-06-26T15:28:39.308,timeseries,2,Nested Product Conversion,mlx-community/DeepSeek-R1-Distill-Qwen-14B-4bit,261.0,10001.0,0.0,0
2026-06-26T15:28:39.371,timeseries,2,Nested Product Conversion,mlx-community/DeepSeek-R1-Distill-Qwen-14B-4bit,780.0,11352.0,0.0,0
2026-06-26T15:28:39.432,timeseries,2,Nested Product Conversion,mlx-community/DeepSeek-R1-Distill-Qwen-14B-4bit,435.0,9911.0,0.0,0
2026-06-26T15:28:39.494,timeseries,2,Nested Product Conversion,mlx-community/DeepSeek-R1-Distill-Qwen-14B-4bit,451.0,9911.0,0.0,0
2026-06-26T15:28:39.556,timeseries,2,Nested Product Conversion,mlx-community/DeepSeek-R1-Distill-Qwen-14B-4bit,390.0,11389.0,0.0,0
2026-06-26T15:28:39.617,timeseries,2,Nested Product Conversion,mlx-community/DeepSeek-R1-Distill-Qwen-14B-4bit,834.0,9834.0,0.0,0
2026-06-26T15:28:39.679,timeseries,2,Nested Product Conversion,mlx-community/DeepSeek-R1-Distill-Qwen-14B-4bit,454.0,11376.0,0.0,0
2026-06-26T15:28:39.741,timeseries,2,Nested Product Conversion,mlx-community/DeepSeek-R1-Distill-Qwen-14B-4bit,455.0,9962.0,0.0,0
2026-06-26T15:28:39.803,timeseries,2,Nested Product Conversion,mlx-community/DeepSeek-R1-Distill-Qwen-14B-4bit,386.0,9844.0,0.0,0
2026-06-26T15:28:39.864,timeseries,2,Nested Product Conversion,mlx-community/DeepSeek-R1-Distill-Qwen-14B-4bit,293.0,11392.0,0.0,0
2026-06-26T15:28:39.926,timeseries,2,Nested Product Conversion,mlx-community/DeepSeek-R1-Distill-Qwen-14B-4bit,371.0,9929.0,0.0,0
2026-06-26T15:28:39.988,timeseries,2,Nested Product Conversion,mlx-community/DeepSeek-R1-Distill-Qwen-14B-4bit,602.0,11415.0,0.0,0
2026-06-26T15:28:40.050,timeseries,2,Nested Product Conversion,mlx-community/DeepSeek-R1-Distill-Qwen-14B-4bit,404.0,9902.0,0.0,0
2026-06-26T15:28:40.111,timeseries,2,Nested Product Conversion,mlx-community/DeepSeek-R1-Distill-Qwen-14B-4bit,840.0,11312.0,0.0,0
2026-06-26T15:28:40.173,timeseries,2,Nested Product Conversion,mlx-community/DeepSeek-R1-Distill-Qwen-14B-4bit,404.0,9966.0,0.0,0
2026-06-26T15:28:40.235,timeseries,2,Nested Product Conversion,mlx-community/DeepSeek-R1-Distill-Qwen-14B-4bit,472.0,9993.0,0.0,0
2026-06-26T15:28:40.297,timeseries,2,Nested Product Conversion,mlx-community/DeepSeek-R1-Distill-Qwen-14B-4bit,403.0,11318.0,0.0,0
2026-06-26T15:28:40.359,timeseries,2,Nested Product Conversion,mlx-community/DeepSeek-R1-Distill-Qwen-14B-4bit,275.0,9940.0,0.0,0
2026-06-26T15:28:40.421,timeseries,2,Nested Product Conversion,mlx-community/DeepSeek-R1-Distill-Qwen-14B-4bit,803.0,11248.0,0.0,0
2026-06-26T15:28:40.483,timeseries,2,Nested Product Conversion,mlx-community/DeepSeek-R1-Distill-Qwen-14B-4bit,403.0,9967.0,0.0,0
2026-06-26T15:28:40.545,timeseries,2,Nested Product Conversion,mlx-community/DeepSeek-R1-Distill-Qwen-14B-4bit,437.0,11361.0,0.0,0
2026-06-26T15:28:40.607,timeseries,2,Nested Product Conversion,mlx-community/DeepSeek-R1-Distill-Qwen-14B-4bit,792.0,9897.0,0.0,0
2026-06-26T15:28:40.668,timeseries,2,Nested Product Conversion,mlx-community/DeepSeek-R1-Distill-Qwen-14B-4bit,436.0,9922.0,0.0,0
2026-06-26T15:28:40.730,timeseries,2,Nested Product Conversion,mlx-community/DeepSeek-R1-Distill-Qwen-14B-4bit,390.0,11413.0,0.0,0
2026-06-26T15:28:40.792,timeseries,2,Nested Product Conversion,mlx-community/DeepSeek-R1-Distill-Qwen-14B-4bit,463.0,10163.0,0.0,0
2026-06-26T15:28:40.853,timeseries,2,Nested Product Conversion,mlx-community/DeepSeek-R1-Distill-Qwen-14B-4bit,286.0,11132.0,0.0,0
2026-06-26T15:28:40.915,timeseries,2,Nested Product Conversion,mlx-community/DeepSeek-R1-Distill-Qwen-14B-4bit,374.0,9995.0,0.0,0
2026-06-26T15:28:40.976,timeseries,2,Nested Product Conversion,mlx-community/DeepSeek-R1-Distill-Qwen-14B-4bit,388.0,9949.0,0.0,0
2026-06-26T15:28:41.037,timeseries,2,Nested Product Conversion,mlx-community/DeepSeek-R1-Distill-Qwen-14B-4bit,598.0,11344.0,0.0,0
2026-06-26T15:28:41.099,timeseries,2,Nested Product Conversion,mlx-community/DeepSeek-R1-Distill-Qwen-14B-4bit,2770.0,9851.0,0.0,0
2026-06-26T15:28:41.159,timeseries,2,Nested Product Conversion,mlx-community/DeepSeek-R1-Distill-Qwen-14B-4bit,1326.0,10086.0,0.0,0
2026-06-26T15:28:41.221,timeseries,2,Nested Product Conversion,mlx-community/DeepSeek-R1-Distill-Qwen-14B-4bit,326.0,11420.0,0.0,0
2026-06-26T15:28:41.283,timeseries,2,Nested Product Conversion,mlx-community/DeepSeek-R1-Distill-Qwen-14B-4bit,181.0,10102.0,0.0,0
2026-06-26T15:28:41.344,timeseries,2,Nested Product Conversion,mlx-community/DeepSeek-R1-Distill-Qwen-14B-4bit,131.0,11480.0,0.0,0
2026-06-26T15:28:41.407,timeseries,2,Nested Product Conversion,mlx-community/DeepSeek-R1-Distill-Qwen-14B-4bit,258.0,9853.0,0.0,0
2026-06-26T15:28:41.469,timeseries,2,Nested Product Conversion,mlx-community/DeepSeek-R1-Distill-Qwen-14B-4bit,162.0,9982.0,0.0,0
2026-06-26T15:28:41.532,timeseries,2,Nested Product Conversion,mlx-community/DeepSeek-R1-Distill-Qwen-14B-4bit,145.0,11276.0,0.0,0
2026-06-26T15:28:41.593,timeseries,2,Nested Product Conversion,mlx-community/DeepSeek-R1-Distill-Qwen-14B-4bit,711.0,9829.0,0.0,0
2026-06-26T15:28:41.655,timeseries,2,Nested Product Conversion,mlx-community/DeepSeek-R1-Distill-Qwen-14B-4bit,460.0,11135.0,0.0,0
2026-06-26T15:28:41.717,timeseries,2,Nested Product Conversion,mlx-community/DeepSeek-R1-Distill-Qwen-14B-4bit,228.0,9992.0,0.0,0
2026-06-26T15:28:41.780,timeseries,2,Nested Product Conversion,mlx-community/DeepSeek-R1-Distill-Qwen-14B-4bit,146.0,11429.0,0.0,0
2026-06-26T15:28:41.842,timeseries,2,Nested Product Conversion,mlx-community/DeepSeek-R1-Distill-Qwen-14B-4bit,112.0,9865.0,0.0,0
2026-06-26T15:28:41.904,timeseries,2,Nested Product Conversion,mlx-community/DeepSeek-R1-Distill-Qwen-14B-4bit,158.0,11075.0,0.0,0
2026-06-26T15:28:41.966,timeseries,2,Nested Product Conversion,mlx-community/DeepSeek-R1-Distill-Qwen-14B-4bit,129.0,9955.0,0.0,0
2026-06-26T15:28:42.030,timeseries,2,Nested Product Conversion,mlx-community/DeepSeek-R1-Distill-Qwen-14B-4bit,145.0,11297.0,0.0,0
2026-06-26T15:28:42.091,timeseries,2,Nested Product Conversion,mlx-community/DeepSeek-R1-Distill-Qwen-14B-4bit,194.0,9836.0,0.0,0
2026-06-26T15:28:42.154,timeseries,2,Nested Product Conversion,mlx-community/DeepSeek-R1-Distill-Qwen-14B-4bit,345.0,10965.0,0.0,0
2026-06-26T15:28:42.216,timeseries,2,Nested Product Conversion,mlx-community/DeepSeek-R1-Distill-Qwen-14B-4bit,163.0,10066.0,0.0,0
2026-06-26T15:28:42.279,timeseries,2,Nested Product Conversion,mlx-community/DeepSeek-R1-Distill-Qwen-14B-4bit,128.0,11212.0,0.0,0
2026-06-26T15:28:42.341,timeseries,2,Nested Product Conversion,mlx-community/DeepSeek-R1-Distill-Qwen-14B-4bit,160.0,9765.0,0.0,0
2026-06-26T15:28:42.404,timeseries,2,Nested Product Conversion,mlx-community/DeepSeek-R1-Distill-Qwen-14B-4bit,334.0,11082.0,0.0,0
2026-06-26T15:28:42.465,timeseries,2,Nested Product Conversion,mlx-community/DeepSeek-R1-Distill-Qwen-14B-4bit,210.0,9961.0,0.0,0
2026-06-26T15:28:42.529,timeseries,2,Nested Product Conversion,mlx-community/DeepSeek-R1-Distill-Qwen-14B-4bit,128.0,9801.0,0.0,0
2026-06-26T15:28:42.590,timeseries,2,Nested Product Conversion,mlx-community/DeepSeek-R1-Distill-Qwen-14B-4bit,146.0,11349.0,0.0,0
2026-06-26T15:28:42.653,timeseries,2,Nested Product Conversion,mlx-community/DeepSeek-R1-Distill-Qwen-14B-4bit,315.0,9658.0,0.0,0
2026-06-26T15:28:42.715,timeseries,2,Nested Product Conversion,mlx-community/DeepSeek-R1-Distill-Qwen-14B-4bit,147.0,11458.0,0.0,0
2026-06-26T15:28:42.778,timeseries,2,Nested Product Conversion,mlx-community/DeepSeek-R1-Distill-Qwen-14B-4bit,127.0,9776.0,0.0,0
2026-06-26T15:28:42.840,timeseries,2,Nested Product Conversion,mlx-community/DeepSeek-R1-Distill-Qwen-14B-4bit,145.0,11255.0,0.0,0
2026-06-26T15:28:42.902,timeseries,2,Nested Product Conversion,mlx-community/DeepSeek-R1-Distill-Qwen-14B-4bit,144.0,9834.0,0.0,0
2026-06-26T15:28:42.963,timeseries,2,Nested Product Conversion,mlx-community/DeepSeek-R1-Distill-Qwen-14B-4bit,128.0,11267.0,0.0,0
2026-06-26T15:28:43.026,timeseries,2,Nested Product Conversion,mlx-community/DeepSeek-R1-Distill-Qwen-14B-4bit,148.0,10082.0,0.0,0
2026-06-26T15:28:43.088,timeseries,2,Nested Product Conversion,mlx-community/DeepSeek-R1-Distill-Qwen-14B-4bit,161.0,11277.0,0.0,0
2026-06-26T15:28:43.150,timeseries,2,Nested Product Conversion,mlx-community/DeepSeek-R1-Distill-Qwen-14B-4bit,368.0,9769.0,0.0,0
2026-06-26T15:28:43.212,timeseries,2,Nested Product Conversion,mlx-community/DeepSeek-R1-Distill-Qwen-14B-4bit,161.0,11325.0,0.0,0
2026-06-26T15:28:43.273,timeseries,2,Nested Product Conversion,mlx-community/DeepSeek-R1-Distill-Qwen-14B-4bit,145.0,9928.0,0.0,0
2026-06-26T15:28:43.335,timeseries,2,Nested Product Conversion,mlx-community/DeepSeek-R1-Distill-Qwen-14B-4bit,129.0,9939.0,0.0,0
2026-06-26T15:28:43.397,timeseries,2,Nested Product Conversion,mlx-community/DeepSeek-R1-Distill-Qwen-14B-4bit,243.0,11307.0,0.0,0
2026-06-26T15:28:43.459,timeseries,2,Nested Product Conversion,mlx-community/DeepSeek-R1-Distill-Qwen-14B-4bit,178.0,9957.0,0.0,0
2026-06-26T15:28:43.522,timeseries,2,Nested Product Conversion,mlx-community/DeepSeek-R1-Distill-Qwen-14B-4bit,161.0,11293.0,0.0,0
2026-06-26T15:28:43.584,timeseries,2,Nested Product Conversion,mlx-community/DeepSeek-R1-Distill-Qwen-14B-4bit,146.0,9956.0,0.0,0
2026-06-26T15:28:43.646,timeseries,2,Nested Product Conversion,mlx-community/DeepSeek-R1-Distill-Qwen-14B-4bit,271.0,11111.0,0.0,0
2026-06-26T15:28:43.708,timeseries,2,Nested Product Conversion,mlx-community/DeepSeek-R1-Distill-Qwen-14B-4bit,160.0,9880.0,0.0,0
2026-06-26T15:28:43.771,timeseries,2,Nested Product Conversion,mlx-community/DeepSeek-R1-Distill-Qwen-14B-4bit,129.0,11300.0,0.0,0
2026-06-26T15:28:43.833,timeseries,2,Nested Product Conversion,mlx-community/DeepSeek-R1-Distill-Qwen-14B-4bit,129.0,9951.0,0.0,0
2026-06-26T15:28:43.896,timeseries,2,Nested Product Conversion,mlx-community/DeepSeek-R1-Distill-Qwen-14B-4bit,128.0,11220.0,0.0,0
2026-06-26T15:28:43.958,timeseries,2,Nested Product Conversion,mlx-community/DeepSeek-R1-Distill-Qwen-14B-4bit,144.0,9825.0,0.0,0
2026-06-26T15:28:44.021,timeseries,2,Nested Product Conversion,mlx-community/DeepSeek-R1-Distill-Qwen-14B-4bit,143.0,11205.0,0.0,0
2026-06-26T15:28:44.083,timeseries,2,Nested Product Conversion,mlx-community/DeepSeek-R1-Distill-Qwen-14B-4bit,146.0,9924.0,0.0,0
2026-06-26T15:28:44.146,timeseries,2,Nested Product Conversion,mlx-community/DeepSeek-R1-Distill-Qwen-14B-4bit,315.0,11007.0,0.0,0
2026-06-26T15:28:44.207,timeseries,2,Nested Product Conversion,mlx-community/DeepSeek-R1-Distill-Qwen-14B-4bit,210.0,9948.0,0.0,0
2026-06-26T15:28:44.270,timeseries,2,Nested Product Conversion,mlx-community/DeepSeek-R1-Distill-Qwen-14B-4bit,128.0,9861.0,0.0,0
2026-06-26T15:28:44.330,timeseries,2,Nested Product Conversion,mlx-community/DeepSeek-R1-Distill-Qwen-14B-4bit,129.0,11374.0,0.0,0
2026-06-26T15:28:44.392,timeseries,2,Nested Product Conversion,mlx-community/DeepSeek-R1-Distill-Qwen-14B-4bit,277.0,9943.0,0.0,0
2026-06-26T15:28:44.454,timeseries,2,Nested Product Conversion,mlx-community/DeepSeek-R1-Distill-Qwen-14B-4bit,196.0,11568.0,0.0,0
2026-06-26T15:28:44.517,timeseries,2,Nested Product Conversion,mlx-community/DeepSeek-R1-Distill-Qwen-14B-4bit,130.0,9979.0,0.0,0
2026-06-26T15:28:44.577,timeseries,2,Nested Product Conversion,mlx-community/DeepSeek-R1-Distill-Qwen-14B-4bit,144.0,11267.0,0.0,0
2026-06-26T15:28:44.639,timeseries,2,Nested Product Conversion,mlx-community/DeepSeek-R1-Distill-Qwen-14B-4bit,306.0,9820.0,0.0,0
2026-06-26T15:28:44.701,timeseries,2,Nested Product Conversion,mlx-community/DeepSeek-R1-Distill-Qwen-14B-4bit,131.0,10072.0,0.0,0
2026-06-26T15:28:44.764,timeseries,2,Nested Product Conversion,mlx-community/DeepSeek-R1-Distill-Qwen-14B-4bit,145.0,11321.0,0.0,0
2026-06-26T15:28:44.825,timeseries,2,Nested Product Conversion,mlx-community/DeepSeek-R1-Distill-Qwen-14B-4bit,129.0,9929.0,0.0,0
2026-06-26T15:28:44.887,timeseries,2,Nested Product Conversion,mlx-community/DeepSeek-R1-Distill-Qwen-14B-4bit,131.0,11478.0,0.0,0
2026-06-26T15:28:44.949,timeseries,2,Nested Product Conversion,mlx-community/DeepSeek-R1-Distill-Qwen-14B-4bit,129.0,9897.0,0.0,0
2026-06-26T15:28:45.011,timeseries,2,Nested Product Conversion,mlx-community/DeepSeek-R1-Distill-Qwen-14B-4bit,129.0,9900.0,0.0,0
2026-06-26T15:28:45.072,timeseries,2,Nested Product Conversion,mlx-community/DeepSeek-R1-Distill-Qwen-14B-4bit,129.0,11333.0,0.0,0
2026-06-26T15:28:45.134,timeseries,2,Nested Product Conversion,mlx-community/DeepSeek-R1-Distill-Qwen-14B-4bit,323.0,9874.0,0.0,0
2026-06-26T15:28:45.196,timeseries,2,Nested Product Conversion,mlx-community/DeepSeek-R1-Distill-Qwen-14B-4bit,164.0,11573.0,0.0,0
2026-06-26T15:28:45.258,timeseries,2,Nested Product Conversion,mlx-community/DeepSeek-R1-Distill-Qwen-14B-4bit,161.0,9898.0,0.0,0
2026-06-26T15:28:45.323,timeseries,2,Nested Product Conversion,mlx-community/DeepSeek-R1-Distill-Qwen-14B-4bit,128.0,11270.0,0.0,0
2026-06-26T15:28:45.385,timeseries,2,Nested Product Conversion,mlx-community/DeepSeek-R1-Distill-Qwen-14B-4bit,209.0,9838.0,0.0,0
2026-06-26T15:28:45.448,timeseries,2,Nested Product Conversion,mlx-community/DeepSeek-R1-Distill-Qwen-14B-4bit,468.0,10924.0,0.0,0
2026-06-26T15:28:45.509,timeseries,2,Nested Product Conversion,mlx-community/DeepSeek-R1-Distill-Qwen-14B-4bit,159.0,9800.0,0.0,0
2026-06-26T15:28:45.571,timeseries,2,Nested Product Conversion,mlx-community/DeepSeek-R1-Distill-Qwen-14B-4bit,144.0,11260.0,0.0,0
2026-06-26T15:28:45.633,timeseries,2,Nested Product Conversion,mlx-community/DeepSeek-R1-Distill-Qwen-14B-4bit,324.0,9919.0,0.0,0
2026-06-26T15:28:45.695,timeseries,2,Nested Product Conversion,mlx-community/DeepSeek-R1-Distill-Qwen-14B-4bit,146.0,11382.0,0.0,0
2026-06-26T15:28:45.757,timeseries,2,Nested Product Conversion,mlx-community/DeepSeek-R1-Distill-Qwen-14B-4bit,144.0,9843.0,0.0,0
2026-06-26T15:28:45.819,timeseries,2,Nested Product Conversion,mlx-community/DeepSeek-R1-Distill-Qwen-14B-4bit,129.0,9949.0,0.0,0
2026-06-26T15:28:45.883,timeseries,2,Nested Product Conversion,mlx-community/DeepSeek-R1-Distill-Qwen-14B-4bit,145.0,11336.0,0.0,0
2026-06-26T15:28:45.946,timeseries,2,Nested Product Conversion,mlx-community/DeepSeek-R1-Distill-Qwen-14B-4bit,129.0,11306.0,0.0,0
2026-06-26T15:28:46.008,timeseries,2,Nested Product Conversion,mlx-community/DeepSeek-R1-Distill-Qwen-14B-4bit,141.0,9652.0,0.0,0
2026-06-26T15:28:46.069,timeseries,2,Nested Product Conversion,mlx-community/DeepSeek-R1-Distill-Qwen-14B-4bit,145.0,11300.0,0.0,0
2026-06-26T15:28:46.132,timeseries,2,Nested Product Conversion,mlx-community/DeepSeek-R1-Distill-Qwen-14B-4bit,304.0,9774.0,0.0,0
2026-06-26T15:28:46.194,timeseries,2,Nested Product Conversion,mlx-community/DeepSeek-R1-Distill-Qwen-14B-4bit,180.0,10076.0,0.0,0
2026-06-26T15:28:46.255,timeseries,2,Nested Product Conversion,mlx-community/DeepSeek-R1-Distill-Qwen-14B-4bit,650.0,11020.0,0.0,0
2026-06-26T15:28:46.317,timeseries,2,Nested Product Conversion,mlx-community/DeepSeek-R1-Distill-Qwen-14B-4bit,1824.0,9915.0,0.0,0
2026-06-26T15:28:46.377,timeseries,2,Nested Product Conversion,mlx-community/DeepSeek-R1-Distill-Qwen-14B-4bit,678.0,11312.0,0.0,0
2026-06-26T15:28:46.439,timeseries,2,Nested Product Conversion,mlx-community/DeepSeek-R1-Distill-Qwen-14B-4bit,264.0,10154.0,0.0,0
2026-06-26T15:28:46.501,timeseries,2,Nested Product Conversion,mlx-community/DeepSeek-R1-Distill-Qwen-14B-4bit,228.0,10083.0,0.0,0
2026-06-26T15:28:46.564,timeseries,2,Nested Product Conversion,mlx-community/DeepSeek-R1-Distill-Qwen-14B-4bit,420.0,11353.0,0.0,0
2026-06-26T15:28:46.624,timeseries,2,Nested Product Conversion,mlx-community/DeepSeek-R1-Distill-Qwen-14B-4bit,969.0,9920.0,0.0,0
2026-06-26T15:28:46.686,timeseries,2,Nested Product Conversion,mlx-community/DeepSeek-R1-Distill-Qwen-14B-4bit,435.0,11302.0,0.0,0
2026-06-26T15:28:46.751,timeseries,2,Nested Product Conversion,mlx-community/DeepSeek-R1-Distill-Qwen-14B-4bit,278.0,10089.0,0.0,0
2026-06-26T15:28:46.815,timeseries,2,Nested Product Conversion,mlx-community/DeepSeek-R1-Distill-Qwen-14B-4bit,847.0,11357.0,0.0,0
2026-06-26T15:28:46.876,timeseries,2,Nested Product Conversion,mlx-community/DeepSeek-R1-Distill-Qwen-14B-4bit,552.0,9269.0,0.0,0
2026-06-26T15:28:46.938,timeseries,2,Nested Product Conversion,mlx-community/DeepSeek-R1-Distill-Qwen-14B-4bit,422.0,10885.0,0.0,0
2026-06-26T15:28:47.000,timeseries,2,Nested Product Conversion,mlx-community/DeepSeek-R1-Distill-Qwen-14B-4bit,276.0,10009.0,0.0,0
2026-06-26T15:28:47.064,timeseries,2,Nested Product Conversion,mlx-community/DeepSeek-R1-Distill-Qwen-14B-4bit,453.0,11375.0,0.0,0
2026-06-26T15:28:47.126,timeseries,2,Nested Product Conversion,mlx-community/DeepSeek-R1-Distill-Qwen-14B-4bit,1075.0,9971.0,0.0,0
2026-06-26T15:28:47.187,timeseries,2,Nested Product Conversion,mlx-community/DeepSeek-R1-Distill-Qwen-14B-4bit,666.0,10794.0,0.0,0
2026-06-26T15:28:47.249,timeseries,2,Nested Product Conversion,mlx-community/DeepSeek-R1-Distill-Qwen-14B-4bit,280.0,10157.0,0.0,0
2026-06-26T15:28:47.311,timeseries,2,Nested Product Conversion,mlx-community/DeepSeek-R1-Distill-Qwen-14B-4bit,625.0,9866.0,0.0,0
2026-06-26T15:28:47.372,timeseries,2,Nested Product Conversion,mlx-community/DeepSeek-R1-Distill-Qwen-14B-4bit,783.0,11453.0,0.0,0
2026-06-26T15:28:47.434,timeseries,2,Nested Product Conversion,mlx-community/DeepSeek-R1-Distill-Qwen-14B-4bit,423.0,10018.0,0.0,0
2026-06-26T15:28:47.496,timeseries,2,Nested Product Conversion,mlx-community/DeepSeek-R1-Distill-Qwen-14B-4bit,293.0,11462.0,0.0,0
2026-06-26T15:28:47.557,timeseries,2,Nested Product Conversion,mlx-community/DeepSeek-R1-Distill-Qwen-14B-4bit,371.0,9940.0,0.0,0
2026-06-26T15:28:47.619,timeseries,2,Nested Product Conversion,mlx-community/DeepSeek-R1-Distill-Qwen-14B-4bit,1029.0,9893.0,0.0,0
2026-06-26T15:28:47.680,timeseries,2,Nested Product Conversion,mlx-community/DeepSeek-R1-Distill-Qwen-14B-4bit,391.0,11456.0,0.0,0
2026-06-26T15:28:47.742,timeseries,2,Nested Product Conversion,mlx-community/DeepSeek-R1-Distill-Qwen-14B-4bit,278.0,10071.0,0.0,0
2026-06-26T15:28:47.804,timeseries,2,Nested Product Conversion,mlx-community/DeepSeek-R1-Distill-Qwen-14B-4bit,404.0,11365.0,0.0,0
2026-06-26T15:28:47.866,timeseries,2,Nested Product Conversion,mlx-community/DeepSeek-R1-Distill-Qwen-14B-4bit,435.0,9942.0,0.0,0
2026-06-26T15:28:47.927,timeseries,2,Nested Product Conversion,mlx-community/DeepSeek-R1-Distill-Qwen-14B-4bit,423.0,10003.0,0.0,0
2026-06-26T15:28:47.989,timeseries,2,Nested Product Conversion,mlx-community/DeepSeek-R1-Distill-Qwen-14B-4bit,276.0,11417.0,0.0,0
2026-06-26T15:28:48.051,timeseries,2,Nested Product Conversion,mlx-community/DeepSeek-R1-Distill-Qwen-14B-4bit,425.0,10053.0,0.0,0
2026-06-26T15:28:48.112,timeseries,2,Nested Product Conversion,mlx-community/DeepSeek-R1-Distill-Qwen-14B-4bit,1003.0,11375.0,0.0,0
2026-06-26T15:28:48.174,timeseries,2,Nested Product Conversion,mlx-community/DeepSeek-R1-Distill-Qwen-14B-4bit,421.0,9981.0,0.0,0
2026-06-26T15:28:48.235,timeseries,2,Nested Product Conversion,mlx-community/DeepSeek-R1-Distill-Qwen-14B-4bit,708.0,9895.0,0.0,0
2026-06-26T15:28:48.297,timeseries,2,Nested Product Conversion,mlx-community/DeepSeek-R1-Distill-Qwen-14B-4bit,408.0,11483.0,0.0,0
2026-06-26T15:28:48.359,timeseries,2,Nested Product Conversion,mlx-community/DeepSeek-R1-Distill-Qwen-14B-4bit,621.0,10066.0,0.0,0
2026-06-26T15:28:48.420,timeseries,2,Nested Product Conversion,mlx-community/DeepSeek-R1-Distill-Qwen-14B-4bit,850.0,11241.0,0.0,0
2026-06-26T15:28:48.482,timeseries,2,Nested Product Conversion,mlx-community/DeepSeek-R1-Distill-Qwen-14B-4bit,293.0,10090.0,0.0,0
2026-06-26T15:28:48.543,timeseries,2,Nested Product Conversion,mlx-community/DeepSeek-R1-Distill-Qwen-14B-4bit,372.0,9983.0,0.0,0
2026-06-26T15:28:48.604,timeseries,2,Nested Product Conversion,mlx-community/DeepSeek-R1-Distill-Qwen-14B-4bit,1030.0,11496.0,0.0,0
2026-06-26T15:28:48.666,timeseries,2,Nested Product Conversion,mlx-community/DeepSeek-R1-Distill-Qwen-14B-4bit,423.0,10015.0,0.0,0
2026-06-26T15:28:48.727,timeseries,2,Nested Product Conversion,mlx-community/DeepSeek-R1-Distill-Qwen-14B-4bit,1817.0,11500.0,0.0,0
2026-06-26T15:28:48.789,timeseries,2,Nested Product Conversion,mlx-community/DeepSeek-R1-Distill-Qwen-14B-4bit,899.0,9873.0,0.0,0
2026-06-26T15:28:48.850,timeseries,2,Nested Product Conversion,mlx-community/DeepSeek-R1-Distill-Qwen-14B-4bit,310.0,10067.0,0.0,0
2026-06-26T15:28:48.911,timeseries,2,Nested Product Conversion,mlx-community/DeepSeek-R1-Distill-Qwen-14B-4bit,471.0,11412.0,0.0,0
2026-06-26T15:28:48.973,timeseries,2,Nested Product Conversion,mlx-community/DeepSeek-R1-Distill-Qwen-14B-4bit,278.0,10083.0,0.0,0
2026-06-26T15:28:49.035,timeseries,2,Nested Product Conversion,mlx-community/DeepSeek-R1-Distill-Qwen-14B-4bit,375.0,10034.0,0.0,0
2026-06-26T15:28:49.097,timeseries,2,Nested Product Conversion,mlx-community/DeepSeek-R1-Distill-Qwen-14B-4bit,968.0,11361.0,0.0,0
2026-06-26T15:28:49.159,timeseries,2,Nested Product Conversion,mlx-community/DeepSeek-R1-Distill-Qwen-14B-4bit,504.0,10003.0,0.0,0
2026-06-26T15:28:49.221,timeseries,2,Nested Product Conversion,mlx-community/DeepSeek-R1-Distill-Qwen-14B-4bit,273.0,11345.0,0.0,0
2026-06-26T15:28:49.282,timeseries,2,Nested Product Conversion,mlx-community/DeepSeek-R1-Distill-Qwen-14B-4bit,393.0,10078.0,0.0,0
2026-06-26T15:28:49.343,timeseries,2,Nested Product Conversion,mlx-community/DeepSeek-R1-Distill-Qwen-14B-4bit,385.0,9877.0,0.0,0
2026-06-26T15:28:49.405,timeseries,2,Nested Product Conversion,mlx-community/DeepSeek-R1-Distill-Qwen-14B-4bit,1042.0,11400.0,0.0,0
2026-06-26T15:28:49.467,timeseries,2,Nested Product Conversion,mlx-community/DeepSeek-R1-Distill-Qwen-14B-4bit,295.0,10154.0,0.0,0
2026-06-26T15:28:49.529,timeseries,2,Nested Product Conversion,mlx-community/DeepSeek-R1-Distill-Qwen-14B-4bit,385.0,11324.0,0.0,0
2026-06-26T15:28:49.590,timeseries,2,Nested Product Conversion,mlx-community/DeepSeek-R1-Distill-Qwen-14B-4bit,877.0,9988.0,0.0,0
2026-06-26T15:28:49.651,timeseries,2,Nested Product Conversion,mlx-community/DeepSeek-R1-Distill-Qwen-14B-4bit,530.0,9880.0,0.0,0
2026-06-26T15:28:49.713,timeseries,2,Nested Product Conversion,mlx-community/DeepSeek-R1-Distill-Qwen-14B-4bit,312.0,11563.0,0.0,0
2026-06-26T15:28:49.774,timeseries,2,Nested Product Conversion,mlx-community/DeepSeek-R1-Distill-Qwen-14B-4bit,392.0,10059.0,0.0,0
2026-06-26T15:28:49.837,timeseries,2,Nested Product Conversion,mlx-community/DeepSeek-R1-Distill-Qwen-14B-4bit,373.0,11451.0,0.0,0
2026-06-26T15:28:49.899,timeseries,2,Nested Product Conversion,mlx-community/DeepSeek-R1-Distill-Qwen-14B-4bit,407.0,10017.0,0.0,0
2026-06-26T15:28:49.961,timeseries,2,Nested Product Conversion,mlx-community/DeepSeek-R1-Distill-Qwen-14B-4bit,332.0,9752.0,0.0,0
2026-06-26T15:28:50.022,timeseries,2,Nested Product Conversion,mlx-community/DeepSeek-R1-Distill-Qwen-14B-4bit,389.0,11415.0,0.0,0
2026-06-26T15:28:50.084,timeseries,2,Nested Product Conversion,mlx-community/DeepSeek-R1-Distill-Qwen-14B-4bit,436.0,9970.0,0.0,0
2026-06-26T15:28:50.146,timeseries,2,Nested Product Conversion,mlx-community/DeepSeek-R1-Distill-Qwen-14B-4bit,932.0,11508.0,0.0,0
2026-06-26T15:28:50.208,timeseries,2,Nested Product Conversion,mlx-community/DeepSeek-R1-Distill-Qwen-14B-4bit,341.0,9963.0,0.0,0
2026-06-26T15:28:50.270,timeseries,2,Nested Product Conversion,mlx-community/DeepSeek-R1-Distill-Qwen-14B-4bit,402.0,11351.0,0.0,0
2026-06-26T15:28:50.331,timeseries,2,Nested Product Conversion,mlx-community/DeepSeek-R1-Distill-Qwen-14B-4bit,373.0,9997.0,0.0,0
2026-06-26T15:28:50.392,timeseries,2,Nested Product Conversion,mlx-community/DeepSeek-R1-Distill-Qwen-14B-4bit,821.0,10087.0,0.0,0
2026-06-26T15:28:50.453,timeseries,2,Nested Product Conversion,mlx-community/DeepSeek-R1-Distill-Qwen-14B-4bit,583.0,11443.0,0.0,0
2026-06-26T15:28:50.515,timeseries,2,Nested Product Conversion,mlx-community/DeepSeek-R1-Distill-Qwen-14B-4bit,374.0,10010.0,0.0,0
2026-06-26T15:28:50.577,timeseries,2,Nested Product Conversion,mlx-community/DeepSeek-R1-Distill-Qwen-14B-4bit,374.0,10041.0,0.0,0
2026-06-26T15:28:50.639,timeseries,2,Nested Product Conversion,mlx-community/DeepSeek-R1-Distill-Qwen-14B-4bit,969.0,11386.0,0.0,0
2026-06-26T15:28:50.700,timeseries,2,Nested Product Conversion,mlx-community/DeepSeek-R1-Distill-Qwen-14B-4bit,342.0,10041.0,0.0,0
2026-06-26T15:28:50.762,timeseries,2,Nested Product Conversion,mlx-community/DeepSeek-R1-Distill-Qwen-14B-4bit,388.0,11403.0,0.0,0
2026-06-26T15:28:50.824,timeseries,2,Nested Product Conversion,mlx-community/DeepSeek-R1-Distill-Qwen-14B-4bit,375.0,10072.0,0.0,0
2026-06-26T15:28:50.886,timeseries,2,Nested Product Conversion,mlx-community/DeepSeek-R1-Distill-Qwen-14B-4bit,403.0,9946.0,0.0,0
2026-06-26T15:28:50.947,timeseries,2,Nested Product Conversion,mlx-community/DeepSeek-R1-Distill-Qwen-14B-4bit,341.0,11451.0,0.0,0
2026-06-26T15:28:51.009,timeseries,2,Nested Product Conversion,mlx-community/DeepSeek-R1-Distill-Qwen-14B-4bit,370.0,9948.0,0.0,0
2026-06-26T15:28:51.070,timeseries,2,Nested Product Conversion,mlx-community/DeepSeek-R1-Distill-Qwen-14B-4bit,374.0,11459.0,0.0,0
2026-06-26T15:28:51.132,timeseries,2,Nested Product Conversion,mlx-community/DeepSeek-R1-Distill-Qwen-14B-4bit,951.0,10104.0,0.0,0
2026-06-26T15:28:51.194,timeseries,2,Nested Product Conversion,mlx-community/DeepSeek-R1-Distill-Qwen-14B-4bit,274.0,9952.0,0.0,0
2026-06-26T15:28:51.255,timeseries,2,Nested Product Conversion,mlx-community/DeepSeek-R1-Distill-Qwen-14B-4bit,470.0,11429.0,0.0,0
2026-06-26T15:28:51.317,timeseries,2,Nested Product Conversion,mlx-community/DeepSeek-R1-Distill-Qwen-14B-4bit,389.0,10016.0,0.0,0
2026-06-26T15:28:51.377,timeseries,2,Nested Product Conversion,mlx-community/DeepSeek-R1-Distill-Qwen-14B-4bit,3462.0,11196.0,0.0,0
2026-06-26T15:28:51.439,timeseries,2,Nested Product Conversion,mlx-community/DeepSeek-R1-Distill-Qwen-14B-4bit,373.0,10026.0,0.0,0
2026-06-26T15:28:51.501,timeseries,2,Nested Product Conversion,mlx-community/DeepSeek-R1-Distill-Qwen-14B-4bit,332.0,10250.0,0.0,0
2026-06-26T15:28:51.563,timeseries,2,Nested Product Conversion,mlx-community/DeepSeek-R1-Distill-Qwen-14B-4bit,179.0,11443.0,0.0,0
2026-06-26T15:28:51.624,timeseries,2,Nested Product Conversion,mlx-community/DeepSeek-R1-Distill-Qwen-14B-4bit,547.0,9791.0,0.0,0
2026-06-26T15:28:51.686,timeseries,2,Nested Product Conversion,mlx-community/DeepSeek-R1-Distill-Qwen-14B-4bit,516.0,9938.0,0.0,0
2026-06-26T15:28:51.748,timeseries,2,Nested Product Conversion,mlx-community/DeepSeek-R1-Distill-Qwen-14B-4bit,246.0,11527.0,0.0,0
2026-06-26T15:28:51.810,timeseries,2,Nested Product Conversion,mlx-community/DeepSeek-R1-Distill-Qwen-14B-4bit,162.0,9989.0,0.0,0
2026-06-26T15:28:51.872,timeseries,2,Nested Product Conversion,mlx-community/DeepSeek-R1-Distill-Qwen-14B-4bit,128.0,11319.0,0.0,0
2026-06-26T15:28:51.939,timeseries,2,Nested Product Conversion,mlx-community/DeepSeek-R1-Distill-Qwen-14B-4bit,113.0,9994.0,0.0,0
2026-06-26T15:28:52.001,timeseries,2,Nested Product Conversion,mlx-community/DeepSeek-R1-Distill-Qwen-14B-4bit,176.0,11247.0,0.0,0
2026-06-26T15:28:52.062,timeseries,2,Nested Product Conversion,mlx-community/DeepSeek-R1-Distill-Qwen-14B-4bit,286.0,10500.0,0.0,0
2026-06-26T15:28:52.124,timeseries,2,Nested Product Conversion,mlx-community/DeepSeek-R1-Distill-Qwen-14B-4bit,322.0,9867.0,0.0,0
2026-06-26T15:28:52.186,timeseries,2,Nested Product Conversion,mlx-community/DeepSeek-R1-Distill-Qwen-14B-4bit,164.0,10132.0,0.0,0
2026-06-26T15:28:52.248,timeseries,2,Nested Product Conversion,mlx-community/DeepSeek-R1-Distill-Qwen-14B-4bit,146.0,11412.0,0.0,0
2026-06-26T15:28:52.310,timeseries,2,Nested Product Conversion,mlx-community/DeepSeek-R1-Distill-Qwen-14B-4bit,143.0,9820.0,0.0,0
2026-06-26T15:28:52.373,timeseries,2,Nested Product Conversion,mlx-community/DeepSeek-R1-Distill-Qwen-14B-4bit,178.0,11355.0,0.0,0
2026-06-26T15:28:52.435,timeseries,2,Nested Product Conversion,mlx-community/DeepSeek-R1-Distill-Qwen-14B-4bit,276.0,10002.0,0.0,0
2026-06-26T15:28:52.497,timeseries,2,Nested Product Conversion,mlx-community/DeepSeek-R1-Distill-Qwen-14B-4bit,222.0,11169.0,0.0,0
2026-06-26T15:28:52.557,timeseries,2,Nested Product Conversion,mlx-community/DeepSeek-R1-Distill-Qwen-14B-4bit,178.0,9941.0,0.0,0
2026-06-26T15:28:52.619,timeseries,2,Nested Product Conversion,mlx-community/DeepSeek-R1-Distill-Qwen-14B-4bit,306.0,9888.0,0.0,0
2026-06-26T15:28:52.681,timeseries,2,Nested Product Conversion,mlx-community/DeepSeek-R1-Distill-Qwen-14B-4bit,167.0,11827.0,0.0,0
2026-06-26T15:28:52.743,timeseries,2,Nested Product Conversion,mlx-community/DeepSeek-R1-Distill-Qwen-14B-4bit,129.0,9928.0,0.0,0
2026-06-26T15:28:52.805,timeseries,2,Nested Product Conversion,mlx-community/DeepSeek-R1-Distill-Qwen-14B-4bit,144.0,11293.0,0.0,0
2026-06-26T15:28:52.866,timeseries,2,Nested Product Conversion,mlx-community/DeepSeek-R1-Distill-Qwen-14B-4bit,146.0,9959.0,0.0,0
2026-06-26T15:28:52.928,timeseries,2,Nested Product Conversion,mlx-community/DeepSeek-R1-Distill-Qwen-14B-4bit,114.0,10078.0,0.0,0
2026-06-26T15:28:52.991,timeseries,2,Nested Product Conversion,mlx-community/DeepSeek-R1-Distill-Qwen-14B-4bit,146.0,11448.0,0.0,0
2026-06-26T15:28:53.052,timeseries,2,Nested Product Conversion,mlx-community/DeepSeek-R1-Distill-Qwen-14B-4bit,144.0,9854.0,0.0,0
2026-06-26T15:28:53.114,timeseries,2,Nested Product Conversion,mlx-community/DeepSeek-R1-Distill-Qwen-14B-4bit,273.0,11297.0,0.0,0
2026-06-26T15:28:53.176,timeseries,2,Nested Product Conversion,mlx-community/DeepSeek-R1-Distill-Qwen-14B-4bit,164.0,10109.0,0.0,0
2026-06-26T15:28:53.239,timeseries,2,Nested Product Conversion,mlx-community/DeepSeek-R1-Distill-Qwen-14B-4bit,145.0,11345.0,0.0,0
2026-06-26T15:28:53.302,timeseries,2,Nested Product Conversion,mlx-community/DeepSeek-R1-Distill-Qwen-14B-4bit,160.0,9866.0,0.0,0
2026-06-26T15:28:53.365,timeseries,2,Nested Product Conversion,mlx-community/DeepSeek-R1-Distill-Qwen-14B-4bit,160.0,11275.0,0.0,0
2026-06-26T15:28:53.427,timeseries,2,Nested Product Conversion,mlx-community/DeepSeek-R1-Distill-Qwen-14B-4bit,223.0,9793.0,0.0,0
2026-06-26T15:28:53.489,timeseries,2,Nested Product Conversion,mlx-community/DeepSeek-R1-Distill-Qwen-14B-4bit,173.0,11114.0,0.0,0
2026-06-26T15:28:53.549,timeseries,2,Nested Product Conversion,mlx-community/DeepSeek-R1-Distill-Qwen-14B-4bit,147.0,10063.0,0.0,0
2026-06-26T15:28:53.611,timeseries,2,Nested Product Conversion,mlx-community/DeepSeek-R1-Distill-Qwen-14B-4bit,322.0,9841.0,0.0,0
2026-06-26T15:28:53.673,timeseries,2,Nested Product Conversion,mlx-community/DeepSeek-R1-Distill-Qwen-14B-4bit,183.0,11701.0,0.0,0
2026-06-26T15:28:53.735,timeseries,2,Nested Product Conversion,mlx-community/DeepSeek-R1-Distill-Qwen-14B-4bit,145.0,9940.0,0.0,0
2026-06-26T15:28:53.797,timeseries,2,Nested Product Conversion,mlx-community/DeepSeek-R1-Distill-Qwen-14B-4bit,145.0,11363.0,0.0,0
2026-06-26T15:28:53.859,timeseries,2,Nested Product Conversion,mlx-community/DeepSeek-R1-Distill-Qwen-14B-4bit,130.0,10003.0,0.0,0
2026-06-26T15:28:53.922,timeseries,2,Nested Product Conversion,mlx-community/DeepSeek-R1-Distill-Qwen-14B-4bit,128.0,11283.0,0.0,0
2026-06-26T15:28:53.985,timeseries,2,Nested Product Conversion,mlx-community/DeepSeek-R1-Distill-Qwen-14B-4bit,146.0,9995.0,0.0,0
2026-06-26T15:28:54.047,timeseries,2,Nested Product Conversion,mlx-community/DeepSeek-R1-Distill-Qwen-14B-4bit,176.0,11312.0,0.0,0
2026-06-26T15:28:54.110,timeseries,2,Nested Product Conversion,mlx-community/DeepSeek-R1-Distill-Qwen-14B-4bit,239.0,9803.0,0.0,0
2026-06-26T15:28:54.172,timeseries,2,Nested Product Conversion,mlx-community/DeepSeek-R1-Distill-Qwen-14B-4bit,225.0,11294.0,0.0,0
2026-06-26T15:28:54.233,timeseries,2,Nested Product Conversion,mlx-community/DeepSeek-R1-Distill-Qwen-14B-4bit,143.0,9826.0,0.0,0
2026-06-26T15:28:54.296,timeseries,2,Nested Product Conversion,mlx-community/DeepSeek-R1-Distill-Qwen-14B-4bit,146.0,11420.0,0.0,0
2026-06-26T15:28:54.359,timeseries,2,Nested Product Conversion,mlx-community/DeepSeek-R1-Distill-Qwen-14B-4bit,161.0,9962.0,0.0,0
2026-06-26T15:28:54.422,timeseries,2,Nested Product Conversion,mlx-community/DeepSeek-R1-Distill-Qwen-14B-4bit,288.0,11166.0,0.0,0
2026-06-26T15:28:54.484,timeseries,2,Nested Product Conversion,mlx-community/DeepSeek-R1-Distill-Qwen-14B-4bit,158.0,9855.0,0.0,0
2026-06-26T15:28:54.547,timeseries,2,Nested Product Conversion,mlx-community/DeepSeek-R1-Distill-Qwen-14B-4bit,143.0,11210.0,0.0,0
2026-06-26T15:28:54.609,timeseries,2,Nested Product Conversion,mlx-community/DeepSeek-R1-Distill-Qwen-14B-4bit,211.0,9984.0,0.0,0
2026-06-26T15:28:54.671,timeseries,2,Nested Product Conversion,mlx-community/DeepSeek-R1-Distill-Qwen-14B-4bit,351.0,11185.0,0.0,0
2026-06-26T15:28:54.734,timeseries,2,Nested Product Conversion,mlx-community/DeepSeek-R1-Distill-Qwen-14B-4bit,143.0,9858.0,0.0,0
2026-06-26T15:28:54.796,timeseries,2,Nested Product Conversion,mlx-community/DeepSeek-R1-Distill-Qwen-14B-4bit,129.0,11397.0,0.0,0
2026-06-26T15:28:54.859,timeseries,2,Nested Product Conversion,mlx-community/DeepSeek-R1-Distill-Qwen-14B-4bit,160.0,9886.0,0.0,0
2026-06-26T15:28:54.921,timeseries,2,Nested Product Conversion,mlx-community/DeepSeek-R1-Distill-Qwen-14B-4bit,145.0,11309.0,0.0,0
2026-06-26T15:28:54.959,timeseries,2,Nested Product Conversion,mlx-community/DeepSeek-R1-Distill-Qwen-14B-4bit,127.0,9863.0,0.0,981
2026-06-26T15:28:58.377,timeseries,3,Weather Report Extended v2,mlx-community/DeepSeek-R1-Distill-Qwen-14B-4bit,774.0,19671.0,0.0,0
2026-06-26T15:28:58.435,timeseries,3,Weather Report Extended v2,mlx-community/DeepSeek-R1-Distill-Qwen-14B-4bit,250.0,21834.0,0.0,0
2026-06-26T15:28:58.496,timeseries,3,Weather Report Extended v2,mlx-community/DeepSeek-R1-Distill-Qwen-14B-4bit,211.0,21871.0,0.0,0
2026-06-26T15:28:58.558,timeseries,3,Weather Report Extended v2,mlx-community/DeepSeek-R1-Distill-Qwen-14B-4bit,206.0,21219.0,0.0,0
2026-06-26T15:28:58.619,timeseries,3,Weather Report Extended v2,mlx-community/DeepSeek-R1-Distill-Qwen-14B-4bit,754.0,23224.0,0.0,0
2026-06-26T15:28:58.681,timeseries,3,Weather Report Extended v2,mlx-community/DeepSeek-R1-Distill-Qwen-14B-4bit,147.0,20602.0,0.0,0
2026-06-26T15:28:58.741,timeseries,3,Weather Report Extended v2,mlx-community/DeepSeek-R1-Distill-Qwen-14B-4bit,342.0,20385.0,0.0,0
2026-06-26T15:28:58.803,timeseries,3,Weather Report Extended v2,mlx-community/DeepSeek-R1-Distill-Qwen-14B-4bit,1915.0,23229.0,0.0,0
2026-06-26T15:28:58.864,timeseries,3,Weather Report Extended v2,mlx-community/DeepSeek-R1-Distill-Qwen-14B-4bit,245.0,20392.0,0.0,0
2026-06-26T15:28:58.925,timeseries,3,Weather Report Extended v2,mlx-community/DeepSeek-R1-Distill-Qwen-14B-4bit,65.0,20139.0,0.0,0
2026-06-26T15:28:58.987,timeseries,3,Weather Report Extended v2,mlx-community/DeepSeek-R1-Distill-Qwen-14B-4bit,98.0,23362.0,0.0,0
2026-06-26T15:28:59.048,timeseries,3,Weather Report Extended v2,mlx-community/DeepSeek-R1-Distill-Qwen-14B-4bit,98.0,20342.0,0.0,0
2026-06-26T15:28:59.110,timeseries,3,Weather Report Extended v2,mlx-community/DeepSeek-R1-Distill-Qwen-14B-4bit,702.0,20530.0,0.0,0
2026-06-26T15:28:59.171,timeseries,3,Weather Report Extended v2,mlx-community/DeepSeek-R1-Distill-Qwen-14B-4bit,130.0,23149.0,0.0,0
2026-06-26T15:28:59.233,timeseries,3,Weather Report Extended v2,mlx-community/DeepSeek-R1-Distill-Qwen-14B-4bit,81.0,20270.0,0.0,0
2026-06-26T15:28:59.294,timeseries,3,Weather Report Extended v2,mlx-community/DeepSeek-R1-Distill-Qwen-14B-4bit,98.0,23418.0,0.0,0
2026-06-26T15:28:59.356,timeseries,3,Weather Report Extended v2,mlx-community/DeepSeek-R1-Distill-Qwen-14B-4bit,163.0,20473.0,0.0,0
2026-06-26T15:28:59.417,timeseries,3,Weather Report Extended v2,mlx-community/DeepSeek-R1-Distill-Qwen-14B-4bit,487.0,20240.0,0.0,0
2026-06-26T15:28:59.478,timeseries,3,Weather Report Extended v2,mlx-community/DeepSeek-R1-Distill-Qwen-14B-4bit,114.0,23488.0,0.0,0
2026-06-26T15:28:59.539,timeseries,3,Weather Report Extended v2,mlx-community/DeepSeek-R1-Distill-Qwen-14B-4bit,66.0,20685.0,0.0,0
2026-06-26T15:28:59.600,timeseries,3,Weather Report Extended v2,mlx-community/DeepSeek-R1-Distill-Qwen-14B-4bit,635.0,20407.0,0.0,0
2026-06-26T15:28:59.661,timeseries,3,Weather Report Extended v2,mlx-community/DeepSeek-R1-Distill-Qwen-14B-4bit,213.0,23320.0,0.0,0
2026-06-26T15:28:59.723,timeseries,3,Weather Report Extended v2,mlx-community/DeepSeek-R1-Distill-Qwen-14B-4bit,65.0,20740.0,0.0,0
2026-06-26T15:28:59.784,timeseries,3,Weather Report Extended v2,mlx-community/DeepSeek-R1-Distill-Qwen-14B-4bit,98.0,20477.0,0.0,0
2026-06-26T15:28:59.845,timeseries,3,Weather Report Extended v2,mlx-community/DeepSeek-R1-Distill-Qwen-14B-4bit,82.0,23323.0,0.0,0
2026-06-26T15:28:59.906,timeseries,3,Weather Report Extended v2,mlx-community/DeepSeek-R1-Distill-Qwen-14B-4bit,312.0,20780.0,0.0,0
2026-06-26T15:28:59.967,timeseries,3,Weather Report Extended v2,mlx-community/DeepSeek-R1-Distill-Qwen-14B-4bit,97.0,20362.0,0.0,0
2026-06-26T15:29:00.028,timeseries,3,Weather Report Extended v2,mlx-community/DeepSeek-R1-Distill-Qwen-14B-4bit,82.0,23570.0,0.0,0
2026-06-26T15:29:00.089,timeseries,3,Weather Report Extended v2,mlx-community/DeepSeek-R1-Distill-Qwen-14B-4bit,607.0,20709.0,0.0,0
2026-06-26T15:29:00.150,timeseries,3,Weather Report Extended v2,mlx-community/DeepSeek-R1-Distill-Qwen-14B-4bit,198.0,20817.0,0.0,0
2026-06-26T15:29:00.212,timeseries,3,Weather Report Extended v2,mlx-community/DeepSeek-R1-Distill-Qwen-14B-4bit,98.0,23464.0,0.0,0
2026-06-26T15:29:00.273,timeseries,3,Weather Report Extended v2,mlx-community/DeepSeek-R1-Distill-Qwen-14B-4bit,115.0,20607.0,0.0,0
2026-06-26T15:29:00.334,timeseries,3,Weather Report Extended v2,mlx-community/DeepSeek-R1-Distill-Qwen-14B-4bit,65.0,20625.0,0.0,0
2026-06-26T15:29:00.396,timeseries,3,Weather Report Extended v2,mlx-community/DeepSeek-R1-Distill-Qwen-14B-4bit,574.0,23587.0,0.0,0
2026-06-26T15:29:00.457,timeseries,3,Weather Report Extended v2,mlx-community/DeepSeek-R1-Distill-Qwen-14B-4bit,98.0,20585.0,0.0,0
2026-06-26T15:29:00.518,timeseries,3,Weather Report Extended v2,mlx-community/DeepSeek-R1-Distill-Qwen-14B-4bit,97.0,20678.0,0.0,0
2026-06-26T15:29:00.579,timeseries,3,Weather Report Extended v2,mlx-community/DeepSeek-R1-Distill-Qwen-14B-4bit,98.0,23602.0,0.0,0
2026-06-26T15:29:00.640,timeseries,3,Weather Report Extended v2,mlx-community/DeepSeek-R1-Distill-Qwen-14B-4bit,595.0,20735.0,0.0,0
2026-06-26T15:29:00.701,timeseries,3,Weather Report Extended v2,mlx-community/DeepSeek-R1-Distill-Qwen-14B-4bit,178.0,20476.0,0.0,0
2026-06-26T15:29:00.762,timeseries,3,Weather Report Extended v2,mlx-community/DeepSeek-R1-Distill-Qwen-14B-4bit,82.0,23569.0,0.0,0
2026-06-26T15:29:00.822,timeseries,3,Weather Report Extended v2,mlx-community/DeepSeek-R1-Distill-Qwen-14B-4bit,83.0,20853.0,0.0,0
2026-06-26T15:29:00.884,timeseries,3,Weather Report Extended v2,mlx-community/DeepSeek-R1-Distill-Qwen-14B-4bit,98.0,20659.0,0.0,0
2026-06-26T15:29:00.945,timeseries,3,Weather Report Extended v2,mlx-community/DeepSeek-R1-Distill-Qwen-14B-4bit,311.0,23794.0,0.0,0
2026-06-26T15:29:01.006,timeseries,3,Weather Report Extended v2,mlx-community/DeepSeek-R1-Distill-Qwen-14B-4bit,82.0,20568.0,0.0,0
2026-06-26T15:29:01.067,timeseries,3,Weather Report Extended v2,mlx-community/DeepSeek-R1-Distill-Qwen-14B-4bit,98.0,20564.0,0.0,0
2026-06-26T15:29:01.128,timeseries,3,Weather Report Extended v2,mlx-community/DeepSeek-R1-Distill-Qwen-14B-4bit,621.0,23859.0,0.0,0
2026-06-26T15:29:01.189,timeseries,3,Weather Report Extended v2,mlx-community/DeepSeek-R1-Distill-Qwen-14B-4bit,163.0,20667.0,0.0,0
2026-06-26T15:29:01.250,timeseries,3,Weather Report Extended v2,mlx-community/DeepSeek-R1-Distill-Qwen-14B-4bit,82.0,20478.0,0.0,0
2026-06-26T15:29:01.312,timeseries,3,Weather Report Extended v2,mlx-community/DeepSeek-R1-Distill-Qwen-14B-4bit,115.0,23758.0,0.0,0
2026-06-26T15:29:01.373,timeseries,3,Weather Report Extended v2,mlx-community/DeepSeek-R1-Distill-Qwen-14B-4bit,459.0,20670.0,0.0,0
2026-06-26T15:29:01.434,timeseries,3,Weather Report Extended v2,mlx-community/DeepSeek-R1-Distill-Qwen-14B-4bit,198.0,20959.0,0.0,0
2026-06-26T15:29:01.495,timeseries,3,Weather Report Extended v2,mlx-community/DeepSeek-R1-Distill-Qwen-14B-4bit,97.0,23397.0,0.0,0
2026-06-26T15:29:01.557,timeseries,3,Weather Report Extended v2,mlx-community/DeepSeek-R1-Distill-Qwen-14B-4bit,98.0,20745.0,0.0,0
2026-06-26T15:29:01.619,timeseries,3,Weather Report Extended v2,mlx-community/DeepSeek-R1-Distill-Qwen-14B-4bit,3705.0,20567.0,0.0,0
2026-06-26T15:29:01.680,timeseries,3,Weather Report Extended v2,mlx-community/DeepSeek-R1-Distill-Qwen-14B-4bit,765.0,23450.0,0.0,0
2026-06-26T15:29:01.741,timeseries,3,Weather Report Extended v2,mlx-community/DeepSeek-R1-Distill-Qwen-14B-4bit,226.0,20671.0,0.0,0
2026-06-26T15:29:01.802,timeseries,3,Weather Report Extended v2,mlx-community/DeepSeek-R1-Distill-Qwen-14B-4bit,81.0,23395.0,0.0,0
2026-06-26T15:29:01.864,timeseries,3,Weather Report Extended v2,mlx-community/DeepSeek-R1-Distill-Qwen-14B-4bit,82.0,20742.0,0.0,0
2026-06-26T15:29:01.925,timeseries,3,Weather Report Extended v2,mlx-community/DeepSeek-R1-Distill-Qwen-14B-4bit,98.0,20732.0,0.0,0
2026-06-26T15:29:01.987,timeseries,3,Weather Report Extended v2,mlx-community/DeepSeek-R1-Distill-Qwen-14B-4bit,327.0,23685.0,0.0,0
2026-06-26T15:29:02.048,timeseries,3,Weather Report Extended v2,mlx-community/DeepSeek-R1-Distill-Qwen-14B-4bit,82.0,20590.0,0.0,0
2026-06-26T15:29:02.109,timeseries,3,Weather Report Extended v2,mlx-community/DeepSeek-R1-Distill-Qwen-14B-4bit,681.0,20457.0,0.0,0
2026-06-26T15:29:02.170,timeseries,3,Weather Report Extended v2,mlx-community/DeepSeek-R1-Distill-Qwen-14B-4bit,115.0,23959.0,0.0,0
2026-06-26T15:29:02.231,timeseries,3,Weather Report Extended v2,mlx-community/DeepSeek-R1-Distill-Qwen-14B-4bit,132.0,20829.0,0.0,0
2026-06-26T15:29:02.292,timeseries,3,Weather Report Extended v2,mlx-community/DeepSeek-R1-Distill-Qwen-14B-4bit,97.0,20394.0,0.0,0
2026-06-26T15:29:02.354,timeseries,3,Weather Report Extended v2,mlx-community/DeepSeek-R1-Distill-Qwen-14B-4bit,65.0,23746.0,0.0,0
2026-06-26T15:29:02.415,timeseries,3,Weather Report Extended v2,mlx-community/DeepSeek-R1-Distill-Qwen-14B-4bit,547.0,21116.0,0.0,0
2026-06-26T15:29:02.477,timeseries,3,Weather Report Extended v2,mlx-community/DeepSeek-R1-Distill-Qwen-14B-4bit,645.0,13310.0,0.0,0
2026-06-26T15:29:02.538,timeseries,3,Weather Report Extended v2,mlx-community/DeepSeek-R1-Distill-Qwen-14B-4bit,375.0,11856.0,0.0,0
2026-06-26T15:29:02.599,timeseries,3,Weather Report Extended v2,mlx-community/DeepSeek-R1-Distill-Qwen-14B-4bit,878.0,10191.0,0.0,0
2026-06-26T15:29:02.660,timeseries,3,Weather Report Extended v2,mlx-community/DeepSeek-R1-Distill-Qwen-14B-4bit,3935.0,1821.0,0.0,0
2026-06-26T15:29:02.721,timeseries,3,Weather Report Extended v2,mlx-community/DeepSeek-R1-Distill-Qwen-14B-4bit,423.0,2280.0,0.0,0
2026-06-26T15:29:02.783,timeseries,3,Weather Report Extended v2,mlx-community/DeepSeek-R1-Distill-Qwen-14B-4bit,148.0,2153.0,0.0,0
2026-06-26T15:29:02.844,timeseries,3,Weather Report Extended v2,mlx-community/DeepSeek-R1-Distill-Qwen-14B-4bit,180.0,6849.0,0.0,0
2026-06-26T15:29:02.906,timeseries,3,Weather Report Extended v2,mlx-community/DeepSeek-R1-Distill-Qwen-14B-4bit,456.0,9669.0,0.0,0
2026-06-26T15:29:02.968,timeseries,3,Weather Report Extended v2,mlx-community/DeepSeek-R1-Distill-Qwen-14B-4bit,357.0,9965.0,0.0,0
2026-06-26T15:29:03.030,timeseries,3,Weather Report Extended v2,mlx-community/DeepSeek-R1-Distill-Qwen-14B-4bit,533.0,11397.0,0.0,0
2026-06-26T15:29:03.092,timeseries,3,Weather Report Extended v2,mlx-community/DeepSeek-R1-Distill-Qwen-14B-4bit,945.0,10036.0,0.0,0
2026-06-26T15:29:03.154,timeseries,3,Weather Report Extended v2,mlx-community/DeepSeek-R1-Distill-Qwen-14B-4bit,465.0,11328.0,0.0,0
2026-06-26T15:29:03.215,timeseries,3,Weather Report Extended v2,mlx-community/DeepSeek-R1-Distill-Qwen-14B-4bit,390.0,10059.0,0.0,0
2026-06-26T15:29:03.278,timeseries,3,Weather Report Extended v2,mlx-community/DeepSeek-R1-Distill-Qwen-14B-4bit,447.0,9841.0,0.0,0
2026-06-26T15:29:03.339,timeseries,3,Weather Report Extended v2,mlx-community/DeepSeek-R1-Distill-Qwen-14B-4bit,294.0,11523.0,0.0,0
2026-06-26T15:29:03.401,timeseries,3,Weather Report Extended v2,mlx-community/DeepSeek-R1-Distill-Qwen-14B-4bit,818.0,9865.0,0.0,0
2026-06-26T15:29:03.462,timeseries,3,Weather Report Extended v2,mlx-community/DeepSeek-R1-Distill-Qwen-14B-4bit,389.0,11494.0,0.0,0
2026-06-26T15:29:03.524,timeseries,3,Weather Report Extended v2,mlx-community/DeepSeek-R1-Distill-Qwen-14B-4bit,475.0,10109.0,0.0,0
2026-06-26T15:29:03.585,timeseries,3,Weather Report Extended v2,mlx-community/DeepSeek-R1-Distill-Qwen-14B-4bit,437.0,10004.0,0.0,0
2026-06-26T15:29:03.648,timeseries,3,Weather Report Extended v2,mlx-community/DeepSeek-R1-Distill-Qwen-14B-4bit,829.0,11457.0,0.0,0
2026-06-26T15:29:03.709,timeseries,3,Weather Report Extended v2,mlx-community/DeepSeek-R1-Distill-Qwen-14B-4bit,390.0,10022.0,0.0,0
2026-06-26T15:29:03.771,timeseries,3,Weather Report Extended v2,mlx-community/DeepSeek-R1-Distill-Qwen-14B-4bit,450.0,11327.0,0.0,0
2026-06-26T15:29:03.832,timeseries,3,Weather Report Extended v2,mlx-community/DeepSeek-R1-Distill-Qwen-14B-4bit,292.0,10031.0,0.0,0
2026-06-26T15:29:03.894,timeseries,3,Weather Report Extended v2,mlx-community/DeepSeek-R1-Distill-Qwen-14B-4bit,389.0,9980.0,0.0,0
2026-06-26T15:29:03.956,timeseries,3,Weather Report Extended v2,mlx-community/DeepSeek-R1-Distill-Qwen-14B-4bit,390.0,11485.0,0.0,0
2026-06-26T15:29:04.018,timeseries,3,Weather Report Extended v2,mlx-community/DeepSeek-R1-Distill-Qwen-14B-4bit,372.0,10005.0,0.0,0
2026-06-26T15:29:04.080,timeseries,3,Weather Report Extended v2,mlx-community/DeepSeek-R1-Distill-Qwen-14B-4bit,515.0,11325.0,0.0,0
2026-06-26T15:29:04.142,timeseries,3,Weather Report Extended v2,mlx-community/DeepSeek-R1-Distill-Qwen-14B-4bit,949.0,10080.0,0.0,0
2026-06-26T15:29:04.203,timeseries,3,Weather Report Extended v2,mlx-community/DeepSeek-R1-Distill-Qwen-14B-4bit,417.0,11307.0,0.0,0
2026-06-26T15:29:04.265,timeseries,3,Weather Report Extended v2,mlx-community/DeepSeek-R1-Distill-Qwen-14B-4bit,388.0,9970.0,0.0,0
2026-06-26T15:29:04.326,timeseries,3,Weather Report Extended v2,mlx-community/DeepSeek-R1-Distill-Qwen-14B-4bit,473.0,10030.0,0.0,0
2026-06-26T15:29:04.389,timeseries,3,Weather Report Extended v2,mlx-community/DeepSeek-R1-Distill-Qwen-14B-4bit,680.0,11384.0,0.0,0
2026-06-26T15:29:04.450,timeseries,3,Weather Report Extended v2,mlx-community/DeepSeek-R1-Distill-Qwen-14B-4bit,422.0,10054.0,0.0,0
2026-06-26T15:29:04.515,timeseries,3,Weather Report Extended v2,mlx-community/DeepSeek-R1-Distill-Qwen-14B-4bit,400.0,11268.0,0.0,0
2026-06-26T15:29:04.577,timeseries,3,Weather Report Extended v2,mlx-community/DeepSeek-R1-Distill-Qwen-14B-4bit,506.0,10047.0,0.0,0
2026-06-26T15:29:04.638,timeseries,3,Weather Report Extended v2,mlx-community/DeepSeek-R1-Distill-Qwen-14B-4bit,933.0,10911.0,0.0,0
2026-06-26T15:29:04.700,timeseries,3,Weather Report Extended v2,mlx-community/DeepSeek-R1-Distill-Qwen-14B-4bit,435.0,9946.0,0.0,0
2026-06-26T15:29:04.760,timeseries,3,Weather Report Extended v2,mlx-community/DeepSeek-R1-Distill-Qwen-14B-4bit,374.0,11455.0,0.0,0
2026-06-26T15:29:04.822,timeseries,3,Weather Report Extended v2,mlx-community/DeepSeek-R1-Distill-Qwen-14B-4bit,474.0,10069.0,0.0,0
2026-06-26T15:29:04.884,timeseries,3,Weather Report Extended v2,mlx-community/DeepSeek-R1-Distill-Qwen-14B-4bit,278.0,10103.0,0.0,0
2026-06-26T15:29:04.946,timeseries,3,Weather Report Extended v2,mlx-community/DeepSeek-R1-Distill-Qwen-14B-4bit,389.0,11419.0,0.0,0
2026-06-26T15:29:05.008,timeseries,3,Weather Report Extended v2,mlx-community/DeepSeek-R1-Distill-Qwen-14B-4bit,389.0,9994.0,0.0,0
2026-06-26T15:29:05.069,timeseries,3,Weather Report Extended v2,mlx-community/DeepSeek-R1-Distill-Qwen-14B-4bit,515.0,9925.0,0.0,0
2026-06-26T15:29:05.131,timeseries,3,Weather Report Extended v2,mlx-community/DeepSeek-R1-Distill-Qwen-14B-4bit,955.0,11579.0,0.0,0
2026-06-26T15:29:05.192,timeseries,3,Weather Report Extended v2,mlx-community/DeepSeek-R1-Distill-Qwen-14B-4bit,389.0,10016.0,0.0,0
2026-06-26T15:29:05.254,timeseries,3,Weather Report Extended v2,mlx-community/DeepSeek-R1-Distill-Qwen-14B-4bit,401.0,11303.0,0.0,0
2026-06-26T15:29:05.315,timeseries,3,Weather Report Extended v2,mlx-community/DeepSeek-R1-Distill-Qwen-14B-4bit,1527.0,9924.0,0.0,0
2026-06-26T15:29:05.376,timeseries,3,Weather Report Extended v2,mlx-community/DeepSeek-R1-Distill-Qwen-14B-4bit,1941.0,9901.0,0.0,0
2026-06-26T15:29:05.437,timeseries,3,Weather Report Extended v2,mlx-community/DeepSeek-R1-Distill-Qwen-14B-4bit,459.0,11541.0,0.0,0
2026-06-26T15:29:05.499,timeseries,3,Weather Report Extended v2,mlx-community/DeepSeek-R1-Distill-Qwen-14B-4bit,1057.0,10153.0,0.0,0
2026-06-26T15:29:05.560,timeseries,3,Weather Report Extended v2,mlx-community/DeepSeek-R1-Distill-Qwen-14B-4bit,291.0,9970.0,0.0,0
2026-06-26T15:29:05.622,timeseries,3,Weather Report Extended v2,mlx-community/DeepSeek-R1-Distill-Qwen-14B-4bit,537.0,11408.0,0.0,0
2026-06-26T15:29:05.684,timeseries,3,Weather Report Extended v2,mlx-community/DeepSeek-R1-Distill-Qwen-14B-4bit,228.0,10054.0,0.0,0
2026-06-26T15:29:05.746,timeseries,3,Weather Report Extended v2,mlx-community/DeepSeek-R1-Distill-Qwen-14B-4bit,146.0,11428.0,0.0,0
2026-06-26T15:29:05.809,timeseries,3,Weather Report Extended v2,mlx-community/DeepSeek-R1-Distill-Qwen-14B-4bit,129.0,9960.0,0.0,0
2026-06-26T15:29:05.871,timeseries,3,Weather Report Extended v2,mlx-community/DeepSeek-R1-Distill-Qwen-14B-4bit,160.0,11248.0,0.0,0
2026-06-26T15:29:05.933,timeseries,3,Weather Report Extended v2,mlx-community/DeepSeek-R1-Distill-Qwen-14B-4bit,112.0,9867.0,0.0,0
2026-06-26T15:29:05.996,timeseries,3,Weather Report Extended v2,mlx-community/DeepSeek-R1-Distill-Qwen-14B-4bit,160.0,11295.0,0.0,0
2026-06-26T15:29:06.056,timeseries,3,Weather Report Extended v2,mlx-community/DeepSeek-R1-Distill-Qwen-14B-4bit,129.0,9984.0,0.0,0
2026-06-26T15:29:06.116,timeseries,3,Weather Report Extended v2,mlx-community/DeepSeek-R1-Distill-Qwen-14B-4bit,335.0,9739.0,0.0,0
2026-06-26T15:29:06.178,timeseries,3,Weather Report Extended v2,mlx-community/DeepSeek-R1-Distill-Qwen-14B-4bit,253.0,11888.0,0.0,0
2026-06-26T15:29:06.240,timeseries,3,Weather Report Extended v2,mlx-community/DeepSeek-R1-Distill-Qwen-14B-4bit,164.0,10108.0,0.0,0
2026-06-26T15:29:06.303,timeseries,3,Weather Report Extended v2,mlx-community/DeepSeek-R1-Distill-Qwen-14B-4bit,129.0,9969.0,0.0,0
2026-06-26T15:29:06.365,timeseries,3,Weather Report Extended v2,mlx-community/DeepSeek-R1-Distill-Qwen-14B-4bit,161.0,11298.0,0.0,0
2026-06-26T15:29:06.428,timeseries,3,Weather Report Extended v2,mlx-community/DeepSeek-R1-Distill-Qwen-14B-4bit,273.0,9871.0,0.0,0
2026-06-26T15:29:06.490,timeseries,3,Weather Report Extended v2,mlx-community/DeepSeek-R1-Distill-Qwen-14B-4bit,160.0,11262.0,0.0,0
2026-06-26T15:29:06.550,timeseries,3,Weather Report Extended v2,mlx-community/DeepSeek-R1-Distill-Qwen-14B-4bit,144.0,9848.0,0.0,0
2026-06-26T15:29:06.613,timeseries,3,Weather Report Extended v2,mlx-community/DeepSeek-R1-Distill-Qwen-14B-4bit,262.0,11461.0,0.0,0
2026-06-26T15:29:06.674,timeseries,3,Weather Report Extended v2,mlx-community/DeepSeek-R1-Distill-Qwen-14B-4bit,230.0,10117.0,0.0,0
2026-06-26T15:29:06.736,timeseries,3,Weather Report Extended v2,mlx-community/DeepSeek-R1-Distill-Qwen-14B-4bit,334.0,9706.0,0.0,0
2026-06-26T15:29:06.798,timeseries,3,Weather Report Extended v2,mlx-community/DeepSeek-R1-Distill-Qwen-14B-4bit,1930.0,11383.0,0.0,0
2026-06-26T15:29:06.859,timeseries,3,Weather Report Extended v2,mlx-community/DeepSeek-R1-Distill-Qwen-14B-4bit,710.0,9919.0,0.0,0
2026-06-26T15:29:06.921,timeseries,3,Weather Report Extended v2,mlx-community/DeepSeek-R1-Distill-Qwen-14B-4bit,308.0,11394.0,0.0,0
2026-06-26T15:29:06.983,timeseries,3,Weather Report Extended v2,mlx-community/DeepSeek-R1-Distill-Qwen-14B-4bit,211.0,10037.0,0.0,0
2026-06-26T15:29:07.045,timeseries,3,Weather Report Extended v2,mlx-community/DeepSeek-R1-Distill-Qwen-14B-4bit,290.0,11355.0,0.0,0
2026-06-26T15:29:07.107,timeseries,3,Weather Report Extended v2,mlx-community/DeepSeek-R1-Distill-Qwen-14B-4bit,991.0,9988.0,0.0,0
2026-06-26T15:29:07.168,timeseries,3,Weather Report Extended v2,mlx-community/DeepSeek-R1-Distill-Qwen-14B-4bit,596.0,9899.0,0.0,0
2026-06-26T15:29:07.230,timeseries,3,Weather Report Extended v2,mlx-community/DeepSeek-R1-Distill-Qwen-14B-4bit,369.0,11322.0,0.0,0
2026-06-26T15:29:07.291,timeseries,3,Weather Report Extended v2,mlx-community/DeepSeek-R1-Distill-Qwen-14B-4bit,393.0,10115.0,0.0,0
2026-06-26T15:29:07.354,timeseries,3,Weather Report Extended v2,mlx-community/DeepSeek-R1-Distill-Qwen-14B-4bit,372.0,11407.0,0.0,0
2026-06-26T15:29:07.416,timeseries,3,Weather Report Extended v2,mlx-community/DeepSeek-R1-Distill-Qwen-14B-4bit,901.0,10044.0,0.0,0
2026-06-26T15:29:07.477,timeseries,3,Weather Report Extended v2,mlx-community/DeepSeek-R1-Distill-Qwen-14B-4bit,459.0,9815.0,0.0,0
2026-06-26T15:29:07.540,timeseries,3,Weather Report Extended v2,mlx-community/DeepSeek-R1-Distill-Qwen-14B-4bit,407.0,11471.0,0.0,0
2026-06-26T15:29:07.601,timeseries,3,Weather Report Extended v2,mlx-community/DeepSeek-R1-Distill-Qwen-14B-4bit,939.0,9961.0,0.0,0
2026-06-26T15:29:07.662,timeseries,3,Weather Report Extended v2,mlx-community/DeepSeek-R1-Distill-Qwen-14B-4bit,419.0,11384.0,0.0,0
2026-06-26T15:29:07.724,timeseries,3,Weather Report Extended v2,mlx-community/DeepSeek-R1-Distill-Qwen-14B-4bit,377.0,10103.0,0.0,0
2026-06-26T15:29:07.785,timeseries,3,Weather Report Extended v2,mlx-community/DeepSeek-R1-Distill-Qwen-14B-4bit,389.0,9989.0,0.0,0
2026-06-26T15:29:07.847,timeseries,3,Weather Report Extended v2,mlx-community/DeepSeek-R1-Distill-Qwen-14B-4bit,390.0,11458.0,0.0,0
2026-06-26T15:29:07.908,timeseries,3,Weather Report Extended v2,mlx-community/DeepSeek-R1-Distill-Qwen-14B-4bit,425.0,10058.0,0.0,0
2026-06-26T15:29:07.971,timeseries,3,Weather Report Extended v2,mlx-community/DeepSeek-R1-Distill-Qwen-14B-4bit,355.0,11346.0,0.0,0
2026-06-26T15:29:08.031,timeseries,3,Weather Report Extended v2,mlx-community/DeepSeek-R1-Distill-Qwen-14B-4bit,375.0,10053.0,0.0,0
2026-06-26T15:29:08.093,timeseries,3,Weather Report Extended v2,mlx-community/DeepSeek-R1-Distill-Qwen-14B-4bit,981.0,9892.0,0.0,0
2026-06-26T15:29:08.154,timeseries,3,Weather Report Extended v2,mlx-community/DeepSeek-R1-Distill-Qwen-14B-4bit,444.0,11660.0,0.0,0
2026-06-26T15:29:08.216,timeseries,3,Weather Report Extended v2,mlx-community/DeepSeek-R1-Distill-Qwen-14B-4bit,569.0,10052.0,0.0,0
2026-06-26T15:29:08.278,timeseries,3,Weather Report Extended v2,mlx-community/DeepSeek-R1-Distill-Qwen-14B-4bit,374.0,11514.0,0.0,0
2026-06-26T15:29:08.340,timeseries,3,Weather Report Extended v2,mlx-community/DeepSeek-R1-Distill-Qwen-14B-4bit,402.0,9946.0,0.0,0
2026-06-26T15:29:08.402,timeseries,3,Weather Report Extended v2,mlx-community/DeepSeek-R1-Distill-Qwen-14B-4bit,792.0,9975.0,0.0,0
2026-06-26T15:29:08.464,timeseries,3,Weather Report Extended v2,mlx-community/DeepSeek-R1-Distill-Qwen-14B-4bit,424.0,11519.0,0.0,0
2026-06-26T15:29:08.526,timeseries,3,Weather Report Extended v2,mlx-community/DeepSeek-R1-Distill-Qwen-14B-4bit,355.0,9976.0,0.0,0
2026-06-26T15:29:08.588,timeseries,3,Weather Report Extended v2,mlx-community/DeepSeek-R1-Distill-Qwen-14B-4bit,1022.0,11228.0,0.0,0
2026-06-26T15:29:08.650,timeseries,3,Weather Report Extended v2,mlx-community/DeepSeek-R1-Distill-Qwen-14B-4bit,3451.0,9788.0,0.0,0
2026-06-26T15:29:08.710,timeseries,3,Weather Report Extended v2,mlx-community/DeepSeek-R1-Distill-Qwen-14B-4bit,326.0,11502.0,0.0,0
2026-06-26T15:29:08.772,timeseries,3,Weather Report Extended v2,mlx-community/DeepSeek-R1-Distill-Qwen-14B-4bit,258.0,9965.0,0.0,0
2026-06-26T15:29:08.834,timeseries,3,Weather Report Extended v2,mlx-community/DeepSeek-R1-Distill-Qwen-14B-4bit,1512.0,10026.0,0.0,0
2026-06-26T15:29:08.897,timeseries,3,Weather Report Extended v2,mlx-community/DeepSeek-R1-Distill-Qwen-14B-4bit,339.0,11389.0,0.0,0
2026-06-26T15:29:08.958,timeseries,3,Weather Report Extended v2,mlx-community/DeepSeek-R1-Distill-Qwen-14B-4bit,277.0,10044.0,0.0,0
2026-06-26T15:29:09.020,timeseries,3,Weather Report Extended v2,mlx-community/DeepSeek-R1-Distill-Qwen-14B-4bit,302.0,11271.0,0.0,0
2026-06-26T15:29:09.083,timeseries,3,Weather Report Extended v2,mlx-community/DeepSeek-R1-Distill-Qwen-14B-4bit,421.0,10071.0,0.0,0
2026-06-26T15:29:09.145,timeseries,3,Weather Report Extended v2,mlx-community/DeepSeek-R1-Distill-Qwen-14B-4bit,1031.0,11338.0,0.0,0
2026-06-26T15:29:09.207,timeseries,3,Weather Report Extended v2,mlx-community/DeepSeek-R1-Distill-Qwen-14B-4bit,430.0,9821.0,0.0,0
2026-06-26T15:29:09.268,timeseries,3,Weather Report Extended v2,mlx-community/DeepSeek-R1-Distill-Qwen-14B-4bit,501.0,9990.0,0.0,0
2026-06-26T15:29:09.330,timeseries,3,Weather Report Extended v2,mlx-community/DeepSeek-R1-Distill-Qwen-14B-4bit,389.0,11446.0,0.0,0
2026-06-26T15:29:09.392,timeseries,3,Weather Report Extended v2,mlx-community/DeepSeek-R1-Distill-Qwen-14B-4bit,1327.0,10026.0,0.0,0
2026-06-26T15:29:09.453,timeseries,3,Weather Report Extended v2,mlx-community/DeepSeek-R1-Distill-Qwen-14B-4bit,486.0,11489.0,0.0,0
2026-06-26T15:29:09.515,timeseries,3,Weather Report Extended v2,mlx-community/DeepSeek-R1-Distill-Qwen-14B-4bit,341.0,9990.0,0.0,0
2026-06-26T15:29:09.577,timeseries,3,Weather Report Extended v2,mlx-community/DeepSeek-R1-Distill-Qwen-14B-4bit,421.0,9984.0,0.0,0
2026-06-26T15:29:09.639,timeseries,3,Weather Report Extended v2,mlx-community/DeepSeek-R1-Distill-Qwen-14B-4bit,986.0,11395.0,0.0,0
2026-06-26T15:29:09.700,timeseries,3,Weather Report Extended v2,mlx-community/DeepSeek-R1-Distill-Qwen-14B-4bit,422.0,10039.0,0.0,0
2026-06-26T15:29:09.762,timeseries,3,Weather Report Extended v2,mlx-community/DeepSeek-R1-Distill-Qwen-14B-4bit,306.0,11369.0,0.0,0
2026-06-26T15:29:09.822,timeseries,3,Weather Report Extended v2,mlx-community/DeepSeek-R1-Distill-Qwen-14B-4bit,439.0,10049.0,0.0,0
2026-06-26T15:29:09.884,timeseries,3,Weather Report Extended v2,mlx-community/DeepSeek-R1-Distill-Qwen-14B-4bit,425.0,10088.0,0.0,0
2026-06-26T15:29:09.946,timeseries,3,Weather Report Extended v2,mlx-community/DeepSeek-R1-Distill-Qwen-14B-4bit,376.0,11545.0,0.0,0
2026-06-26T15:29:10.007,timeseries,3,Weather Report Extended v2,mlx-community/DeepSeek-R1-Distill-Qwen-14B-4bit,359.0,10050.0,0.0,0
2026-06-26T15:29:10.070,timeseries,3,Weather Report Extended v2,mlx-community/DeepSeek-R1-Distill-Qwen-14B-4bit,387.0,9958.0,0.0,0
2026-06-26T15:29:10.132,timeseries,3,Weather Report Extended v2,mlx-community/DeepSeek-R1-Distill-Qwen-14B-4bit,971.0,11399.0,0.0,0
2026-06-26T15:29:10.192,timeseries,3,Weather Report Extended v2,mlx-community/DeepSeek-R1-Distill-Qwen-14B-4bit,400.0,9915.0,0.0,0
2026-06-26T15:29:10.254,timeseries,3,Weather Report Extended v2,mlx-community/DeepSeek-R1-Distill-Qwen-14B-4bit,410.0,11550.0,0.0,0
2026-06-26T15:29:10.316,timeseries,3,Weather Report Extended v2,mlx-community/DeepSeek-R1-Distill-Qwen-14B-4bit,537.0,10081.0,0.0,0
2026-06-26T15:29:10.378,timeseries,3,Weather Report Extended v2,mlx-community/DeepSeek-R1-Distill-Qwen-14B-4bit,792.0,9960.0,0.0,0
2026-06-26T15:29:10.440,timeseries,3,Weather Report Extended v2,mlx-community/DeepSeek-R1-Distill-Qwen-14B-4bit,405.0,11457.0,0.0,0
2026-06-26T15:29:10.502,timeseries,3,Weather Report Extended v2,mlx-community/DeepSeek-R1-Distill-Qwen-14B-4bit,406.0,10026.0,0.0,0
2026-06-26T15:29:10.565,timeseries,3,Weather Report Extended v2,mlx-community/DeepSeek-R1-Distill-Qwen-14B-4bit,339.0,11381.0,0.0,0
2026-06-26T15:29:10.626,timeseries,3,Weather Report Extended v2,mlx-community/DeepSeek-R1-Distill-Qwen-14B-4bit,961.0,9878.0,0.0,0
2026-06-26T15:29:10.687,timeseries,3,Weather Report Extended v2,mlx-community/DeepSeek-R1-Distill-Qwen-14B-4bit,416.0,11309.0,0.0,0
2026-06-26T15:29:10.749,timeseries,3,Weather Report Extended v2,mlx-community/DeepSeek-R1-Distill-Qwen-14B-4bit,393.0,10091.0,0.0,0
2026-06-26T15:29:10.809,timeseries,3,Weather Report Extended v2,mlx-community/DeepSeek-R1-Distill-Qwen-14B-4bit,357.0,10049.0,0.0,0
2026-06-26T15:29:10.871,timeseries,3,Weather Report Extended v2,mlx-community/DeepSeek-R1-Distill-Qwen-14B-4bit,410.0,11574.0,0.0,0
2026-06-26T15:29:10.932,timeseries,3,Weather Report Extended v2,mlx-community/DeepSeek-R1-Distill-Qwen-14B-4bit,377.0,10152.0,0.0,0
2026-06-26T15:29:10.994,timeseries,3,Weather Report Extended v2,mlx-community/DeepSeek-R1-Distill-Qwen-14B-4bit,393.0,10076.0,0.0,0
2026-06-26T15:29:11.056,timeseries,3,Weather Report Extended v2,mlx-community/DeepSeek-R1-Distill-Qwen-14B-4bit,293.0,11486.0,0.0,0
2026-06-26T15:29:11.117,timeseries,3,Weather Report Extended v2,mlx-community/DeepSeek-R1-Distill-Qwen-14B-4bit,984.0,9957.0,0.0,0
2026-06-26T15:29:11.179,timeseries,3,Weather Report Extended v2,mlx-community/DeepSeek-R1-Distill-Qwen-14B-4bit,435.0,11408.0,0.0,0
2026-06-26T15:29:11.241,timeseries,3,Weather Report Extended v2,mlx-community/DeepSeek-R1-Distill-Qwen-14B-4bit,375.0,10083.0,0.0,0
2026-06-26T15:29:11.305,timeseries,3,Weather Report Extended v2,mlx-community/DeepSeek-R1-Distill-Qwen-14B-4bit,353.0,9893.0,0.0,0
2026-06-26T15:29:11.367,timeseries,3,Weather Report Extended v2,mlx-community/DeepSeek-R1-Distill-Qwen-14B-4bit,766.0,11499.0,0.0,0
2026-06-26T15:29:11.429,timeseries,3,Weather Report Extended v2,mlx-community/DeepSeek-R1-Distill-Qwen-14B-4bit,609.0,11018.0,0.0,0
2026-06-26T15:29:11.490,timeseries,3,Weather Report Extended v2,mlx-community/DeepSeek-R1-Distill-Qwen-14B-4bit,402.0,9958.0,0.0,0
2026-06-26T15:29:11.552,timeseries,3,Weather Report Extended v2,mlx-community/DeepSeek-R1-Distill-Qwen-14B-4bit,372.0,9998.0,0.0,0
2026-06-26T15:29:11.614,timeseries,3,Weather Report Extended v2,mlx-community/DeepSeek-R1-Distill-Qwen-14B-4bit,929.0,11508.0,0.0,0
2026-06-26T15:29:11.675,timeseries,3,Weather Report Extended v2,mlx-community/DeepSeek-R1-Distill-Qwen-14B-4bit,1172.0,9990.0,0.0,0
2026-06-26T15:29:11.737,timeseries,3,Weather Report Extended v2,mlx-community/DeepSeek-R1-Distill-Qwen-14B-4bit,693.0,11370.0,0.0,0
2026-06-26T15:29:11.799,timeseries,3,Weather Report Extended v2,mlx-community/DeepSeek-R1-Distill-Qwen-14B-4bit,423.0,10024.0,0.0,0
2026-06-26T15:29:11.860,timeseries,3,Weather Report Extended v2,mlx-community/DeepSeek-R1-Distill-Qwen-14B-4bit,2931.0,9825.0,0.0,0
2026-06-26T15:29:11.921,timeseries,3,Weather Report Extended v2,mlx-community/DeepSeek-R1-Distill-Qwen-14B-4bit,474.0,11542.0,0.0,0
2026-06-26T15:29:11.983,timeseries,3,Weather Report Extended v2,mlx-community/DeepSeek-R1-Distill-Qwen-14B-4bit,244.0,10051.0,0.0,0
2026-06-26T15:29:12.046,timeseries,3,Weather Report Extended v2,mlx-community/DeepSeek-R1-Distill-Qwen-14B-4bit,146.0,11464.0,0.0,0
2026-06-26T15:29:12.108,timeseries,3,Weather Report Extended v2,mlx-community/DeepSeek-R1-Distill-Qwen-14B-4bit,225.0,9922.0,0.0,0
2026-06-26T15:29:12.170,timeseries,3,Weather Report Extended v2,mlx-community/DeepSeek-R1-Distill-Qwen-14B-4bit,368.0,9892.0,0.0,0
2026-06-26T15:29:12.232,timeseries,3,Weather Report Extended v2,mlx-community/DeepSeek-R1-Distill-Qwen-14B-4bit,146.0,11479.0,0.0,0
2026-06-26T15:29:12.295,timeseries,3,Weather Report Extended v2,mlx-community/DeepSeek-R1-Distill-Qwen-14B-4bit,144.0,9898.0,0.0,0
2026-06-26T15:29:12.357,timeseries,3,Weather Report Extended v2,mlx-community/DeepSeek-R1-Distill-Qwen-14B-4bit,129.0,11424.0,0.0,0
2026-06-26T15:29:12.418,timeseries,3,Weather Report Extended v2,mlx-community/DeepSeek-R1-Distill-Qwen-14B-4bit,368.0,9774.0,0.0,0
2026-06-26T15:29:12.481,timeseries,3,Weather Report Extended v2,mlx-community/DeepSeek-R1-Distill-Qwen-14B-4bit,161.0,11426.0,0.0,0
2026-06-26T15:29:12.545,timeseries,3,Weather Report Extended v2,mlx-community/DeepSeek-R1-Distill-Qwen-14B-4bit,162.0,9969.0,0.0,0
2026-06-26T15:29:12.607,timeseries,3,Weather Report Extended v2,mlx-community/DeepSeek-R1-Distill-Qwen-14B-4bit,192.0,11242.0,0.0,0
2026-06-26T15:29:12.669,timeseries,3,Weather Report Extended v2,mlx-community/DeepSeek-R1-Distill-Qwen-14B-4bit,312.0,9628.0,0.0,0
2026-06-26T15:29:12.731,timeseries,3,Weather Report Extended v2,mlx-community/DeepSeek-R1-Distill-Qwen-14B-4bit,146.0,11448.0,0.0,0
2026-06-26T15:29:12.794,timeseries,3,Weather Report Extended v2,mlx-community/DeepSeek-R1-Distill-Qwen-14B-4bit,145.0,9948.0,0.0,0
2026-06-26T15:29:12.856,timeseries,3,Weather Report Extended v2,mlx-community/DeepSeek-R1-Distill-Qwen-14B-4bit,128.0,11314.0,0.0,0
2026-06-26T15:29:12.919,timeseries,3,Weather Report Extended v2,mlx-community/DeepSeek-R1-Distill-Qwen-14B-4bit,143.0,9831.0,0.0,0
2026-06-26T15:29:12.981,timeseries,3,Weather Report Extended v2,mlx-community/DeepSeek-R1-Distill-Qwen-14B-4bit,144.0,11329.0,0.0,0
2026-06-26T15:29:13.044,timeseries,3,Weather Report Extended v2,mlx-community/DeepSeek-R1-Distill-Qwen-14B-4bit,145.0,9929.0,0.0,0
2026-06-26T15:29:13.106,timeseries,3,Weather Report Extended v2,mlx-community/DeepSeek-R1-Distill-Qwen-14B-4bit,193.0,11276.0,0.0,0
2026-06-26T15:29:13.168,timeseries,3,Weather Report Extended v2,mlx-community/DeepSeek-R1-Distill-Qwen-14B-4bit,253.0,9805.0,0.0,0
2026-06-26T15:29:13.230,timeseries,3,Weather Report Extended v2,mlx-community/DeepSeek-R1-Distill-Qwen-14B-4bit,145.0,11380.0,0.0,0
2026-06-26T15:29:13.292,timeseries,3,Weather Report Extended v2,mlx-community/DeepSeek-R1-Distill-Qwen-14B-4bit,129.0,9958.0,0.0,0
2026-06-26T15:29:13.354,timeseries,3,Weather Report Extended v2,mlx-community/DeepSeek-R1-Distill-Qwen-14B-4bit,145.0,11371.0,0.0,0
2026-06-26T15:29:13.415,timeseries,3,Weather Report Extended v2,mlx-community/DeepSeek-R1-Distill-Qwen-14B-4bit,263.0,10081.0,0.0,0
2026-06-26T15:29:13.478,timeseries,3,Weather Report Extended v2,mlx-community/DeepSeek-R1-Distill-Qwen-14B-4bit,225.0,9971.0,0.0,0
2026-06-26T15:29:13.540,timeseries,3,Weather Report Extended v2,mlx-community/DeepSeek-R1-Distill-Qwen-14B-4bit,162.0,11436.0,0.0,0
2026-06-26T15:29:13.605,timeseries,3,Weather Report Extended v2,mlx-community/DeepSeek-R1-Distill-Qwen-14B-4bit,161.0,9933.0,0.0,0
2026-06-26T15:29:13.667,timeseries,3,Weather Report Extended v2,mlx-community/DeepSeek-R1-Distill-Qwen-14B-4bit,272.0,11230.0,0.0,0
2026-06-26T15:29:13.729,timeseries,3,Weather Report Extended v2,mlx-community/DeepSeek-R1-Distill-Qwen-14B-4bit,170.0,10907.0,0.0,0
2026-06-26T15:29:13.791,timeseries,3,Weather Report Extended v2,mlx-community/DeepSeek-R1-Distill-Qwen-14B-4bit,129.0,9957.0,0.0,0
2026-06-26T15:29:13.854,timeseries,3,Weather Report Extended v2,mlx-community/DeepSeek-R1-Distill-Qwen-14B-4bit,128.0,11327.0,0.0,0
2026-06-26T15:29:13.916,timeseries,3,Weather Report Extended v2,mlx-community/DeepSeek-R1-Distill-Qwen-14B-4bit,146.0,9983.0,0.0,0
2026-06-26T15:29:13.979,timeseries,3,Weather Report Extended v2,mlx-community/DeepSeek-R1-Distill-Qwen-14B-4bit,127.0,11222.0,0.0,0
2026-06-26T15:29:14.041,timeseries,3,Weather Report Extended v2,mlx-community/DeepSeek-R1-Distill-Qwen-14B-4bit,130.0,10008.0,0.0,0
2026-06-26T15:29:14.103,timeseries,3,Weather Report Extended v2,mlx-community/DeepSeek-R1-Distill-Qwen-14B-4bit,194.0,9950.0,0.0,0
2026-06-26T15:29:14.165,timeseries,3,Weather Report Extended v2,mlx-community/DeepSeek-R1-Distill-Qwen-14B-4bit,272.0,11229.0,0.0,0
2026-06-26T15:29:14.226,timeseries,3,Weather Report Extended v2,mlx-community/DeepSeek-R1-Distill-Qwen-14B-4bit,129.0,10003.0,0.0,0
2026-06-26T15:29:14.287,timeseries,3,Weather Report Extended v2,mlx-community/DeepSeek-R1-Distill-Qwen-14B-4bit,147.0,11560.0,0.0,0
2026-06-26T15:29:14.349,timeseries,3,Weather Report Extended v2,mlx-community/DeepSeek-R1-Distill-Qwen-14B-4bit,131.0,10118.0,0.0,0
2026-06-26T15:29:14.411,timeseries,3,Weather Report Extended v2,mlx-community/DeepSeek-R1-Distill-Qwen-14B-4bit,289.0,9862.0,0.0,0
2026-06-26T15:29:14.473,timeseries,3,Weather Report Extended v2,mlx-community/DeepSeek-R1-Distill-Qwen-14B-4bit,162.0,11522.0,0.0,0
2026-06-26T15:29:14.535,timeseries,3,Weather Report Extended v2,mlx-community/DeepSeek-R1-Distill-Qwen-14B-4bit,177.0,9923.0,0.0,0
2026-06-26T15:29:14.598,timeseries,3,Weather Report Extended v2,mlx-community/DeepSeek-R1-Distill-Qwen-14B-4bit,178.0,11412.0,0.0,0
2026-06-26T15:29:14.662,timeseries,3,Weather Report Extended v2,mlx-community/DeepSeek-R1-Distill-Qwen-14B-4bit,289.0,9923.0,0.0,0
2026-06-26T15:29:14.723,timeseries,3,Weather Report Extended v2,mlx-community/DeepSeek-R1-Distill-Qwen-14B-4bit,129.0,11371.0,0.0,0
2026-06-26T15:29:14.783,timeseries,3,Weather Report Extended v2,mlx-community/DeepSeek-R1-Distill-Qwen-14B-4bit,817.0,9424.0,0.0,0
2026-06-26T15:29:14.843,timeseries,3,Weather Report Extended v2,mlx-community/DeepSeek-R1-Distill-Qwen-14B-4bit,844.0,10194.0,0.0,0
2026-06-26T15:29:14.906,timeseries,3,Weather Report Extended v2,mlx-community/DeepSeek-R1-Distill-Qwen-14B-4bit,836.0,11802.0,0.0,0
2026-06-26T15:29:14.967,timeseries,3,Weather Report Extended v2,mlx-community/DeepSeek-R1-Distill-Qwen-14B-4bit,790.0,10153.0,0.0,0
2026-06-26T15:29:15.028,timeseries,3,Weather Report Extended v2,mlx-community/DeepSeek-R1-Distill-Qwen-14B-4bit,1167.0,11163.0,0.0,0
2026-06-26T15:29:15.088,timeseries,3,Weather Report Extended v2,mlx-community/DeepSeek-R1-Distill-Qwen-14B-4bit,905.0,10156.0,0.0,0
2026-06-26T15:29:15.148,timeseries,3,Weather Report Extended v2,mlx-community/DeepSeek-R1-Distill-Qwen-14B-4bit,944.0,10200.0,0.0,0
2026-06-26T15:29:15.209,timeseries,3,Weather Report Extended v2,mlx-community/DeepSeek-R1-Distill-Qwen-14B-4bit,788.0,10146.0,0.0,0
2026-06-26T15:29:15.270,timeseries,3,Weather Report Extended v2,mlx-community/DeepSeek-R1-Distill-Qwen-14B-4bit,1159.0,11592.0,0.0,0
2026-06-26T15:29:15.330,timeseries,3,Weather Report Extended v2,mlx-community/DeepSeek-R1-Distill-Qwen-14B-4bit,847.0,10258.0,0.0,0
2026-06-26T15:29:15.389,timeseries,3,Weather Report Extended v2,mlx-community/DeepSeek-R1-Distill-Qwen-14B-4bit,982.0,10005.0,0.0,0
2026-06-26T15:29:15.451,timeseries,3,Weather Report Extended v2,mlx-community/DeepSeek-R1-Distill-Qwen-14B-4bit,837.0,10401.0,0.0,0
2026-06-26T15:29:15.510,timeseries,3,Weather Report Extended v2,mlx-community/DeepSeek-R1-Distill-Qwen-14B-4bit,1114.0,11625.0,0.0,0
2026-06-26T15:29:15.572,timeseries,3,Weather Report Extended v2,mlx-community/DeepSeek-R1-Distill-Qwen-14B-4bit,929.0,10054.0,0.0,0
2026-06-26T15:29:15.632,timeseries,3,Weather Report Extended v2,mlx-community/DeepSeek-R1-Distill-Qwen-14B-4bit,1025.0,10322.0,0.0,0
2026-06-26T15:29:15.692,timeseries,3,Weather Report Extended v2,mlx-community/DeepSeek-R1-Distill-Qwen-14B-4bit,816.0,10101.0,0.0,0
2026-06-26T15:29:15.752,timeseries,3,Weather Report Extended v2,mlx-community/DeepSeek-R1-Distill-Qwen-14B-4bit,1115.0,11654.0,0.0,0
2026-06-26T15:29:15.814,timeseries,3,Weather Report Extended v2,mlx-community/DeepSeek-R1-Distill-Qwen-14B-4bit,876.0,10202.0,0.0,0
2026-06-26T15:29:15.874,timeseries,3,Weather Report Extended v2,mlx-community/DeepSeek-R1-Distill-Qwen-14B-4bit,818.0,10301.0,0.0,0
2026-06-26T15:29:15.934,timeseries,3,Weather Report Extended v2,mlx-community/DeepSeek-R1-Distill-Qwen-14B-4bit,825.0,9996.0,0.0,0
2026-06-26T15:29:15.993,timeseries,3,Weather Report Extended v2,mlx-community/DeepSeek-R1-Distill-Qwen-14B-4bit,1186.0,11744.0,0.0,0
2026-06-26T15:29:16.053,timeseries,3,Weather Report Extended v2,mlx-community/DeepSeek-R1-Distill-Qwen-14B-4bit,1168.0,10308.0,0.0,0
2026-06-26T15:29:16.112,timeseries,3,Weather Report Extended v2,mlx-community/DeepSeek-R1-Distill-Qwen-14B-4bit,1520.0,10401.0,0.0,0
2026-06-26T15:29:16.174,timeseries,3,Weather Report Extended v2,mlx-community/DeepSeek-R1-Distill-Qwen-14B-4bit,1101.0,10341.0,0.0,0
2026-06-26T15:29:16.233,timeseries,3,Weather Report Extended v2,mlx-community/DeepSeek-R1-Distill-Qwen-14B-4bit,1293.0,10275.0,0.0,0
2026-06-26T15:29:16.292,timeseries,3,Weather Report Extended v2,mlx-community/DeepSeek-R1-Distill-Qwen-14B-4bit,1248.0,11407.0,0.0,0
2026-06-26T15:29:16.353,timeseries,3,Weather Report Extended v2,mlx-community/DeepSeek-R1-Distill-Qwen-14B-4bit,981.0,10449.0,0.0,0
2026-06-26T15:29:16.415,timeseries,3,Weather Report Extended v2,mlx-community/DeepSeek-R1-Distill-Qwen-14B-4bit,1526.0,10460.0,0.0,0
2026-06-26T15:29:16.474,timeseries,3,Weather Report Extended v2,mlx-community/DeepSeek-R1-Distill-Qwen-14B-4bit,1140.0,10241.0,0.0,0
2026-06-26T15:29:16.534,timeseries,3,Weather Report Extended v2,mlx-community/DeepSeek-R1-Distill-Qwen-14B-4bit,1267.0,9976.0,0.0,0
2026-06-26T15:29:16.593,timeseries,3,Weather Report Extended v2,mlx-community/DeepSeek-R1-Distill-Qwen-14B-4bit,1743.0,11835.0,0.0,0
2026-06-26T15:29:16.655,timeseries,3,Weather Report Extended v2,mlx-community/DeepSeek-R1-Distill-Qwen-14B-4bit,1076.0,10428.0,0.0,0
2026-06-26T15:29:16.714,timeseries,3,Weather Report Extended v2,mlx-community/DeepSeek-R1-Distill-Qwen-14B-4bit,1080.0,10445.0,0.0,0
2026-06-26T15:29:16.777,timeseries,3,Weather Report Extended v2,mlx-community/DeepSeek-R1-Distill-Qwen-14B-4bit,1309.0,9923.0,0.0,0
2026-06-26T15:29:16.836,timeseries,3,Weather Report Extended v2,mlx-community/DeepSeek-R1-Distill-Qwen-14B-4bit,1574.0,11588.0,0.0,0
2026-06-26T15:29:16.897,timeseries,3,Weather Report Extended v2,mlx-community/DeepSeek-R1-Distill-Qwen-14B-4bit,1191.0,9849.0,0.0,0
2026-06-26T15:29:16.959,timeseries,3,Weather Report Extended v2,mlx-community/DeepSeek-R1-Distill-Qwen-14B-4bit,1174.0,10348.0,0.0,0
2026-06-26T15:29:17.021,timeseries,3,Weather Report Extended v2,mlx-community/DeepSeek-R1-Distill-Qwen-14B-4bit,3134.0,11395.0,0.0,0
2026-06-26T15:29:17.082,timeseries,3,Weather Report Extended v2,mlx-community/DeepSeek-R1-Distill-Qwen-14B-4bit,394.0,10170.0,0.0,0
2026-06-26T15:29:17.145,timeseries,3,Weather Report Extended v2,mlx-community/DeepSeek-R1-Distill-Qwen-14B-4bit,573.0,9823.0,0.0,0
2026-06-26T15:29:17.208,timeseries,3,Weather Report Extended v2,mlx-community/DeepSeek-R1-Distill-Qwen-14B-4bit,164.0,11594.0,0.0,0
2026-06-26T15:29:17.270,timeseries,3,Weather Report Extended v2,mlx-community/DeepSeek-R1-Distill-Qwen-14B-4bit,129.0,11343.0,0.0,0
2026-06-26T15:29:17.337,timeseries,3,Weather Report Extended v2,mlx-community/DeepSeek-R1-Distill-Qwen-14B-4bit,142.0,9814.0,0.0,0
2026-06-26T15:29:17.399,timeseries,3,Weather Report Extended v2,mlx-community/DeepSeek-R1-Distill-Qwen-14B-4bit,320.0,11200.0,0.0,0
2026-06-26T15:29:17.462,timeseries,3,Weather Report Extended v2,mlx-community/DeepSeek-R1-Distill-Qwen-14B-4bit,345.0,9255.0,0.0,0
2026-06-26T15:29:17.526,timeseries,3,Weather Report Extended v2,mlx-community/DeepSeek-R1-Distill-Qwen-14B-4bit,145.0,11407.0,0.0,0
2026-06-26T15:29:17.587,timeseries,3,Weather Report Extended v2,mlx-community/DeepSeek-R1-Distill-Qwen-14B-4bit,127.0,11189.0,0.0,0
2026-06-26T15:29:17.649,timeseries,3,Weather Report Extended v2,mlx-community/DeepSeek-R1-Distill-Qwen-14B-4bit,366.0,9790.0,0.0,0
2026-06-26T15:29:17.711,timeseries,3,Weather Report Extended v2,mlx-community/DeepSeek-R1-Distill-Qwen-14B-4bit,161.0,9987.0,0.0,0
2026-06-26T15:29:17.773,timeseries,3,Weather Report Extended v2,mlx-community/DeepSeek-R1-Distill-Qwen-14B-4bit,145.0,11363.0,0.0,0
2026-06-26T15:29:17.836,timeseries,3,Weather Report Extended v2,mlx-community/DeepSeek-R1-Distill-Qwen-14B-4bit,113.0,10012.0,0.0,0
2026-06-26T15:29:17.898,timeseries,3,Weather Report Extended v2,mlx-community/DeepSeek-R1-Distill-Qwen-14B-4bit,145.0,11415.0,0.0,0
2026-06-26T15:29:17.959,timeseries,3,Weather Report Extended v2,mlx-community/DeepSeek-R1-Distill-Qwen-14B-4bit,144.0,9934.0,0.0,0
2026-06-26T15:29:18.022,timeseries,3,Weather Report Extended v2,mlx-community/DeepSeek-R1-Distill-Qwen-14B-4bit,129.0,11416.0,0.0,0
2026-06-26T15:29:18.084,timeseries,3,Weather Report Extended v2,mlx-community/DeepSeek-R1-Distill-Qwen-14B-4bit,147.0,10103.0,0.0,0
2026-06-26T15:29:18.147,timeseries,3,Weather Report Extended v2,mlx-community/DeepSeek-R1-Distill-Qwen-14B-4bit,315.0,11093.0,0.0,0
2026-06-26T15:29:18.209,timeseries,3,Weather Report Extended v2,mlx-community/DeepSeek-R1-Distill-Qwen-14B-4bit,145.0,10000.0,0.0,0
2026-06-26T15:29:18.272,timeseries,3,Weather Report Extended v2,mlx-community/DeepSeek-R1-Distill-Qwen-14B-4bit,144.0,11355.0,0.0,0
2026-06-26T15:29:18.333,timeseries,3,Weather Report Extended v2,mlx-community/DeepSeek-R1-Distill-Qwen-14B-4bit,128.0,9937.0,0.0,0
2026-06-26T15:29:18.396,timeseries,3,Weather Report Extended v2,mlx-community/DeepSeek-R1-Distill-Qwen-14B-4bit,253.0,11138.0,0.0,0
2026-06-26T15:29:18.458,timeseries,3,Weather Report Extended v2,mlx-community/DeepSeek-R1-Distill-Qwen-14B-4bit,180.0,10155.0,0.0,0
2026-06-26T15:29:18.522,timeseries,3,Weather Report Extended v2,mlx-community/DeepSeek-R1-Distill-Qwen-14B-4bit,144.0,11368.0,0.0,0
2026-06-26T15:29:18.584,timeseries,3,Weather Report Extended v2,mlx-community/DeepSeek-R1-Distill-Qwen-14B-4bit,128.0,9911.0,0.0,0
2026-06-26T15:29:18.646,timeseries,3,Weather Report Extended v2,mlx-community/DeepSeek-R1-Distill-Qwen-14B-4bit,328.0,11004.0,0.0,0
2026-06-26T15:29:18.708,timeseries,3,Weather Report Extended v2,mlx-community/DeepSeek-R1-Distill-Qwen-14B-4bit,210.0,10021.0,0.0,0
2026-06-26T15:29:18.772,timeseries,3,Weather Report Extended v2,mlx-community/DeepSeek-R1-Distill-Qwen-14B-4bit,129.0,10007.0,0.0,0
2026-06-26T15:29:18.833,timeseries,3,Weather Report Extended v2,mlx-community/DeepSeek-R1-Distill-Qwen-14B-4bit,145.0,11352.0,0.0,0
2026-06-26T15:29:18.896,timeseries,3,Weather Report Extended v2,mlx-community/DeepSeek-R1-Distill-Qwen-14B-4bit,1143.0,10926.0,0.0,0
2026-06-26T15:29:18.956,timeseries,3,Weather Report Extended v2,mlx-community/DeepSeek-R1-Distill-Qwen-14B-4bit,342.0,10103.0,0.0,0
2026-06-26T15:29:19.018,timeseries,3,Weather Report Extended v2,mlx-community/DeepSeek-R1-Distill-Qwen-14B-4bit,274.0,9972.0,0.0,0
2026-06-26T15:29:19.079,timeseries,3,Weather Report Extended v2,mlx-community/DeepSeek-R1-Distill-Qwen-14B-4bit,181.0,11661.0,0.0,0
2026-06-26T15:29:19.140,timeseries,3,Weather Report Extended v2,mlx-community/DeepSeek-R1-Distill-Qwen-14B-4bit,326.0,10043.0,0.0,0
2026-06-26T15:29:19.202,timeseries,3,Weather Report Extended v2,mlx-community/DeepSeek-R1-Distill-Qwen-14B-4bit,214.0,10190.0,0.0,0
2026-06-26T15:29:19.263,timeseries,3,Weather Report Extended v2,mlx-community/DeepSeek-R1-Distill-Qwen-14B-4bit,129.0,11453.0,0.0,0
2026-06-26T15:29:19.326,timeseries,3,Weather Report Extended v2,mlx-community/DeepSeek-R1-Distill-Qwen-14B-4bit,129.0,9968.0,0.0,0
2026-06-26T15:29:19.388,timeseries,3,Weather Report Extended v2,mlx-community/DeepSeek-R1-Distill-Qwen-14B-4bit,228.0,11482.0,0.0,0
2026-06-26T15:29:19.449,timeseries,3,Weather Report Extended v2,mlx-community/DeepSeek-R1-Distill-Qwen-14B-4bit,241.0,9976.0,0.0,0
2026-06-26T15:29:19.512,timeseries,3,Weather Report Extended v2,mlx-community/DeepSeek-R1-Distill-Qwen-14B-4bit,145.0,10013.0,0.0,0
2026-06-26T15:29:19.574,timeseries,3,Weather Report Extended v2,mlx-community/DeepSeek-R1-Distill-Qwen-14B-4bit,146.0,11484.0,0.0,0
2026-06-26T15:29:19.637,timeseries,3,Weather Report Extended v2,mlx-community/DeepSeek-R1-Distill-Qwen-14B-4bit,271.0,9824.0,0.0,0
2026-06-26T15:29:19.699,timeseries,3,Weather Report Extended v2,mlx-community/DeepSeek-R1-Distill-Qwen-14B-4bit,243.0,11459.0,0.0,0
2026-06-26T15:29:19.760,timeseries,3,Weather Report Extended v2,mlx-community/DeepSeek-R1-Distill-Qwen-14B-4bit,158.0,9777.0,0.0,0
2026-06-26T15:29:19.824,timeseries,3,Weather Report Extended v2,mlx-community/DeepSeek-R1-Distill-Qwen-14B-4bit,145.0,11445.0,0.0,0
2026-06-26T15:29:19.887,timeseries,3,Weather Report Extended v2,mlx-community/DeepSeek-R1-Distill-Qwen-14B-4bit,114.0,10073.0,0.0,0
2026-06-26T15:29:19.948,timeseries,3,Weather Report Extended v2,mlx-community/DeepSeek-R1-Distill-Qwen-14B-4bit,142.0,11162.0,0.0,0
2026-06-26T15:29:20.011,timeseries,3,Weather Report Extended v2,mlx-community/DeepSeek-R1-Distill-Qwen-14B-4bit,145.0,9964.0,0.0,0
2026-06-26T15:29:20.072,timeseries,3,Weather Report Extended v2,mlx-community/DeepSeek-R1-Distill-Qwen-14B-4bit,145.0,11437.0,0.0,0
2026-06-26T15:29:20.134,timeseries,3,Weather Report Extended v2,mlx-community/DeepSeek-R1-Distill-Qwen-14B-4bit,303.0,9808.0,0.0,0
2026-06-26T15:29:20.196,timeseries,3,Weather Report Extended v2,mlx-community/DeepSeek-R1-Distill-Qwen-14B-4bit,163.0,11602.0,0.0,0
2026-06-26T15:29:20.258,timeseries,3,Weather Report Extended v2,mlx-community/DeepSeek-R1-Distill-Qwen-14B-4bit,145.0,9958.0,0.0,0
2026-06-26T15:29:20.322,timeseries,3,Weather Report Extended v2,mlx-community/DeepSeek-R1-Distill-Qwen-14B-4bit,129.0,11389.0,0.0,0
2026-06-26T15:29:20.384,timeseries,3,Weather Report Extended v2,mlx-community/DeepSeek-R1-Distill-Qwen-14B-4bit,194.0,9946.0,0.0,0
2026-06-26T15:29:20.446,timeseries,3,Weather Report Extended v2,mlx-community/DeepSeek-R1-Distill-Qwen-14B-4bit,283.0,11084.0,0.0,0
2026-06-26T15:29:20.509,timeseries,3,Weather Report Extended v2,mlx-community/DeepSeek-R1-Distill-Qwen-14B-4bit,162.0,10035.0,0.0,0
2026-06-26T15:29:20.570,timeseries,3,Weather Report Extended v2,mlx-community/DeepSeek-R1-Distill-Qwen-14B-4bit,128.0,11340.0,0.0,0
2026-06-26T15:29:20.632,timeseries,3,Weather Report Extended v2,mlx-community/DeepSeek-R1-Distill-Qwen-14B-4bit,322.0,9911.0,0.0,0
2026-06-26T15:29:20.695,timeseries,3,Weather Report Extended v2,mlx-community/DeepSeek-R1-Distill-Qwen-14B-4bit,130.0,10109.0,0.0,0
2026-06-26T15:29:20.757,timeseries,3,Weather Report Extended v2,mlx-community/DeepSeek-R1-Distill-Qwen-14B-4bit,177.0,11350.0,0.0,0
2026-06-26T15:29:20.819,timeseries,3,Weather Report Extended v2,mlx-community/DeepSeek-R1-Distill-Qwen-14B-4bit,143.0,9844.0,0.0,0
2026-06-26T15:29:20.883,timeseries,3,Weather Report Extended v2,mlx-community/DeepSeek-R1-Distill-Qwen-14B-4bit,146.0,11463.0,0.0,0
2026-06-26T15:29:20.946,timeseries,3,Weather Report Extended v2,mlx-community/DeepSeek-R1-Distill-Qwen-14B-4bit,113.0,10027.0,0.0,0
2026-06-26T15:29:21.008,timeseries,3,Weather Report Extended v2,mlx-community/DeepSeek-R1-Distill-Qwen-14B-4bit,141.0,11128.0,0.0,0
2026-06-26T15:29:21.069,timeseries,3,Weather Report Extended v2,mlx-community/DeepSeek-R1-Distill-Qwen-14B-4bit,143.0,11239.0,0.0,0
2026-06-26T15:29:21.133,timeseries,3,Weather Report Extended v2,mlx-community/DeepSeek-R1-Distill-Qwen-14B-4bit,321.0,9891.0,0.0,0
2026-06-26T15:29:21.195,timeseries,3,Weather Report Extended v2,mlx-community/DeepSeek-R1-Distill-Qwen-14B-4bit,146.0,10105.0,0.0,0
2026-06-26T15:29:21.257,timeseries,3,Weather Report Extended v2,mlx-community/DeepSeek-R1-Distill-Qwen-14B-4bit,126.0,11189.0,0.0,0
2026-06-26T15:29:21.321,timeseries,3,Weather Report Extended v2,mlx-community/DeepSeek-R1-Distill-Qwen-14B-4bit,144.0,9912.0,0.0,0
2026-06-26T15:29:21.383,timeseries,3,Weather Report Extended v2,mlx-community/DeepSeek-R1-Distill-Qwen-14B-4bit,226.0,11357.0,0.0,0
2026-06-26T15:29:21.445,timeseries,3,Weather Report Extended v2,mlx-community/DeepSeek-R1-Distill-Qwen-14B-4bit,221.0,11196.0,0.0,0
2026-06-26T15:29:21.507,timeseries,3,Weather Report Extended v2,mlx-community/DeepSeek-R1-Distill-Qwen-14B-4bit,129.0,9982.0,0.0,0
2026-06-26T15:29:21.569,timeseries,3,Weather Report Extended v2,mlx-community/DeepSeek-R1-Distill-Qwen-14B-4bit,128.0,9905.0,0.0,0
2026-06-26T15:29:21.633,timeseries,3,Weather Report Extended v2,mlx-community/DeepSeek-R1-Distill-Qwen-14B-4bit,307.0,11407.0,0.0,0
2026-06-26T15:29:21.695,timeseries,3,Weather Report Extended v2,mlx-community/DeepSeek-R1-Distill-Qwen-14B-4bit,194.0,11399.0,0.0,0
2026-06-26T15:29:21.756,timeseries,3,Weather Report Extended v2,mlx-community/DeepSeek-R1-Distill-Qwen-14B-4bit,500.0,9644.0,0.0,0
2026-06-26T15:29:21.819,timeseries,3,Weather Report Extended v2,mlx-community/DeepSeek-R1-Distill-Qwen-14B-4bit,307.0,10014.0,0.0,0
2026-06-26T15:29:21.880,timeseries,3,Weather Report Extended v2,mlx-community/DeepSeek-R1-Distill-Qwen-14B-4bit,163.0,11580.0,0.0,0
2026-06-26T15:29:21.944,timeseries,3,Weather Report Extended v2,mlx-community/DeepSeek-R1-Distill-Qwen-14B-4bit,144.0,9929.0,0.0,0
2026-06-26T15:29:22.006,timeseries,3,Weather Report Extended v2,mlx-community/DeepSeek-R1-Distill-Qwen-14B-4bit,113.0,11477.0,0.0,0
2026-06-26T15:29:22.068,timeseries,3,Weather Report Extended v2,mlx-community/DeepSeek-R1-Distill-Qwen-14B-4bit,158.0,9786.0,0.0,0
2026-06-26T15:29:22.130,timeseries,3,Weather Report Extended v2,mlx-community/DeepSeek-R1-Distill-Qwen-14B-4bit,705.0,11225.0,0.0,0
2026-06-26T15:29:22.191,timeseries,3,Weather Report Extended v2,mlx-community/DeepSeek-R1-Distill-Qwen-14B-4bit,2207.0,10070.0,0.0,0
2026-06-26T15:29:22.253,timeseries,3,Weather Report Extended v2,mlx-community/DeepSeek-R1-Distill-Qwen-14B-4bit,355.0,9992.0,0.0,0
2026-06-26T15:29:22.315,timeseries,3,Weather Report Extended v2,mlx-community/DeepSeek-R1-Distill-Qwen-14B-4bit,341.0,11528.0,0.0,0
2026-06-26T15:29:22.377,timeseries,3,Weather Report Extended v2,mlx-community/DeepSeek-R1-Distill-Qwen-14B-4bit,594.0,9919.0,0.0,0
2026-06-26T15:29:22.440,timeseries,3,Weather Report Extended v2,mlx-community/DeepSeek-R1-Distill-Qwen-14B-4bit,389.0,11525.0,0.0,0
2026-06-26T15:29:22.502,timeseries,3,Weather Report Extended v2,mlx-community/DeepSeek-R1-Distill-Qwen-14B-4bit,450.0,9993.0,0.0,0
2026-06-26T15:29:22.567,timeseries,3,Weather Report Extended v2,mlx-community/DeepSeek-R1-Distill-Qwen-14B-4bit,319.0,11368.0,0.0,0
2026-06-26T15:29:22.633,timeseries,3,Weather Report Extended v2,mlx-community/DeepSeek-R1-Distill-Qwen-14B-4bit,1289.0,11356.0,0.0,0
2026-06-26T15:29:22.694,timeseries,3,Weather Report Extended v2,mlx-community/DeepSeek-R1-Distill-Qwen-14B-4bit,679.0,10883.0,0.0,0
2026-06-26T15:29:22.757,timeseries,3,Weather Report Extended v2,mlx-community/DeepSeek-R1-Distill-Qwen-14B-4bit,412.0,9453.0,0.0,0
2026-06-26T15:29:22.818,timeseries,3,Weather Report Extended v2,mlx-community/DeepSeek-R1-Distill-Qwen-14B-4bit,307.0,10095.0,0.0,0
2026-06-26T15:29:22.880,timeseries,3,Weather Report Extended v2,mlx-community/DeepSeek-R1-Distill-Qwen-14B-4bit,660.0,11473.0,0.0,0
2026-06-26T15:29:22.941,timeseries,3,Weather Report Extended v2,mlx-community/DeepSeek-R1-Distill-Qwen-14B-4bit,426.0,10234.0,0.0,0
2026-06-26T15:29:23.001,timeseries,3,Weather Report Extended v2,mlx-community/DeepSeek-R1-Distill-Qwen-14B-4bit,402.0,9995.0,0.0,0
2026-06-26T15:29:23.063,timeseries,3,Weather Report Extended v2,mlx-community/DeepSeek-R1-Distill-Qwen-14B-4bit,315.0,11809.0,0.0,0
2026-06-26T15:29:23.124,timeseries,3,Weather Report Extended v2,mlx-community/DeepSeek-R1-Distill-Qwen-14B-4bit,1054.0,10225.0,0.0,0
2026-06-26T15:29:23.185,timeseries,3,Weather Report Extended v2,mlx-community/DeepSeek-R1-Distill-Qwen-14B-4bit,419.0,10025.0,0.0,0
2026-06-26T15:29:23.246,timeseries,3,Weather Report Extended v2,mlx-community/DeepSeek-R1-Distill-Qwen-14B-4bit,395.0,11664.0,0.0,0
2026-06-26T15:29:23.309,timeseries,3,Weather Report Extended v2,mlx-community/DeepSeek-R1-Distill-Qwen-14B-4bit,297.0,10249.0,0.0,0
2026-06-26T15:29:23.372,timeseries,3,Weather Report Extended v2,mlx-community/DeepSeek-R1-Distill-Qwen-14B-4bit,837.0,11376.0,0.0,0
2026-06-26T15:29:23.434,timeseries,3,Weather Report Extended v2,mlx-community/DeepSeek-R1-Distill-Qwen-14B-4bit,443.0,9834.0,0.0,0
2026-06-26T15:29:23.495,timeseries,3,Weather Report Extended v2,mlx-community/DeepSeek-R1-Distill-Qwen-14B-4bit,401.0,11410.0,0.0,0
2026-06-26T15:29:23.557,timeseries,3,Weather Report Extended v2,mlx-community/DeepSeek-R1-Distill-Qwen-14B-4bit,275.0,10032.0,0.0,0
2026-06-26T15:29:23.619,timeseries,3,Weather Report Extended v2,mlx-community/DeepSeek-R1-Distill-Qwen-14B-4bit,1036.0,10020.0,0.0,0
2026-06-26T15:29:23.681,timeseries,3,Weather Report Extended v2,mlx-community/DeepSeek-R1-Distill-Qwen-14B-4bit,404.0,11483.0,0.0,0
2026-06-26T15:29:23.742,timeseries,3,Weather Report Extended v2,mlx-community/DeepSeek-R1-Distill-Qwen-14B-4bit,386.0,9972.0,0.0,0
2026-06-26T15:29:23.804,timeseries,3,Weather Report Extended v2,mlx-community/DeepSeek-R1-Distill-Qwen-14B-4bit,309.0,11526.0,0.0,0
2026-06-26T15:29:23.866,timeseries,3,Weather Report Extended v2,mlx-community/DeepSeek-R1-Distill-Qwen-14B-4bit,391.0,10126.0,0.0,0
2026-06-26T15:29:23.928,timeseries,3,Weather Report Extended v2,mlx-community/DeepSeek-R1-Distill-Qwen-14B-4bit,644.0,11423.0,0.0,0
2026-06-26T15:29:23.990,timeseries,3,Weather Report Extended v2,mlx-community/DeepSeek-R1-Distill-Qwen-14B-4bit,388.0,10039.0,0.0,0
2026-06-26T15:29:24.052,timeseries,3,Weather Report Extended v2,mlx-community/DeepSeek-R1-Distill-Qwen-14B-4bit,323.0,10097.0,0.0,0
2026-06-26T15:29:24.114,timeseries,3,Weather Report Extended v2,mlx-community/DeepSeek-R1-Distill-Qwen-14B-4bit,980.0,11392.0,0.0,0
2026-06-26T15:29:24.176,timeseries,3,Weather Report Extended v2,mlx-community/DeepSeek-R1-Distill-Qwen-14B-4bit,503.0,10094.0,0.0,0
2026-06-26T15:29:24.238,timeseries,3,Weather Report Extended v2,mlx-community/DeepSeek-R1-Distill-Qwen-14B-4bit,387.0,11440.0,0.0,0
2026-06-26T15:29:24.300,timeseries,3,Weather Report Extended v2,mlx-community/DeepSeek-R1-Distill-Qwen-14B-4bit,389.0,10060.0,0.0,0
2026-06-26T15:29:24.362,timeseries,3,Weather Report Extended v2,mlx-community/DeepSeek-R1-Distill-Qwen-14B-4bit,274.0,11430.0,0.0,0
2026-06-26T15:29:24.424,timeseries,3,Weather Report Extended v2,mlx-community/DeepSeek-R1-Distill-Qwen-14B-4bit,883.0,9955.0,0.0,0
2026-06-26T15:29:24.485,timeseries,3,Weather Report Extended v2,mlx-community/DeepSeek-R1-Distill-Qwen-14B-4bit,402.0,10029.0,0.0,0
2026-06-26T15:29:24.547,timeseries,3,Weather Report Extended v2,mlx-community/DeepSeek-R1-Distill-Qwen-14B-4bit,390.0,11494.0,0.0,0
2026-06-26T15:29:24.607,timeseries,3,Weather Report Extended v2,mlx-community/DeepSeek-R1-Distill-Qwen-14B-4bit,835.0,10162.0,0.0,0
2026-06-26T15:29:24.669,timeseries,3,Weather Report Extended v2,mlx-community/DeepSeek-R1-Distill-Qwen-14B-4bit,504.0,10112.0,0.0,0
2026-06-26T15:29:24.731,timeseries,3,Weather Report Extended v2,mlx-community/DeepSeek-R1-Distill-Qwen-14B-4bit,426.0,11624.0,0.0,0
2026-06-26T15:29:24.792,timeseries,3,Weather Report Extended v2,mlx-community/DeepSeek-R1-Distill-Qwen-14B-4bit,390.0,10077.0,0.0,0
2026-06-26T15:29:24.856,timeseries,3,Weather Report Extended v2,mlx-community/DeepSeek-R1-Distill-Qwen-14B-4bit,292.0,11504.0,0.0,0
2026-06-26T15:29:24.917,timeseries,3,Weather Report Extended v2,mlx-community/DeepSeek-R1-Distill-Qwen-14B-4bit,458.0,10141.0,0.0,0
2026-06-26T15:29:24.979,timeseries,3,Weather Report Extended v2,mlx-community/DeepSeek-R1-Distill-Qwen-14B-4bit,594.0,11102.0,0.0,0
2026-06-26T15:29:25.041,timeseries,3,Weather Report Extended v2,mlx-community/DeepSeek-R1-Distill-Qwen-14B-4bit,375.0,10109.0,0.0,0
2026-06-26T15:29:25.103,timeseries,3,Weather Report Extended v2,mlx-community/DeepSeek-R1-Distill-Qwen-14B-4bit,869.0,9978.0,0.0,0
2026-06-26T15:29:25.165,timeseries,3,Weather Report Extended v2,mlx-community/DeepSeek-R1-Distill-Qwen-14B-4bit,405.0,11503.0,0.0,0
2026-06-26T15:29:25.227,timeseries,3,Weather Report Extended v2,mlx-community/DeepSeek-R1-Distill-Qwen-14B-4bit,449.0,9968.0,0.0,0
2026-06-26T15:29:25.288,timeseries,3,Weather Report Extended v2,mlx-community/DeepSeek-R1-Distill-Qwen-14B-4bit,407.0,11558.0,0.0,0
2026-06-26T15:29:25.350,timeseries,3,Weather Report Extended v2,mlx-community/DeepSeek-R1-Distill-Qwen-14B-4bit,275.0,10021.0,0.0,0
2026-06-26T15:29:25.412,timeseries,3,Weather Report Extended v2,mlx-community/DeepSeek-R1-Distill-Qwen-14B-4bit,809.0,11459.0,0.0,0
2026-06-26T15:29:25.474,timeseries,3,Weather Report Extended v2,mlx-community/DeepSeek-R1-Distill-Qwen-14B-4bit,468.0,10083.0,0.0,0
2026-06-26T15:29:25.533,timeseries,3,Weather Report Extended v2,mlx-community/DeepSeek-R1-Distill-Qwen-14B-4bit,390.0,10079.0,0.0,0
2026-06-26T15:29:25.595,timeseries,3,Weather Report Extended v2,mlx-community/DeepSeek-R1-Distill-Qwen-14B-4bit,838.0,11631.0,0.0,0
2026-06-26T15:29:25.657,timeseries,3,Weather Report Extended v2,mlx-community/DeepSeek-R1-Distill-Qwen-14B-4bit,445.0,10259.0,0.0,0
2026-06-26T15:29:25.718,timeseries,3,Weather Report Extended v2,mlx-community/DeepSeek-R1-Distill-Qwen-14B-4bit,470.0,10060.0,0.0,0
2026-06-26T15:29:25.781,timeseries,3,Weather Report Extended v2,mlx-community/DeepSeek-R1-Distill-Qwen-14B-4bit,405.0,11476.0,0.0,0
2026-06-26T15:29:25.842,timeseries,3,Weather Report Extended v2,mlx-community/DeepSeek-R1-Distill-Qwen-14B-4bit,260.0,10062.0,0.0,0
2026-06-26T15:29:25.904,timeseries,3,Weather Report Extended v2,mlx-community/DeepSeek-R1-Distill-Qwen-14B-4bit,401.0,11390.0,0.0,0
2026-06-26T15:29:25.966,timeseries,3,Weather Report Extended v2,mlx-community/DeepSeek-R1-Distill-Qwen-14B-4bit,556.0,10153.0,0.0,0
2026-06-26T15:29:26.028,timeseries,3,Weather Report Extended v2,mlx-community/DeepSeek-R1-Distill-Qwen-14B-4bit,449.0,9967.0,0.0,0
2026-06-26T15:29:26.090,timeseries,3,Weather Report Extended v2,mlx-community/DeepSeek-R1-Distill-Qwen-14B-4bit,793.0,11427.0,0.0,0
2026-06-26T15:29:26.152,timeseries,3,Weather Report Extended v2,mlx-community/DeepSeek-R1-Distill-Qwen-14B-4bit,436.0,10061.0,0.0,0
2026-06-26T15:29:26.212,timeseries,3,Weather Report Extended v2,mlx-community/DeepSeek-R1-Distill-Qwen-14B-4bit,402.0,11434.0,0.0,0
2026-06-26T15:29:26.274,timeseries,3,Weather Report Extended v2,mlx-community/DeepSeek-R1-Distill-Qwen-14B-4bit,446.0,10250.0,0.0,0
2026-06-26T15:29:26.336,timeseries,3,Weather Report Extended v2,mlx-community/DeepSeek-R1-Distill-Qwen-14B-4bit,405.0,10032.0,0.0,0
2026-06-26T15:29:26.398,timeseries,3,Weather Report Extended v2,mlx-community/DeepSeek-R1-Distill-Qwen-14B-4bit,683.0,11520.0,0.0,0
2026-06-26T15:29:26.459,timeseries,3,Weather Report Extended v2,mlx-community/DeepSeek-R1-Distill-Qwen-14B-4bit,402.0,10053.0,0.0,0
2026-06-26T15:29:26.521,timeseries,3,Weather Report Extended v2,mlx-community/DeepSeek-R1-Distill-Qwen-14B-4bit,454.0,11517.0,0.0,0
2026-06-26T15:29:26.583,timeseries,3,Weather Report Extended v2,mlx-community/DeepSeek-R1-Distill-Qwen-14B-4bit,390.0,10067.0,0.0,0
2026-06-26T15:29:26.645,timeseries,3,Weather Report Extended v2,mlx-community/DeepSeek-R1-Distill-Qwen-14B-4bit,838.0,11445.0,0.0,0
2026-06-26T15:29:26.707,timeseries,3,Weather Report Extended v2,mlx-community/DeepSeek-R1-Distill-Qwen-14B-4bit,406.0,10067.0,0.0,0
2026-06-26T15:29:26.768,timeseries,3,Weather Report Extended v2,mlx-community/DeepSeek-R1-Distill-Qwen-14B-4bit,468.0,10032.0,0.0,0
2026-06-26T15:29:26.830,timeseries,3,Weather Report Extended v2,mlx-community/DeepSeek-R1-Distill-Qwen-14B-4bit,812.0,11463.0,0.0,0
2026-06-26T15:29:26.892,timeseries,3,Weather Report Extended v2,mlx-community/DeepSeek-R1-Distill-Qwen-14B-4bit,258.0,10045.0,0.0,0
2026-06-26T15:29:26.954,timeseries,3,Weather Report Extended v2,mlx-community/DeepSeek-R1-Distill-Qwen-14B-4bit,404.0,11488.0,0.0,0
2026-06-26T15:29:27.015,timeseries,3,Weather Report Extended v2,mlx-community/DeepSeek-R1-Distill-Qwen-14B-4bit,631.0,10052.0,0.0,0
2026-06-26T15:29:27.077,timeseries,3,Weather Report Extended v2,mlx-community/DeepSeek-R1-Distill-Qwen-14B-4bit,405.0,10032.0,0.0,0
2026-06-26T15:29:27.139,timeseries,3,Weather Report Extended v2,mlx-community/DeepSeek-R1-Distill-Qwen-14B-4bit,878.0,11532.0,0.0,0
2026-06-26T15:29:27.201,timeseries,3,Weather Report Extended v2,mlx-community/DeepSeek-R1-Distill-Qwen-14B-4bit,419.0,10021.0,0.0,0
2026-06-26T15:29:27.262,timeseries,3,Weather Report Extended v2,mlx-community/DeepSeek-R1-Distill-Qwen-14B-4bit,373.0,11529.0,0.0,0
2026-06-26T15:29:27.325,timeseries,3,Weather Report Extended v2,mlx-community/DeepSeek-R1-Distill-Qwen-14B-4bit,3351.0,9923.0,0.0,0
2026-06-26T15:29:27.386,timeseries,3,Weather Report Extended v2,mlx-community/DeepSeek-R1-Distill-Qwen-14B-4bit,553.0,10080.0,0.0,0
2026-06-26T15:29:27.448,timeseries,3,Weather Report Extended v2,mlx-community/DeepSeek-R1-Distill-Qwen-14B-4bit,384.0,11366.0,0.0,0
2026-06-26T15:29:27.511,timeseries,3,Weather Report Extended v2,mlx-community/DeepSeek-R1-Distill-Qwen-14B-4bit,163.0,10114.0,0.0,0
2026-06-26T15:29:27.572,timeseries,3,Weather Report Extended v2,mlx-community/DeepSeek-R1-Distill-Qwen-14B-4bit,145.0,11444.0,0.0,0
2026-06-26T15:29:27.635,timeseries,3,Weather Report Extended v2,mlx-community/DeepSeek-R1-Distill-Qwen-14B-4bit,304.0,9913.0,0.0,0
2026-06-26T15:29:27.697,timeseries,3,Weather Report Extended v2,mlx-community/DeepSeek-R1-Distill-Qwen-14B-4bit,212.0,11566.0,0.0,0
2026-06-26T15:29:27.758,timeseries,3,Weather Report Extended v2,mlx-community/DeepSeek-R1-Distill-Qwen-14B-4bit,158.0,9811.0,0.0,0
2026-06-26T15:29:27.820,timeseries,3,Weather Report Extended v2,mlx-community/DeepSeek-R1-Distill-Qwen-14B-4bit,147.0,11553.0,0.0,0
2026-06-26T15:29:27.882,timeseries,3,Weather Report Extended v2,mlx-community/DeepSeek-R1-Distill-Qwen-14B-4bit,114.0,10045.0,0.0,0
2026-06-26T15:29:27.945,timeseries,3,Weather Report Extended v2,mlx-community/DeepSeek-R1-Distill-Qwen-14B-4bit,145.0,10004.0,0.0,0
2026-06-26T15:29:28.008,timeseries,3,Weather Report Extended v2,mlx-community/DeepSeek-R1-Distill-Qwen-14B-4bit,145.0,11413.0,0.0,0
2026-06-26T15:29:28.069,timeseries,3,Weather Report Extended v2,mlx-community/DeepSeek-R1-Distill-Qwen-14B-4bit,208.0,9900.0,0.0,0
2026-06-26T15:29:28.131,timeseries,3,Weather Report Extended v2,mlx-community/DeepSeek-R1-Distill-Qwen-14B-4bit,355.0,11428.0,0.0,0
2026-06-26T15:29:28.193,timeseries,3,Weather Report Extended v2,mlx-community/DeepSeek-R1-Distill-Qwen-14B-4bit,178.0,10031.0,0.0,0
2026-06-26T15:29:28.256,timeseries,3,Weather Report Extended v2,mlx-community/DeepSeek-R1-Distill-Qwen-14B-4bit,145.0,11429.0,0.0,0
2026-06-26T15:29:28.318,timeseries,3,Weather Report Extended v2,mlx-community/DeepSeek-R1-Distill-Qwen-14B-4bit,129.0,10031.0,0.0,0
2026-06-26T15:29:28.381,timeseries,3,Weather Report Extended v2,mlx-community/DeepSeek-R1-Distill-Qwen-14B-4bit,192.0,11318.0,0.0,0
2026-06-26T15:29:28.443,timeseries,3,Weather Report Extended v2,mlx-community/DeepSeek-R1-Distill-Qwen-14B-4bit,253.0,9809.0,0.0,0
2026-06-26T15:29:28.505,timeseries,3,Weather Report Extended v2,mlx-community/DeepSeek-R1-Distill-Qwen-14B-4bit,160.0,11359.0,0.0,0
2026-06-26T15:29:28.568,timeseries,3,Weather Report Extended v2,mlx-community/DeepSeek-R1-Distill-Qwen-14B-4bit,146.0,10076.0,0.0,0
2026-06-26T15:29:28.630,timeseries,3,Weather Report Extended v2,mlx-community/DeepSeek-R1-Distill-Qwen-14B-4bit,274.0,11343.0,0.0,0
2026-06-26T15:29:28.692,timeseries,3,Weather Report Extended v2,mlx-community/DeepSeek-R1-Distill-Qwen-14B-4bit,222.0,9878.0,0.0,0
2026-06-26T15:29:28.754,timeseries,3,Weather Report Extended v2,mlx-community/DeepSeek-R1-Distill-Qwen-14B-4bit,129.0,11436.0,0.0,0
2026-06-26T15:29:28.816,timeseries,3,Weather Report Extended v2,mlx-community/DeepSeek-R1-Distill-Qwen-14B-4bit,128.0,9983.0,0.0,0
2026-06-26T15:29:28.879,timeseries,3,Weather Report Extended v2,mlx-community/DeepSeek-R1-Distill-Qwen-14B-4bit,146.0,11458.0,0.0,0
2026-06-26T15:29:28.940,timeseries,3,Weather Report Extended v2,mlx-community/DeepSeek-R1-Distill-Qwen-14B-4bit,591.0,9822.0,0.0,0
2026-06-26T15:29:29.001,timeseries,3,Weather Report Extended v2,mlx-community/DeepSeek-R1-Distill-Qwen-14B-4bit,851.0,9922.0,0.0,0
2026-06-26T15:29:29.063,timeseries,3,Weather Report Extended v2,mlx-community/DeepSeek-R1-Distill-Qwen-14B-4bit,260.0,11541.0,0.0,0
2026-06-26T15:29:29.125,timeseries,3,Weather Report Extended v2,mlx-community/DeepSeek-R1-Distill-Qwen-14B-4bit,589.0,10097.0,0.0,0
2026-06-26T15:29:29.187,timeseries,3,Weather Report Extended v2,mlx-community/DeepSeek-R1-Distill-Qwen-14B-4bit,194.0,11457.0,0.0,0
2026-06-26T15:29:29.249,timeseries,3,Weather Report Extended v2,mlx-community/DeepSeek-R1-Distill-Qwen-14B-4bit,163.0,10132.0,0.0,0
2026-06-26T15:29:29.313,timeseries,3,Weather Report Extended v2,mlx-community/DeepSeek-R1-Distill-Qwen-14B-4bit,144.0,9946.0,0.0,0
2026-06-26T15:29:29.374,timeseries,3,Weather Report Extended v2,mlx-community/DeepSeek-R1-Distill-Qwen-14B-4bit,226.0,11347.0,0.0,0
2026-06-26T15:29:29.437,timeseries,3,Weather Report Extended v2,mlx-community/DeepSeek-R1-Distill-Qwen-14B-4bit,314.0,9706.0,0.0,0
2026-06-26T15:29:29.499,timeseries,3,Weather Report Extended v2,mlx-community/DeepSeek-R1-Distill-Qwen-14B-4bit,146.0,11533.0,0.0,0
2026-06-26T15:29:29.562,timeseries,3,Weather Report Extended v2,mlx-community/DeepSeek-R1-Distill-Qwen-14B-4bit,144.0,9927.0,0.0,0
2026-06-26T15:29:29.623,timeseries,3,Weather Report Extended v2,mlx-community/DeepSeek-R1-Distill-Qwen-14B-4bit,388.0,11358.0,0.0,0
2026-06-26T15:29:29.685,timeseries,3,Weather Report Extended v2,mlx-community/DeepSeek-R1-Distill-Qwen-14B-4bit,191.0,9938.0,0.0,0
2026-06-26T15:29:29.746,timeseries,3,Weather Report Extended v2,mlx-community/DeepSeek-R1-Distill-Qwen-14B-4bit,146.0,11548.0,0.0,0
2026-06-26T15:29:29.808,timeseries,3,Weather Report Extended v2,mlx-community/DeepSeek-R1-Distill-Qwen-14B-4bit,131.0,10213.0,0.0,0
2026-06-26T15:29:29.871,timeseries,3,Weather Report Extended v2,mlx-community/DeepSeek-R1-Distill-Qwen-14B-4bit,144.0,11380.0,0.0,0
2026-06-26T15:29:29.933,timeseries,3,Weather Report Extended v2,mlx-community/DeepSeek-R1-Distill-Qwen-14B-4bit,129.0,10057.0,0.0,0
2026-06-26T15:29:29.995,timeseries,3,Weather Report Extended v2,mlx-community/DeepSeek-R1-Distill-Qwen-14B-4bit,128.0,9948.0,0.0,0
2026-06-26T15:29:30.054,timeseries,3,Weather Report Extended v2,mlx-community/DeepSeek-R1-Distill-Qwen-14B-4bit,145.0,11443.0,0.0,0
2026-06-26T15:29:30.116,timeseries,3,Weather Report Extended v2,mlx-community/DeepSeek-R1-Distill-Qwen-14B-4bit,311.0,10090.0,0.0,0
2026-06-26T15:29:30.178,timeseries,3,Weather Report Extended v2,mlx-community/DeepSeek-R1-Distill-Qwen-14B-4bit,216.0,10328.0,0.0,0
2026-06-26T15:29:30.240,timeseries,3,Weather Report Extended v2,mlx-community/DeepSeek-R1-Distill-Qwen-14B-4bit,145.0,11469.0,0.0,0
2026-06-26T15:29:30.302,timeseries,3,Weather Report Extended v2,mlx-community/DeepSeek-R1-Distill-Qwen-14B-4bit,147.0,10172.0,0.0,0
2026-06-26T15:29:30.364,timeseries,3,Weather Report Extended v2,mlx-community/DeepSeek-R1-Distill-Qwen-14B-4bit,192.0,11325.0,0.0,0
2026-06-26T15:29:30.426,timeseries,3,Weather Report Extended v2,mlx-community/DeepSeek-R1-Distill-Qwen-14B-4bit,272.0,9889.0,0.0,0
2026-06-26T15:29:30.488,timeseries,3,Weather Report Extended v2,mlx-community/DeepSeek-R1-Distill-Qwen-14B-4bit,177.0,11488.0,0.0,0
2026-06-26T15:29:30.549,timeseries,3,Weather Report Extended v2,mlx-community/DeepSeek-R1-Distill-Qwen-14B-4bit,145.0,10033.0,0.0,0
2026-06-26T15:29:30.611,timeseries,3,Weather Report Extended v2,mlx-community/DeepSeek-R1-Distill-Qwen-14B-4bit,290.0,9914.0,0.0,0
2026-06-26T15:29:30.674,timeseries,3,Weather Report Extended v2,mlx-community/DeepSeek-R1-Distill-Qwen-14B-4bit,213.0,11590.0,0.0,0
2026-06-26T15:29:30.737,timeseries,3,Weather Report Extended v2,mlx-community/DeepSeek-R1-Distill-Qwen-14B-4bit,161.0,10009.0,0.0,0
2026-06-26T15:29:30.799,timeseries,3,Weather Report Extended v2,mlx-community/DeepSeek-R1-Distill-Qwen-14B-4bit,192.0,11288.0,0.0,0
2026-06-26T15:29:30.862,timeseries,3,Weather Report Extended v2,mlx-community/DeepSeek-R1-Distill-Qwen-14B-4bit,142.0,9770.0,0.0,0
2026-06-26T15:29:30.923,timeseries,3,Weather Report Extended v2,mlx-community/DeepSeek-R1-Distill-Qwen-14B-4bit,114.0,11558.0,0.0,0
2026-06-26T15:29:30.986,timeseries,3,Weather Report Extended v2,mlx-community/DeepSeek-R1-Distill-Qwen-14B-4bit,159.0,9895.0,0.0,0
2026-06-26T15:29:31.047,timeseries,3,Weather Report Extended v2,mlx-community/DeepSeek-R1-Distill-Qwen-14B-4bit,129.0,11502.0,0.0,0
2026-06-26T15:29:31.111,timeseries,3,Weather Report Extended v2,mlx-community/DeepSeek-R1-Distill-Qwen-14B-4bit,256.0,9890.0,0.0,0
2026-06-26T15:29:31.172,timeseries,3,Weather Report Extended v2,mlx-community/DeepSeek-R1-Distill-Qwen-14B-4bit,211.0,11520.0,0.0,0
2026-06-26T15:29:31.235,timeseries,3,Weather Report Extended v2,mlx-community/DeepSeek-R1-Distill-Qwen-14B-4bit,270.0,9814.0,0.0,0
2026-06-26T15:29:31.298,timeseries,3,Weather Report Extended v2,mlx-community/DeepSeek-R1-Distill-Qwen-14B-4bit,195.0,11573.0,0.0,0
2026-06-26T15:29:31.361,timeseries,3,Weather Report Extended v2,mlx-community/DeepSeek-R1-Distill-Qwen-14B-4bit,159.0,9922.0,0.0,0
2026-06-26T15:29:31.423,timeseries,3,Weather Report Extended v2,mlx-community/DeepSeek-R1-Distill-Qwen-14B-4bit,284.0,11154.0,0.0,0
2026-06-26T15:29:31.485,timeseries,3,Weather Report Extended v2,mlx-community/DeepSeek-R1-Distill-Qwen-14B-4bit,207.0,9890.0,0.0,0
2026-06-26T15:29:31.547,timeseries,3,Weather Report Extended v2,mlx-community/DeepSeek-R1-Distill-Qwen-14B-4bit,145.0,11459.0,0.0,0
2026-06-26T15:29:31.611,timeseries,3,Weather Report Extended v2,mlx-community/DeepSeek-R1-Distill-Qwen-14B-4bit,225.0,9959.0,0.0,0
2026-06-26T15:29:31.674,timeseries,3,Weather Report Extended v2,mlx-community/DeepSeek-R1-Distill-Qwen-14B-4bit,226.0,11443.0,0.0,0
2026-06-26T15:29:31.736,timeseries,3,Weather Report Extended v2,mlx-community/DeepSeek-R1-Distill-Qwen-14B-4bit,190.0,9784.0,0.0,0
2026-06-26T15:29:31.798,timeseries,3,Weather Report Extended v2,mlx-community/DeepSeek-R1-Distill-Qwen-14B-4bit,564.0,11084.0,0.0,0
2026-06-26T15:29:31.862,timeseries,3,Weather Report Extended v2,mlx-community/DeepSeek-R1-Distill-Qwen-14B-4bit,277.0,10185.0,0.0,0
2026-06-26T15:29:31.925,timeseries,3,Weather Report Extended v2,mlx-community/DeepSeek-R1-Distill-Qwen-14B-4bit,176.0,11379.0,0.0,0
2026-06-26T15:29:31.987,timeseries,3,Weather Report Extended v2,mlx-community/DeepSeek-R1-Distill-Qwen-14B-4bit,142.0,11207.0,0.0,0
2026-06-26T15:29:32.049,timeseries,3,Weather Report Extended v2,mlx-community/DeepSeek-R1-Distill-Qwen-14B-4bit,158.0,9864.0,0.0,0
2026-06-26T15:29:32.111,timeseries,3,Weather Report Extended v2,mlx-community/DeepSeek-R1-Distill-Qwen-14B-4bit,336.0,9840.0,0.0,0
2026-06-26T15:29:32.174,timeseries,3,Weather Report Extended v2,mlx-community/DeepSeek-R1-Distill-Qwen-14B-4bit,293.0,11505.0,0.0,0
2026-06-26T15:29:32.236,timeseries,3,Weather Report Extended v2,mlx-community/DeepSeek-R1-Distill-Qwen-14B-4bit,176.0,9943.0,0.0,0
2026-06-26T15:29:32.299,timeseries,3,Weather Report Extended v2,mlx-community/DeepSeek-R1-Distill-Qwen-14B-4bit,208.0,11337.0,0.0,0
2026-06-26T15:29:32.361,timeseries,3,Weather Report Extended v2,mlx-community/DeepSeek-R1-Distill-Qwen-14B-4bit,161.0,9953.0,0.0,0
2026-06-26T15:29:32.423,timeseries,3,Weather Report Extended v2,mlx-community/DeepSeek-R1-Distill-Qwen-14B-4bit,364.0,11069.0,0.0,0
2026-06-26T15:29:32.485,timeseries,3,Weather Report Extended v2,mlx-community/DeepSeek-R1-Distill-Qwen-14B-4bit,1939.0,10053.0,0.0,0
2026-06-26T15:29:32.548,timeseries,3,Weather Report Extended v2,mlx-community/DeepSeek-R1-Distill-Qwen-14B-4bit,582.0,11458.0,0.0,0
2026-06-26T15:29:32.610,timeseries,3,Weather Report Extended v2,mlx-community/DeepSeek-R1-Distill-Qwen-14B-4bit,613.0,10005.0,0.0,0
2026-06-26T15:29:32.672,timeseries,3,Weather Report Extended v2,mlx-community/DeepSeek-R1-Distill-Qwen-14B-4bit,284.0,11189.0,0.0,0
2026-06-26T15:29:32.734,timeseries,3,Weather Report Extended v2,mlx-community/DeepSeek-R1-Distill-Qwen-14B-4bit,291.0,10041.0,0.0,0
2026-06-26T15:29:32.796,timeseries,3,Weather Report Extended v2,mlx-community/DeepSeek-R1-Distill-Qwen-14B-4bit,194.0,11454.0,0.0,0
2026-06-26T15:29:32.858,timeseries,3,Weather Report Extended v2,mlx-community/DeepSeek-R1-Distill-Qwen-14B-4bit,210.0,9993.0,0.0,0
2026-06-26T15:29:32.920,timeseries,3,Weather Report Extended v2,mlx-community/DeepSeek-R1-Distill-Qwen-14B-4bit,193.0,11374.0,0.0,0
2026-06-26T15:29:32.982,timeseries,3,Weather Report Extended v2,mlx-community/DeepSeek-R1-Distill-Qwen-14B-4bit,128.0,9972.0,0.0,0
2026-06-26T15:29:33.043,timeseries,3,Weather Report Extended v2,mlx-community/DeepSeek-R1-Distill-Qwen-14B-4bit,129.0,10049.0,0.0,0
2026-06-26T15:29:33.105,timeseries,3,Weather Report Extended v2,mlx-community/DeepSeek-R1-Distill-Qwen-14B-4bit,274.0,11446.0,0.0,0
2026-06-26T15:29:33.167,timeseries,3,Weather Report Extended v2,mlx-community/DeepSeek-R1-Distill-Qwen-14B-4bit,248.0,10268.0,0.0,0
2026-06-26T15:29:33.229,timeseries,3,Weather Report Extended v2,mlx-community/DeepSeek-R1-Distill-Qwen-14B-4bit,113.0,11493.0,0.0,0
2026-06-26T15:29:33.291,timeseries,3,Weather Report Extended v2,mlx-community/DeepSeek-R1-Distill-Qwen-14B-4bit,146.0,10066.0,0.0,0
2026-06-26T15:29:33.352,timeseries,3,Weather Report Extended v2,mlx-community/DeepSeek-R1-Distill-Qwen-14B-4bit,176.0,9962.0,0.0,0
2026-06-26T15:29:33.415,timeseries,3,Weather Report Extended v2,mlx-community/DeepSeek-R1-Distill-Qwen-14B-4bit,518.0,11339.0,0.0,0
2026-06-26T15:29:33.477,timeseries,3,Weather Report Extended v2,mlx-community/DeepSeek-R1-Distill-Qwen-14B-4bit,148.0,10282.0,0.0,0
2026-06-26T15:29:33.539,timeseries,3,Weather Report Extended v2,mlx-community/DeepSeek-R1-Distill-Qwen-14B-4bit,175.0,11331.0,0.0,0
2026-06-26T15:29:33.601,timeseries,3,Weather Report Extended v2,mlx-community/DeepSeek-R1-Distill-Qwen-14B-4bit,225.0,9972.0,0.0,0
2026-06-26T15:29:33.663,timeseries,3,Weather Report Extended v2,mlx-community/DeepSeek-R1-Distill-Qwen-14B-4bit,338.0,11443.0,0.0,0
2026-06-26T15:29:33.726,timeseries,3,Weather Report Extended v2,mlx-community/DeepSeek-R1-Distill-Qwen-14B-4bit,161.0,10023.0,0.0,0
2026-06-26T15:29:33.787,timeseries,3,Weather Report Extended v2,mlx-community/DeepSeek-R1-Distill-Qwen-14B-4bit,129.0,11441.0,0.0,0
2026-06-26T15:29:33.848,timeseries,3,Weather Report Extended v2,mlx-community/DeepSeek-R1-Distill-Qwen-14B-4bit,145.0,10047.0,0.0,0
2026-06-26T15:29:33.910,timeseries,3,Weather Report Extended v2,mlx-community/DeepSeek-R1-Distill-Qwen-14B-4bit,130.0,10058.0,0.0,0
2026-06-26T15:29:33.972,timeseries,3,Weather Report Extended v2,mlx-community/DeepSeek-R1-Distill-Qwen-14B-4bit,147.0,11654.0,0.0,0
2026-06-26T15:29:34.034,timeseries,3,Weather Report Extended v2,mlx-community/DeepSeek-R1-Distill-Qwen-14B-4bit,129.0,10019.0,0.0,0
2026-06-26T15:29:34.095,timeseries,3,Weather Report Extended v2,mlx-community/DeepSeek-R1-Distill-Qwen-14B-4bit,178.0,11460.0,0.0,0
2026-06-26T15:29:34.157,timeseries,3,Weather Report Extended v2,mlx-community/DeepSeek-R1-Distill-Qwen-14B-4bit,305.0,9954.0,0.0,0
2026-06-26T15:29:34.220,timeseries,3,Weather Report Extended v2,mlx-community/DeepSeek-R1-Distill-Qwen-14B-4bit,130.0,10137.0,0.0,0
2026-06-26T15:29:34.282,timeseries,3,Weather Report Extended v2,mlx-community/DeepSeek-R1-Distill-Qwen-14B-4bit,129.0,11466.0,0.0,0
2026-06-26T15:29:34.343,timeseries,3,Weather Report Extended v2,mlx-community/DeepSeek-R1-Distill-Qwen-14B-4bit,160.0,9980.0,0.0,0
2026-06-26T15:29:34.404,timeseries,3,Weather Report Extended v2,mlx-community/DeepSeek-R1-Distill-Qwen-14B-4bit,355.0,11374.0,0.0,0
2026-06-26T15:29:34.467,timeseries,3,Weather Report Extended v2,mlx-community/DeepSeek-R1-Distill-Qwen-14B-4bit,200.0,10421.0,0.0,0
2026-06-26T15:29:34.529,timeseries,3,Weather Report Extended v2,mlx-community/DeepSeek-R1-Distill-Qwen-14B-4bit,144.0,11371.0,0.0,0
2026-06-26T15:29:34.591,timeseries,3,Weather Report Extended v2,mlx-community/DeepSeek-R1-Distill-Qwen-14B-4bit,161.0,10017.0,0.0,0
2026-06-26T15:29:34.654,timeseries,3,Weather Report Extended v2,mlx-community/DeepSeek-R1-Distill-Qwen-14B-4bit,271.0,9872.0,0.0,0
2026-06-26T15:29:34.716,timeseries,3,Weather Report Extended v2,mlx-community/DeepSeek-R1-Distill-Qwen-14B-4bit,146.0,11550.0,0.0,0
2026-06-26T15:29:34.779,timeseries,3,Weather Report Extended v2,mlx-community/DeepSeek-R1-Distill-Qwen-14B-4bit,158.0,9836.0,0.0,0
2026-06-26T15:29:34.840,timeseries,3,Weather Report Extended v2,mlx-community/DeepSeek-R1-Distill-Qwen-14B-4bit,129.0,11468.0,0.0,0
2026-06-26T15:29:34.904,timeseries,3,Weather Report Extended v2,mlx-community/DeepSeek-R1-Distill-Qwen-14B-4bit,144.0,9950.0,0.0,0
2026-06-26T15:29:34.966,timeseries,3,Weather Report Extended v2,mlx-community/DeepSeek-R1-Distill-Qwen-14B-4bit,131.0,11585.0,0.0,0
2026-06-26T15:29:35.030,timeseries,3,Weather Report Extended v2,mlx-community/DeepSeek-R1-Distill-Qwen-14B-4bit,141.0,11103.0,0.0,0
2026-06-26T15:29:35.093,timeseries,3,Weather Report Extended v2,mlx-community/DeepSeek-R1-Distill-Qwen-14B-4bit,160.0,9968.0,0.0,0
2026-06-26T15:29:35.156,timeseries,3,Weather Report Extended v2,mlx-community/DeepSeek-R1-Distill-Qwen-14B-4bit,362.0,11076.0,0.0,0
2026-06-26T15:29:35.217,timeseries,3,Weather Report Extended v2,mlx-community/DeepSeek-R1-Distill-Qwen-14B-4bit,238.0,9799.0,0.0,0
2026-06-26T15:29:35.280,timeseries,3,Weather Report Extended v2,mlx-community/DeepSeek-R1-Distill-Qwen-14B-4bit,207.0,11212.0,0.0,0
2026-06-26T15:29:35.343,timeseries,3,Weather Report Extended v2,mlx-community/DeepSeek-R1-Distill-Qwen-14B-4bit,439.0,10111.0,0.0,0
2026-06-26T15:29:35.405,timeseries,3,Weather Report Extended v2,mlx-community/DeepSeek-R1-Distill-Qwen-14B-4bit,301.0,11196.0,0.0,0
2026-06-26T15:29:35.467,timeseries,3,Weather Report Extended v2,mlx-community/DeepSeek-R1-Distill-Qwen-14B-4bit,289.0,9937.0,0.0,0
2026-06-26T15:29:35.530,timeseries,3,Weather Report Extended v2,mlx-community/DeepSeek-R1-Distill-Qwen-14B-4bit,128.0,11404.0,0.0,0
2026-06-26T15:29:35.592,timeseries,3,Weather Report Extended v2,mlx-community/DeepSeek-R1-Distill-Qwen-14B-4bit,162.0,10081.0,0.0,0
2026-06-26T15:29:35.656,timeseries,3,Weather Report Extended v2,mlx-community/DeepSeek-R1-Distill-Qwen-14B-4bit,268.0,11183.0,0.0,0
2026-06-26T15:29:35.719,timeseries,3,Weather Report Extended v2,mlx-community/DeepSeek-R1-Distill-Qwen-14B-4bit,179.0,10088.0,0.0,0
2026-06-26T15:29:35.781,timeseries,3,Weather Report Extended v2,mlx-community/DeepSeek-R1-Distill-Qwen-14B-4bit,140.0,11062.0,0.0,0
2026-06-26T15:29:35.843,timeseries,3,Weather Report Extended v2,mlx-community/DeepSeek-R1-Distill-Qwen-14B-4bit,128.0,9989.0,0.0,0
2026-06-26T15:29:35.905,timeseries,3,Weather Report Extended v2,mlx-community/DeepSeek-R1-Distill-Qwen-14B-4bit,145.0,11478.0,0.0,0
2026-06-26T15:29:35.966,timeseries,3,Weather Report Extended v2,mlx-community/DeepSeek-R1-Distill-Qwen-14B-4bit,147.0,10109.0,0.0,0
2026-06-26T15:29:36.028,timeseries,3,Weather Report Extended v2,mlx-community/DeepSeek-R1-Distill-Qwen-14B-4bit,112.0,10020.0,0.0,0
2026-06-26T15:29:36.090,timeseries,3,Weather Report Extended v2,mlx-community/DeepSeek-R1-Distill-Qwen-14B-4bit,164.0,11628.0,0.0,0
2026-06-26T15:29:36.152,timeseries,3,Weather Report Extended v2,mlx-community/DeepSeek-R1-Distill-Qwen-14B-4bit,271.0,9903.0,0.0,0
2026-06-26T15:29:36.214,timeseries,3,Weather Report Extended v2,mlx-community/DeepSeek-R1-Distill-Qwen-14B-4bit,162.0,11531.0,0.0,0
2026-06-26T15:29:36.277,timeseries,3,Weather Report Extended v2,mlx-community/DeepSeek-R1-Distill-Qwen-14B-4bit,113.0,10045.0,0.0,0
2026-06-26T15:29:36.339,timeseries,3,Weather Report Extended v2,mlx-community/DeepSeek-R1-Distill-Qwen-14B-4bit,144.0,11391.0,0.0,0
2026-06-26T15:29:36.401,timeseries,3,Weather Report Extended v2,mlx-community/DeepSeek-R1-Distill-Qwen-14B-4bit,256.0,9936.0,0.0,0
2026-06-26T15:29:36.464,timeseries,3,Weather Report Extended v2,mlx-community/DeepSeek-R1-Distill-Qwen-14B-4bit,208.0,11384.0,0.0,0
2026-06-26T15:29:36.526,timeseries,3,Weather Report Extended v2,mlx-community/DeepSeek-R1-Distill-Qwen-14B-4bit,146.0,10067.0,0.0,0
2026-06-26T15:29:36.588,timeseries,3,Weather Report Extended v2,mlx-community/DeepSeek-R1-Distill-Qwen-14B-4bit,176.0,11378.0,0.0,0
2026-06-26T15:29:36.650,timeseries,3,Weather Report Extended v2,mlx-community/DeepSeek-R1-Distill-Qwen-14B-4bit,292.0,10082.0,0.0,0
2026-06-26T15:29:36.713,timeseries,3,Weather Report Extended v2,mlx-community/DeepSeek-R1-Distill-Qwen-14B-4bit,144.0,11412.0,0.0,0
2026-06-26T15:29:36.775,timeseries,3,Weather Report Extended v2,mlx-community/DeepSeek-R1-Distill-Qwen-14B-4bit,113.0,10028.0,0.0,0
2026-06-26T15:29:36.837,timeseries,3,Weather Report Extended v2,mlx-community/DeepSeek-R1-Distill-Qwen-14B-4bit,206.0,11181.0,0.0,0
2026-06-26T15:29:36.899,timeseries,3,Weather Report Extended v2,mlx-community/DeepSeek-R1-Distill-Qwen-14B-4bit,177.0,10008.0,0.0,0
2026-06-26T15:29:36.965,timeseries,3,Weather Report Extended v2,mlx-community/DeepSeek-R1-Distill-Qwen-14B-4bit,145.0,10033.0,0.0,0
2026-06-26T15:29:37.025,timeseries,3,Weather Report Extended v2,mlx-community/DeepSeek-R1-Distill-Qwen-14B-4bit,129.0,11468.0,0.0,0
2026-06-26T15:29:37.088,timeseries,3,Weather Report Extended v2,mlx-community/DeepSeek-R1-Distill-Qwen-14B-4bit,1511.0,10823.0,0.0,0
2026-06-26T15:29:37.149,timeseries,3,Weather Report Extended v2,mlx-community/DeepSeek-R1-Distill-Qwen-14B-4bit,5577.0,10313.0,0.0,0
2026-06-26T15:29:37.210,timeseries,3,Weather Report Extended v2,mlx-community/DeepSeek-R1-Distill-Qwen-14B-4bit,4470.0,9888.0,0.0,0
2026-06-26T15:29:37.271,timeseries,3,Weather Report Extended v2,mlx-community/DeepSeek-R1-Distill-Qwen-14B-4bit,4922.0,11593.0,0.0,0
2026-06-26T15:29:37.332,timeseries,3,Weather Report Extended v2,mlx-community/DeepSeek-R1-Distill-Qwen-14B-4bit,5789.0,10240.0,0.0,0
2026-06-26T15:29:37.393,timeseries,3,Weather Report Extended v2,mlx-community/DeepSeek-R1-Distill-Qwen-14B-4bit,5897.0,10209.0,0.0,0
2026-06-26T15:29:37.455,timeseries,3,Weather Report Extended v2,mlx-community/DeepSeek-R1-Distill-Qwen-14B-4bit,4899.0,11917.0,0.0,0
2026-06-26T15:29:37.516,timeseries,3,Weather Report Extended v2,mlx-community/DeepSeek-R1-Distill-Qwen-14B-4bit,853.0,10235.0,0.0,0
2026-06-26T15:29:37.577,timeseries,3,Weather Report Extended v2,mlx-community/DeepSeek-R1-Distill-Qwen-14B-4bit,3091.0,11307.0,0.0,0
2026-06-26T15:29:37.639,timeseries,3,Weather Report Extended v2,mlx-community/DeepSeek-R1-Distill-Qwen-14B-4bit,1193.0,10181.0,0.0,0
2026-06-26T15:29:37.701,timeseries,3,Weather Report Extended v2,mlx-community/DeepSeek-R1-Distill-Qwen-14B-4bit,344.0,10262.0,0.0,0
2026-06-26T15:29:37.763,timeseries,3,Weather Report Extended v2,mlx-community/DeepSeek-R1-Distill-Qwen-14B-4bit,242.0,11504.0,0.0,0
2026-06-26T15:29:37.824,timeseries,3,Weather Report Extended v2,mlx-community/DeepSeek-R1-Distill-Qwen-14B-4bit,438.0,10147.0,0.0,0
2026-06-26T15:29:37.886,timeseries,3,Weather Report Extended v2,mlx-community/DeepSeek-R1-Distill-Qwen-14B-4bit,402.0,10023.0,0.0,0
2026-06-26T15:29:37.947,timeseries,3,Weather Report Extended v2,mlx-community/DeepSeek-R1-Distill-Qwen-14B-4bit,442.0,11677.0,0.0,0
2026-06-26T15:29:38.011,timeseries,3,Weather Report Extended v2,mlx-community/DeepSeek-R1-Distill-Qwen-14B-4bit,278.0,10191.0,0.0,0
2026-06-26T15:29:38.073,timeseries,3,Weather Report Extended v2,mlx-community/DeepSeek-R1-Distill-Qwen-14B-4bit,483.0,11446.0,0.0,0
2026-06-26T15:29:38.134,timeseries,3,Weather Report Extended v2,mlx-community/DeepSeek-R1-Distill-Qwen-14B-4bit,1010.0,9832.0,0.0,0
2026-06-26T15:29:38.196,timeseries,3,Weather Report Extended v2,mlx-community/DeepSeek-R1-Distill-Qwen-14B-4bit,403.0,11482.0,0.0,0
2026-06-26T15:29:38.257,timeseries,3,Weather Report Extended v2,mlx-community/DeepSeek-R1-Distill-Qwen-14B-4bit,392.0,10180.0,0.0,0
2026-06-26T15:29:38.318,timeseries,3,Weather Report Extended v2,mlx-community/DeepSeek-R1-Distill-Qwen-14B-4bit,357.0,10112.0,0.0,0
2026-06-26T15:29:38.381,timeseries,3,Weather Report Extended v2,mlx-community/DeepSeek-R1-Distill-Qwen-14B-4bit,803.0,11664.0,0.0,0
2026-06-26T15:29:38.442,timeseries,3,Weather Report Extended v2,mlx-community/DeepSeek-R1-Distill-Qwen-14B-4bit,407.0,10199.0,0.0,0
2026-06-26T15:29:38.504,timeseries,3,Weather Report Extended v2,mlx-community/DeepSeek-R1-Distill-Qwen-14B-4bit,418.0,11467.0,0.0,0
2026-06-26T15:29:38.566,timeseries,3,Weather Report Extended v2,mlx-community/DeepSeek-R1-Distill-Qwen-14B-4bit,508.0,10223.0,0.0,0
2026-06-26T15:29:38.627,timeseries,3,Weather Report Extended v2,mlx-community/DeepSeek-R1-Distill-Qwen-14B-4bit,3206.0,9793.0,0.0,0
2026-06-26T15:29:38.688,timeseries,3,Weather Report Extended v2,mlx-community/DeepSeek-R1-Distill-Qwen-14B-4bit,1257.0,11590.0,0.0,0
2026-06-26T15:29:38.750,timeseries,3,Weather Report Extended v2,mlx-community/DeepSeek-R1-Distill-Qwen-14B-4bit,211.0,10142.0,0.0,0
2026-06-26T15:29:38.812,timeseries,3,Weather Report Extended v2,mlx-community/DeepSeek-R1-Distill-Qwen-14B-4bit,199.0,11773.0,0.0,0
2026-06-26T15:29:38.874,timeseries,3,Weather Report Extended v2,mlx-community/DeepSeek-R1-Distill-Qwen-14B-4bit,161.0,10045.0,0.0,0
2026-06-26T15:29:38.936,timeseries,3,Weather Report Extended v2,mlx-community/DeepSeek-R1-Distill-Qwen-14B-4bit,128.0,10019.0,0.0,0
2026-06-26T15:29:38.998,timeseries,3,Weather Report Extended v2,mlx-community/DeepSeek-R1-Distill-Qwen-14B-4bit,390.0,11485.0,0.0,0
2026-06-26T15:29:39.060,timeseries,3,Weather Report Extended v2,mlx-community/DeepSeek-R1-Distill-Qwen-14B-4bit,1071.0,9987.0,0.0,0
2026-06-26T15:29:39.121,timeseries,3,Weather Report Extended v2,mlx-community/DeepSeek-R1-Distill-Qwen-14B-4bit,710.0,11478.0,0.0,0
2026-06-26T15:29:39.181,timeseries,3,Weather Report Extended v2,mlx-community/DeepSeek-R1-Distill-Qwen-14B-4bit,272.0,10033.0,0.0,0
2026-06-26T15:29:39.244,timeseries,3,Weather Report Extended v2,mlx-community/DeepSeek-R1-Distill-Qwen-14B-4bit,181.0,10273.0,0.0,0
2026-06-26T15:29:39.306,timeseries,3,Weather Report Extended v2,mlx-community/DeepSeek-R1-Distill-Qwen-14B-4bit,183.0,11856.0,0.0,0
2026-06-26T15:29:39.369,timeseries,3,Weather Report Extended v2,mlx-community/DeepSeek-R1-Distill-Qwen-14B-4bit,193.0,10007.0,0.0,0
2026-06-26T15:29:39.432,timeseries,3,Weather Report Extended v2,mlx-community/DeepSeek-R1-Distill-Qwen-14B-4bit,271.0,11299.0,0.0,0
2026-06-26T15:29:39.493,timeseries,3,Weather Report Extended v2,mlx-community/DeepSeek-R1-Distill-Qwen-14B-4bit,128.0,10035.0,0.0,0
2026-06-26T15:29:39.555,timeseries,3,Weather Report Extended v2,mlx-community/DeepSeek-R1-Distill-Qwen-14B-4bit,144.0,11368.0,0.0,0
2026-06-26T15:29:39.617,timeseries,3,Weather Report Extended v2,mlx-community/DeepSeek-R1-Distill-Qwen-14B-4bit,386.0,9970.0,0.0,0
2026-06-26T15:29:39.679,timeseries,3,Weather Report Extended v2,mlx-community/DeepSeek-R1-Distill-Qwen-14B-4bit,226.0,11525.0,0.0,0
2026-06-26T15:29:39.740,timeseries,3,Weather Report Extended v2,mlx-community/DeepSeek-R1-Distill-Qwen-14B-4bit,114.0,10150.0,0.0,0
2026-06-26T15:29:39.801,timeseries,3,Weather Report Extended v2,mlx-community/DeepSeek-R1-Distill-Qwen-14B-4bit,146.0,10133.0,0.0,0
2026-06-26T15:29:39.863,timeseries,3,Weather Report Extended v2,mlx-community/DeepSeek-R1-Distill-Qwen-14B-4bit,147.0,11662.0,0.0,0
2026-06-26T15:29:39.926,timeseries,3,Weather Report Extended v2,mlx-community/DeepSeek-R1-Distill-Qwen-14B-4bit,163.0,10182.0,0.0,0
2026-06-26T15:29:39.988,timeseries,3,Weather Report Extended v2,mlx-community/DeepSeek-R1-Distill-Qwen-14B-4bit,128.0,11361.0,0.0,0
2026-06-26T15:29:40.050,timeseries,3,Weather Report Extended v2,mlx-community/DeepSeek-R1-Distill-Qwen-14B-4bit,144.0,10002.0,0.0,0
2026-06-26T15:29:40.112,timeseries,3,Weather Report Extended v2,mlx-community/DeepSeek-R1-Distill-Qwen-14B-4bit,290.0,9990.0,0.0,0
2026-06-26T15:29:40.175,timeseries,3,Weather Report Extended v2,mlx-community/DeepSeek-R1-Distill-Qwen-14B-4bit,243.0,11569.0,0.0,0
2026-06-26T15:29:40.237,timeseries,3,Weather Report Extended v2,mlx-community/DeepSeek-R1-Distill-Qwen-14B-4bit,143.0,11319.0,0.0,0
2026-06-26T15:29:40.301,timeseries,3,Weather Report Extended v2,mlx-community/DeepSeek-R1-Distill-Qwen-14B-4bit,143.0,9925.0,0.0,0
2026-06-26T15:29:40.363,timeseries,3,Weather Report Extended v2,mlx-community/DeepSeek-R1-Distill-Qwen-14B-4bit,145.0,11477.0,0.0,0
2026-06-26T15:29:40.427,timeseries,3,Weather Report Extended v2,mlx-community/DeepSeek-R1-Distill-Qwen-14B-4bit,300.0,9811.0,0.0,0
2026-06-26T15:29:40.489,timeseries,3,Weather Report Extended v2,mlx-community/DeepSeek-R1-Distill-Qwen-14B-4bit,144.0,11440.0,0.0,0
2026-06-26T15:29:40.550,timeseries,3,Weather Report Extended v2,mlx-community/DeepSeek-R1-Distill-Qwen-14B-4bit,141.0,9791.0,0.0,0
2026-06-26T15:29:40.611,timeseries,3,Weather Report Extended v2,mlx-community/DeepSeek-R1-Distill-Qwen-14B-4bit,258.0,11443.0,0.0,0
2026-06-26T15:29:40.674,timeseries,3,Weather Report Extended v2,mlx-community/DeepSeek-R1-Distill-Qwen-14B-4bit,328.0,10204.0,0.0,0
2026-06-26T15:29:40.736,timeseries,3,Weather Report Extended v2,mlx-community/DeepSeek-R1-Distill-Qwen-14B-4bit,165.0,10273.0,0.0,0
2026-06-26T15:29:40.798,timeseries,3,Weather Report Extended v2,mlx-community/DeepSeek-R1-Distill-Qwen-14B-4bit,143.0,11360.0,0.0,0
2026-06-26T15:29:40.860,timeseries,3,Weather Report Extended v2,mlx-community/DeepSeek-R1-Distill-Qwen-14B-4bit,144.0,9994.0,0.0,0
2026-06-26T15:29:40.923,timeseries,3,Weather Report Extended v2,mlx-community/DeepSeek-R1-Distill-Qwen-14B-4bit,145.0,11457.0,0.0,0
2026-06-26T15:29:40.984,timeseries,3,Weather Report Extended v2,mlx-community/DeepSeek-R1-Distill-Qwen-14B-4bit,130.0,10131.0,0.0,0
2026-06-26T15:29:41.047,timeseries,3,Weather Report Extended v2,mlx-community/DeepSeek-R1-Distill-Qwen-14B-4bit,143.0,11341.0,0.0,0
2026-06-26T15:29:41.108,timeseries,3,Weather Report Extended v2,mlx-community/DeepSeek-R1-Distill-Qwen-14B-4bit,227.0,10067.0,0.0,0
2026-06-26T15:29:41.171,timeseries,3,Weather Report Extended v2,mlx-community/DeepSeek-R1-Distill-Qwen-14B-4bit,270.0,11305.0,0.0,0
2026-06-26T15:29:41.233,timeseries,3,Weather Report Extended v2,mlx-community/DeepSeek-R1-Distill-Qwen-14B-4bit,149.0,10266.0,0.0,0
2026-06-26T15:29:41.296,timeseries,3,Weather Report Extended v2,mlx-community/DeepSeek-R1-Distill-Qwen-14B-4bit,111.0,11358.0,0.0,0
2026-06-26T15:29:41.358,timeseries,3,Weather Report Extended v2,mlx-community/DeepSeek-R1-Distill-Qwen-14B-4bit,145.0,10029.0,0.0,0
2026-06-26T15:29:41.420,timeseries,3,Weather Report Extended v2,mlx-community/DeepSeek-R1-Distill-Qwen-14B-4bit,303.0,9892.0,0.0,0
2026-06-26T15:29:41.482,timeseries,3,Weather Report Extended v2,mlx-community/DeepSeek-R1-Distill-Qwen-14B-4bit,195.0,11606.0,0.0,0
2026-06-26T15:29:41.544,timeseries,3,Weather Report Extended v2,mlx-community/DeepSeek-R1-Distill-Qwen-14B-4bit,112.0,9979.0,0.0,0
2026-06-26T15:29:41.606,timeseries,3,Weather Report Extended v2,mlx-community/DeepSeek-R1-Distill-Qwen-14B-4bit,193.0,11432.0,0.0,0
2026-06-26T15:29:41.670,timeseries,3,Weather Report Extended v2,mlx-community/DeepSeek-R1-Distill-Qwen-14B-4bit,289.0,10011.0,0.0,0
2026-06-26T15:29:41.731,timeseries,3,Weather Report Extended v2,mlx-community/DeepSeek-R1-Distill-Qwen-14B-4bit,194.0,11477.0,0.0,0
2026-06-26T15:29:41.792,timeseries,3,Weather Report Extended v2,mlx-community/DeepSeek-R1-Distill-Qwen-14B-4bit,268.0,9797.0,0.0,0
2026-06-26T15:29:41.854,timeseries,3,Weather Report Extended v2,mlx-community/DeepSeek-R1-Distill-Qwen-14B-4bit,491.0,11626.0,0.0,0
2026-06-26T15:29:41.916,timeseries,3,Weather Report Extended v2,mlx-community/DeepSeek-R1-Distill-Qwen-14B-4bit,197.0,10224.0,0.0,0
2026-06-26T15:29:41.979,timeseries,3,Weather Report Extended v2,mlx-community/DeepSeek-R1-Distill-Qwen-14B-4bit,162.0,11504.0,0.0,0
2026-06-26T15:29:42.041,timeseries,3,Weather Report Extended v2,mlx-community/DeepSeek-R1-Distill-Qwen-14B-4bit,112.0,9990.0,0.0,0
2026-06-26T15:29:42.103,timeseries,3,Weather Report Extended v2,mlx-community/DeepSeek-R1-Distill-Qwen-14B-4bit,209.0,9997.0,0.0,0
2026-06-26T15:29:42.165,timeseries,3,Weather Report Extended v2,mlx-community/DeepSeek-R1-Distill-Qwen-14B-4bit,306.0,11440.0,0.0,0
2026-06-26T15:29:42.227,timeseries,3,Weather Report Extended v2,mlx-community/DeepSeek-R1-Distill-Qwen-14B-4bit,178.0,10026.0,0.0,0
2026-06-26T15:29:42.290,timeseries,3,Weather Report Extended v2,mlx-community/DeepSeek-R1-Distill-Qwen-14B-4bit,144.0,11413.0,0.0,0
2026-06-26T15:29:42.351,timeseries,3,Weather Report Extended v2,mlx-community/DeepSeek-R1-Distill-Qwen-14B-4bit,129.0,10064.0,0.0,0
2026-06-26T15:29:42.413,timeseries,3,Weather Report Extended v2,mlx-community/DeepSeek-R1-Distill-Qwen-14B-4bit,304.0,11349.0,0.0,0
2026-06-26T15:29:42.473,timeseries,3,Weather Report Extended v2,mlx-community/DeepSeek-R1-Distill-Qwen-14B-4bit,164.0,10259.0,0.0,0
2026-06-26T15:29:42.536,timeseries,3,Weather Report Extended v2,mlx-community/DeepSeek-R1-Distill-Qwen-14B-4bit,131.0,10204.0,0.0,0
2026-06-26T15:29:42.599,timeseries,3,Weather Report Extended v2,mlx-community/DeepSeek-R1-Distill-Qwen-14B-4bit,163.0,11607.0,0.0,0
2026-06-26T15:29:42.660,timeseries,3,Weather Report Extended v2,mlx-community/DeepSeek-R1-Distill-Qwen-14B-4bit,1557.0,9738.0,0.0,0
2026-06-26T15:29:42.722,timeseries,3,Weather Report Extended v2,mlx-community/DeepSeek-R1-Distill-Qwen-14B-4bit,1237.0,11403.0,0.0,0
2026-06-26T15:29:42.783,timeseries,3,Weather Report Extended v2,mlx-community/DeepSeek-R1-Distill-Qwen-14B-4bit,519.0,10130.0,0.0,0
2026-06-26T15:29:42.845,timeseries,3,Weather Report Extended v2,mlx-community/DeepSeek-R1-Distill-Qwen-14B-4bit,292.0,11602.0,0.0,0
2026-06-26T15:29:42.907,timeseries,3,Weather Report Extended v2,mlx-community/DeepSeek-R1-Distill-Qwen-14B-4bit,277.0,10179.0,0.0,0
2026-06-26T15:29:42.969,timeseries,3,Weather Report Extended v2,mlx-community/DeepSeek-R1-Distill-Qwen-14B-4bit,385.0,10004.0,0.0,0
2026-06-26T15:29:43.031,timeseries,3,Weather Report Extended v2,mlx-community/DeepSeek-R1-Distill-Qwen-14B-4bit,358.0,11603.0,0.0,0
2026-06-26T15:29:43.093,timeseries,3,Weather Report Extended v2,mlx-community/DeepSeek-R1-Distill-Qwen-14B-4bit,948.0,9997.0,0.0,0
2026-06-26T15:29:43.154,timeseries,3,Weather Report Extended v2,mlx-community/DeepSeek-R1-Distill-Qwen-14B-4bit,452.0,11551.0,0.0,0
2026-06-26T15:29:43.216,timeseries,3,Weather Report Extended v2,mlx-community/DeepSeek-R1-Distill-Qwen-14B-4bit,395.0,10245.0,0.0,0
2026-06-26T15:29:43.276,timeseries,3,Weather Report Extended v2,mlx-community/DeepSeek-R1-Distill-Qwen-14B-4bit,356.0,10116.0,0.0,0
2026-06-26T15:29:43.338,timeseries,3,Weather Report Extended v2,mlx-community/DeepSeek-R1-Distill-Qwen-14B-4bit,404.0,11564.0,0.0,0
2026-06-26T15:29:43.400,timeseries,3,Weather Report Extended v2,mlx-community/DeepSeek-R1-Distill-Qwen-14B-4bit,804.0,10244.0,0.0,0
2026-06-26T15:29:43.462,timeseries,3,Weather Report Extended v2,mlx-community/DeepSeek-R1-Distill-Qwen-14B-4bit,421.0,11566.0,0.0,0
2026-06-26T15:29:43.524,timeseries,3,Weather Report Extended v2,mlx-community/DeepSeek-R1-Distill-Qwen-14B-4bit,340.0,10136.0,0.0,0
2026-06-26T15:29:43.586,timeseries,3,Weather Report Extended v2,mlx-community/DeepSeek-R1-Distill-Qwen-14B-4bit,484.0,10079.0,0.0,0
2026-06-26T15:29:43.648,timeseries,3,Weather Report Extended v2,mlx-community/DeepSeek-R1-Distill-Qwen-14B-4bit,892.0,11576.0,0.0,0
2026-06-26T15:29:43.710,timeseries,3,Weather Report Extended v2,mlx-community/DeepSeek-R1-Distill-Qwen-14B-4bit,385.0,9985.0,0.0,0
2026-06-26T15:29:43.772,timeseries,3,Weather Report Extended v2,mlx-community/DeepSeek-R1-Distill-Qwen-14B-4bit,308.0,11556.0,0.0,0
2026-06-26T15:29:43.834,timeseries,3,Weather Report Extended v2,mlx-community/DeepSeek-R1-Distill-Qwen-14B-4bit,597.0,10089.0,0.0,0
2026-06-26T15:29:43.895,timeseries,3,Weather Report Extended v2,mlx-community/DeepSeek-R1-Distill-Qwen-14B-4bit,403.0,11550.0,0.0,0
2026-06-26T15:29:43.957,timeseries,3,Weather Report Extended v2,mlx-community/DeepSeek-R1-Distill-Qwen-14B-4bit,388.0,10088.0,0.0,0
2026-06-26T15:29:44.018,timeseries,3,Weather Report Extended v2,mlx-community/DeepSeek-R1-Distill-Qwen-14B-4bit,277.0,10198.0,0.0,0
2026-06-26T15:29:44.079,timeseries,3,Weather Report Extended v2,mlx-community/DeepSeek-R1-Distill-Qwen-14B-4bit,475.0,11700.0,0.0,0
2026-06-26T15:29:44.141,timeseries,3,Weather Report Extended v2,mlx-community/DeepSeek-R1-Distill-Qwen-14B-4bit,978.0,10187.0,0.0,0
2026-06-26T15:29:44.202,timeseries,3,Weather Report Extended v2,mlx-community/DeepSeek-R1-Distill-Qwen-14B-4bit,419.0,10046.0,0.0,0
2026-06-26T15:29:44.270,timeseries,3,Weather Report Extended v2,mlx-community/DeepSeek-R1-Distill-Qwen-14B-4bit,293.0,11638.0,0.0,0
2026-06-26T15:29:44.331,timeseries,3,Weather Report Extended v2,mlx-community/DeepSeek-R1-Distill-Qwen-14B-4bit,471.0,11538.0,0.0,0
2026-06-26T15:29:44.393,timeseries,3,Weather Report Extended v2,mlx-community/DeepSeek-R1-Distill-Qwen-14B-4bit,905.0,9233.0,0.0,0
2026-06-26T15:29:44.454,timeseries,3,Weather Report Extended v2,mlx-community/DeepSeek-R1-Distill-Qwen-14B-4bit,424.0,11688.0,0.0,0
2026-06-26T15:29:44.515,timeseries,3,Weather Report Extended v2,mlx-community/DeepSeek-R1-Distill-Qwen-14B-4bit,278.0,10224.0,0.0,0
2026-06-26T15:29:44.577,timeseries,3,Weather Report Extended v2,mlx-community/DeepSeek-R1-Distill-Qwen-14B-4bit,472.0,10167.0,0.0,0
2026-06-26T15:29:44.639,timeseries,3,Weather Report Extended v2,mlx-community/DeepSeek-R1-Distill-Qwen-14B-4bit,943.0,11613.0,0.0,0
2026-06-26T15:29:44.701,timeseries,3,Weather Report Extended v2,mlx-community/DeepSeek-R1-Distill-Qwen-14B-4bit,419.0,10066.0,0.0,0
2026-06-26T15:29:44.762,timeseries,3,Weather Report Extended v2,mlx-community/DeepSeek-R1-Distill-Qwen-14B-4bit,274.0,11534.0,0.0,0
2026-06-26T15:29:44.824,timeseries,3,Weather Report Extended v2,mlx-community/DeepSeek-R1-Distill-Qwen-14B-4bit,577.0,10327.0,0.0,0
2026-06-26T15:29:44.885,timeseries,3,Weather Report Extended v2,mlx-community/DeepSeek-R1-Distill-Qwen-14B-4bit,452.0,10082.0,0.0,0
2026-06-26T15:29:44.947,timeseries,3,Weather Report Extended v2,mlx-community/DeepSeek-R1-Distill-Qwen-14B-4bit,405.0,11546.0,0.0,0
2026-06-26T15:29:45.009,timeseries,3,Weather Report Extended v2,mlx-community/DeepSeek-R1-Distill-Qwen-14B-4bit,275.0,10105.0,0.0,0
2026-06-26T15:29:45.071,timeseries,3,Weather Report Extended v2,mlx-community/DeepSeek-R1-Distill-Qwen-14B-4bit,387.0,11515.0,0.0,0
2026-06-26T15:29:45.132,timeseries,3,Weather Report Extended v2,mlx-community/DeepSeek-R1-Distill-Qwen-14B-4bit,1061.0,10187.0,0.0,0
2026-06-26T15:29:45.194,timeseries,3,Weather Report Extended v2,mlx-community/DeepSeek-R1-Distill-Qwen-14B-4bit,388.0,10095.0,0.0,0
2026-06-26T15:29:45.256,timeseries,3,Weather Report Extended v2,mlx-community/DeepSeek-R1-Distill-Qwen-14B-4bit,291.0,11569.0,0.0,0
2026-06-26T15:29:45.318,timeseries,3,Weather Report Extended v2,mlx-community/DeepSeek-R1-Distill-Qwen-14B-4bit,389.0,10150.0,0.0,0
2026-06-26T15:29:45.380,timeseries,3,Weather Report Extended v2,mlx-community/DeepSeek-R1-Distill-Qwen-14B-4bit,874.0,11519.0,0.0,0
2026-06-26T15:29:45.442,timeseries,3,Weather Report Extended v2,mlx-community/DeepSeek-R1-Distill-Qwen-14B-4bit,422.0,10186.0,0.0,0
2026-06-26T15:29:45.504,timeseries,3,Weather Report Extended v2,mlx-community/DeepSeek-R1-Distill-Qwen-14B-4bit,287.0,11449.0,0.0,0
2026-06-26T15:29:45.566,timeseries,3,Weather Report Extended v2,mlx-community/DeepSeek-R1-Distill-Qwen-14B-4bit,391.0,10183.0,0.0,0
2026-06-26T15:29:45.628,timeseries,3,Weather Report Extended v2,mlx-community/DeepSeek-R1-Distill-Qwen-14B-4bit,1044.0,10034.0,0.0,0
2026-06-26T15:29:45.690,timeseries,3,Weather Report Extended v2,mlx-community/DeepSeek-R1-Distill-Qwen-14B-4bit,402.0,11517.0,0.0,0
2026-06-26T15:29:45.751,timeseries,3,Weather Report Extended v2,mlx-community/DeepSeek-R1-Distill-Qwen-14B-4bit,291.0,10113.0,0.0,0
2026-06-26T15:29:45.813,timeseries,3,Weather Report Extended v2,mlx-community/DeepSeek-R1-Distill-Qwen-14B-4bit,387.0,11524.0,0.0,0
2026-06-26T15:29:45.874,timeseries,3,Weather Report Extended v2,mlx-community/DeepSeek-R1-Distill-Qwen-14B-4bit,623.0,10261.0,0.0,0
2026-06-26T15:29:45.936,timeseries,3,Weather Report Extended v2,mlx-community/DeepSeek-R1-Distill-Qwen-14B-4bit,404.0,10077.0,0.0,0
2026-06-26T15:29:45.998,timeseries,3,Weather Report Extended v2,mlx-community/DeepSeek-R1-Distill-Qwen-14B-4bit,276.0,11602.0,0.0,0
2026-06-26T15:29:46.060,timeseries,3,Weather Report Extended v2,mlx-community/DeepSeek-R1-Distill-Qwen-14B-4bit,370.0,10085.0,0.0,0
2026-06-26T15:29:46.121,timeseries,3,Weather Report Extended v2,mlx-community/DeepSeek-R1-Distill-Qwen-14B-4bit,956.0,11559.0,0.0,0
2026-06-26T15:29:46.183,timeseries,3,Weather Report Extended v2,mlx-community/DeepSeek-R1-Distill-Qwen-14B-4bit,487.0,10159.0,0.0,0
2026-06-26T15:29:46.245,timeseries,3,Weather Report Extended v2,mlx-community/DeepSeek-R1-Distill-Qwen-14B-4bit,277.0,10192.0,0.0,0
2026-06-26T15:29:46.308,timeseries,3,Weather Report Extended v2,mlx-community/DeepSeek-R1-Distill-Qwen-14B-4bit,388.0,11574.0,0.0,0
2026-06-26T15:29:46.370,timeseries,3,Weather Report Extended v2,mlx-community/DeepSeek-R1-Distill-Qwen-14B-4bit,802.0,10028.0,0.0,0
2026-06-26T15:29:46.432,timeseries,3,Weather Report Extended v2,mlx-community/DeepSeek-R1-Distill-Qwen-14B-4bit,510.0,11403.0,0.0,0
2026-06-26T15:29:46.494,timeseries,3,Weather Report Extended v2,mlx-community/DeepSeek-R1-Distill-Qwen-14B-4bit,307.0,10087.0,0.0,0
2026-06-26T15:29:46.555,timeseries,3,Weather Report Extended v2,mlx-community/DeepSeek-R1-Distill-Qwen-14B-4bit,370.0,11504.0,0.0,0
2026-06-26T15:29:46.617,timeseries,3,Weather Report Extended v2,mlx-community/DeepSeek-R1-Distill-Qwen-14B-4bit,942.0,10148.0,0.0,0
2026-06-26T15:29:46.678,timeseries,3,Weather Report Extended v2,mlx-community/DeepSeek-R1-Distill-Qwen-14B-4bit,502.0,11575.0,0.0,0
2026-06-26T15:29:46.741,timeseries,3,Weather Report Extended v2,mlx-community/DeepSeek-R1-Distill-Qwen-14B-4bit,277.0,10165.0,0.0,0
2026-06-26T15:29:46.806,timeseries,3,Weather Report Extended v2,mlx-community/DeepSeek-R1-Distill-Qwen-14B-4bit,376.0,10208.0,0.0,0
2026-06-26T15:29:46.867,timeseries,3,Weather Report Extended v2,mlx-community/DeepSeek-R1-Distill-Qwen-14B-4bit,895.0,11168.0,0.0,0
2026-06-26T15:29:46.929,timeseries,3,Weather Report Extended v2,mlx-community/DeepSeek-R1-Distill-Qwen-14B-4bit,707.0,10914.0,0.0,0
2026-06-26T15:29:46.991,timeseries,3,Weather Report Extended v2,mlx-community/DeepSeek-R1-Distill-Qwen-14B-4bit,277.0,10158.0,0.0,0
2026-06-26T15:29:47.053,timeseries,3,Weather Report Extended v2,mlx-community/DeepSeek-R1-Distill-Qwen-14B-4bit,387.0,10112.0,0.0,0
2026-06-26T15:29:47.115,timeseries,3,Weather Report Extended v2,mlx-community/DeepSeek-R1-Distill-Qwen-14B-4bit,1006.0,11547.0,0.0,0
2026-06-26T15:29:47.176,timeseries,3,Weather Report Extended v2,mlx-community/DeepSeek-R1-Distill-Qwen-14B-4bit,498.0,10033.0,0.0,0
2026-06-26T15:29:47.238,timeseries,3,Weather Report Extended v2,mlx-community/DeepSeek-R1-Distill-Qwen-14B-4bit,273.0,11487.0,0.0,0
2026-06-26T15:29:47.300,timeseries,3,Weather Report Extended v2,mlx-community/DeepSeek-R1-Distill-Qwen-14B-4bit,393.0,10259.0,0.0,0
2026-06-26T15:29:47.363,timeseries,3,Weather Report Extended v2,mlx-community/DeepSeek-R1-Distill-Qwen-14B-4bit,404.0,11559.0,0.0,0
2026-06-26T15:29:47.425,timeseries,3,Weather Report Extended v2,mlx-community/DeepSeek-R1-Distill-Qwen-14B-4bit,886.0,10068.0,0.0,0
2026-06-26T15:29:47.487,timeseries,3,Weather Report Extended v2,mlx-community/DeepSeek-R1-Distill-Qwen-14B-4bit,287.0,11408.0,0.0,0
2026-06-26T15:29:47.550,timeseries,3,Weather Report Extended v2,mlx-community/DeepSeek-R1-Distill-Qwen-14B-4bit,385.0,10046.0,0.0,0
2026-06-26T15:29:47.612,timeseries,3,Weather Report Extended v2,mlx-community/DeepSeek-R1-Distill-Qwen-14B-4bit,923.0,10101.0,0.0,0
2026-06-26T15:29:47.673,timeseries,3,Weather Report Extended v2,mlx-community/DeepSeek-R1-Distill-Qwen-14B-4bit,416.0,11454.0,0.0,0
2026-06-26T15:29:47.735,timeseries,3,Weather Report Extended v2,mlx-community/DeepSeek-R1-Distill-Qwen-14B-4bit,371.0,10069.0,0.0,0
2026-06-26T15:29:47.796,timeseries,3,Weather Report Extended v2,mlx-community/DeepSeek-R1-Distill-Qwen-14B-4bit,1846.0,11448.0,0.0,0
2026-06-26T15:29:47.856,timeseries,3,Weather Report Extended v2,mlx-community/DeepSeek-R1-Distill-Qwen-14B-4bit,1819.0,10318.0,0.0,0
2026-06-26T15:29:47.917,timeseries,3,Weather Report Extended v2,mlx-community/DeepSeek-R1-Distill-Qwen-14B-4bit,296.0,10252.0,0.0,0
2026-06-26T15:29:47.980,timeseries,3,Weather Report Extended v2,mlx-community/DeepSeek-R1-Distill-Qwen-14B-4bit,243.0,11580.0,0.0,0
2026-06-26T15:29:48.041,timeseries,3,Weather Report Extended v2,mlx-community/DeepSeek-R1-Distill-Qwen-14B-4bit,164.0,10263.0,0.0,0
2026-06-26T15:29:48.102,timeseries,3,Weather Report Extended v2,mlx-community/DeepSeek-R1-Distill-Qwen-14B-4bit,225.0,10023.0,0.0,0
2026-06-26T15:29:48.163,timeseries,3,Weather Report Extended v2,mlx-community/DeepSeek-R1-Distill-Qwen-14B-4bit,344.0,11664.0,0.0,0
2026-06-26T15:29:48.225,timeseries,3,Weather Report Extended v2,mlx-community/DeepSeek-R1-Distill-Qwen-14B-4bit,276.0,10093.0,0.0,0
2026-06-26T15:29:48.288,timeseries,3,Weather Report Extended v2,mlx-community/DeepSeek-R1-Distill-Qwen-14B-4bit,196.0,11675.0,0.0,0
2026-06-26T15:29:48.349,timeseries,3,Weather Report Extended v2,mlx-community/DeepSeek-R1-Distill-Qwen-14B-4bit,129.0,10095.0,0.0,0
2026-06-26T15:29:48.411,timeseries,3,Weather Report Extended v2,mlx-community/DeepSeek-R1-Distill-Qwen-14B-4bit,273.0,9967.0,0.0,0
2026-06-26T15:29:48.473,timeseries,3,Weather Report Extended v2,mlx-community/DeepSeek-R1-Distill-Qwen-14B-4bit,164.0,11740.0,0.0,0
2026-06-26T15:29:48.535,timeseries,3,Weather Report Extended v2,mlx-community/DeepSeek-R1-Distill-Qwen-14B-4bit,146.0,10108.0,0.0,0
2026-06-26T15:29:48.598,timeseries,3,Weather Report Extended v2,mlx-community/DeepSeek-R1-Distill-Qwen-14B-4bit,193.0,11506.0,0.0,0
2026-06-26T15:29:48.660,timeseries,3,Weather Report Extended v2,mlx-community/DeepSeek-R1-Distill-Qwen-14B-4bit,273.0,10002.0,0.0,0
2026-06-26T15:29:48.721,timeseries,3,Weather Report Extended v2,mlx-community/DeepSeek-R1-Distill-Qwen-14B-4bit,144.0,11476.0,0.0,0
2026-06-26T15:29:48.783,timeseries,3,Weather Report Extended v2,mlx-community/DeepSeek-R1-Distill-Qwen-14B-4bit,147.0,10240.0,0.0,0
2026-06-26T15:29:48.846,timeseries,3,Weather Report Extended v2,mlx-community/DeepSeek-R1-Distill-Qwen-14B-4bit,129.0,10084.0,0.0,0
2026-06-26T15:29:48.907,timeseries,3,Weather Report Extended v2,mlx-community/DeepSeek-R1-Distill-Qwen-14B-4bit,145.0,11481.0,0.0,0
2026-06-26T15:29:48.971,timeseries,3,Weather Report Extended v2,mlx-community/DeepSeek-R1-Distill-Qwen-14B-4bit,111.0,9969.0,0.0,0
2026-06-26T15:29:49.032,timeseries,3,Weather Report Extended v2,mlx-community/DeepSeek-R1-Distill-Qwen-14B-4bit,195.0,11563.0,0.0,0
2026-06-26T15:29:49.094,timeseries,3,Weather Report Extended v2,mlx-community/DeepSeek-R1-Distill-Qwen-14B-4bit,1588.0,9670.0,0.0,0
2026-06-26T15:29:49.155,timeseries,3,Weather Report Extended v2,mlx-community/DeepSeek-R1-Distill-Qwen-14B-4bit,358.0,11604.0,0.0,0
2026-06-26T15:29:49.217,timeseries,3,Weather Report Extended v2,mlx-community/DeepSeek-R1-Distill-Qwen-14B-4bit,210.0,10123.0,0.0,0
2026-06-26T15:29:49.283,timeseries,3,Weather Report Extended v2,mlx-community/DeepSeek-R1-Distill-Qwen-14B-4bit,232.0,11812.0,0.0,0
2026-06-26T15:29:49.344,timeseries,3,Weather Report Extended v2,mlx-community/DeepSeek-R1-Distill-Qwen-14B-4bit,307.0,10014.0,0.0,0
2026-06-26T15:29:49.407,timeseries,3,Weather Report Extended v2,mlx-community/DeepSeek-R1-Distill-Qwen-14B-4bit,621.0,10533.0,0.0,0
2026-06-26T15:29:49.469,timeseries,3,Weather Report Extended v2,mlx-community/DeepSeek-R1-Distill-Qwen-14B-4bit,194.0,10178.0,0.0,0
2026-06-26T15:29:49.530,timeseries,3,Weather Report Extended v2,mlx-community/DeepSeek-R1-Distill-Qwen-14B-4bit,160.0,11434.0,0.0,0
2026-06-26T15:29:49.592,timeseries,3,Weather Report Extended v2,mlx-community/DeepSeek-R1-Distill-Qwen-14B-4bit,163.0,10163.0,0.0,0
2026-06-26T15:29:49.654,timeseries,3,Weather Report Extended v2,mlx-community/DeepSeek-R1-Distill-Qwen-14B-4bit,310.0,11621.0,0.0,0
2026-06-26T15:29:49.716,timeseries,3,Weather Report Extended v2,mlx-community/DeepSeek-R1-Distill-Qwen-14B-4bit,144.0,10057.0,0.0,0
2026-06-26T15:29:49.778,timeseries,3,Weather Report Extended v2,mlx-community/DeepSeek-R1-Distill-Qwen-14B-4bit,160.0,9982.0,0.0,0
2026-06-26T15:29:49.841,timeseries,3,Weather Report Extended v2,mlx-community/DeepSeek-R1-Distill-Qwen-14B-4bit,130.0,11593.0,0.0,0
2026-06-26T15:29:49.903,timeseries,3,Weather Report Extended v2,mlx-community/DeepSeek-R1-Distill-Qwen-14B-4bit,145.0,10040.0,0.0,0
2026-06-26T15:29:49.965,timeseries,3,Weather Report Extended v2,mlx-community/DeepSeek-R1-Distill-Qwen-14B-4bit,128.0,11432.0,0.0,0
2026-06-26T15:29:50.027,timeseries,3,Weather Report Extended v2,mlx-community/DeepSeek-R1-Distill-Qwen-14B-4bit,129.0,10109.0,0.0,0
2026-06-26T15:29:50.090,timeseries,3,Weather Report Extended v2,mlx-community/DeepSeek-R1-Distill-Qwen-14B-4bit,225.0,11453.0,0.0,0
2026-06-26T15:29:50.151,timeseries,3,Weather Report Extended v2,mlx-community/DeepSeek-R1-Distill-Qwen-14B-4bit,289.0,9991.0,0.0,0
2026-06-26T15:29:50.213,timeseries,3,Weather Report Extended v2,mlx-community/DeepSeek-R1-Distill-Qwen-14B-4bit,128.0,11507.0,0.0,0
2026-06-26T15:29:50.274,timeseries,3,Weather Report Extended v2,mlx-community/DeepSeek-R1-Distill-Qwen-14B-4bit,130.0,10209.0,0.0,0
2026-06-26T15:29:50.336,timeseries,3,Weather Report Extended v2,mlx-community/DeepSeek-R1-Distill-Qwen-14B-4bit,147.0,10206.0,0.0,0
2026-06-26T15:29:50.398,timeseries,3,Weather Report Extended v2,mlx-community/DeepSeek-R1-Distill-Qwen-14B-4bit,244.0,11560.0,0.0,0
2026-06-26T15:29:50.461,timeseries,3,Weather Report Extended v2,mlx-community/DeepSeek-R1-Distill-Qwen-14B-4bit,193.0,10068.0,0.0,0
2026-06-26T15:29:50.523,timeseries,3,Weather Report Extended v2,mlx-community/DeepSeek-R1-Distill-Qwen-14B-4bit,145.0,11501.0,0.0,0
2026-06-26T15:29:50.585,timeseries,3,Weather Report Extended v2,mlx-community/DeepSeek-R1-Distill-Qwen-14B-4bit,144.0,10011.0,0.0,0
2026-06-26T15:29:50.648,timeseries,3,Weather Report Extended v2,mlx-community/DeepSeek-R1-Distill-Qwen-14B-4bit,304.0,11353.0,0.0,0
2026-06-26T15:29:50.710,timeseries,3,Weather Report Extended v2,mlx-community/DeepSeek-R1-Distill-Qwen-14B-4bit,145.0,10136.0,0.0,0
2026-06-26T15:29:50.772,timeseries,3,Weather Report Extended v2,mlx-community/DeepSeek-R1-Distill-Qwen-14B-4bit,128.0,11446.0,0.0,0
2026-06-26T15:29:50.836,timeseries,3,Weather Report Extended v2,mlx-community/DeepSeek-R1-Distill-Qwen-14B-4bit,162.0,10129.0,0.0,0
2026-06-26T15:29:50.898,timeseries,3,Weather Report Extended v2,mlx-community/DeepSeek-R1-Distill-Qwen-14B-4bit,127.0,11360.0,0.0,0
2026-06-26T15:29:50.960,timeseries,3,Weather Report Extended v2,mlx-community/DeepSeek-R1-Distill-Qwen-14B-4bit,111.0,9944.0,0.0,0
2026-06-26T15:29:51.023,timeseries,3,Weather Report Extended v2,mlx-community/DeepSeek-R1-Distill-Qwen-14B-4bit,144.0,11432.0,0.0,0
2026-06-26T15:29:51.084,timeseries,3,Weather Report Extended v2,mlx-community/DeepSeek-R1-Distill-Qwen-14B-4bit,145.0,10119.0,0.0,0
2026-06-26T15:29:51.147,timeseries,3,Weather Report Extended v2,mlx-community/DeepSeek-R1-Distill-Qwen-14B-4bit,350.0,11279.0,0.0,0
2026-06-26T15:29:51.209,timeseries,3,Weather Report Extended v2,mlx-community/DeepSeek-R1-Distill-Qwen-14B-4bit,130.0,10216.0,0.0,0
2026-06-26T15:29:51.271,timeseries,3,Weather Report Extended v2,mlx-community/DeepSeek-R1-Distill-Qwen-14B-4bit,144.0,11412.0,0.0,0
2026-06-26T15:29:51.332,timeseries,3,Weather Report Extended v2,mlx-community/DeepSeek-R1-Distill-Qwen-14B-4bit,130.0,10202.0,0.0,0
2026-06-26T15:29:51.395,timeseries,3,Weather Report Extended v2,mlx-community/DeepSeek-R1-Distill-Qwen-14B-4bit,286.0,9881.0,0.0,0
2026-06-26T15:29:51.457,timeseries,3,Weather Report Extended v2,mlx-community/DeepSeek-R1-Distill-Qwen-14B-4bit,164.0,11787.0,0.0,0
2026-06-26T15:29:51.520,timeseries,3,Weather Report Extended v2,mlx-community/DeepSeek-R1-Distill-Qwen-14B-4bit,127.0,9972.0,0.0,0
2026-06-26T15:29:51.582,timeseries,3,Weather Report Extended v2,mlx-community/DeepSeek-R1-Distill-Qwen-14B-4bit,145.0,11502.0,0.0,0
2026-06-26T15:29:51.645,timeseries,3,Weather Report Extended v2,mlx-community/DeepSeek-R1-Distill-Qwen-14B-4bit,302.0,9854.0,0.0,0
2026-06-26T15:29:51.707,timeseries,3,Weather Report Extended v2,mlx-community/DeepSeek-R1-Distill-Qwen-14B-4bit,160.0,11489.0,0.0,0
2026-06-26T15:29:51.768,timeseries,3,Weather Report Extended v2,mlx-community/DeepSeek-R1-Distill-Qwen-14B-4bit,127.0,9957.0,0.0,0
2026-06-26T15:29:51.829,timeseries,3,Weather Report Extended v2,mlx-community/DeepSeek-R1-Distill-Qwen-14B-4bit,291.0,11512.0,0.0,0
2026-06-26T15:29:51.890,timeseries,3,Weather Report Extended v2,mlx-community/DeepSeek-R1-Distill-Qwen-14B-4bit,566.0,10374.0,0.0,0
2026-06-26T15:29:51.952,timeseries,3,Weather Report Extended v2,mlx-community/DeepSeek-R1-Distill-Qwen-14B-4bit,178.0,10165.0,0.0,0
2026-06-26T15:29:52.015,timeseries,3,Weather Report Extended v2,mlx-community/DeepSeek-R1-Distill-Qwen-14B-4bit,146.0,11594.0,0.0,0
2026-06-26T15:29:52.075,timeseries,3,Weather Report Extended v2,mlx-community/DeepSeek-R1-Distill-Qwen-14B-4bit,145.0,10077.0,0.0,0
2026-06-26T15:29:52.137,timeseries,3,Weather Report Extended v2,mlx-community/DeepSeek-R1-Distill-Qwen-14B-4bit,318.0,11303.0,0.0,0
2026-06-26T15:29:52.199,timeseries,3,Weather Report Extended v2,mlx-community/DeepSeek-R1-Distill-Qwen-14B-4bit,299.0,10440.0,0.0,0
2026-06-26T15:29:52.264,timeseries,3,Weather Report Extended v2,mlx-community/DeepSeek-R1-Distill-Qwen-14B-4bit,162.0,10159.0,0.0,0
2026-06-26T15:29:52.326,timeseries,3,Weather Report Extended v2,mlx-community/DeepSeek-R1-Distill-Qwen-14B-4bit,146.0,11581.0,0.0,0
2026-06-26T15:29:52.389,timeseries,3,Weather Report Extended v2,mlx-community/DeepSeek-R1-Distill-Qwen-14B-4bit,246.0,10931.0,0.0,0
2026-06-26T15:29:52.451,timeseries,3,Weather Report Extended v2,mlx-community/DeepSeek-R1-Distill-Qwen-14B-4bit,273.0,10032.0,0.0,0
2026-06-26T15:29:52.513,timeseries,3,Weather Report Extended v2,mlx-community/DeepSeek-R1-Distill-Qwen-14B-4bit,191.0,11426.0,0.0,0
2026-06-26T15:29:52.574,timeseries,3,Weather Report Extended v2,mlx-community/DeepSeek-R1-Distill-Qwen-14B-4bit,128.0,10041.0,0.0,0
2026-06-26T15:29:52.637,timeseries,3,Weather Report Extended v2,mlx-community/DeepSeek-R1-Distill-Qwen-14B-4bit,323.0,10037.0,0.0,0
2026-06-26T15:29:52.698,timeseries,3,Weather Report Extended v2,mlx-community/DeepSeek-R1-Distill-Qwen-14B-4bit,163.0,11665.0,0.0,0
2026-06-26T15:29:52.759,timeseries,3,Weather Report Extended v2,mlx-community/DeepSeek-R1-Distill-Qwen-14B-4bit,145.0,10110.0,0.0,0
2026-06-26T15:29:52.821,timeseries,3,Weather Report Extended v2,mlx-community/DeepSeek-R1-Distill-Qwen-14B-4bit,147.0,11689.0,0.0,0
2026-06-26T15:29:52.883,timeseries,3,Weather Report Extended v2,mlx-community/DeepSeek-R1-Distill-Qwen-14B-4bit,276.0,10050.0,0.0,0
2026-06-26T15:29:52.945,timeseries,3,Weather Report Extended v2,mlx-community/DeepSeek-R1-Distill-Qwen-14B-4bit,1876.0,11466.0,0.0,0
2026-06-26T15:29:53.007,timeseries,3,Weather Report Extended v2,mlx-community/DeepSeek-R1-Distill-Qwen-14B-4bit,404.0,10106.0,0.0,0
2026-06-26T15:29:53.070,timeseries,3,Weather Report Extended v2,mlx-community/DeepSeek-R1-Distill-Qwen-14B-4bit,372.0,10116.0,0.0,0
2026-06-26T15:29:53.131,timeseries,3,Weather Report Extended v2,mlx-community/DeepSeek-R1-Distill-Qwen-14B-4bit,566.0,11563.0,0.0,0
2026-06-26T15:29:53.193,timeseries,3,Weather Report Extended v2,mlx-community/DeepSeek-R1-Distill-Qwen-14B-4bit,239.0,10020.0,0.0,0
2026-06-26T15:29:53.255,timeseries,3,Weather Report Extended v2,mlx-community/DeepSeek-R1-Distill-Qwen-14B-4bit,227.0,11617.0,0.0,0
2026-06-26T15:29:53.318,timeseries,3,Weather Report Extended v2,mlx-community/DeepSeek-R1-Distill-Qwen-14B-4bit,162.0,10150.0,0.0,0
2026-06-26T15:29:53.381,timeseries,3,Weather Report Extended v2,mlx-community/DeepSeek-R1-Distill-Qwen-14B-4bit,196.0,11635.0,0.0,0
2026-06-26T15:29:53.443,timeseries,3,Weather Report Extended v2,mlx-community/DeepSeek-R1-Distill-Qwen-14B-4bit,268.0,9883.0,0.0,0
2026-06-26T15:29:53.506,timeseries,3,Weather Report Extended v2,mlx-community/DeepSeek-R1-Distill-Qwen-14B-4bit,174.0,11346.0,0.0,0
2026-06-26T15:29:53.567,timeseries,3,Weather Report Extended v2,mlx-community/DeepSeek-R1-Distill-Qwen-14B-4bit,160.0,10096.0,0.0,0
2026-06-26T15:29:53.630,timeseries,3,Weather Report Extended v2,mlx-community/DeepSeek-R1-Distill-Qwen-14B-4bit,276.0,11524.0,0.0,0
2026-06-26T15:29:53.692,timeseries,3,Weather Report Extended v2,mlx-community/DeepSeek-R1-Distill-Qwen-14B-4bit,225.0,10073.0,0.0,0
2026-06-26T15:29:53.754,timeseries,3,Weather Report Extended v2,mlx-community/DeepSeek-R1-Distill-Qwen-14B-4bit,177.0,11512.0,0.0,0
2026-06-26T15:29:53.818,timeseries,3,Weather Report Extended v2,mlx-community/DeepSeek-R1-Distill-Qwen-14B-4bit,177.0,10113.0,0.0,0
2026-06-26T15:29:53.881,timeseries,3,Weather Report Extended v2,mlx-community/DeepSeek-R1-Distill-Qwen-14B-4bit,128.0,11460.0,0.0,0
2026-06-26T15:29:53.943,timeseries,3,Weather Report Extended v2,mlx-community/DeepSeek-R1-Distill-Qwen-14B-4bit,173.0,9909.0,0.0,0
2026-06-26T15:29:54.005,timeseries,3,Weather Report Extended v2,mlx-community/DeepSeek-R1-Distill-Qwen-14B-4bit,158.0,11377.0,0.0,0
2026-06-26T15:29:54.067,timeseries,3,Weather Report Extended v2,mlx-community/DeepSeek-R1-Distill-Qwen-14B-4bit,177.0,10175.0,0.0,0
2026-06-26T15:29:54.129,timeseries,3,Weather Report Extended v2,mlx-community/DeepSeek-R1-Distill-Qwen-14B-4bit,260.0,11536.0,0.0,0
2026-06-26T15:29:54.193,timeseries,3,Weather Report Extended v2,mlx-community/DeepSeek-R1-Distill-Qwen-14B-4bit,192.0,10079.0,0.0,0
2026-06-26T15:29:54.255,timeseries,3,Weather Report Extended v2,mlx-community/DeepSeek-R1-Distill-Qwen-14B-4bit,160.0,11452.0,0.0,0
2026-06-26T15:29:54.320,timeseries,3,Weather Report Extended v2,mlx-community/DeepSeek-R1-Distill-Qwen-14B-4bit,157.0,9827.0,0.0,0
2026-06-26T15:29:54.383,timeseries,3,Weather Report Extended v2,mlx-community/DeepSeek-R1-Distill-Qwen-14B-4bit,177.0,11395.0,0.0,0
2026-06-26T15:29:54.446,timeseries,3,Weather Report Extended v2,mlx-community/DeepSeek-R1-Distill-Qwen-14B-4bit,261.0,9601.0,0.0,0
2026-06-26T15:29:54.508,timeseries,3,Weather Report Extended v2,mlx-community/DeepSeek-R1-Distill-Qwen-14B-4bit,176.0,11460.0,0.0,0
2026-06-26T15:29:54.570,timeseries,3,Weather Report Extended v2,mlx-community/DeepSeek-R1-Distill-Qwen-14B-4bit,144.0,10023.0,0.0,0
2026-06-26T15:29:54.631,timeseries,3,Weather Report Extended v2,mlx-community/DeepSeek-R1-Distill-Qwen-14B-4bit,322.0,11422.0,0.0,0
2026-06-26T15:29:54.693,timeseries,3,Weather Report Extended v2,mlx-community/DeepSeek-R1-Distill-Qwen-14B-4bit,162.0,10203.0,0.0,0
2026-06-26T15:29:54.755,timeseries,3,Weather Report Extended v2,mlx-community/DeepSeek-R1-Distill-Qwen-14B-4bit,146.0,11574.0,0.0,0
2026-06-26T15:29:54.819,timeseries,3,Weather Report Extended v2,mlx-community/DeepSeek-R1-Distill-Qwen-14B-4bit,145.0,10054.0,0.0,0
2026-06-26T15:29:54.881,timeseries,3,Weather Report Extended v2,mlx-community/DeepSeek-R1-Distill-Qwen-14B-4bit,129.0,11524.0,0.0,0
2026-06-26T15:29:54.943,timeseries,3,Weather Report Extended v2,mlx-community/DeepSeek-R1-Distill-Qwen-14B-4bit,126.0,9898.0,0.0,0
2026-06-26T15:29:55.005,timeseries,3,Weather Report Extended v2,mlx-community/DeepSeek-R1-Distill-Qwen-14B-4bit,160.0,11452.0,0.0,0
2026-06-26T15:29:55.067,timeseries,3,Weather Report Extended v2,mlx-community/DeepSeek-R1-Distill-Qwen-14B-4bit,130.0,10173.0,0.0,0
2026-06-26T15:29:55.129,timeseries,3,Weather Report Extended v2,mlx-community/DeepSeek-R1-Distill-Qwen-14B-4bit,302.0,11288.0,0.0,0
2026-06-26T15:29:55.191,timeseries,3,Weather Report Extended v2,mlx-community/DeepSeek-R1-Distill-Qwen-14B-4bit,163.0,10270.0,0.0,0
2026-06-26T15:29:55.254,timeseries,3,Weather Report Extended v2,mlx-community/DeepSeek-R1-Distill-Qwen-14B-4bit,129.0,10107.0,0.0,0
2026-06-26T15:29:55.317,timeseries,3,Weather Report Extended v2,mlx-community/DeepSeek-R1-Distill-Qwen-14B-4bit,176.0,11450.0,0.0,0
2026-06-26T15:29:55.379,timeseries,3,Weather Report Extended v2,mlx-community/DeepSeek-R1-Distill-Qwen-14B-4bit,207.0,9922.0,0.0,0
2026-06-26T15:29:55.441,timeseries,3,Weather Report Extended v2,mlx-community/DeepSeek-R1-Distill-Qwen-14B-4bit,240.0,11386.0,0.0,0
2026-06-26T15:29:55.504,timeseries,3,Weather Report Extended v2,mlx-community/DeepSeek-R1-Distill-Qwen-14B-4bit,145.0,10088.0,0.0,0
2026-06-26T15:29:55.565,timeseries,3,Weather Report Extended v2,mlx-community/DeepSeek-R1-Distill-Qwen-14B-4bit,145.0,11495.0,0.0,0
2026-06-26T15:29:55.627,timeseries,3,Weather Report Extended v2,mlx-community/DeepSeek-R1-Distill-Qwen-14B-4bit,287.0,9916.0,0.0,0
2026-06-26T15:29:55.689,timeseries,3,Weather Report Extended v2,mlx-community/DeepSeek-R1-Distill-Qwen-14B-4bit,196.0,11690.0,0.0,0
2026-06-26T15:29:55.751,timeseries,3,Weather Report Extended v2,mlx-community/DeepSeek-R1-Distill-Qwen-14B-4bit,145.0,10077.0,0.0,0
2026-06-26T15:29:55.815,timeseries,3,Weather Report Extended v2,mlx-community/DeepSeek-R1-Distill-Qwen-14B-4bit,145.0,11544.0,0.0,0
2026-06-26T15:29:55.877,timeseries,3,Weather Report Extended v2,mlx-community/DeepSeek-R1-Distill-Qwen-14B-4bit,129.0,10147.0,0.0,0
2026-06-26T15:29:55.939,timeseries,3,Weather Report Extended v2,mlx-community/DeepSeek-R1-Distill-Qwen-14B-4bit,141.0,11197.0,0.0,0
2026-06-26T15:29:56.001,timeseries,3,Weather Report Extended v2,mlx-community/DeepSeek-R1-Distill-Qwen-14B-4bit,129.0,10149.0,0.0,0
2026-06-26T15:29:56.062,timeseries,3,Weather Report Extended v2,mlx-community/DeepSeek-R1-Distill-Qwen-14B-4bit,144.0,11450.0,0.0,0
2026-06-26T15:29:56.124,timeseries,3,Weather Report Extended v2,mlx-community/DeepSeek-R1-Distill-Qwen-14B-4bit,308.0,10056.0,0.0,0
2026-06-26T15:29:56.186,timeseries,3,Weather Report Extended v2,mlx-community/DeepSeek-R1-Distill-Qwen-14B-4bit,180.0,10311.0,0.0,0
2026-06-26T15:29:56.249,timeseries,3,Weather Report Extended v2,mlx-community/DeepSeek-R1-Distill-Qwen-14B-4bit,145.0,11542.0,0.0,0
2026-06-26T15:29:56.313,timeseries,3,Weather Report Extended v2,mlx-community/DeepSeek-R1-Distill-Qwen-14B-4bit,129.0,10105.0,0.0,0
2026-06-26T15:29:56.375,timeseries,3,Weather Report Extended v2,mlx-community/DeepSeek-R1-Distill-Qwen-14B-4bit,191.0,11327.0,0.0,0
2026-06-26T15:29:56.437,timeseries,3,Weather Report Extended v2,mlx-community/DeepSeek-R1-Distill-Qwen-14B-4bit,595.0,9740.0,0.0,0
2026-06-26T15:29:56.499,timeseries,3,Weather Report Extended v2,mlx-community/DeepSeek-R1-Distill-Qwen-14B-4bit,146.0,11655.0,0.0,0
2026-06-26T15:29:56.560,timeseries,3,Weather Report Extended v2,mlx-community/DeepSeek-R1-Distill-Qwen-14B-4bit,128.0,10038.0,0.0,0
2026-06-26T15:29:56.622,timeseries,3,Weather Report Extended v2,mlx-community/DeepSeek-R1-Distill-Qwen-14B-4bit,290.0,11468.0,0.0,0
2026-06-26T15:29:56.684,timeseries,3,Weather Report Extended v2,mlx-community/DeepSeek-R1-Distill-Qwen-14B-4bit,195.0,10244.0,0.0,0
2026-06-26T15:29:56.746,timeseries,3,Weather Report Extended v2,mlx-community/DeepSeek-R1-Distill-Qwen-14B-4bit,129.0,11581.0,0.0,0
2026-06-26T15:29:56.809,timeseries,3,Weather Report Extended v2,mlx-community/DeepSeek-R1-Distill-Qwen-14B-4bit,144.0,10063.0,0.0,0
2026-06-26T15:29:56.871,timeseries,3,Weather Report Extended v2,mlx-community/DeepSeek-R1-Distill-Qwen-14B-4bit,209.0,11460.0,0.0,0
2026-06-26T15:29:56.932,timeseries,3,Weather Report Extended v2,mlx-community/DeepSeek-R1-Distill-Qwen-14B-4bit,163.0,10201.0,0.0,0
2026-06-26T15:29:56.995,timeseries,3,Weather Report Extended v2,mlx-community/DeepSeek-R1-Distill-Qwen-14B-4bit,128.0,10003.0,0.0,0
2026-06-26T15:29:57.056,timeseries,3,Weather Report Extended v2,mlx-community/DeepSeek-R1-Distill-Qwen-14B-4bit,145.0,11571.0,0.0,0
2026-06-26T15:29:57.118,timeseries,3,Weather Report Extended v2,mlx-community/DeepSeek-R1-Distill-Qwen-14B-4bit,272.0,9980.0,0.0,0
2026-06-26T15:29:57.180,timeseries,3,Weather Report Extended v2,mlx-community/DeepSeek-R1-Distill-Qwen-14B-4bit,246.0,11737.0,0.0,0
2026-06-26T15:29:57.242,timeseries,3,Weather Report Extended v2,mlx-community/DeepSeek-R1-Distill-Qwen-14B-4bit,146.0,10183.0,0.0,0
2026-06-26T15:29:57.306,timeseries,3,Weather Report Extended v2,mlx-community/DeepSeek-R1-Distill-Qwen-14B-4bit,129.0,11527.0,0.0,0
2026-06-26T15:29:57.367,timeseries,3,Weather Report Extended v2,mlx-community/DeepSeek-R1-Distill-Qwen-14B-4bit,145.0,10064.0,0.0,0
2026-06-26T15:29:57.429,timeseries,3,Weather Report Extended v2,mlx-community/DeepSeek-R1-Distill-Qwen-14B-4bit,330.0,11207.0,0.0,0
2026-06-26T15:29:57.491,timeseries,3,Weather Report Extended v2,mlx-community/DeepSeek-R1-Distill-Qwen-14B-4bit,180.0,10257.0,0.0,0
2026-06-26T15:29:57.552,timeseries,3,Weather Report Extended v2,mlx-community/DeepSeek-R1-Distill-Qwen-14B-4bit,145.0,10083.0,0.0,0
2026-06-26T15:29:57.613,timeseries,3,Weather Report Extended v2,mlx-community/DeepSeek-R1-Distill-Qwen-14B-4bit,244.0,11566.0,0.0,0
2026-06-26T15:29:57.675,timeseries,3,Weather Report Extended v2,mlx-community/DeepSeek-R1-Distill-Qwen-14B-4bit,263.0,10329.0,0.0,0
2026-06-26T15:29:57.735,timeseries,3,Weather Report Extended v2,mlx-community/DeepSeek-R1-Distill-Qwen-14B-4bit,147.0,10248.0,0.0,0
2026-06-26T15:29:57.798,timeseries,3,Weather Report Extended v2,mlx-community/DeepSeek-R1-Distill-Qwen-14B-4bit,147.0,11721.0,0.0,0
2026-06-26T15:29:57.860,timeseries,3,Weather Report Extended v2,mlx-community/DeepSeek-R1-Distill-Qwen-14B-4bit,130.0,10208.0,0.0,0
2026-06-26T15:29:57.923,timeseries,3,Weather Report Extended v2,mlx-community/DeepSeek-R1-Distill-Qwen-14B-4bit,160.0,11456.0,0.0,0
2026-06-26T15:29:57.985,timeseries,3,Weather Report Extended v2,mlx-community/DeepSeek-R1-Distill-Qwen-14B-4bit,144.0,10011.0,0.0,0
2026-06-26T15:29:58.047,timeseries,3,Weather Report Extended v2,mlx-community/DeepSeek-R1-Distill-Qwen-14B-4bit,193.0,11436.0,0.0,0
2026-06-26T15:29:58.108,timeseries,3,Weather Report Extended v2,mlx-community/DeepSeek-R1-Distill-Qwen-14B-4bit,2277.0,9860.0,0.0,0
2026-06-26T15:29:58.169,timeseries,3,Weather Report Extended v2,mlx-community/DeepSeek-R1-Distill-Qwen-14B-4bit,550.0,10140.0,0.0,0
2026-06-26T15:29:58.231,timeseries,3,Weather Report Extended v2,mlx-community/DeepSeek-R1-Distill-Qwen-14B-4bit,427.0,11758.0,0.0,0
2026-06-26T15:29:58.293,timeseries,3,Weather Report Extended v2,mlx-community/DeepSeek-R1-Distill-Qwen-14B-4bit,262.0,10276.0,0.0,0
2026-06-26T15:29:58.355,timeseries,3,Weather Report Extended v2,mlx-community/DeepSeek-R1-Distill-Qwen-14B-4bit,258.0,11567.0,0.0,0
2026-06-26T15:29:58.416,timeseries,3,Weather Report Extended v2,mlx-community/DeepSeek-R1-Distill-Qwen-14B-4bit,829.0,10173.0,0.0,0
2026-06-26T15:29:58.478,timeseries,3,Weather Report Extended v2,mlx-community/DeepSeek-R1-Distill-Qwen-14B-4bit,641.0,10078.0,0.0,0
2026-06-26T15:29:58.540,timeseries,3,Weather Report Extended v2,mlx-community/DeepSeek-R1-Distill-Qwen-14B-4bit,391.0,11654.0,0.0,0
2026-06-26T15:29:58.601,timeseries,3,Weather Report Extended v2,mlx-community/DeepSeek-R1-Distill-Qwen-14B-4bit,824.0,10114.0,0.0,0
2026-06-26T15:29:58.663,timeseries,3,Weather Report Extended v2,mlx-community/DeepSeek-R1-Distill-Qwen-14B-4bit,419.0,11581.0,0.0,0
2026-06-26T15:29:58.724,timeseries,3,Weather Report Extended v2,mlx-community/DeepSeek-R1-Distill-Qwen-14B-4bit,476.0,10299.0,0.0,0
2026-06-26T15:29:58.785,timeseries,3,Weather Report Extended v2,mlx-community/DeepSeek-R1-Distill-Qwen-14B-4bit,389.0,10158.0,0.0,0
2026-06-26T15:29:58.847,timeseries,3,Weather Report Extended v2,mlx-community/DeepSeek-R1-Distill-Qwen-14B-4bit,293.0,11680.0,0.0,0
2026-06-26T15:29:58.909,timeseries,3,Weather Report Extended v2,mlx-community/DeepSeek-R1-Distill-Qwen-14B-4bit,365.0,10412.0,0.0,0
2026-06-26T15:29:58.970,timeseries,3,Weather Report Extended v2,mlx-community/DeepSeek-R1-Distill-Qwen-14B-4bit,461.0,11403.0,0.0,0
2026-06-26T15:29:59.032,timeseries,3,Weather Report Extended v2,mlx-community/DeepSeek-R1-Distill-Qwen-14B-4bit,395.0,10301.0,0.0,0
2026-06-26T15:29:59.094,timeseries,3,Weather Report Extended v2,mlx-community/DeepSeek-R1-Distill-Qwen-14B-4bit,835.0,10050.0,0.0,0
2026-06-26T15:29:59.155,timeseries,3,Weather Report Extended v2,mlx-community/DeepSeek-R1-Distill-Qwen-14B-4bit,2375.0,11517.0,0.0,0
2026-06-26T15:29:59.217,timeseries,3,Weather Report Extended v2,mlx-community/DeepSeek-R1-Distill-Qwen-14B-4bit,274.0,10090.0,0.0,0
2026-06-26T15:29:59.280,timeseries,3,Weather Report Extended v2,mlx-community/DeepSeek-R1-Distill-Qwen-14B-4bit,164.0,11747.0,0.0,0
2026-06-26T15:29:59.341,timeseries,3,Weather Report Extended v2,mlx-community/DeepSeek-R1-Distill-Qwen-14B-4bit,128.0,10057.0,0.0,0
2026-06-26T15:29:59.403,timeseries,3,Weather Report Extended v2,mlx-community/DeepSeek-R1-Distill-Qwen-14B-4bit,334.0,9900.0,0.0,0
2026-06-26T15:29:59.466,timeseries,3,Weather Report Extended v2,mlx-community/DeepSeek-R1-Distill-Qwen-14B-4bit,279.0,11795.0,0.0,0
2026-06-26T15:29:59.528,timeseries,3,Weather Report Extended v2,mlx-community/DeepSeek-R1-Distill-Qwen-14B-4bit,209.0,10060.0,0.0,0
2026-06-26T15:29:59.590,timeseries,3,Weather Report Extended v2,mlx-community/DeepSeek-R1-Distill-Qwen-14B-4bit,161.0,11525.0,0.0,0
2026-06-26T15:29:59.652,timeseries,3,Weather Report Extended v2,mlx-community/DeepSeek-R1-Distill-Qwen-14B-4bit,287.0,9978.0,0.0,0
2026-06-26T15:29:59.716,timeseries,3,Weather Report Extended v2,mlx-community/DeepSeek-R1-Distill-Qwen-14B-4bit,177.0,11566.0,0.0,0
2026-06-26T15:29:59.778,timeseries,3,Weather Report Extended v2,mlx-community/DeepSeek-R1-Distill-Qwen-14B-4bit,128.0,10069.0,0.0,0
2026-06-26T15:29:59.840,timeseries,3,Weather Report Extended v2,mlx-community/DeepSeek-R1-Distill-Qwen-14B-4bit,142.0,11283.0,0.0,0
2026-06-26T15:29:59.902,timeseries,3,Weather Report Extended v2,mlx-community/DeepSeek-R1-Distill-Qwen-14B-4bit,146.0,10168.0,0.0,0
2026-06-26T15:29:59.965,timeseries,3,Weather Report Extended v2,mlx-community/DeepSeek-R1-Distill-Qwen-14B-4bit,144.0,11478.0,0.0,0
2026-06-26T15:30:00.028,timeseries,3,Weather Report Extended v2,mlx-community/DeepSeek-R1-Distill-Qwen-14B-4bit,145.0,10145.0,0.0,0
2026-06-26T15:30:00.089,timeseries,3,Weather Report Extended v2,mlx-community/DeepSeek-R1-Distill-Qwen-14B-4bit,159.0,11373.0,0.0,0
2026-06-26T15:30:00.151,timeseries,3,Weather Report Extended v2,mlx-community/DeepSeek-R1-Distill-Qwen-14B-4bit,305.0,10046.0,0.0,0
2026-06-26T15:30:00.214,timeseries,3,Weather Report Extended v2,mlx-community/DeepSeek-R1-Distill-Qwen-14B-4bit,146.0,11631.0,0.0,0
2026-06-26T15:30:00.275,timeseries,3,Weather Report Extended v2,mlx-community/DeepSeek-R1-Distill-Qwen-14B-4bit,129.0,10143.0,0.0,0
2026-06-26T15:30:00.337,timeseries,3,Weather Report Extended v2,mlx-community/DeepSeek-R1-Distill-Qwen-14B-4bit,143.0,11369.0,0.0,0
2026-06-26T15:30:00.399,timeseries,3,Weather Report Extended v2,mlx-community/DeepSeek-R1-Distill-Qwen-14B-4bit,291.0,10066.0,0.0,0
2026-06-26T15:30:00.462,timeseries,3,Weather Report Extended v2,mlx-community/DeepSeek-R1-Distill-Qwen-14B-4bit,162.0,10186.0,0.0,0
2026-06-26T15:30:00.525,timeseries,3,Weather Report Extended v2,mlx-community/DeepSeek-R1-Distill-Qwen-14B-4bit,145.0,11556.0,0.0,0
2026-06-26T15:30:00.587,timeseries,3,Weather Report Extended v2,mlx-community/DeepSeek-R1-Distill-Qwen-14B-4bit,192.0,10029.0,0.0,0
2026-06-26T15:30:00.649,timeseries,3,Weather Report Extended v2,mlx-community/DeepSeek-R1-Distill-Qwen-14B-4bit,302.0,11339.0,0.0,0
2026-06-26T15:30:00.713,timeseries,3,Weather Report Extended v2,mlx-community/DeepSeek-R1-Distill-Qwen-14B-4bit,145.0,10103.0,0.0,0
2026-06-26T15:30:00.774,timeseries,3,Weather Report Extended v2,mlx-community/DeepSeek-R1-Distill-Qwen-14B-4bit,112.0,11501.0,0.0,0
2026-06-26T15:30:00.837,timeseries,3,Weather Report Extended v2,mlx-community/DeepSeek-R1-Distill-Qwen-14B-4bit,142.0,9960.0,0.0,0
2026-06-26T15:30:00.899,timeseries,3,Weather Report Extended v2,mlx-community/DeepSeek-R1-Distill-Qwen-14B-4bit,308.0,11564.0,0.0,0
2026-06-26T15:30:00.961,timeseries,3,Weather Report Extended v2,mlx-community/DeepSeek-R1-Distill-Qwen-14B-4bit,145.0,10089.0,0.0,0
2026-06-26T15:30:01.024,timeseries,3,Weather Report Extended v2,mlx-community/DeepSeek-R1-Distill-Qwen-14B-4bit,145.0,11527.0,0.0,0
2026-06-26T15:30:01.086,timeseries,3,Weather Report Extended v2,mlx-community/DeepSeek-R1-Distill-Qwen-14B-4bit,144.0,10030.0,0.0,0
2026-06-26T15:30:01.149,timeseries,3,Weather Report Extended v2,mlx-community/DeepSeek-R1-Distill-Qwen-14B-4bit,301.0,11337.0,0.0,0
2026-06-26T15:30:01.212,timeseries,3,Weather Report Extended v2,mlx-community/DeepSeek-R1-Distill-Qwen-14B-4bit,129.0,10170.0,0.0,0
2026-06-26T15:30:01.274,timeseries,3,Weather Report Extended v2,mlx-community/DeepSeek-R1-Distill-Qwen-14B-4bit,144.0,11463.0,0.0,0
2026-06-26T15:30:01.335,timeseries,3,Weather Report Extended v2,mlx-community/DeepSeek-R1-Distill-Qwen-14B-4bit,127.0,9954.0,0.0,0
2026-06-26T15:30:01.397,timeseries,3,Weather Report Extended v2,mlx-community/DeepSeek-R1-Distill-Qwen-14B-4bit,259.0,11526.0,0.0,0
2026-06-26T15:30:01.460,timeseries,3,Weather Report Extended v2,mlx-community/DeepSeek-R1-Distill-Qwen-14B-4bit,196.0,10285.0,0.0,0
2026-06-26T15:30:01.523,timeseries,3,Weather Report Extended v2,mlx-community/DeepSeek-R1-Distill-Qwen-14B-4bit,129.0,11551.0,0.0,0
2026-06-26T15:30:01.585,timeseries,3,Weather Report Extended v2,mlx-community/DeepSeek-R1-Distill-Qwen-14B-4bit,143.0,10006.0,0.0,0
2026-06-26T15:30:01.647,timeseries,3,Weather Report Extended v2,mlx-community/DeepSeek-R1-Distill-Qwen-14B-4bit,346.0,11227.0,0.0,0
2026-06-26T15:30:01.709,timeseries,3,Weather Report Extended v2,mlx-community/DeepSeek-R1-Distill-Qwen-14B-4bit,146.0,10210.0,0.0,0
2026-06-26T15:30:01.772,timeseries,3,Weather Report Extended v2,mlx-community/DeepSeek-R1-Distill-Qwen-14B-4bit,129.0,11561.0,0.0,0
2026-06-26T15:30:01.834,timeseries,3,Weather Report Extended v2,mlx-community/DeepSeek-R1-Distill-Qwen-14B-4bit,129.0,10111.0,0.0,0
2026-06-26T15:30:01.894,timeseries,3,Weather Report Extended v2,mlx-community/DeepSeek-R1-Distill-Qwen-14B-4bit,558.0,11342.0,0.0,0
2026-06-26T15:30:01.958,timeseries,3,Weather Report Extended v2,mlx-community/DeepSeek-R1-Distill-Qwen-14B-4bit,259.0,10142.0,0.0,0
2026-06-26T15:30:02.021,timeseries,3,Weather Report Extended v2,mlx-community/DeepSeek-R1-Distill-Qwen-14B-4bit,148.0,10315.0,0.0,0
2026-06-26T15:30:02.083,timeseries,3,Weather Report Extended v2,mlx-community/DeepSeek-R1-Distill-Qwen-14B-4bit,157.0,11291.0,0.0,0
2026-06-26T15:30:02.144,timeseries,3,Weather Report Extended v2,mlx-community/DeepSeek-R1-Distill-Qwen-14B-4bit,331.0,9806.0,0.0,0
2026-06-26T15:30:02.207,timeseries,3,Weather Report Extended v2,mlx-community/DeepSeek-R1-Distill-Qwen-14B-4bit,165.0,11873.0,0.0,0
2026-06-26T15:30:02.269,timeseries,3,Weather Report Extended v2,mlx-community/DeepSeek-R1-Distill-Qwen-14B-4bit,129.0,10116.0,0.0,0
2026-06-26T15:30:02.330,timeseries,3,Weather Report Extended v2,mlx-community/DeepSeek-R1-Distill-Qwen-14B-4bit,143.0,11382.0,0.0,0
2026-06-26T15:30:02.392,timeseries,3,Weather Report Extended v2,mlx-community/DeepSeek-R1-Distill-Qwen-14B-4bit,244.0,10132.0,0.0,0
2026-06-26T15:30:02.456,timeseries,3,Weather Report Extended v2,mlx-community/DeepSeek-R1-Distill-Qwen-14B-4bit,180.0,11742.0,0.0,0
2026-06-26T15:30:02.519,timeseries,3,Weather Report Extended v2,mlx-community/DeepSeek-R1-Distill-Qwen-14B-4bit,161.0,10119.0,0.0,0
2026-06-26T15:30:02.580,timeseries,3,Weather Report Extended v2,mlx-community/DeepSeek-R1-Distill-Qwen-14B-4bit,142.0,11291.0,0.0,0
2026-06-26T15:30:02.642,timeseries,3,Weather Report Extended v2,mlx-community/DeepSeek-R1-Distill-Qwen-14B-4bit,360.0,9761.0,0.0,0
2026-06-26T15:30:02.706,timeseries,3,Weather Report Extended v2,mlx-community/DeepSeek-R1-Distill-Qwen-14B-4bit,262.0,11755.0,0.0,0
2026-06-26T15:30:02.768,timeseries,3,Weather Report Extended v2,mlx-community/DeepSeek-R1-Distill-Qwen-14B-4bit,130.0,10216.0,0.0,0
2026-06-26T15:30:02.830,timeseries,3,Weather Report Extended v2,mlx-community/DeepSeek-R1-Distill-Qwen-14B-4bit,141.0,11257.0,0.0,0
2026-06-26T15:30:02.892,timeseries,3,Weather Report Extended v2,mlx-community/DeepSeek-R1-Distill-Qwen-14B-4bit,145.0,10142.0,0.0,0
2026-06-26T15:30:02.956,timeseries,3,Weather Report Extended v2,mlx-community/DeepSeek-R1-Distill-Qwen-14B-4bit,160.0,11465.0,0.0,0
2026-06-26T15:30:03.019,timeseries,3,Weather Report Extended v2,mlx-community/DeepSeek-R1-Distill-Qwen-14B-4bit,129.0,10122.0,0.0,0
2026-06-26T15:30:03.081,timeseries,3,Weather Report Extended v2,mlx-community/DeepSeek-R1-Distill-Qwen-14B-4bit,126.0,11266.0,0.0,0
2026-06-26T15:30:03.144,timeseries,3,Weather Report Extended v2,mlx-community/DeepSeek-R1-Distill-Qwen-14B-4bit,302.0,9940.0,0.0,0
2026-06-26T15:30:03.206,timeseries,3,Weather Report Extended v2,mlx-community/DeepSeek-R1-Distill-Qwen-14B-4bit,194.0,11567.0,0.0,0
2026-06-26T15:30:03.268,timeseries,3,Weather Report Extended v2,mlx-community/DeepSeek-R1-Distill-Qwen-14B-4bit,1448.0,9710.0,0.0,0
2026-06-26T15:30:03.330,timeseries,3,Weather Report Extended v2,mlx-community/DeepSeek-R1-Distill-Qwen-14B-4bit,791.0,11585.0,0.0,0
2026-06-26T15:30:03.392,timeseries,3,Weather Report Extended v2,mlx-community/DeepSeek-R1-Distill-Qwen-14B-4bit,685.0,10179.0,0.0,0
2026-06-26T15:30:03.454,timeseries,3,Weather Report Extended v2,mlx-community/DeepSeek-R1-Distill-Qwen-14B-4bit,335.0,11495.0,0.0,0
2026-06-26T15:30:03.516,timeseries,3,Weather Report Extended v2,mlx-community/DeepSeek-R1-Distill-Qwen-14B-4bit,292.0,10189.0,0.0,0
2026-06-26T15:30:03.578,timeseries,3,Weather Report Extended v2,mlx-community/DeepSeek-R1-Distill-Qwen-14B-4bit,290.0,10077.0,0.0,0
2026-06-26T15:30:03.640,timeseries,3,Weather Report Extended v2,mlx-community/DeepSeek-R1-Distill-Qwen-14B-4bit,1010.0,11500.0,0.0,0
2026-06-26T15:30:03.701,timeseries,3,Weather Report Extended v2,mlx-community/DeepSeek-R1-Distill-Qwen-14B-4bit,653.0,10275.0,0.0,0
2026-06-26T15:30:03.763,timeseries,3,Weather Report Extended v2,mlx-community/DeepSeek-R1-Distill-Qwen-14B-4bit,339.0,11576.0,0.0,0
2026-06-26T15:30:03.824,timeseries,3,Weather Report Extended v2,mlx-community/DeepSeek-R1-Distill-Qwen-14B-4bit,344.0,10274.0,0.0,0
2026-06-26T15:30:03.885,timeseries,3,Weather Report Extended v2,mlx-community/DeepSeek-R1-Distill-Qwen-14B-4bit,371.0,10122.0,0.0,0
2026-06-26T15:30:03.948,timeseries,3,Weather Report Extended v2,mlx-community/DeepSeek-R1-Distill-Qwen-14B-4bit,411.0,11827.0,0.0,0
2026-06-26T15:30:04.009,timeseries,3,Weather Report Extended v2,mlx-community/DeepSeek-R1-Distill-Qwen-14B-4bit,340.0,10138.0,0.0,0
2026-06-26T15:30:04.071,timeseries,3,Weather Report Extended v2,mlx-community/DeepSeek-R1-Distill-Qwen-14B-4bit,385.0,11533.0,0.0,0
2026-06-26T15:30:04.133,timeseries,3,Weather Report Extended v2,mlx-community/DeepSeek-R1-Distill-Qwen-14B-4bit,989.0,10184.0,0.0,0
2026-06-26T15:30:04.195,timeseries,3,Weather Report Extended v2,mlx-community/DeepSeek-R1-Distill-Qwen-14B-4bit,402.0,10094.0,0.0,0
2026-06-26T15:30:04.256,timeseries,3,Weather Report Extended v2,mlx-community/DeepSeek-R1-Distill-Qwen-14B-4bit,357.0,11663.0,0.0,0
2026-06-26T15:30:04.318,timeseries,3,Weather Report Extended v2,mlx-community/DeepSeek-R1-Distill-Qwen-14B-4bit,372.0,10145.0,0.0,0
2026-06-26T15:30:04.380,timeseries,3,Weather Report Extended v2,mlx-community/DeepSeek-R1-Distill-Qwen-14B-4bit,804.0,11776.0,0.0,0
2026-06-26T15:30:04.441,timeseries,3,Weather Report Extended v2,mlx-community/DeepSeek-R1-Distill-Qwen-14B-4bit,422.0,10231.0,0.0,0
2026-06-26T15:30:04.503,timeseries,3,Weather Report Extended v2,mlx-community/DeepSeek-R1-Distill-Qwen-14B-4bit,352.0,10076.0,0.0,0
2026-06-26T15:30:04.566,timeseries,3,Weather Report Extended v2,mlx-community/DeepSeek-R1-Distill-Qwen-14B-4bit,407.0,11680.0,0.0,0
2026-06-26T15:30:04.628,timeseries,3,Weather Report Extended v2,mlx-community/DeepSeek-R1-Distill-Qwen-14B-4bit,960.0,10229.0,0.0,0
2026-06-26T15:30:04.689,timeseries,3,Weather Report Extended v2,mlx-community/DeepSeek-R1-Distill-Qwen-14B-4bit,399.0,11485.0,0.0,0
2026-06-26T15:30:04.751,timeseries,3,Weather Report Extended v2,mlx-community/DeepSeek-R1-Distill-Qwen-14B-4bit,532.0,10104.0,0.0,0
2026-06-26T15:30:04.813,timeseries,3,Weather Report Extended v2,mlx-community/DeepSeek-R1-Distill-Qwen-14B-4bit,405.0,11669.0,0.0,0
2026-06-26T15:30:04.874,timeseries,3,Weather Report Extended v2,mlx-community/DeepSeek-R1-Distill-Qwen-14B-4bit,390.0,10215.0,0.0,0
2026-06-26T15:30:04.936,timeseries,3,Weather Report Extended v2,mlx-community/DeepSeek-R1-Distill-Qwen-14B-4bit,389.0,10188.0,0.0,0
2026-06-26T15:30:04.998,timeseries,3,Weather Report Extended v2,mlx-community/DeepSeek-R1-Distill-Qwen-14B-4bit,340.0,11665.0,0.0,0
2026-06-26T15:30:05.060,timeseries,3,Weather Report Extended v2,mlx-community/DeepSeek-R1-Distill-Qwen-14B-4bit,371.0,10123.0,0.0,0
2026-06-26T15:30:05.122,timeseries,3,Weather Report Extended v2,mlx-community/DeepSeek-R1-Distill-Qwen-14B-4bit,975.0,11646.0,0.0,0
2026-06-26T15:30:05.184,timeseries,3,Weather Report Extended v2,mlx-community/DeepSeek-R1-Distill-Qwen-14B-4bit,419.0,10144.0,0.0,0
2026-06-26T15:30:05.244,timeseries,3,Weather Report Extended v2,mlx-community/DeepSeek-R1-Distill-Qwen-14B-4bit,275.0,11641.0,0.0,0
2026-06-26T15:30:05.308,timeseries,3,Weather Report Extended v2,mlx-community/DeepSeek-R1-Distill-Qwen-14B-4bit,454.0,10199.0,0.0,0
2026-06-26T15:30:05.370,timeseries,3,Weather Report Extended v2,mlx-community/DeepSeek-R1-Distill-Qwen-14B-4bit,786.0,10297.0,0.0,0
2026-06-26T15:30:05.432,timeseries,3,Weather Report Extended v2,mlx-community/DeepSeek-R1-Distill-Qwen-14B-4bit,506.0,11321.0,0.0,0
2026-06-26T15:30:05.493,timeseries,3,Weather Report Extended v2,mlx-community/DeepSeek-R1-Distill-Qwen-14B-4bit,1000.0,10097.0,0.0,0
2026-06-26T15:30:05.555,timeseries,3,Weather Report Extended v2,mlx-community/DeepSeek-R1-Distill-Qwen-14B-4bit,2564.0,11548.0,0.0,0
2026-06-26T15:30:05.617,timeseries,3,Weather Report Extended v2,mlx-community/DeepSeek-R1-Distill-Qwen-14B-4bit,1155.0,10172.0,0.0,0
2026-06-26T15:30:05.679,timeseries,3,Weather Report Extended v2,mlx-community/DeepSeek-R1-Distill-Qwen-14B-4bit,275.0,11579.0,0.0,0
2026-06-26T15:30:05.741,timeseries,3,Weather Report Extended v2,mlx-community/DeepSeek-R1-Distill-Qwen-14B-4bit,161.0,10121.0,0.0,0
2026-06-26T15:30:05.804,timeseries,3,Weather Report Extended v2,mlx-community/DeepSeek-R1-Distill-Qwen-14B-4bit,210.0,10129.0,0.0,0
2026-06-26T15:30:05.865,timeseries,3,Weather Report Extended v2,mlx-community/DeepSeek-R1-Distill-Qwen-14B-4bit,146.0,11624.0,0.0,0
2026-06-26T15:30:05.928,timeseries,3,Weather Report Extended v2,mlx-community/DeepSeek-R1-Distill-Qwen-14B-4bit,145.0,10158.0,0.0,0
2026-06-26T15:30:05.990,timeseries,3,Weather Report Extended v2,mlx-community/DeepSeek-R1-Distill-Qwen-14B-4bit,128.0,11506.0,0.0,0
2026-06-26T15:30:06.050,timeseries,3,Weather Report Extended v2,mlx-community/DeepSeek-R1-Distill-Qwen-14B-4bit,144.0,10092.0,0.0,0
2026-06-26T15:30:06.114,timeseries,3,Weather Report Extended v2,mlx-community/DeepSeek-R1-Distill-Qwen-14B-4bit,306.0,11508.0,0.0,0
2026-06-26T15:30:06.176,timeseries,3,Weather Report Extended v2,mlx-community/DeepSeek-R1-Distill-Qwen-14B-4bit,183.0,10446.0,0.0,0
2026-06-26T15:30:06.238,timeseries,3,Weather Report Extended v2,mlx-community/DeepSeek-R1-Distill-Qwen-14B-4bit,141.0,11298.0,0.0,0
2026-06-26T15:30:06.301,timeseries,3,Weather Report Extended v2,mlx-community/DeepSeek-R1-Distill-Qwen-14B-4bit,145.0,10119.0,0.0,0
2026-06-26T15:30:06.363,timeseries,3,Weather Report Extended v2,mlx-community/DeepSeek-R1-Distill-Qwen-14B-4bit,144.0,11461.0,0.0,0
2026-06-26T15:30:06.425,timeseries,3,Weather Report Extended v2,mlx-community/DeepSeek-R1-Distill-Qwen-14B-4bit,259.0,10098.0,0.0,0
2026-06-26T15:30:06.488,timeseries,3,Weather Report Extended v2,mlx-community/DeepSeek-R1-Distill-Qwen-14B-4bit,159.0,11448.0,0.0,0
2026-06-26T15:30:06.548,timeseries,3,Weather Report Extended v2,mlx-community/DeepSeek-R1-Distill-Qwen-14B-4bit,162.0,10211.0,0.0,0
2026-06-26T15:30:06.612,timeseries,3,Weather Report Extended v2,mlx-community/DeepSeek-R1-Distill-Qwen-14B-4bit,243.0,10152.0,0.0,0
2026-06-26T15:30:06.674,timeseries,3,Weather Report Extended v2,mlx-community/DeepSeek-R1-Distill-Qwen-14B-4bit,211.0,11643.0,0.0,0
2026-06-26T15:30:06.736,timeseries,3,Weather Report Extended v2,mlx-community/DeepSeek-R1-Distill-Qwen-14B-4bit,142.0,9961.0,0.0,0
2026-06-26T15:30:06.799,timeseries,3,Weather Report Extended v2,mlx-community/DeepSeek-R1-Distill-Qwen-14B-4bit,129.0,11573.0,0.0,0
2026-06-26T15:30:06.862,timeseries,3,Weather Report Extended v2,mlx-community/DeepSeek-R1-Distill-Qwen-14B-4bit,176.0,10078.0,0.0,0
2026-06-26T15:30:06.924,timeseries,3,Weather Report Extended v2,mlx-community/DeepSeek-R1-Distill-Qwen-14B-4bit,239.0,11371.0,0.0,0
2026-06-26T15:30:06.985,timeseries,3,Weather Report Extended v2,mlx-community/DeepSeek-R1-Distill-Qwen-14B-4bit,142.0,9948.0,0.0,0
2026-06-26T15:30:07.048,timeseries,3,Weather Report Extended v2,mlx-community/DeepSeek-R1-Distill-Qwen-14B-4bit,147.0,11744.0,0.0,0
2026-06-26T15:30:07.110,timeseries,3,Weather Report Extended v2,mlx-community/DeepSeek-R1-Distill-Qwen-14B-4bit,242.0,10115.0,0.0,0
2026-06-26T15:30:07.173,timeseries,3,Weather Report Extended v2,mlx-community/DeepSeek-R1-Distill-Qwen-14B-4bit,257.0,11517.0,0.0,0
2026-06-26T15:30:07.235,timeseries,3,Weather Report Extended v2,mlx-community/DeepSeek-R1-Distill-Qwen-14B-4bit,143.0,10017.0,0.0,0
2026-06-26T15:30:07.299,timeseries,3,Weather Report Extended v2,mlx-community/DeepSeek-R1-Distill-Qwen-14B-4bit,144.0,11510.0,0.0,0
2026-06-26T15:30:07.363,timeseries,3,Weather Report Extended v2,mlx-community/DeepSeek-R1-Distill-Qwen-14B-4bit,129.0,10175.0,0.0,0
2026-06-26T15:30:07.424,timeseries,3,Weather Report Extended v2,mlx-community/DeepSeek-R1-Distill-Qwen-14B-4bit,264.0,11073.0,0.0,0
2026-06-26T15:30:07.486,timeseries,3,Weather Report Extended v2,mlx-community/DeepSeek-R1-Distill-Qwen-14B-4bit,204.0,9918.0,0.0,0
2026-06-26T15:30:07.548,timeseries,3,Weather Report Extended v2,mlx-community/DeepSeek-R1-Distill-Qwen-14B-4bit,163.0,11746.0,0.0,0
2026-06-26T15:30:07.612,timeseries,3,Weather Report Extended v2,mlx-community/DeepSeek-R1-Distill-Qwen-14B-4bit,260.0,10223.0,0.0,0
2026-06-26T15:30:07.674,timeseries,3,Weather Report Extended v2,mlx-community/DeepSeek-R1-Distill-Qwen-14B-4bit,256.0,11503.0,0.0,0
2026-06-26T15:30:07.738,timeseries,3,Weather Report Extended v2,mlx-community/DeepSeek-R1-Distill-Qwen-14B-4bit,157.0,9907.0,0.0,0
2026-06-26T15:30:07.801,timeseries,3,Weather Report Extended v2,mlx-community/DeepSeek-R1-Distill-Qwen-14B-4bit,177.0,11592.0,0.0,0
2026-06-26T15:30:07.865,timeseries,3,Weather Report Extended v2,mlx-community/DeepSeek-R1-Distill-Qwen-14B-4bit,284.0,11315.0,0.0,0
2026-06-26T15:30:07.926,timeseries,3,Weather Report Extended v2,mlx-community/DeepSeek-R1-Distill-Qwen-14B-4bit,413.0,9917.0,0.0,0
2026-06-26T15:30:07.988,timeseries,3,Weather Report Extended v2,mlx-community/DeepSeek-R1-Distill-Qwen-14B-4bit,297.0,11270.0,0.0,0
2026-06-26T15:30:08.049,timeseries,3,Weather Report Extended v2,mlx-community/DeepSeek-R1-Distill-Qwen-14B-4bit,263.0,10423.0,0.0,0
2026-06-26T15:30:08.112,timeseries,3,Weather Report Extended v2,mlx-community/DeepSeek-R1-Distill-Qwen-14B-4bit,353.0,10025.0,0.0,0
2026-06-26T15:30:08.174,timeseries,3,Weather Report Extended v2,mlx-community/DeepSeek-R1-Distill-Qwen-14B-4bit,243.0,11686.0,0.0,0
2026-06-26T15:30:08.236,timeseries,3,Weather Report Extended v2,mlx-community/DeepSeek-R1-Distill-Qwen-14B-4bit,144.0,10098.0,0.0,0
2026-06-26T15:30:08.299,timeseries,3,Weather Report Extended v2,mlx-community/DeepSeek-R1-Distill-Qwen-14B-4bit,145.0,11577.0,0.0,0
2026-06-26T15:30:08.359,timeseries,3,Weather Report Extended v2,mlx-community/DeepSeek-R1-Distill-Qwen-14B-4bit,164.0,10240.0,0.0,0
2026-06-26T15:30:08.421,timeseries,3,Weather Report Extended v2,mlx-community/DeepSeek-R1-Distill-Qwen-14B-4bit,1331.0,11106.0,0.0,0
2026-06-26T15:30:08.482,timeseries,3,Weather Report Extended v2,mlx-community/DeepSeek-R1-Distill-Qwen-14B-4bit,1579.0,10472.0,0.0,0
2026-06-26T15:30:08.543,timeseries,3,Weather Report Extended v2,mlx-community/DeepSeek-R1-Distill-Qwen-14B-4bit,388.0,10130.0,0.0,0
2026-06-26T15:30:08.605,timeseries,3,Weather Report Extended v2,mlx-community/DeepSeek-R1-Distill-Qwen-14B-4bit,925.0,11533.0,0.0,0
2026-06-26T15:30:08.667,timeseries,3,Weather Report Extended v2,mlx-community/DeepSeek-R1-Distill-Qwen-14B-4bit,2707.0,10203.0,0.0,0
2026-06-26T15:30:08.730,timeseries,3,Weather Report Extended v2,mlx-community/DeepSeek-R1-Distill-Qwen-14B-4bit,513.0,11516.0,0.0,0
2026-06-26T15:30:08.788,timeseries,3,Weather Report Extended v2,mlx-community/DeepSeek-R1-Distill-Qwen-14B-4bit,356.0,10173.0,0.0,0
2026-06-26T15:30:08.848,timeseries,3,Weather Report Extended v2,mlx-community/DeepSeek-R1-Distill-Qwen-14B-4bit,431.0,9936.0,0.0,0
2026-06-26T15:30:08.910,timeseries,3,Weather Report Extended v2,mlx-community/DeepSeek-R1-Distill-Qwen-14B-4bit,870.0,10784.0,0.0,0
2026-06-26T15:30:08.972,timeseries,3,Weather Report Extended v2,mlx-community/DeepSeek-R1-Distill-Qwen-14B-4bit,965.0,12000.0,0.0,0
2026-06-26T15:30:09.034,timeseries,3,Weather Report Extended v2,mlx-community/DeepSeek-R1-Distill-Qwen-14B-4bit,522.0,10311.0,0.0,0
2026-06-26T15:30:09.096,timeseries,3,Weather Report Extended v2,mlx-community/DeepSeek-R1-Distill-Qwen-14B-4bit,985.0,11622.0,0.0,0
2026-06-26T15:30:09.158,timeseries,3,Weather Report Extended v2,mlx-community/DeepSeek-R1-Distill-Qwen-14B-4bit,1848.0,10011.0,0.0,0
2026-06-26T15:30:09.220,timeseries,3,Weather Report Extended v2,mlx-community/DeepSeek-R1-Distill-Qwen-14B-4bit,1172.0,10134.0,0.0,0
2026-06-26T15:30:09.282,timeseries,3,Weather Report Extended v2,mlx-community/DeepSeek-R1-Distill-Qwen-14B-4bit,277.0,11686.0,0.0,0
2026-06-26T15:30:09.344,timeseries,3,Weather Report Extended v2,mlx-community/DeepSeek-R1-Distill-Qwen-14B-4bit,448.0,10036.0,0.0,0
2026-06-26T15:30:09.407,timeseries,3,Weather Report Extended v2,mlx-community/DeepSeek-R1-Distill-Qwen-14B-4bit,967.0,11490.0,0.0,0
2026-06-26T15:30:09.470,timeseries,3,Weather Report Extended v2,mlx-community/DeepSeek-R1-Distill-Qwen-14B-4bit,645.0,10127.0,0.0,0
2026-06-26T15:30:09.532,timeseries,3,Weather Report Extended v2,mlx-community/DeepSeek-R1-Distill-Qwen-14B-4bit,397.0,11405.0,0.0,0
2026-06-26T15:30:09.594,timeseries,3,Weather Report Extended v2,mlx-community/DeepSeek-R1-Distill-Qwen-14B-4bit,1008.0,9879.0,0.0,0
2026-06-26T15:30:09.655,timeseries,3,Weather Report Extended v2,mlx-community/DeepSeek-R1-Distill-Qwen-14B-4bit,503.0,11659.0,0.0,0
2026-06-26T15:30:09.718,timeseries,3,Weather Report Extended v2,mlx-community/DeepSeek-R1-Distill-Qwen-14B-4bit,532.0,10094.0,0.0,0
2026-06-26T15:30:09.779,timeseries,3,Weather Report Extended v2,mlx-community/DeepSeek-R1-Distill-Qwen-14B-4bit,310.0,11723.0,0.0,0
2026-06-26T15:30:09.842,timeseries,3,Weather Report Extended v2,mlx-community/DeepSeek-R1-Distill-Qwen-14B-4bit,402.0,10152.0,0.0,0
2026-06-26T15:30:09.902,timeseries,3,Weather Report Extended v2,mlx-community/DeepSeek-R1-Distill-Qwen-14B-4bit,921.0,11425.0,0.0,0
2026-06-26T15:30:09.959,timeseries,3,Weather Report Extended v2,mlx-community/DeepSeek-R1-Distill-Qwen-14B-4bit,4802.0,9828.0,0.0,0
2026-06-26T15:30:10.021,timeseries,3,Weather Report Extended v2,mlx-community/DeepSeek-R1-Distill-Qwen-14B-4bit,4656.0,10305.0,0.0,0
2026-06-26T15:30:10.084,timeseries,3,Weather Report Extended v2,mlx-community/DeepSeek-R1-Distill-Qwen-14B-4bit,902.0,11288.0,0.0,0
2026-06-26T15:30:10.149,timeseries,3,Weather Report Extended v2,mlx-community/DeepSeek-R1-Distill-Qwen-14B-4bit,1327.0,11623.0,0.0,0
2026-06-26T15:30:10.215,timeseries,3,Weather Report Extended v2,mlx-community/DeepSeek-R1-Distill-Qwen-14B-4bit,504.0,9926.0,0.0,0
2026-06-26T15:30:10.278,timeseries,3,Weather Report Extended v2,mlx-community/DeepSeek-R1-Distill-Qwen-14B-4bit,605.0,11146.0,0.0,0
2026-06-26T15:30:10.340,timeseries,3,Weather Report Extended v2,mlx-community/DeepSeek-R1-Distill-Qwen-14B-4bit,754.0,10771.0,0.0,0
2026-06-26T15:30:10.404,timeseries,3,Weather Report Extended v2,mlx-community/DeepSeek-R1-Distill-Qwen-14B-4bit,1035.0,9949.0,0.0,0
2026-06-26T15:30:10.469,timeseries,3,Weather Report Extended v2,mlx-community/DeepSeek-R1-Distill-Qwen-14B-4bit,420.0,11645.0,0.0,0
2026-06-26T15:30:10.535,timeseries,3,Weather Report Extended v2,mlx-community/DeepSeek-R1-Distill-Qwen-14B-4bit,543.0,11143.0,0.0,0
2026-06-26T15:30:10.599,timeseries,3,Weather Report Extended v2,mlx-community/DeepSeek-R1-Distill-Qwen-14B-4bit,1147.0,10987.0,0.0,0
2026-06-26T15:30:10.664,timeseries,3,Weather Report Extended v2,mlx-community/DeepSeek-R1-Distill-Qwen-14B-4bit,564.0,9601.0,0.0,0
2026-06-26T15:30:10.730,timeseries,3,Weather Report Extended v2,mlx-community/DeepSeek-R1-Distill-Qwen-14B-4bit,357.0,11133.0,0.0,0
2026-06-26T15:30:10.795,timeseries,3,Weather Report Extended v2,mlx-community/DeepSeek-R1-Distill-Qwen-14B-4bit,522.0,11043.0,0.0,0
2026-06-26T15:30:10.860,timeseries,3,Weather Report Extended v2,mlx-community/DeepSeek-R1-Distill-Qwen-14B-4bit,456.0,10947.0,0.0,0
2026-06-26T15:30:10.925,timeseries,3,Weather Report Extended v2,mlx-community/DeepSeek-R1-Distill-Qwen-14B-4bit,457.0,10960.0,0.0,0
2026-06-26T15:30:10.991,timeseries,3,Weather Report Extended v2,mlx-community/DeepSeek-R1-Distill-Qwen-14B-4bit,418.0,9760.0,0.0,0
2026-06-26T15:30:11.058,timeseries,3,Weather Report Extended v2,mlx-community/DeepSeek-R1-Distill-Qwen-14B-4bit,582.0,11045.0,0.0,0
2026-06-26T15:30:11.125,timeseries,3,Weather Report Extended v2,mlx-community/DeepSeek-R1-Distill-Qwen-14B-4bit,962.0,10999.0,0.0,0
2026-06-26T15:30:11.192,timeseries,3,Weather Report Extended v2,mlx-community/DeepSeek-R1-Distill-Qwen-14B-4bit,418.0,10815.0,0.0,0
2026-06-26T15:30:11.259,timeseries,3,Weather Report Extended v2,mlx-community/DeepSeek-R1-Distill-Qwen-14B-4bit,373.0,10771.0,0.0,0
2026-06-26T15:30:11.323,timeseries,3,Weather Report Extended v2,mlx-community/DeepSeek-R1-Distill-Qwen-14B-4bit,448.0,12099.0,0.0,0
2026-06-26T15:30:11.381,timeseries,3,Weather Report Extended v2,mlx-community/DeepSeek-R1-Distill-Qwen-14B-4bit,1283.0,9312.0,0.0,0
2026-06-26T15:30:11.442,timeseries,3,Weather Report Extended v2,mlx-community/DeepSeek-R1-Distill-Qwen-14B-4bit,3388.0,9236.0,0.0,0
2026-06-26T15:30:11.505,timeseries,3,Weather Report Extended v2,mlx-community/DeepSeek-R1-Distill-Qwen-14B-4bit,1097.0,12461.0,0.0,0
2026-06-26T15:30:11.568,timeseries,3,Weather Report Extended v2,mlx-community/DeepSeek-R1-Distill-Qwen-14B-4bit,607.0,10332.0,0.0,0
2026-06-26T15:30:11.629,timeseries,3,Weather Report Extended v2,mlx-community/DeepSeek-R1-Distill-Qwen-14B-4bit,1075.0,11571.0,0.0,0
2026-06-26T15:30:11.691,timeseries,3,Weather Report Extended v2,mlx-community/DeepSeek-R1-Distill-Qwen-14B-4bit,511.0,10086.0,0.0,0
2026-06-26T15:30:11.753,timeseries,3,Weather Report Extended v2,mlx-community/DeepSeek-R1-Distill-Qwen-14B-4bit,532.0,10117.0,0.0,0
2026-06-26T15:30:11.817,timeseries,3,Weather Report Extended v2,mlx-community/DeepSeek-R1-Distill-Qwen-14B-4bit,534.0,11637.0,0.0,0
2026-06-26T15:30:11.880,timeseries,3,Weather Report Extended v2,mlx-community/DeepSeek-R1-Distill-Qwen-14B-4bit,530.0,11542.0,0.0,0
2026-06-26T15:30:11.942,timeseries,3,Weather Report Extended v2,mlx-community/DeepSeek-R1-Distill-Qwen-14B-4bit,1582.0,9919.0,0.0,0
2026-06-26T15:30:12.005,timeseries,3,Weather Report Extended v2,mlx-community/DeepSeek-R1-Distill-Qwen-14B-4bit,553.0,11391.0,0.0,0
2026-06-26T15:30:12.068,timeseries,3,Weather Report Extended v2,mlx-community/DeepSeek-R1-Distill-Qwen-14B-4bit,567.0,10214.0,0.0,0
2026-06-26T15:30:12.130,timeseries,3,Weather Report Extended v2,mlx-community/DeepSeek-R1-Distill-Qwen-14B-4bit,1061.0,11327.0,0.0,0
2026-06-26T15:30:12.191,timeseries,3,Weather Report Extended v2,mlx-community/DeepSeek-R1-Distill-Qwen-14B-4bit,493.0,10011.0,0.0,0
2026-06-26T15:30:12.257,timeseries,3,Weather Report Extended v2,mlx-community/DeepSeek-R1-Distill-Qwen-14B-4bit,403.0,10192.0,0.0,0
2026-06-26T15:30:12.321,timeseries,3,Weather Report Extended v2,mlx-community/DeepSeek-R1-Distill-Qwen-14B-4bit,2176.0,11077.0,0.0,0
2026-06-26T15:30:12.387,timeseries,3,Weather Report Extended v2,mlx-community/DeepSeek-R1-Distill-Qwen-14B-4bit,1732.0,10926.0,0.0,0
2026-06-26T15:30:12.452,timeseries,3,Weather Report Extended v2,mlx-community/DeepSeek-R1-Distill-Qwen-14B-4bit,613.0,11257.0,0.0,0
2026-06-26T15:30:12.518,timeseries,3,Weather Report Extended v2,mlx-community/DeepSeek-R1-Distill-Qwen-14B-4bit,456.0,10860.0,0.0,0
2026-06-26T15:30:12.584,timeseries,3,Weather Report Extended v2,mlx-community/DeepSeek-R1-Distill-Qwen-14B-4bit,577.0,11236.0,0.0,0
2026-06-26T15:30:12.649,timeseries,3,Weather Report Extended v2,mlx-community/DeepSeek-R1-Distill-Qwen-14B-4bit,1163.0,10630.0,0.0,0
2026-06-26T15:30:12.715,timeseries,3,Weather Report Extended v2,mlx-community/DeepSeek-R1-Distill-Qwen-14B-4bit,456.0,9547.0,0.0,0
2026-06-26T15:30:12.781,timeseries,3,Weather Report Extended v2,mlx-community/DeepSeek-R1-Distill-Qwen-14B-4bit,532.0,10828.0,0.0,0
2026-06-26T15:30:12.849,timeseries,3,Weather Report Extended v2,mlx-community/DeepSeek-R1-Distill-Qwen-14B-4bit,443.0,10984.0,0.0,0
2026-06-26T15:30:12.917,timeseries,3,Weather Report Extended v2,mlx-community/DeepSeek-R1-Distill-Qwen-14B-4bit,452.0,10808.0,0.0,0
2026-06-26T15:30:12.985,timeseries,3,Weather Report Extended v2,mlx-community/DeepSeek-R1-Distill-Qwen-14B-4bit,440.0,11819.0,0.0,0
2026-06-26T15:30:13.052,timeseries,3,Weather Report Extended v2,mlx-community/DeepSeek-R1-Distill-Qwen-14B-4bit,426.0,10548.0,0.0,0
2026-06-26T15:30:13.118,timeseries,3,Weather Report Extended v2,mlx-community/DeepSeek-R1-Distill-Qwen-14B-4bit,1043.0,10658.0,0.0,0
2026-06-26T15:30:13.185,timeseries,3,Weather Report Extended v2,mlx-community/DeepSeek-R1-Distill-Qwen-14B-4bit,434.0,10790.0,0.0,0
2026-06-26T15:30:13.250,timeseries,3,Weather Report Extended v2,mlx-community/DeepSeek-R1-Distill-Qwen-14B-4bit,388.0,10762.0,0.0,0
2026-06-26T15:30:13.307,timeseries,3,Weather Report Extended v2,mlx-community/DeepSeek-R1-Distill-Qwen-14B-4bit,404.0,10751.0,0.0,0
2026-06-26T15:30:13.367,timeseries,3,Weather Report Extended v2,mlx-community/DeepSeek-R1-Distill-Qwen-14B-4bit,3619.0,7990.0,0.0,0
2026-06-26T15:30:13.428,timeseries,3,Weather Report Extended v2,mlx-community/DeepSeek-R1-Distill-Qwen-14B-4bit,947.0,12765.0,0.0,0
2026-06-26T15:30:13.489,timeseries,3,Weather Report Extended v2,mlx-community/DeepSeek-R1-Distill-Qwen-14B-4bit,2097.0,10606.0,0.0,0
2026-06-26T15:30:13.551,timeseries,3,Weather Report Extended v2,mlx-community/DeepSeek-R1-Distill-Qwen-14B-4bit,2539.0,9931.0,0.0,0
2026-06-26T15:30:13.613,timeseries,3,Weather Report Extended v2,mlx-community/DeepSeek-R1-Distill-Qwen-14B-4bit,626.0,11863.0,0.0,0
2026-06-26T15:30:13.676,timeseries,3,Weather Report Extended v2,mlx-community/DeepSeek-R1-Distill-Qwen-14B-4bit,354.0,10180.0,0.0,0
2026-06-26T15:30:13.739,timeseries,3,Weather Report Extended v2,mlx-community/DeepSeek-R1-Distill-Qwen-14B-4bit,177.0,11619.0,0.0,0
2026-06-26T15:30:13.801,timeseries,3,Weather Report Extended v2,mlx-community/DeepSeek-R1-Distill-Qwen-14B-4bit,209.0,10162.0,0.0,0
2026-06-26T15:30:13.863,timeseries,3,Weather Report Extended v2,mlx-community/DeepSeek-R1-Distill-Qwen-14B-4bit,222.0,11381.0,0.0,0
2026-06-26T15:30:13.925,timeseries,3,Weather Report Extended v2,mlx-community/DeepSeek-R1-Distill-Qwen-14B-4bit,287.0,10005.0,0.0,0
2026-06-26T15:30:13.990,timeseries,3,Weather Report Extended v2,mlx-community/DeepSeek-R1-Distill-Qwen-14B-4bit,244.0,11662.0,0.0,0
2026-06-26T15:30:14.051,timeseries,3,Weather Report Extended v2,mlx-community/DeepSeek-R1-Distill-Qwen-14B-4bit,224.0,10006.0,0.0,0
2026-06-26T15:30:14.114,timeseries,3,Weather Report Extended v2,mlx-community/DeepSeek-R1-Distill-Qwen-14B-4bit,358.0,11089.0,0.0,0
2026-06-26T15:30:14.175,timeseries,3,Weather Report Extended v2,mlx-community/DeepSeek-R1-Distill-Qwen-14B-4bit,460.0,10299.0,0.0,0
2026-06-26T15:30:14.240,timeseries,3,Weather Report Extended v2,mlx-community/DeepSeek-R1-Distill-Qwen-14B-4bit,239.0,11406.0,0.0,0
2026-06-26T15:30:14.302,timeseries,3,Weather Report Extended v2,mlx-community/DeepSeek-R1-Distill-Qwen-14B-4bit,178.0,10151.0,0.0,0
2026-06-26T15:30:14.365,timeseries,3,Weather Report Extended v2,mlx-community/DeepSeek-R1-Distill-Qwen-14B-4bit,218.0,11174.0,0.0,0
2026-06-26T15:30:14.427,timeseries,3,Weather Report Extended v2,mlx-community/DeepSeek-R1-Distill-Qwen-14B-4bit,351.0,9991.0,0.0,0
2026-06-26T15:30:14.491,timeseries,3,Weather Report Extended v2,mlx-community/DeepSeek-R1-Distill-Qwen-14B-4bit,238.0,11448.0,0.0,0
2026-06-26T15:30:14.552,timeseries,3,Weather Report Extended v2,mlx-community/DeepSeek-R1-Distill-Qwen-14B-4bit,210.0,10154.0,0.0,0
2026-06-26T15:30:14.615,timeseries,3,Weather Report Extended v2,mlx-community/DeepSeek-R1-Distill-Qwen-14B-4bit,378.0,11211.0,0.0,0
2026-06-26T15:30:14.677,timeseries,3,Weather Report Extended v2,mlx-community/DeepSeek-R1-Distill-Qwen-14B-4bit,310.0,10215.0,0.0,0
2026-06-26T15:30:14.739,timeseries,3,Weather Report Extended v2,mlx-community/DeepSeek-R1-Distill-Qwen-14B-4bit,191.0,11504.0,0.0,0
2026-06-26T15:30:14.801,timeseries,3,Weather Report Extended v2,mlx-community/DeepSeek-R1-Distill-Qwen-14B-4bit,244.0,10191.0,0.0,0
2026-06-26T15:30:14.863,timeseries,3,Weather Report Extended v2,mlx-community/DeepSeek-R1-Distill-Qwen-14B-4bit,240.0,11465.0,0.0,0
2026-06-26T15:30:14.926,timeseries,3,Weather Report Extended v2,mlx-community/DeepSeek-R1-Distill-Qwen-14B-4bit,225.0,10144.0,0.0,0
2026-06-26T15:30:14.988,timeseries,3,Weather Report Extended v2,mlx-community/DeepSeek-R1-Distill-Qwen-14B-4bit,177.0,11541.0,0.0,0
2026-06-26T15:30:15.049,timeseries,3,Weather Report Extended v2,mlx-community/DeepSeek-R1-Distill-Qwen-14B-4bit,143.0,10057.0,0.0,0
2026-06-26T15:30:15.110,timeseries,3,Weather Report Extended v2,mlx-community/DeepSeek-R1-Distill-Qwen-14B-4bit,259.0,10182.0,0.0,0
2026-06-26T15:30:15.173,timeseries,3,Weather Report Extended v2,mlx-community/DeepSeek-R1-Distill-Qwen-14B-4bit,244.0,11726.0,0.0,0
2026-06-26T15:30:15.235,timeseries,3,Weather Report Extended v2,mlx-community/DeepSeek-R1-Distill-Qwen-14B-4bit,195.0,10248.0,0.0,0
2026-06-26T15:30:15.297,timeseries,3,Weather Report Extended v2,mlx-community/DeepSeek-R1-Distill-Qwen-14B-4bit,144.0,11523.0,0.0,0
2026-06-26T15:30:15.363,timeseries,3,Weather Report Extended v2,mlx-community/DeepSeek-R1-Distill-Qwen-14B-4bit,130.0,10275.0,0.0,0
2026-06-26T15:30:15.426,timeseries,3,Weather Report Extended v2,mlx-community/DeepSeek-R1-Distill-Qwen-14B-4bit,367.0,11353.0,0.0,0
2026-06-26T15:30:15.492,timeseries,3,Weather Report Extended v2,mlx-community/DeepSeek-R1-Distill-Qwen-14B-4bit,273.0,10929.0,0.0,0
2026-06-26T15:30:15.556,timeseries,3,Weather Report Extended v2,mlx-community/DeepSeek-R1-Distill-Qwen-14B-4bit,269.0,11343.0,0.0,0
2026-06-26T15:30:15.619,timeseries,3,Weather Report Extended v2,mlx-community/DeepSeek-R1-Distill-Qwen-14B-4bit,641.0,9364.0,0.0,0
2026-06-26T15:30:15.683,timeseries,3,Weather Report Extended v2,mlx-community/DeepSeek-R1-Distill-Qwen-14B-4bit,433.0,11093.0,0.0,0
2026-06-26T15:30:15.745,timeseries,3,Weather Report Extended v2,mlx-community/DeepSeek-R1-Distill-Qwen-14B-4bit,206.0,10015.0,0.0,0
2026-06-26T15:30:15.811,timeseries,3,Weather Report Extended v2,mlx-community/DeepSeek-R1-Distill-Qwen-14B-4bit,158.0,11431.0,0.0,0
2026-06-26T15:30:15.872,timeseries,3,Weather Report Extended v2,mlx-community/DeepSeek-R1-Distill-Qwen-14B-4bit,2871.0,10720.0,0.0,0
2026-06-26T15:30:15.935,timeseries,3,Weather Report Extended v2,mlx-community/DeepSeek-R1-Distill-Qwen-14B-4bit,5527.0,9445.0,0.0,0
2026-06-26T15:30:16.000,timeseries,3,Weather Report Extended v2,mlx-community/DeepSeek-R1-Distill-Qwen-14B-4bit,1063.0,11691.0,0.0,0
2026-06-26T15:30:16.063,timeseries,3,Weather Report Extended v2,mlx-community/DeepSeek-R1-Distill-Qwen-14B-4bit,586.0,9910.0,0.0,0
2026-06-26T15:30:16.129,timeseries,3,Weather Report Extended v2,mlx-community/DeepSeek-R1-Distill-Qwen-14B-4bit,731.0,11054.0,0.0,0
2026-06-26T15:30:16.193,timeseries,3,Weather Report Extended v2,mlx-community/DeepSeek-R1-Distill-Qwen-14B-4bit,412.0,11338.0,0.0,0
2026-06-26T15:30:16.259,timeseries,3,Weather Report Extended v2,mlx-community/DeepSeek-R1-Distill-Qwen-14B-4bit,699.0,10806.0,0.0,0
2026-06-26T15:30:16.321,timeseries,3,Weather Report Extended v2,mlx-community/DeepSeek-R1-Distill-Qwen-14B-4bit,8869.0,10649.0,0.0,0
2026-06-26T15:30:16.387,timeseries,3,Weather Report Extended v2,mlx-community/DeepSeek-R1-Distill-Qwen-14B-4bit,533.0,9610.0,0.0,0
2026-06-26T15:30:16.453,timeseries,3,Weather Report Extended v2,mlx-community/DeepSeek-R1-Distill-Qwen-14B-4bit,352.0,11488.0,0.0,0
2026-06-26T15:30:16.519,timeseries,3,Weather Report Extended v2,mlx-community/DeepSeek-R1-Distill-Qwen-14B-4bit,167.0,10994.0,0.0,0
2026-06-26T15:30:16.582,timeseries,3,Weather Report Extended v2,mlx-community/DeepSeek-R1-Distill-Qwen-14B-4bit,198.0,10958.0,0.0,0
2026-06-26T15:30:16.647,timeseries,3,Weather Report Extended v2,mlx-community/DeepSeek-R1-Distill-Qwen-14B-4bit,270.0,9439.0,0.0,0
2026-06-26T15:30:16.715,timeseries,3,Weather Report Extended v2,mlx-community/DeepSeek-R1-Distill-Qwen-14B-4bit,143.0,11500.0,0.0,0
2026-06-26T15:30:16.782,timeseries,3,Weather Report Extended v2,mlx-community/DeepSeek-R1-Distill-Qwen-14B-4bit,91.0,11016.0,0.0,0
2026-06-26T15:30:16.844,timeseries,3,Weather Report Extended v2,mlx-community/DeepSeek-R1-Distill-Qwen-14B-4bit,193.0,10609.0,0.0,0
2026-06-26T15:30:16.910,timeseries,3,Weather Report Extended v2,mlx-community/DeepSeek-R1-Distill-Qwen-14B-4bit,313.0,10509.0,0.0,0
2026-06-26T15:30:16.976,timeseries,3,Weather Report Extended v2,mlx-community/DeepSeek-R1-Distill-Qwen-14B-4bit,129.0,11642.0,0.0,0
2026-06-26T15:30:17.038,timeseries,3,Weather Report Extended v2,mlx-community/DeepSeek-R1-Distill-Qwen-14B-4bit,122.0,10999.0,0.0,0
2026-06-26T15:30:17.101,timeseries,3,Weather Report Extended v2,mlx-community/DeepSeek-R1-Distill-Qwen-14B-4bit,151.0,9544.0,0.0,0
2026-06-26T15:30:17.167,timeseries,3,Weather Report Extended v2,mlx-community/DeepSeek-R1-Distill-Qwen-14B-4bit,294.0,11746.0,0.0,0
2026-06-26T15:30:17.235,timeseries,3,Weather Report Extended v2,mlx-community/DeepSeek-R1-Distill-Qwen-14B-4bit,95.0,11459.0,0.0,0
2026-06-26T15:30:17.302,timeseries,3,Weather Report Extended v2,mlx-community/DeepSeek-R1-Distill-Qwen-14B-4bit,134.0,10786.0,0.0,0
2026-06-26T15:30:17.367,timeseries,3,Weather Report Extended v2,mlx-community/DeepSeek-R1-Distill-Qwen-14B-4bit,103.0,10570.0,0.0,0
2026-06-26T15:30:17.435,timeseries,3,Weather Report Extended v2,mlx-community/DeepSeek-R1-Distill-Qwen-14B-4bit,272.0,10879.0,0.0,0
2026-06-26T15:30:17.501,timeseries,3,Weather Report Extended v2,mlx-community/DeepSeek-R1-Distill-Qwen-14B-4bit,107.0,11084.0,0.0,0
2026-06-26T15:30:17.567,timeseries,3,Weather Report Extended v2,mlx-community/DeepSeek-R1-Distill-Qwen-14B-4bit,148.0,10706.0,0.0,0
2026-06-26T15:30:17.632,timeseries,3,Weather Report Extended v2,mlx-community/DeepSeek-R1-Distill-Qwen-14B-4bit,332.0,9418.0,0.0,0
2026-06-26T15:30:17.693,timeseries,3,Weather Report Extended v2,mlx-community/DeepSeek-R1-Distill-Qwen-14B-4bit,835.0,10766.0,0.0,0
2026-06-26T15:30:17.759,timeseries,3,Weather Report Extended v2,mlx-community/DeepSeek-R1-Distill-Qwen-14B-4bit,306.0,11020.0,0.0,0
2026-06-26T15:30:17.826,timeseries,3,Weather Report Extended v2,mlx-community/DeepSeek-R1-Distill-Qwen-14B-4bit,197.0,11830.0,0.0,0
2026-06-26T15:30:17.891,timeseries,3,Weather Report Extended v2,mlx-community/DeepSeek-R1-Distill-Qwen-14B-4bit,136.0,10955.0,0.0,0
2026-06-26T15:30:17.958,timeseries,3,Weather Report Extended v2,mlx-community/DeepSeek-R1-Distill-Qwen-14B-4bit,165.0,9440.0,0.0,0
2026-06-26T15:30:18.023,timeseries,3,Weather Report Extended v2,mlx-community/DeepSeek-R1-Distill-Qwen-14B-4bit,138.0,11107.0,0.0,0
2026-06-26T15:30:18.088,timeseries,3,Weather Report Extended v2,mlx-community/DeepSeek-R1-Distill-Qwen-14B-4bit,238.0,10633.0,0.0,0
2026-06-26T15:30:18.155,timeseries,3,Weather Report Extended v2,mlx-community/DeepSeek-R1-Distill-Qwen-14B-4bit,4532.0,10729.0,0.0,0
2026-06-26T15:30:18.222,timeseries,3,Weather Report Extended v2,mlx-community/DeepSeek-R1-Distill-Qwen-14B-4bit,3688.0,11033.0,0.0,0
2026-06-26T15:30:18.286,timeseries,3,Weather Report Extended v2,mlx-community/DeepSeek-R1-Distill-Qwen-14B-4bit,1310.0,10586.0,0.0,0
2026-06-26T15:30:18.352,timeseries,3,Weather Report Extended v2,mlx-community/DeepSeek-R1-Distill-Qwen-14B-4bit,3607.0,6615.0,0.0,0
2026-06-26T15:30:18.412,timeseries,3,Weather Report Extended v2,mlx-community/DeepSeek-R1-Distill-Qwen-14B-4bit,2485.0,7857.0,0.0,0
2026-06-26T15:30:18.469,timeseries,3,Weather Report Extended v2,mlx-community/DeepSeek-R1-Distill-Qwen-14B-4bit,2666.0,8659.0,0.0,0
2026-06-26T15:30:18.538,timeseries,3,Weather Report Extended v2,mlx-community/DeepSeek-R1-Distill-Qwen-14B-4bit,3552.0,9708.0,0.0,0
2026-06-26T15:30:18.599,timeseries,3,Weather Report Extended v2,mlx-community/DeepSeek-R1-Distill-Qwen-14B-4bit,6880.0,11588.0,0.0,0
2026-06-26T15:30:18.665,timeseries,3,Weather Report Extended v2,mlx-community/DeepSeek-R1-Distill-Qwen-14B-4bit,9459.0,8426.0,0.0,0
2026-06-26T15:30:18.729,timeseries,3,Weather Report Extended v2,mlx-community/DeepSeek-R1-Distill-Qwen-14B-4bit,6501.0,10840.0,0.0,0
2026-06-26T15:30:18.792,timeseries,3,Weather Report Extended v2,mlx-community/DeepSeek-R1-Distill-Qwen-14B-4bit,6030.0,10519.0,0.0,0
2026-06-26T15:30:18.852,timeseries,3,Weather Report Extended v2,mlx-community/DeepSeek-R1-Distill-Qwen-14B-4bit,5758.0,11173.0,0.0,0
2026-06-26T15:30:18.914,timeseries,3,Weather Report Extended v2,mlx-community/DeepSeek-R1-Distill-Qwen-14B-4bit,5993.0,10063.0,0.0,0
2026-06-26T15:30:18.974,timeseries,3,Weather Report Extended v2,mlx-community/DeepSeek-R1-Distill-Qwen-14B-4bit,5541.0,10439.0,0.0,0
2026-06-26T15:30:19.035,timeseries,3,Weather Report Extended v2,mlx-community/DeepSeek-R1-Distill-Qwen-14B-4bit,5666.0,10386.0,0.0,0
2026-06-26T15:30:19.098,timeseries,3,Weather Report Extended v2,mlx-community/DeepSeek-R1-Distill-Qwen-14B-4bit,6500.0,11895.0,0.0,0
2026-06-26T15:30:19.164,timeseries,3,Weather Report Extended v2,mlx-community/DeepSeek-R1-Distill-Qwen-14B-4bit,4530.0,10367.0,0.0,0
2026-06-26T15:30:19.228,timeseries,3,Weather Report Extended v2,mlx-community/DeepSeek-R1-Distill-Qwen-14B-4bit,7160.0,11199.0,0.0,0
2026-06-26T15:30:19.288,timeseries,3,Weather Report Extended v2,mlx-community/DeepSeek-R1-Distill-Qwen-14B-4bit,6859.0,10374.0,0.0,0
2026-06-26T15:30:19.350,timeseries,3,Weather Report Extended v2,mlx-community/DeepSeek-R1-Distill-Qwen-14B-4bit,6080.0,9663.0,0.0,0
2026-06-26T15:30:19.411,timeseries,3,Weather Report Extended v2,mlx-community/DeepSeek-R1-Distill-Qwen-14B-4bit,6215.0,11834.0,0.0,0
2026-06-26T15:30:19.473,timeseries,3,Weather Report Extended v2,mlx-community/DeepSeek-R1-Distill-Qwen-14B-4bit,5982.0,10152.0,0.0,0
2026-06-26T15:30:19.535,timeseries,3,Weather Report Extended v2,mlx-community/DeepSeek-R1-Distill-Qwen-14B-4bit,6058.0,10327.0,0.0,0
2026-06-26T15:30:19.596,timeseries,3,Weather Report Extended v2,mlx-community/DeepSeek-R1-Distill-Qwen-14B-4bit,6306.0,11671.0,0.0,0
2026-06-26T15:30:19.657,timeseries,3,Weather Report Extended v2,mlx-community/DeepSeek-R1-Distill-Qwen-14B-4bit,5673.0,10327.0,0.0,0
2026-06-26T15:30:19.720,timeseries,3,Weather Report Extended v2,mlx-community/DeepSeek-R1-Distill-Qwen-14B-4bit,5484.0,10448.0,0.0,0
2026-06-26T15:30:19.783,timeseries,3,Weather Report Extended v2,mlx-community/DeepSeek-R1-Distill-Qwen-14B-4bit,5301.0,11932.0,0.0,0
2026-06-26T15:30:19.843,timeseries,3,Weather Report Extended v2,mlx-community/DeepSeek-R1-Distill-Qwen-14B-4bit,5395.0,9968.0,0.0,0
2026-06-26T15:30:19.904,timeseries,3,Weather Report Extended v2,mlx-community/DeepSeek-R1-Distill-Qwen-14B-4bit,5870.0,11500.0,0.0,0
2026-06-26T15:30:19.966,timeseries,3,Weather Report Extended v2,mlx-community/DeepSeek-R1-Distill-Qwen-14B-4bit,5807.0,10566.0,0.0,0
2026-06-26T15:30:20.029,timeseries,3,Weather Report Extended v2,mlx-community/DeepSeek-R1-Distill-Qwen-14B-4bit,5253.0,10179.0,0.0,0
2026-06-26T15:30:20.089,timeseries,3,Weather Report Extended v2,mlx-community/DeepSeek-R1-Distill-Qwen-14B-4bit,6552.0,11393.0,0.0,0
2026-06-26T15:30:20.152,timeseries,3,Weather Report Extended v2,mlx-community/DeepSeek-R1-Distill-Qwen-14B-4bit,9393.0,9758.0,0.0,0
2026-06-26T15:30:20.170,timeseries,3,Weather Report Extended v2,mlx-community/DeepSeek-R1-Distill-Qwen-14B-4bit,6462.0,11487.0,0.0,933
