timestamp,record_type,task_id,task_name,model_name,cpu_power_mw,gpu_power_mw,ane_power_mw,current_token
2026-06-26T13:18:08.361,timeseries,1,User List,mlx-community/Llama-3.2-1B-Instruct-4bit,578.0,939.0,0.0,0
2026-06-26T13:18:08.419,timeseries,1,User List,mlx-community/Llama-3.2-1B-Instruct-4bit,410.0,732.0,0.0,0
2026-06-26T13:18:08.475,timeseries,1,User List,mlx-community/Llama-3.2-1B-Instruct-4bit,176.0,843.0,0.0,0
2026-06-26T13:18:08.531,timeseries,1,User List,mlx-community/Llama-3.2-1B-Instruct-4bit,292.0,824.0,0.0,0
2026-06-26T13:18:08.586,timeseries,1,User List,mlx-community/Llama-3.2-1B-Instruct-4bit,2955.0,837.0,0.0,0
2026-06-26T13:18:08.642,timeseries,1,User List,mlx-community/Llama-3.2-1B-Instruct-4bit,1941.0,845.0,0.0,0
2026-06-26T13:18:08.698,timeseries,1,User List,mlx-community/Llama-3.2-1B-Instruct-4bit,270.0,719.0,0.0,0
2026-06-26T13:18:08.753,timeseries,1,User List,mlx-community/Llama-3.2-1B-Instruct-4bit,288.0,845.0,0.0,0
2026-06-26T13:18:08.809,timeseries,1,User List,mlx-community/Llama-3.2-1B-Instruct-4bit,270.0,845.0,0.0,0
2026-06-26T13:18:08.864,timeseries,1,User List,mlx-community/Llama-3.2-1B-Instruct-4bit,270.0,720.0,0.0,0
2026-06-26T13:18:08.920,timeseries,1,User List,mlx-community/Llama-3.2-1B-Instruct-4bit,611.0,845.0,0.0,0
2026-06-26T13:18:08.975,timeseries,1,User List,mlx-community/Llama-3.2-1B-Instruct-4bit,270.0,847.0,0.0,0
2026-06-26T13:18:09.031,timeseries,1,User List,mlx-community/Llama-3.2-1B-Instruct-4bit,324.0,720.0,0.0,0
2026-06-26T13:18:09.086,timeseries,1,User List,mlx-community/Llama-3.2-1B-Instruct-4bit,271.0,848.0,0.0,0
2026-06-26T13:18:09.142,timeseries,1,User List,mlx-community/Llama-3.2-1B-Instruct-4bit,252.0,846.0,0.0,0
2026-06-26T13:18:09.197,timeseries,1,User List,mlx-community/Llama-3.2-1B-Instruct-4bit,360.0,721.0,0.0,0
2026-06-26T13:18:09.253,timeseries,1,User List,mlx-community/Llama-3.2-1B-Instruct-4bit,270.0,847.0,0.0,0
2026-06-26T13:18:09.309,timeseries,1,User List,mlx-community/Llama-3.2-1B-Instruct-4bit,1405.0,847.0,0.0,0
2026-06-26T13:18:09.364,timeseries,1,User List,mlx-community/Llama-3.2-1B-Instruct-4bit,305.0,717.0,0.0,0
2026-06-26T13:18:09.419,timeseries,1,User List,mlx-community/Llama-3.2-1B-Instruct-4bit,365.0,857.0,0.0,0
2026-06-26T13:18:09.474,timeseries,1,User List,mlx-community/Llama-3.2-1B-Instruct-4bit,270.0,721.0,0.0,0
2026-06-26T13:18:09.530,timeseries,1,User List,mlx-community/Llama-3.2-1B-Instruct-4bit,271.0,849.0,0.0,0
2026-06-26T13:18:09.585,timeseries,1,User List,mlx-community/Llama-3.2-1B-Instruct-4bit,252.0,847.0,0.0,0
2026-06-26T13:18:09.641,timeseries,1,User List,mlx-community/Llama-3.2-1B-Instruct-4bit,252.0,720.0,0.0,0
2026-06-26T13:18:09.696,timeseries,1,User List,mlx-community/Llama-3.2-1B-Instruct-4bit,343.0,848.0,0.0,0
2026-06-26T13:18:09.752,timeseries,1,User List,mlx-community/Llama-3.2-1B-Instruct-4bit,270.0,846.0,0.0,0
2026-06-26T13:18:09.807,timeseries,1,User List,mlx-community/Llama-3.2-1B-Instruct-4bit,270.0,721.0,0.0,0
2026-06-26T13:18:09.863,timeseries,1,User List,mlx-community/Llama-3.2-1B-Instruct-4bit,252.0,846.0,0.0,0
2026-06-26T13:18:09.918,timeseries,1,User List,mlx-community/Llama-3.2-1B-Instruct-4bit,433.0,849.0,0.0,0
2026-06-26T13:18:09.974,timeseries,1,User List,mlx-community/Llama-3.2-1B-Instruct-4bit,432.0,719.0,0.0,0
2026-06-26T13:18:10.029,timeseries,1,User List,mlx-community/Llama-3.2-1B-Instruct-4bit,252.0,847.0,0.0,0
2026-06-26T13:18:10.085,timeseries,1,User List,mlx-community/Llama-3.2-1B-Instruct-4bit,270.0,847.0,0.0,0
2026-06-26T13:18:10.140,timeseries,1,User List,mlx-community/Llama-3.2-1B-Instruct-4bit,252.0,720.0,0.0,0
2026-06-26T13:18:10.196,timeseries,1,User List,mlx-community/Llama-3.2-1B-Instruct-4bit,343.0,848.0,0.0,0
2026-06-26T13:18:10.251,timeseries,1,User List,mlx-community/Llama-3.2-1B-Instruct-4bit,252.0,847.0,0.0,0
2026-06-26T13:18:10.307,timeseries,1,User List,mlx-community/Llama-3.2-1B-Instruct-4bit,793.0,721.0,0.0,0
2026-06-26T13:18:10.362,timeseries,1,User List,mlx-community/Llama-3.2-1B-Instruct-4bit,270.0,845.0,0.0,0
2026-06-26T13:18:10.418,timeseries,1,User List,mlx-community/Llama-3.2-1B-Instruct-4bit,270.0,847.0,0.0,0
2026-06-26T13:18:10.473,timeseries,1,User List,mlx-community/Llama-3.2-1B-Instruct-4bit,342.0,721.0,0.0,0
2026-06-26T13:18:10.529,timeseries,1,User List,mlx-community/Llama-3.2-1B-Instruct-4bit,253.0,849.0,0.0,0
2026-06-26T13:18:10.584,timeseries,1,User List,mlx-community/Llama-3.2-1B-Instruct-4bit,252.0,847.0,0.0,0
2026-06-26T13:18:10.640,timeseries,1,User List,mlx-community/Llama-3.2-1B-Instruct-4bit,288.0,720.0,0.0,0
2026-06-26T13:18:10.695,timeseries,1,User List,mlx-community/Llama-3.2-1B-Instruct-4bit,252.0,847.0,0.0,0
2026-06-26T13:18:10.751,timeseries,1,User List,mlx-community/Llama-3.2-1B-Instruct-4bit,342.0,846.0,0.0,0
2026-06-26T13:18:10.806,timeseries,1,User List,mlx-community/Llama-3.2-1B-Instruct-4bit,253.0,722.0,0.0,0
2026-06-26T13:18:10.862,timeseries,1,User List,mlx-community/Llama-3.2-1B-Instruct-4bit,270.0,846.0,0.0,0
2026-06-26T13:18:10.917,timeseries,1,User List,mlx-community/Llama-3.2-1B-Instruct-4bit,432.0,846.0,0.0,0
2026-06-26T13:18:10.977,timeseries,1,User List,mlx-community/Llama-3.2-1B-Instruct-4bit,686.0,722.0,0.0,0
2026-06-26T13:18:11.032,timeseries,1,User List,mlx-community/Llama-3.2-1B-Instruct-4bit,473.0,855.0,0.0,0
2026-06-26T13:18:11.088,timeseries,1,User List,mlx-community/Llama-3.2-1B-Instruct-4bit,251.0,786.0,0.0,0
2026-06-26T13:18:11.143,timeseries,1,User List,mlx-community/Llama-3.2-1B-Instruct-4bit,270.0,847.0,0.0,0
2026-06-26T13:18:11.198,timeseries,1,User List,mlx-community/Llama-3.2-1B-Instruct-4bit,289.0,722.0,0.0,0
2026-06-26T13:18:11.254,timeseries,1,User List,mlx-community/Llama-3.2-1B-Instruct-4bit,343.0,848.0,0.0,0
2026-06-26T13:18:11.310,timeseries,1,User List,mlx-community/Llama-3.2-1B-Instruct-4bit,775.0,847.0,0.0,0
2026-06-26T13:18:11.365,timeseries,1,User List,mlx-community/Llama-3.2-1B-Instruct-4bit,252.0,720.0,0.0,0
2026-06-26T13:18:11.420,timeseries,1,User List,mlx-community/Llama-3.2-1B-Instruct-4bit,288.0,847.0,0.0,0
2026-06-26T13:18:11.476,timeseries,1,User List,mlx-community/Llama-3.2-1B-Instruct-4bit,252.0,847.0,0.0,0
2026-06-26T13:18:11.532,timeseries,1,User List,mlx-community/Llama-3.2-1B-Instruct-4bit,343.0,721.0,0.0,0
2026-06-26T13:18:11.587,timeseries,1,User List,mlx-community/Llama-3.2-1B-Instruct-4bit,270.0,847.0,0.0,0
2026-06-26T13:18:11.642,timeseries,1,User List,mlx-community/Llama-3.2-1B-Instruct-4bit,252.0,846.0,0.0,0
2026-06-26T13:18:11.698,timeseries,1,User List,mlx-community/Llama-3.2-1B-Instruct-4bit,270.0,721.0,0.0,0
2026-06-26T13:18:11.753,timeseries,1,User List,mlx-community/Llama-3.2-1B-Instruct-4bit,342.0,847.0,0.0,0
2026-06-26T13:18:11.809,timeseries,1,User List,mlx-community/Llama-3.2-1B-Instruct-4bit,270.0,847.0,0.0,0
2026-06-26T13:18:11.864,timeseries,1,User List,mlx-community/Llama-3.2-1B-Instruct-4bit,252.0,721.0,0.0,0
2026-06-26T13:18:11.920,timeseries,1,User List,mlx-community/Llama-3.2-1B-Instruct-4bit,254.0,851.0,0.0,0
2026-06-26T13:18:11.975,timeseries,1,User List,mlx-community/Llama-3.2-1B-Instruct-4bit,270.0,846.0,0.0,0
2026-06-26T13:18:12.031,timeseries,1,User List,mlx-community/Llama-3.2-1B-Instruct-4bit,612.0,720.0,0.0,0
2026-06-26T13:18:12.086,timeseries,1,User List,mlx-community/Llama-3.2-1B-Instruct-4bit,252.0,847.0,0.0,0
2026-06-26T13:18:12.142,timeseries,1,User List,mlx-community/Llama-3.2-1B-Instruct-4bit,252.0,846.0,0.0,0
2026-06-26T13:18:12.197,timeseries,1,User List,mlx-community/Llama-3.2-1B-Instruct-4bit,271.0,722.0,0.0,0
2026-06-26T13:18:12.253,timeseries,1,User List,mlx-community/Llama-3.2-1B-Instruct-4bit,252.0,847.0,0.0,0
2026-06-26T13:18:12.308,timeseries,1,User List,mlx-community/Llama-3.2-1B-Instruct-4bit,830.0,722.0,0.0,0
2026-06-26T13:18:12.364,timeseries,1,User List,mlx-community/Llama-3.2-1B-Instruct-4bit,288.0,845.0,0.0,0
2026-06-26T13:18:12.419,timeseries,1,User List,mlx-community/Llama-3.2-1B-Instruct-4bit,252.0,847.0,0.0,0
2026-06-26T13:18:12.475,timeseries,1,User List,mlx-community/Llama-3.2-1B-Instruct-4bit,252.0,721.0,0.0,0
2026-06-26T13:18:12.530,timeseries,1,User List,mlx-community/Llama-3.2-1B-Instruct-4bit,380.0,850.0,0.0,0
2026-06-26T13:18:12.585,timeseries,1,User List,mlx-community/Llama-3.2-1B-Instruct-4bit,252.0,848.0,0.0,0
2026-06-26T13:18:12.641,timeseries,1,User List,mlx-community/Llama-3.2-1B-Instruct-4bit,270.0,721.0,0.0,0
2026-06-26T13:18:12.697,timeseries,1,User List,mlx-community/Llama-3.2-1B-Instruct-4bit,253.0,848.0,0.0,0
2026-06-26T13:18:12.752,timeseries,1,User List,mlx-community/Llama-3.2-1B-Instruct-4bit,2450.0,847.0,0.0,0
2026-06-26T13:18:12.808,timeseries,1,User List,mlx-community/Llama-3.2-1B-Instruct-4bit,2009.0,717.0,0.0,0
2026-06-26T13:18:12.864,timeseries,1,User List,mlx-community/Llama-3.2-1B-Instruct-4bit,288.0,845.0,0.0,0
2026-06-26T13:18:12.919,timeseries,1,User List,mlx-community/Llama-3.2-1B-Instruct-4bit,250.0,841.0,0.0,0
2026-06-26T13:18:12.975,timeseries,1,User List,mlx-community/Llama-3.2-1B-Instruct-4bit,270.0,720.0,0.0,0
2026-06-26T13:18:13.031,timeseries,1,User List,mlx-community/Llama-3.2-1B-Instruct-4bit,288.0,847.0,0.0,0
2026-06-26T13:18:13.086,timeseries,1,User List,mlx-community/Llama-3.2-1B-Instruct-4bit,554.0,840.0,0.0,0
2026-06-26T13:18:13.142,timeseries,1,User List,mlx-community/Llama-3.2-1B-Instruct-4bit,270.0,847.0,0.0,0
2026-06-26T13:18:13.197,timeseries,1,User List,mlx-community/Llama-3.2-1B-Instruct-4bit,253.0,722.0,0.0,0
2026-06-26T13:18:13.253,timeseries,1,User List,mlx-community/Llama-3.2-1B-Instruct-4bit,252.0,847.0,0.0,0
2026-06-26T13:18:13.308,timeseries,1,User List,mlx-community/Llama-3.2-1B-Instruct-4bit,956.0,721.0,0.0,0
2026-06-26T13:18:13.364,timeseries,1,User List,mlx-community/Llama-3.2-1B-Instruct-4bit,252.0,846.0,0.0,0
2026-06-26T13:18:13.419,timeseries,1,User List,mlx-community/Llama-3.2-1B-Instruct-4bit,288.0,847.0,0.0,0
2026-06-26T13:18:13.474,timeseries,1,User List,mlx-community/Llama-3.2-1B-Instruct-4bit,271.0,721.0,0.0,0
2026-06-26T13:18:13.530,timeseries,1,User List,mlx-community/Llama-3.2-1B-Instruct-4bit,253.0,849.0,0.0,0
2026-06-26T13:18:13.585,timeseries,1,User List,mlx-community/Llama-3.2-1B-Instruct-4bit,361.0,848.0,0.0,0
2026-06-26T13:18:13.641,timeseries,1,User List,mlx-community/Llama-3.2-1B-Instruct-4bit,288.0,721.0,0.0,0
2026-06-26T13:18:13.696,timeseries,1,User List,mlx-community/Llama-3.2-1B-Instruct-4bit,252.0,847.0,0.0,0
2026-06-26T13:18:13.752,timeseries,1,User List,mlx-community/Llama-3.2-1B-Instruct-4bit,252.0,846.0,0.0,0
2026-06-26T13:18:13.807,timeseries,1,User List,mlx-community/Llama-3.2-1B-Instruct-4bit,288.0,721.0,0.0,0
2026-06-26T13:18:13.863,timeseries,1,User List,mlx-community/Llama-3.2-1B-Instruct-4bit,342.0,847.0,0.0,0
2026-06-26T13:18:13.918,timeseries,1,User List,mlx-community/Llama-3.2-1B-Instruct-4bit,253.0,849.0,0.0,0
2026-06-26T13:18:13.974,timeseries,1,User List,mlx-community/Llama-3.2-1B-Instruct-4bit,288.0,721.0,0.0,0
2026-06-26T13:18:14.029,timeseries,1,User List,mlx-community/Llama-3.2-1B-Instruct-4bit,252.0,847.0,0.0,0
2026-06-26T13:18:14.085,timeseries,1,User List,mlx-community/Llama-3.2-1B-Instruct-4bit,523.0,847.0,0.0,0
2026-06-26T13:18:14.140,timeseries,1,User List,mlx-community/Llama-3.2-1B-Instruct-4bit,325.0,722.0,0.0,0
2026-06-26T13:18:14.196,timeseries,1,User List,mlx-community/Llama-3.2-1B-Instruct-4bit,270.0,848.0,0.0,0
2026-06-26T13:18:14.251,timeseries,1,User List,mlx-community/Llama-3.2-1B-Instruct-4bit,270.0,846.0,0.0,0
2026-06-26T13:18:14.308,timeseries,1,User List,mlx-community/Llama-3.2-1B-Instruct-4bit,793.0,721.0,0.0,0
2026-06-26T13:18:14.365,timeseries,1,User List,mlx-community/Llama-3.2-1B-Instruct-4bit,7124.0,5811.0,0.0,0
2026-06-26T13:18:14.422,timeseries,1,User List,mlx-community/Llama-3.2-1B-Instruct-4bit,3276.0,8771.0,0.0,0
2026-06-26T13:18:14.474,timeseries,1,User List,mlx-community/Llama-3.2-1B-Instruct-4bit,1677.0,9037.0,0.0,21
2026-06-26T13:18:17.918,timeseries,2,Nested Product Conversion,mlx-community/Llama-3.2-1B-Instruct-4bit,2342.0,468.0,0.0,0
2026-06-26T13:18:17.976,timeseries,2,Nested Product Conversion,mlx-community/Llama-3.2-1B-Instruct-4bit,976.0,976.0,0.0,0
2026-06-26T13:18:18.038,timeseries,2,Nested Product Conversion,mlx-community/Llama-3.2-1B-Instruct-4bit,297.0,1099.0,0.0,0
2026-06-26T13:18:18.102,timeseries,2,Nested Product Conversion,mlx-community/Llama-3.2-1B-Instruct-4bit,718.0,1213.0,0.0,0
2026-06-26T13:18:18.166,timeseries,2,Nested Product Conversion,mlx-community/Llama-3.2-1B-Instruct-4bit,178.0,1019.0,0.0,0
2026-06-26T13:18:18.230,timeseries,2,Nested Product Conversion,mlx-community/Llama-3.2-1B-Instruct-4bit,142.0,1104.0,0.0,0
2026-06-26T13:18:18.293,timeseries,2,Nested Product Conversion,mlx-community/Llama-3.2-1B-Instruct-4bit,466.0,1088.0,0.0,0
2026-06-26T13:18:18.357,timeseries,2,Nested Product Conversion,mlx-community/Llama-3.2-1B-Instruct-4bit,547.0,1015.0,0.0,0
2026-06-26T13:18:18.424,timeseries,2,Nested Product Conversion,mlx-community/Llama-3.2-1B-Instruct-4bit,191.0,1163.0,0.0,0
2026-06-26T13:18:18.489,timeseries,2,Nested Product Conversion,mlx-community/Llama-3.2-1B-Instruct-4bit,1007.0,5619.0,0.0,0
2026-06-26T13:18:18.553,timeseries,2,Nested Product Conversion,mlx-community/Llama-3.2-1B-Instruct-4bit,1486.0,8548.0,0.0,0
2026-06-26T13:18:18.617,timeseries,2,Nested Product Conversion,mlx-community/Llama-3.2-1B-Instruct-4bit,2007.0,8089.0,0.0,0
2026-06-26T13:18:18.655,timeseries,2,Nested Product Conversion,mlx-community/Llama-3.2-1B-Instruct-4bit,1448.0,8966.0,0.0,33
2026-06-26T13:18:22.068,timeseries,3,Weather Report Extended v2,mlx-community/Llama-3.2-1B-Instruct-4bit,904.0,13577.0,0.0,0
2026-06-26T13:18:22.126,timeseries,3,Weather Report Extended v2,mlx-community/Llama-3.2-1B-Instruct-4bit,303.0,17661.0,0.0,0
2026-06-26T13:18:22.188,timeseries,3,Weather Report Extended v2,mlx-community/Llama-3.2-1B-Instruct-4bit,284.0,20131.0,0.0,0
2026-06-26T13:18:22.252,timeseries,3,Weather Report Extended v2,mlx-community/Llama-3.2-1B-Instruct-4bit,275.0,22362.0,0.0,0
2026-06-26T13:18:22.316,timeseries,3,Weather Report Extended v2,mlx-community/Llama-3.2-1B-Instruct-4bit,507.0,18667.0,0.0,0
2026-06-26T13:18:22.380,timeseries,3,Weather Report Extended v2,mlx-community/Llama-3.2-1B-Instruct-4bit,4560.0,5045.0,0.0,0
2026-06-26T13:18:22.442,timeseries,3,Weather Report Extended v2,mlx-community/Llama-3.2-1B-Instruct-4bit,747.0,1168.0,0.0,0
2026-06-26T13:18:22.506,timeseries,3,Weather Report Extended v2,mlx-community/Llama-3.2-1B-Instruct-4bit,489.0,1040.0,0.0,0
2026-06-26T13:18:22.569,timeseries,3,Weather Report Extended v2,mlx-community/Llama-3.2-1B-Instruct-4bit,176.0,1185.0,0.0,0
2026-06-26T13:18:22.633,timeseries,3,Weather Report Extended v2,mlx-community/Llama-3.2-1B-Instruct-4bit,673.0,1018.0,0.0,0
2026-06-26T13:18:22.698,timeseries,3,Weather Report Extended v2,mlx-community/Llama-3.2-1B-Instruct-4bit,158.0,1136.0,0.0,0
2026-06-26T13:18:22.762,timeseries,3,Weather Report Extended v2,mlx-community/Llama-3.2-1B-Instruct-4bit,204.0,1159.0,0.0,0
2026-06-26T13:18:22.826,timeseries,3,Weather Report Extended v2,mlx-community/Llama-3.2-1B-Instruct-4bit,124.0,1098.0,0.0,0
2026-06-26T13:18:22.887,timeseries,3,Weather Report Extended v2,mlx-community/Llama-3.2-1B-Instruct-4bit,155.0,958.0,0.0,0
2026-06-26T13:18:22.950,timeseries,3,Weather Report Extended v2,mlx-community/Llama-3.2-1B-Instruct-4bit,868.0,947.0,0.0,0
2026-06-26T13:18:23.014,timeseries,3,Weather Report Extended v2,mlx-community/Llama-3.2-1B-Instruct-4bit,2630.0,1144.0,0.0,0
2026-06-26T13:18:23.077,timeseries,3,Weather Report Extended v2,mlx-community/Llama-3.2-1B-Instruct-4bit,287.0,1117.0,0.0,0
2026-06-26T13:18:23.140,timeseries,3,Weather Report Extended v2,mlx-community/Llama-3.2-1B-Instruct-4bit,327.0,1013.0,0.0,0
2026-06-26T13:18:23.205,timeseries,3,Weather Report Extended v2,mlx-community/Llama-3.2-1B-Instruct-4bit,159.0,1111.0,0.0,0
2026-06-26T13:18:23.270,timeseries,3,Weather Report Extended v2,mlx-community/Llama-3.2-1B-Instruct-4bit,1521.0,8277.0,0.0,0
2026-06-26T13:18:23.333,timeseries,3,Weather Report Extended v2,mlx-community/Llama-3.2-1B-Instruct-4bit,1782.0,7809.0,0.0,0
2026-06-26T13:18:23.397,timeseries,3,Weather Report Extended v2,mlx-community/Llama-3.2-1B-Instruct-4bit,1495.0,8955.0,0.0,0
2026-06-26T13:18:23.462,timeseries,3,Weather Report Extended v2,mlx-community/Llama-3.2-1B-Instruct-4bit,1563.0,9171.0,0.0,0
2026-06-26T13:18:23.525,timeseries,3,Weather Report Extended v2,mlx-community/Llama-3.2-1B-Instruct-4bit,1726.0,7819.0,0.0,0
2026-06-26T13:18:23.590,timeseries,3,Weather Report Extended v2,mlx-community/Llama-3.2-1B-Instruct-4bit,1874.0,8892.0,0.0,0
2026-06-26T13:18:23.656,timeseries,3,Weather Report Extended v2,mlx-community/Llama-3.2-1B-Instruct-4bit,1168.0,9123.0,0.0,0
2026-06-26T13:18:23.721,timeseries,3,Weather Report Extended v2,mlx-community/Llama-3.2-1B-Instruct-4bit,1364.0,8872.0,0.0,0
2026-06-26T13:18:23.786,timeseries,3,Weather Report Extended v2,mlx-community/Llama-3.2-1B-Instruct-4bit,1499.0,8735.0,0.0,0
2026-06-26T13:18:23.851,timeseries,3,Weather Report Extended v2,mlx-community/Llama-3.2-1B-Instruct-4bit,1401.0,7850.0,0.0,0
2026-06-26T13:18:23.915,timeseries,3,Weather Report Extended v2,mlx-community/Llama-3.2-1B-Instruct-4bit,1325.0,8874.0,0.0,0
2026-06-26T13:18:23.979,timeseries,3,Weather Report Extended v2,mlx-community/Llama-3.2-1B-Instruct-4bit,1417.0,8987.0,0.0,0
2026-06-26T13:18:24.042,timeseries,3,Weather Report Extended v2,mlx-community/Llama-3.2-1B-Instruct-4bit,1505.0,9047.0,0.0,0
2026-06-26T13:18:24.106,timeseries,3,Weather Report Extended v2,mlx-community/Llama-3.2-1B-Instruct-4bit,1848.0,7793.0,0.0,0
2026-06-26T13:18:24.172,timeseries,3,Weather Report Extended v2,mlx-community/Llama-3.2-1B-Instruct-4bit,1328.0,9282.0,0.0,0
2026-06-26T13:18:24.237,timeseries,3,Weather Report Extended v2,mlx-community/Llama-3.2-1B-Instruct-4bit,1385.0,8948.0,0.0,0
2026-06-26T13:18:24.304,timeseries,3,Weather Report Extended v2,mlx-community/Llama-3.2-1B-Instruct-4bit,1467.0,8835.0,0.0,0
2026-06-26T13:18:24.369,timeseries,3,Weather Report Extended v2,mlx-community/Llama-3.2-1B-Instruct-4bit,1691.0,8755.0,0.0,0
2026-06-26T13:18:24.433,timeseries,3,Weather Report Extended v2,mlx-community/Llama-3.2-1B-Instruct-4bit,1519.0,7578.0,0.0,0
2026-06-26T13:18:24.497,timeseries,3,Weather Report Extended v2,mlx-community/Llama-3.2-1B-Instruct-4bit,1411.0,8909.0,0.0,0
2026-06-26T13:18:24.561,timeseries,3,Weather Report Extended v2,mlx-community/Llama-3.2-1B-Instruct-4bit,1666.0,9115.0,0.0,0
2026-06-26T13:18:24.624,timeseries,3,Weather Report Extended v2,mlx-community/Llama-3.2-1B-Instruct-4bit,1629.0,7882.0,0.0,0
2026-06-26T13:18:24.688,timeseries,3,Weather Report Extended v2,mlx-community/Llama-3.2-1B-Instruct-4bit,1370.0,9117.0,0.0,0
2026-06-26T13:18:24.753,timeseries,3,Weather Report Extended v2,mlx-community/Llama-3.2-1B-Instruct-4bit,1321.0,9090.0,0.0,0
2026-06-26T13:18:24.819,timeseries,3,Weather Report Extended v2,mlx-community/Llama-3.2-1B-Instruct-4bit,1485.0,7943.0,0.0,0
2026-06-26T13:18:24.883,timeseries,3,Weather Report Extended v2,mlx-community/Llama-3.2-1B-Instruct-4bit,1401.0,8913.0,0.0,0
2026-06-26T13:18:24.946,timeseries,3,Weather Report Extended v2,mlx-community/Llama-3.2-1B-Instruct-4bit,1416.0,8801.0,0.0,0
2026-06-26T13:18:25.010,timeseries,3,Weather Report Extended v2,mlx-community/Llama-3.2-1B-Instruct-4bit,1364.0,8956.0,0.0,0
2026-06-26T13:18:25.075,timeseries,3,Weather Report Extended v2,mlx-community/Llama-3.2-1B-Instruct-4bit,1505.0,8018.0,0.0,0
2026-06-26T13:18:25.140,timeseries,3,Weather Report Extended v2,mlx-community/Llama-3.2-1B-Instruct-4bit,1874.0,9088.0,0.0,0
2026-06-26T13:18:25.205,timeseries,3,Weather Report Extended v2,mlx-community/Llama-3.2-1B-Instruct-4bit,1306.0,9034.0,0.0,0
2026-06-26T13:18:25.271,timeseries,3,Weather Report Extended v2,mlx-community/Llama-3.2-1B-Instruct-4bit,1373.0,8949.0,0.0,0
2026-06-26T13:18:25.336,timeseries,3,Weather Report Extended v2,mlx-community/Llama-3.2-1B-Instruct-4bit,1741.0,8826.0,0.0,0
2026-06-26T13:18:25.401,timeseries,3,Weather Report Extended v2,mlx-community/Llama-3.2-1B-Instruct-4bit,1452.0,7810.0,0.0,0
2026-06-26T13:18:25.467,timeseries,3,Weather Report Extended v2,mlx-community/Llama-3.2-1B-Instruct-4bit,1331.0,8920.0,0.0,0
2026-06-26T13:18:25.532,timeseries,3,Weather Report Extended v2,mlx-community/Llama-3.2-1B-Instruct-4bit,1741.0,8905.0,0.0,0
2026-06-26T13:18:25.593,timeseries,3,Weather Report Extended v2,mlx-community/Llama-3.2-1B-Instruct-4bit,1794.0,8861.0,0.0,0
2026-06-26T13:18:25.661,timeseries,3,Weather Report Extended v2,mlx-community/Llama-3.2-1B-Instruct-4bit,692.0,7811.0,0.0,0
2026-06-26T13:18:25.727,timeseries,3,Weather Report Extended v2,mlx-community/Llama-3.2-1B-Instruct-4bit,404.0,9372.0,0.0,0
2026-06-26T13:18:25.792,timeseries,3,Weather Report Extended v2,mlx-community/Llama-3.2-1B-Instruct-4bit,343.0,8659.0,0.0,0
2026-06-26T13:18:25.857,timeseries,3,Weather Report Extended v2,mlx-community/Llama-3.2-1B-Instruct-4bit,336.0,8867.0,0.0,0
2026-06-26T13:18:25.921,timeseries,3,Weather Report Extended v2,mlx-community/Llama-3.2-1B-Instruct-4bit,353.0,8910.0,0.0,0
2026-06-26T13:18:25.987,timeseries,3,Weather Report Extended v2,mlx-community/Llama-3.2-1B-Instruct-4bit,320.0,8878.0,0.0,0
2026-06-26T13:18:26.052,timeseries,3,Weather Report Extended v2,mlx-community/Llama-3.2-1B-Instruct-4bit,344.0,9078.0,0.0,0
2026-06-26T13:18:26.115,timeseries,3,Weather Report Extended v2,mlx-community/Llama-3.2-1B-Instruct-4bit,708.0,7606.0,0.0,0
2026-06-26T13:18:26.179,timeseries,3,Weather Report Extended v2,mlx-community/Llama-3.2-1B-Instruct-4bit,539.0,8899.0,0.0,0
2026-06-26T13:18:26.246,timeseries,3,Weather Report Extended v2,mlx-community/Llama-3.2-1B-Instruct-4bit,383.0,9250.0,0.0,0
2026-06-26T13:18:26.311,timeseries,3,Weather Report Extended v2,mlx-community/Llama-3.2-1B-Instruct-4bit,1009.0,9094.0,0.0,0
2026-06-26T13:18:26.374,timeseries,3,Weather Report Extended v2,mlx-community/Llama-3.2-1B-Instruct-4bit,717.0,7583.0,0.0,0
2026-06-26T13:18:26.438,timeseries,3,Weather Report Extended v2,mlx-community/Llama-3.2-1B-Instruct-4bit,503.0,8820.0,0.0,0
2026-06-26T13:18:26.503,timeseries,3,Weather Report Extended v2,mlx-community/Llama-3.2-1B-Instruct-4bit,369.0,9359.0,0.0,0
2026-06-26T13:18:26.568,timeseries,3,Weather Report Extended v2,mlx-community/Llama-3.2-1B-Instruct-4bit,386.0,7893.0,0.0,0
2026-06-26T13:18:26.634,timeseries,3,Weather Report Extended v2,mlx-community/Llama-3.2-1B-Instruct-4bit,661.0,8963.0,0.0,0
2026-06-26T13:18:26.700,timeseries,3,Weather Report Extended v2,mlx-community/Llama-3.2-1B-Instruct-4bit,522.0,8896.0,0.0,0
2026-06-26T13:18:26.765,timeseries,3,Weather Report Extended v2,mlx-community/Llama-3.2-1B-Instruct-4bit,1759.0,8749.0,0.0,0
2026-06-26T13:18:26.829,timeseries,3,Weather Report Extended v2,mlx-community/Llama-3.2-1B-Instruct-4bit,711.0,8777.0,0.0,0
2026-06-26T13:18:26.891,timeseries,3,Weather Report Extended v2,mlx-community/Llama-3.2-1B-Instruct-4bit,595.0,7965.0,0.0,0
2026-06-26T13:18:26.955,timeseries,3,Weather Report Extended v2,mlx-community/Llama-3.2-1B-Instruct-4bit,575.0,9006.0,0.0,0
2026-06-26T13:18:27.019,timeseries,3,Weather Report Extended v2,mlx-community/Llama-3.2-1B-Instruct-4bit,434.0,9375.0,0.0,0
2026-06-26T13:18:27.081,timeseries,3,Weather Report Extended v2,mlx-community/Llama-3.2-1B-Instruct-4bit,421.0,7999.0,0.0,0
2026-06-26T13:18:27.145,timeseries,3,Weather Report Extended v2,mlx-community/Llama-3.2-1B-Instruct-4bit,705.0,9154.0,0.0,0
2026-06-26T13:18:27.209,timeseries,3,Weather Report Extended v2,mlx-community/Llama-3.2-1B-Instruct-4bit,388.0,9472.0,0.0,0
2026-06-26T13:18:27.271,timeseries,3,Weather Report Extended v2,mlx-community/Llama-3.2-1B-Instruct-4bit,418.0,7962.0,0.0,0
2026-06-26T13:18:27.335,timeseries,3,Weather Report Extended v2,mlx-community/Llama-3.2-1B-Instruct-4bit,562.0,9108.0,0.0,0
2026-06-26T13:18:27.399,timeseries,3,Weather Report Extended v2,mlx-community/Llama-3.2-1B-Instruct-4bit,498.0,8194.0,0.0,0
2026-06-26T13:18:27.463,timeseries,3,Weather Report Extended v2,mlx-community/Llama-3.2-1B-Instruct-4bit,378.0,9241.0,0.0,0
2026-06-26T13:18:27.528,timeseries,3,Weather Report Extended v2,mlx-community/Llama-3.2-1B-Instruct-4bit,389.0,9133.0,0.0,0
2026-06-26T13:18:27.593,timeseries,3,Weather Report Extended v2,mlx-community/Llama-3.2-1B-Instruct-4bit,490.0,8114.0,0.0,0
2026-06-26T13:18:27.656,timeseries,3,Weather Report Extended v2,mlx-community/Llama-3.2-1B-Instruct-4bit,567.0,8932.0,0.0,0
2026-06-26T13:18:27.719,timeseries,3,Weather Report Extended v2,mlx-community/Llama-3.2-1B-Instruct-4bit,1274.0,8779.0,0.0,0
2026-06-26T13:18:27.783,timeseries,3,Weather Report Extended v2,mlx-community/Llama-3.2-1B-Instruct-4bit,634.0,8237.0,0.0,0
2026-06-26T13:18:27.847,timeseries,3,Weather Report Extended v2,mlx-community/Llama-3.2-1B-Instruct-4bit,591.0,9042.0,0.0,0
2026-06-26T13:18:27.912,timeseries,3,Weather Report Extended v2,mlx-community/Llama-3.2-1B-Instruct-4bit,486.0,9167.0,0.0,0
2026-06-26T13:18:27.975,timeseries,3,Weather Report Extended v2,mlx-community/Llama-3.2-1B-Instruct-4bit,343.0,9132.0,0.0,0
2026-06-26T13:18:28.042,timeseries,3,Weather Report Extended v2,mlx-community/Llama-3.2-1B-Instruct-4bit,570.0,7840.0,0.0,0
2026-06-26T13:18:28.107,timeseries,3,Weather Report Extended v2,mlx-community/Llama-3.2-1B-Instruct-4bit,2708.0,9145.0,0.0,0
2026-06-26T13:18:28.173,timeseries,3,Weather Report Extended v2,mlx-community/Llama-3.2-1B-Instruct-4bit,946.0,8727.0,0.0,0
2026-06-26T13:18:28.238,timeseries,3,Weather Report Extended v2,mlx-community/Llama-3.2-1B-Instruct-4bit,670.0,8852.0,0.0,0
2026-06-26T13:18:28.299,timeseries,3,Weather Report Extended v2,mlx-community/Llama-3.2-1B-Instruct-4bit,576.0,8790.0,0.0,0
2026-06-26T13:18:28.364,timeseries,3,Weather Report Extended v2,mlx-community/Llama-3.2-1B-Instruct-4bit,743.0,7845.0,0.0,0
2026-06-26T13:18:28.430,timeseries,3,Weather Report Extended v2,mlx-community/Llama-3.2-1B-Instruct-4bit,405.0,9519.0,0.0,0
2026-06-26T13:18:28.494,timeseries,3,Weather Report Extended v2,mlx-community/Llama-3.2-1B-Instruct-4bit,340.0,9064.0,0.0,0
2026-06-26T13:18:28.558,timeseries,3,Weather Report Extended v2,mlx-community/Llama-3.2-1B-Instruct-4bit,383.0,7854.0,0.0,0
2026-06-26T13:18:28.624,timeseries,3,Weather Report Extended v2,mlx-community/Llama-3.2-1B-Instruct-4bit,556.0,9005.0,0.0,0
2026-06-26T13:18:28.687,timeseries,3,Weather Report Extended v2,mlx-community/Llama-3.2-1B-Instruct-4bit,422.0,9198.0,0.0,0
2026-06-26T13:18:28.750,timeseries,3,Weather Report Extended v2,mlx-community/Llama-3.2-1B-Instruct-4bit,624.0,8848.0,0.0,0
2026-06-26T13:18:28.813,timeseries,3,Weather Report Extended v2,mlx-community/Llama-3.2-1B-Instruct-4bit,601.0,8078.0,0.0,0
2026-06-26T13:18:28.875,timeseries,3,Weather Report Extended v2,mlx-community/Llama-3.2-1B-Instruct-4bit,542.0,9307.0,0.0,0
2026-06-26T13:18:28.939,timeseries,3,Weather Report Extended v2,mlx-community/Llama-3.2-1B-Instruct-4bit,525.0,8088.0,0.0,0
2026-06-26T13:18:29.003,timeseries,3,Weather Report Extended v2,mlx-community/Llama-3.2-1B-Instruct-4bit,478.0,9329.0,0.0,0
2026-06-26T13:18:29.064,timeseries,3,Weather Report Extended v2,mlx-community/Llama-3.2-1B-Instruct-4bit,409.0,8096.0,0.0,0
2026-06-26T13:18:29.130,timeseries,3,Weather Report Extended v2,mlx-community/Llama-3.2-1B-Instruct-4bit,555.0,9297.0,0.0,0
2026-06-26T13:18:29.194,timeseries,3,Weather Report Extended v2,mlx-community/Llama-3.2-1B-Instruct-4bit,402.0,9499.0,0.0,0
2026-06-26T13:18:29.260,timeseries,3,Weather Report Extended v2,mlx-community/Llama-3.2-1B-Instruct-4bit,365.0,7888.0,0.0,0
2026-06-26T13:18:29.325,timeseries,3,Weather Report Extended v2,mlx-community/Llama-3.2-1B-Instruct-4bit,389.0,9128.0,0.0,0
2026-06-26T13:18:29.391,timeseries,3,Weather Report Extended v2,mlx-community/Llama-3.2-1B-Instruct-4bit,425.0,8905.0,0.0,0
2026-06-26T13:18:29.454,timeseries,3,Weather Report Extended v2,mlx-community/Llama-3.2-1B-Instruct-4bit,307.0,9131.0,0.0,0
2026-06-26T13:18:29.518,timeseries,3,Weather Report Extended v2,mlx-community/Llama-3.2-1B-Instruct-4bit,381.0,8987.0,0.0,0
2026-06-26T13:18:29.580,timeseries,3,Weather Report Extended v2,mlx-community/Llama-3.2-1B-Instruct-4bit,379.0,8138.0,0.0,0
2026-06-26T13:18:29.644,timeseries,3,Weather Report Extended v2,mlx-community/Llama-3.2-1B-Instruct-4bit,583.0,9229.0,0.0,0
2026-06-26T13:18:29.707,timeseries,3,Weather Report Extended v2,mlx-community/Llama-3.2-1B-Instruct-4bit,380.0,8165.0,0.0,0
2026-06-26T13:18:29.771,timeseries,3,Weather Report Extended v2,mlx-community/Llama-3.2-1B-Instruct-4bit,429.0,9356.0,0.0,0
2026-06-26T13:18:29.836,timeseries,3,Weather Report Extended v2,mlx-community/Llama-3.2-1B-Instruct-4bit,471.0,9209.0,0.0,0
2026-06-26T13:18:29.899,timeseries,3,Weather Report Extended v2,mlx-community/Llama-3.2-1B-Instruct-4bit,415.0,8220.0,0.0,0
2026-06-26T13:18:29.963,timeseries,3,Weather Report Extended v2,mlx-community/Llama-3.2-1B-Instruct-4bit,500.0,8784.0,0.0,0
2026-06-26T13:18:30.026,timeseries,3,Weather Report Extended v2,mlx-community/Llama-3.2-1B-Instruct-4bit,635.0,9129.0,0.0,0
2026-06-26T13:18:30.088,timeseries,3,Weather Report Extended v2,mlx-community/Llama-3.2-1B-Instruct-4bit,1081.0,7899.0,0.0,0
2026-06-26T13:18:30.152,timeseries,3,Weather Report Extended v2,mlx-community/Llama-3.2-1B-Instruct-4bit,819.0,9139.0,0.0,0
2026-06-26T13:18:30.219,timeseries,3,Weather Report Extended v2,mlx-community/Llama-3.2-1B-Instruct-4bit,549.0,8278.0,0.0,0
2026-06-26T13:18:30.281,timeseries,3,Weather Report Extended v2,mlx-community/Llama-3.2-1B-Instruct-4bit,392.0,9219.0,0.0,0
2026-06-26T13:18:30.345,timeseries,3,Weather Report Extended v2,mlx-community/Llama-3.2-1B-Instruct-4bit,581.0,8651.0,0.0,0
2026-06-26T13:18:30.410,timeseries,3,Weather Report Extended v2,mlx-community/Llama-3.2-1B-Instruct-4bit,419.0,8309.0,0.0,0
2026-06-26T13:18:30.478,timeseries,3,Weather Report Extended v2,mlx-community/Llama-3.2-1B-Instruct-4bit,359.0,9125.0,0.0,0
2026-06-26T13:18:30.541,timeseries,3,Weather Report Extended v2,mlx-community/Llama-3.2-1B-Instruct-4bit,371.0,9080.0,0.0,0
2026-06-26T13:18:30.605,timeseries,3,Weather Report Extended v2,mlx-community/Llama-3.2-1B-Instruct-4bit,546.0,8622.0,0.0,0
2026-06-26T13:18:30.671,timeseries,3,Weather Report Extended v2,mlx-community/Llama-3.2-1B-Instruct-4bit,519.0,9239.0,0.0,0
2026-06-26T13:18:30.737,timeseries,3,Weather Report Extended v2,mlx-community/Llama-3.2-1B-Instruct-4bit,361.0,9183.0,0.0,0
2026-06-26T13:18:30.801,timeseries,3,Weather Report Extended v2,mlx-community/Llama-3.2-1B-Instruct-4bit,320.0,8996.0,0.0,0
2026-06-26T13:18:30.866,timeseries,3,Weather Report Extended v2,mlx-community/Llama-3.2-1B-Instruct-4bit,449.0,7677.0,0.0,0
2026-06-26T13:18:30.932,timeseries,3,Weather Report Extended v2,mlx-community/Llama-3.2-1B-Instruct-4bit,334.0,9393.0,0.0,0
2026-06-26T13:18:30.997,timeseries,3,Weather Report Extended v2,mlx-community/Llama-3.2-1B-Instruct-4bit,286.0,8876.0,0.0,0
2026-06-26T13:18:31.059,timeseries,3,Weather Report Extended v2,mlx-community/Llama-3.2-1B-Instruct-4bit,322.0,9014.0,0.0,0
2026-06-26T13:18:31.124,timeseries,3,Weather Report Extended v2,mlx-community/Llama-3.2-1B-Instruct-4bit,570.0,7886.0,0.0,0
2026-06-26T13:18:31.189,timeseries,3,Weather Report Extended v2,mlx-community/Llama-3.2-1B-Instruct-4bit,449.0,9421.0,0.0,0
2026-06-26T13:18:31.254,timeseries,3,Weather Report Extended v2,mlx-community/Llama-3.2-1B-Instruct-4bit,307.0,9044.0,0.0,0
2026-06-26T13:18:31.316,timeseries,3,Weather Report Extended v2,mlx-community/Llama-3.2-1B-Instruct-4bit,371.0,9074.0,0.0,0
2026-06-26T13:18:31.381,timeseries,3,Weather Report Extended v2,mlx-community/Llama-3.2-1B-Instruct-4bit,650.0,7966.0,0.0,0
2026-06-26T13:18:31.445,timeseries,3,Weather Report Extended v2,mlx-community/Llama-3.2-1B-Instruct-4bit,416.0,9367.0,0.0,0
2026-06-26T13:18:31.510,timeseries,3,Weather Report Extended v2,mlx-community/Llama-3.2-1B-Instruct-4bit,343.0,9214.0,0.0,0
2026-06-26T13:18:31.573,timeseries,3,Weather Report Extended v2,mlx-community/Llama-3.2-1B-Instruct-4bit,339.0,7944.0,0.0,0
2026-06-26T13:18:31.636,timeseries,3,Weather Report Extended v2,mlx-community/Llama-3.2-1B-Instruct-4bit,676.0,9043.0,0.0,0
2026-06-26T13:18:31.701,timeseries,3,Weather Report Extended v2,mlx-community/Llama-3.2-1B-Instruct-4bit,450.0,8252.0,0.0,0
2026-06-26T13:18:31.766,timeseries,3,Weather Report Extended v2,mlx-community/Llama-3.2-1B-Instruct-4bit,381.0,9379.0,0.0,0
2026-06-26T13:18:31.828,timeseries,3,Weather Report Extended v2,mlx-community/Llama-3.2-1B-Instruct-4bit,351.0,8976.0,0.0,0
2026-06-26T13:18:31.894,timeseries,3,Weather Report Extended v2,mlx-community/Llama-3.2-1B-Instruct-4bit,464.0,8012.0,0.0,0
2026-06-26T13:18:31.960,timeseries,3,Weather Report Extended v2,mlx-community/Llama-3.2-1B-Instruct-4bit,384.0,9400.0,0.0,0
2026-06-26T13:18:32.023,timeseries,3,Weather Report Extended v2,mlx-community/Llama-3.2-1B-Instruct-4bit,337.0,9044.0,0.0,0
2026-06-26T13:18:32.087,timeseries,3,Weather Report Extended v2,mlx-community/Llama-3.2-1B-Instruct-4bit,427.0,8969.0,0.0,0
2026-06-26T13:18:32.150,timeseries,3,Weather Report Extended v2,mlx-community/Llama-3.2-1B-Instruct-4bit,629.0,8147.0,0.0,0
2026-06-26T13:18:32.213,timeseries,3,Weather Report Extended v2,mlx-community/Llama-3.2-1B-Instruct-4bit,486.0,9224.0,0.0,0
2026-06-26T13:18:32.277,timeseries,3,Weather Report Extended v2,mlx-community/Llama-3.2-1B-Instruct-4bit,456.0,9164.0,0.0,0
2026-06-26T13:18:32.340,timeseries,3,Weather Report Extended v2,mlx-community/Llama-3.2-1B-Instruct-4bit,680.0,8047.0,0.0,0
2026-06-26T13:18:32.405,timeseries,3,Weather Report Extended v2,mlx-community/Llama-3.2-1B-Instruct-4bit,617.0,9206.0,0.0,0
2026-06-26T13:18:32.469,timeseries,3,Weather Report Extended v2,mlx-community/Llama-3.2-1B-Instruct-4bit,381.0,9294.0,0.0,0
2026-06-26T13:18:32.537,timeseries,3,Weather Report Extended v2,mlx-community/Llama-3.2-1B-Instruct-4bit,308.0,7937.0,0.0,0
2026-06-26T13:18:32.600,timeseries,3,Weather Report Extended v2,mlx-community/Llama-3.2-1B-Instruct-4bit,480.0,9104.0,0.0,0
2026-06-26T13:18:32.664,timeseries,3,Weather Report Extended v2,mlx-community/Llama-3.2-1B-Instruct-4bit,519.0,8683.0,0.0,0
2026-06-26T13:18:32.730,timeseries,3,Weather Report Extended v2,mlx-community/Llama-3.2-1B-Instruct-4bit,366.0,9405.0,0.0,0
2026-06-26T13:18:32.795,timeseries,3,Weather Report Extended v2,mlx-community/Llama-3.2-1B-Instruct-4bit,340.0,9077.0,0.0,0
2026-06-26T13:18:32.858,timeseries,3,Weather Report Extended v2,mlx-community/Llama-3.2-1B-Instruct-4bit,324.0,7945.0,0.0,0
2026-06-26T13:18:32.921,timeseries,3,Weather Report Extended v2,mlx-community/Llama-3.2-1B-Instruct-4bit,518.0,9009.0,0.0,0
2026-06-26T13:18:32.987,timeseries,3,Weather Report Extended v2,mlx-community/Llama-3.2-1B-Instruct-4bit,534.0,9200.0,0.0,0
2026-06-26T13:18:33.047,timeseries,3,Weather Report Extended v2,mlx-community/Llama-3.2-1B-Instruct-4bit,367.0,8204.0,0.0,0
2026-06-26T13:18:33.112,timeseries,3,Weather Report Extended v2,mlx-community/Llama-3.2-1B-Instruct-4bit,572.0,9062.0,0.0,0
2026-06-26T13:18:33.177,timeseries,3,Weather Report Extended v2,mlx-community/Llama-3.2-1B-Instruct-4bit,2122.0,8294.0,0.0,0
2026-06-26T13:18:33.243,timeseries,3,Weather Report Extended v2,mlx-community/Llama-3.2-1B-Instruct-4bit,1673.0,9046.0,0.0,0
2026-06-26T13:18:33.307,timeseries,3,Weather Report Extended v2,mlx-community/Llama-3.2-1B-Instruct-4bit,735.0,8896.0,0.0,0
2026-06-26T13:18:33.370,timeseries,3,Weather Report Extended v2,mlx-community/Llama-3.2-1B-Instruct-4bit,771.0,8780.0,0.0,0
2026-06-26T13:18:33.433,timeseries,3,Weather Report Extended v2,mlx-community/Llama-3.2-1B-Instruct-4bit,542.0,7927.0,0.0,0
2026-06-26T13:18:33.497,timeseries,3,Weather Report Extended v2,mlx-community/Llama-3.2-1B-Instruct-4bit,420.0,9525.0,0.0,0
2026-06-26T13:18:33.561,timeseries,3,Weather Report Extended v2,mlx-community/Llama-3.2-1B-Instruct-4bit,363.0,9303.0,0.0,0
2026-06-26T13:18:33.624,timeseries,3,Weather Report Extended v2,mlx-community/Llama-3.2-1B-Instruct-4bit,590.0,7964.0,0.0,0
2026-06-26T13:18:33.690,timeseries,3,Weather Report Extended v2,mlx-community/Llama-3.2-1B-Instruct-4bit,506.0,9344.0,0.0,0
2026-06-26T13:18:33.756,timeseries,3,Weather Report Extended v2,mlx-community/Llama-3.2-1B-Instruct-4bit,376.0,9222.0,0.0,0
2026-06-26T13:18:33.821,timeseries,3,Weather Report Extended v2,mlx-community/Llama-3.2-1B-Instruct-4bit,321.0,9022.0,0.0,0
2026-06-26T13:18:33.882,timeseries,3,Weather Report Extended v2,mlx-community/Llama-3.2-1B-Instruct-4bit,276.0,9167.0,0.0,0
2026-06-26T13:18:33.945,timeseries,3,Weather Report Extended v2,mlx-community/Llama-3.2-1B-Instruct-4bit,377.0,7790.0,0.0,0
2026-06-26T13:18:34.011,timeseries,3,Weather Report Extended v2,mlx-community/Llama-3.2-1B-Instruct-4bit,557.0,8469.0,0.0,0
2026-06-26T13:18:34.075,timeseries,3,Weather Report Extended v2,mlx-community/Llama-3.2-1B-Instruct-4bit,402.0,9459.0,0.0,0
2026-06-26T13:18:34.139,timeseries,3,Weather Report Extended v2,mlx-community/Llama-3.2-1B-Instruct-4bit,578.0,8937.0,0.0,0
2026-06-26T13:18:34.203,timeseries,3,Weather Report Extended v2,mlx-community/Llama-3.2-1B-Instruct-4bit,386.0,9136.0,0.0,0
2026-06-26T13:18:34.270,timeseries,3,Weather Report Extended v2,mlx-community/Llama-3.2-1B-Instruct-4bit,376.0,8124.0,0.0,0
2026-06-26T13:18:34.332,timeseries,3,Weather Report Extended v2,mlx-community/Llama-3.2-1B-Instruct-4bit,484.0,9172.0,0.0,0
2026-06-26T13:18:34.400,timeseries,3,Weather Report Extended v2,mlx-community/Llama-3.2-1B-Instruct-4bit,598.0,8777.0,0.0,0
2026-06-26T13:18:34.464,timeseries,3,Weather Report Extended v2,mlx-community/Llama-3.2-1B-Instruct-4bit,323.0,9595.0,0.0,0
2026-06-26T13:18:34.527,timeseries,3,Weather Report Extended v2,mlx-community/Llama-3.2-1B-Instruct-4bit,384.0,8788.0,0.0,0
2026-06-26T13:18:34.591,timeseries,3,Weather Report Extended v2,mlx-community/Llama-3.2-1B-Instruct-4bit,422.0,8081.0,0.0,0
2026-06-26T13:18:34.655,timeseries,3,Weather Report Extended v2,mlx-community/Llama-3.2-1B-Instruct-4bit,630.0,9164.0,0.0,0
2026-06-26T13:18:34.719,timeseries,3,Weather Report Extended v2,mlx-community/Llama-3.2-1B-Instruct-4bit,451.0,9091.0,0.0,0
2026-06-26T13:18:34.785,timeseries,3,Weather Report Extended v2,mlx-community/Llama-3.2-1B-Instruct-4bit,381.0,8188.0,0.0,0
2026-06-26T13:18:34.850,timeseries,3,Weather Report Extended v2,mlx-community/Llama-3.2-1B-Instruct-4bit,354.0,9073.0,0.0,0
2026-06-26T13:18:34.915,timeseries,3,Weather Report Extended v2,mlx-community/Llama-3.2-1B-Instruct-4bit,320.0,8972.0,0.0,0
2026-06-26T13:18:34.979,timeseries,3,Weather Report Extended v2,mlx-community/Llama-3.2-1B-Instruct-4bit,310.0,9108.0,0.0,0
2026-06-26T13:18:35.050,timeseries,3,Weather Report Extended v2,mlx-community/Llama-3.2-1B-Instruct-4bit,789.0,8927.0,0.0,0
2026-06-26T13:18:35.113,timeseries,3,Weather Report Extended v2,mlx-community/Llama-3.2-1B-Instruct-4bit,1099.0,8945.0,0.0,0
2026-06-26T13:18:35.177,timeseries,3,Weather Report Extended v2,mlx-community/Llama-3.2-1B-Instruct-4bit,493.0,8247.0,0.0,0
2026-06-26T13:18:35.243,timeseries,3,Weather Report Extended v2,mlx-community/Llama-3.2-1B-Instruct-4bit,378.0,8084.0,0.0,0
2026-06-26T13:18:35.306,timeseries,3,Weather Report Extended v2,mlx-community/Llama-3.2-1B-Instruct-4bit,392.0,9174.0,0.0,0
2026-06-26T13:18:35.372,timeseries,3,Weather Report Extended v2,mlx-community/Llama-3.2-1B-Instruct-4bit,548.0,8942.0,0.0,0
2026-06-26T13:18:35.437,timeseries,3,Weather Report Extended v2,mlx-community/Llama-3.2-1B-Instruct-4bit,330.0,9316.0,0.0,0
2026-06-26T13:18:35.499,timeseries,3,Weather Report Extended v2,mlx-community/Llama-3.2-1B-Instruct-4bit,309.0,8006.0,0.0,0
2026-06-26T13:18:35.560,timeseries,3,Weather Report Extended v2,mlx-community/Llama-3.2-1B-Instruct-4bit,504.0,8920.0,0.0,0
2026-06-26T13:18:35.626,timeseries,3,Weather Report Extended v2,mlx-community/Llama-3.2-1B-Instruct-4bit,708.0,8233.0,0.0,0
2026-06-26T13:18:35.692,timeseries,3,Weather Report Extended v2,mlx-community/Llama-3.2-1B-Instruct-4bit,458.0,9610.0,0.0,0
2026-06-26T13:18:35.758,timeseries,3,Weather Report Extended v2,mlx-community/Llama-3.2-1B-Instruct-4bit,305.0,9019.0,0.0,0
2026-06-26T13:18:35.826,timeseries,3,Weather Report Extended v2,mlx-community/Llama-3.2-1B-Instruct-4bit,315.0,8912.0,0.0,0
2026-06-26T13:18:35.892,timeseries,3,Weather Report Extended v2,mlx-community/Llama-3.2-1B-Instruct-4bit,303.0,9003.0,0.0,0
2026-06-26T13:18:35.955,timeseries,3,Weather Report Extended v2,mlx-community/Llama-3.2-1B-Instruct-4bit,285.0,8913.0,0.0,0
2026-06-26T13:18:36.020,timeseries,3,Weather Report Extended v2,mlx-community/Llama-3.2-1B-Instruct-4bit,290.0,9091.0,0.0,0
2026-06-26T13:18:36.080,timeseries,3,Weather Report Extended v2,mlx-community/Llama-3.2-1B-Instruct-4bit,374.0,8049.0,0.0,0
2026-06-26T13:18:36.145,timeseries,3,Weather Report Extended v2,mlx-community/Llama-3.2-1B-Instruct-4bit,672.0,9209.0,0.0,0
2026-06-26T13:18:36.211,timeseries,3,Weather Report Extended v2,mlx-community/Llama-3.2-1B-Instruct-4bit,356.0,9529.0,0.0,0
2026-06-26T13:18:36.275,timeseries,3,Weather Report Extended v2,mlx-community/Llama-3.2-1B-Instruct-4bit,325.0,8040.0,0.0,0
2026-06-26T13:18:36.339,timeseries,3,Weather Report Extended v2,mlx-community/Llama-3.2-1B-Instruct-4bit,1297.0,8959.0,0.0,0
2026-06-26T13:18:36.404,timeseries,3,Weather Report Extended v2,mlx-community/Llama-3.2-1B-Instruct-4bit,565.0,8983.0,0.0,0
2026-06-26T13:18:36.468,timeseries,3,Weather Report Extended v2,mlx-community/Llama-3.2-1B-Instruct-4bit,438.0,8063.0,0.0,0
2026-06-26T13:18:36.532,timeseries,3,Weather Report Extended v2,mlx-community/Llama-3.2-1B-Instruct-4bit,313.0,9296.0,0.0,0
2026-06-26T13:18:36.597,timeseries,3,Weather Report Extended v2,mlx-community/Llama-3.2-1B-Instruct-4bit,466.0,9199.0,0.0,0
2026-06-26T13:18:36.662,timeseries,3,Weather Report Extended v2,mlx-community/Llama-3.2-1B-Instruct-4bit,510.0,9110.0,0.0,0
2026-06-26T13:18:36.727,timeseries,3,Weather Report Extended v2,mlx-community/Llama-3.2-1B-Instruct-4bit,442.0,9351.0,0.0,0
2026-06-26T13:18:36.793,timeseries,3,Weather Report Extended v2,mlx-community/Llama-3.2-1B-Instruct-4bit,1019.0,7672.0,0.0,0
2026-06-26T13:18:36.859,timeseries,3,Weather Report Extended v2,mlx-community/Llama-3.2-1B-Instruct-4bit,1218.0,9154.0,0.0,0
2026-06-26T13:18:36.922,timeseries,3,Weather Report Extended v2,mlx-community/Llama-3.2-1B-Instruct-4bit,585.0,8808.0,0.0,0
2026-06-26T13:18:36.983,timeseries,3,Weather Report Extended v2,mlx-community/Llama-3.2-1B-Instruct-4bit,490.0,8978.0,0.0,0
2026-06-26T13:18:37.049,timeseries,3,Weather Report Extended v2,mlx-community/Llama-3.2-1B-Instruct-4bit,596.0,7951.0,0.0,0
2026-06-26T13:18:37.111,timeseries,3,Weather Report Extended v2,mlx-community/Llama-3.2-1B-Instruct-4bit,817.0,9563.0,0.0,0
2026-06-26T13:18:37.177,timeseries,3,Weather Report Extended v2,mlx-community/Llama-3.2-1B-Instruct-4bit,499.0,7776.0,0.0,0
2026-06-26T13:18:37.243,timeseries,3,Weather Report Extended v2,mlx-community/Llama-3.2-1B-Instruct-4bit,436.0,9481.0,0.0,0
2026-06-26T13:18:37.304,timeseries,3,Weather Report Extended v2,mlx-community/Llama-3.2-1B-Instruct-4bit,339.0,9114.0,0.0,0
2026-06-26T13:18:37.370,timeseries,3,Weather Report Extended v2,mlx-community/Llama-3.2-1B-Instruct-4bit,542.0,8764.0,0.0,0
2026-06-26T13:18:37.435,timeseries,3,Weather Report Extended v2,mlx-community/Llama-3.2-1B-Instruct-4bit,437.0,8327.0,0.0,0
2026-06-26T13:18:37.500,timeseries,3,Weather Report Extended v2,mlx-community/Llama-3.2-1B-Instruct-4bit,305.0,9057.0,0.0,0
2026-06-26T13:18:37.563,timeseries,3,Weather Report Extended v2,mlx-community/Llama-3.2-1B-Instruct-4bit,338.0,9067.0,0.0,0
2026-06-26T13:18:37.627,timeseries,3,Weather Report Extended v2,mlx-community/Llama-3.2-1B-Instruct-4bit,567.0,8987.0,0.0,0
2026-06-26T13:18:37.694,timeseries,3,Weather Report Extended v2,mlx-community/Llama-3.2-1B-Instruct-4bit,466.0,8296.0,0.0,0
2026-06-26T13:18:37.760,timeseries,3,Weather Report Extended v2,mlx-community/Llama-3.2-1B-Instruct-4bit,385.0,9093.0,0.0,0
2026-06-26T13:18:37.826,timeseries,3,Weather Report Extended v2,mlx-community/Llama-3.2-1B-Instruct-4bit,330.0,8852.0,0.0,0
2026-06-26T13:18:37.891,timeseries,3,Weather Report Extended v2,mlx-community/Llama-3.2-1B-Instruct-4bit,320.0,9012.0,0.0,0
2026-06-26T13:18:37.956,timeseries,3,Weather Report Extended v2,mlx-community/Llama-3.2-1B-Instruct-4bit,334.0,9027.0,0.0,0
2026-06-26T13:18:38.019,timeseries,3,Weather Report Extended v2,mlx-community/Llama-3.2-1B-Instruct-4bit,319.0,9021.0,0.0,0
2026-06-26T13:18:38.081,timeseries,3,Weather Report Extended v2,mlx-community/Llama-3.2-1B-Instruct-4bit,359.0,8076.0,0.0,0
2026-06-26T13:18:38.143,timeseries,3,Weather Report Extended v2,mlx-community/Llama-3.2-1B-Instruct-4bit,637.0,9395.0,0.0,0
2026-06-26T13:18:38.209,timeseries,3,Weather Report Extended v2,mlx-community/Llama-3.2-1B-Instruct-4bit,579.0,8256.0,0.0,0
2026-06-26T13:18:38.274,timeseries,3,Weather Report Extended v2,mlx-community/Llama-3.2-1B-Instruct-4bit,1509.0,9309.0,0.0,0
2026-06-26T13:18:38.340,timeseries,3,Weather Report Extended v2,mlx-community/Llama-3.2-1B-Instruct-4bit,2075.0,8945.0,0.0,0
2026-06-26T13:18:38.405,timeseries,3,Weather Report Extended v2,mlx-community/Llama-3.2-1B-Instruct-4bit,683.0,8891.0,0.0,0
2026-06-26T13:18:38.469,timeseries,3,Weather Report Extended v2,mlx-community/Llama-3.2-1B-Instruct-4bit,579.0,8940.0,0.0,0
2026-06-26T13:18:38.533,timeseries,3,Weather Report Extended v2,mlx-community/Llama-3.2-1B-Instruct-4bit,503.0,7815.0,0.0,0
2026-06-26T13:18:38.598,timeseries,3,Weather Report Extended v2,mlx-community/Llama-3.2-1B-Instruct-4bit,645.0,9186.0,0.0,0
2026-06-26T13:18:38.663,timeseries,3,Weather Report Extended v2,mlx-community/Llama-3.2-1B-Instruct-4bit,2842.0,9155.0,0.0,0
2026-06-26T13:18:38.729,timeseries,3,Weather Report Extended v2,mlx-community/Llama-3.2-1B-Instruct-4bit,1177.0,8956.0,0.0,0
2026-06-26T13:18:38.794,timeseries,3,Weather Report Extended v2,mlx-community/Llama-3.2-1B-Instruct-4bit,696.0,7914.0,0.0,0
2026-06-26T13:18:38.857,timeseries,3,Weather Report Extended v2,mlx-community/Llama-3.2-1B-Instruct-4bit,591.0,8857.0,0.0,0
2026-06-26T13:18:38.922,timeseries,3,Weather Report Extended v2,mlx-community/Llama-3.2-1B-Instruct-4bit,517.0,8908.0,0.0,0
2026-06-26T13:18:38.989,timeseries,3,Weather Report Extended v2,mlx-community/Llama-3.2-1B-Instruct-4bit,401.0,9461.0,0.0,0
2026-06-26T13:18:39.051,timeseries,3,Weather Report Extended v2,mlx-community/Llama-3.2-1B-Instruct-4bit,306.0,9093.0,0.0,0
2026-06-26T13:18:39.115,timeseries,3,Weather Report Extended v2,mlx-community/Llama-3.2-1B-Instruct-4bit,501.0,7835.0,0.0,0
2026-06-26T13:18:39.178,timeseries,3,Weather Report Extended v2,mlx-community/Llama-3.2-1B-Instruct-4bit,755.0,9187.0,0.0,0
2026-06-26T13:18:39.242,timeseries,3,Weather Report Extended v2,mlx-community/Llama-3.2-1B-Instruct-4bit,537.0,8203.0,0.0,0
2026-06-26T13:18:39.305,timeseries,3,Weather Report Extended v2,mlx-community/Llama-3.2-1B-Instruct-4bit,523.0,9343.0,0.0,0
2026-06-26T13:18:39.371,timeseries,3,Weather Report Extended v2,mlx-community/Llama-3.2-1B-Instruct-4bit,595.0,9175.0,0.0,0
2026-06-26T13:18:39.437,timeseries,3,Weather Report Extended v2,mlx-community/Llama-3.2-1B-Instruct-4bit,346.0,9314.0,0.0,0
2026-06-26T13:18:39.501,timeseries,3,Weather Report Extended v2,mlx-community/Llama-3.2-1B-Instruct-4bit,335.0,9009.0,0.0,0
2026-06-26T13:18:39.563,timeseries,3,Weather Report Extended v2,mlx-community/Llama-3.2-1B-Instruct-4bit,527.0,7648.0,0.0,0
2026-06-26T13:18:39.628,timeseries,3,Weather Report Extended v2,mlx-community/Llama-3.2-1B-Instruct-4bit,616.0,9224.0,0.0,0
2026-06-26T13:18:39.693,timeseries,3,Weather Report Extended v2,mlx-community/Llama-3.2-1B-Instruct-4bit,421.0,8333.0,0.0,0
2026-06-26T13:18:39.761,timeseries,3,Weather Report Extended v2,mlx-community/Llama-3.2-1B-Instruct-4bit,337.0,9060.0,0.0,0
2026-06-26T13:18:39.828,timeseries,3,Weather Report Extended v2,mlx-community/Llama-3.2-1B-Instruct-4bit,308.0,9123.0,0.0,0
2026-06-26T13:18:39.892,timeseries,3,Weather Report Extended v2,mlx-community/Llama-3.2-1B-Instruct-4bit,265.0,8788.0,0.0,0
2026-06-26T13:18:39.958,timeseries,3,Weather Report Extended v2,mlx-community/Llama-3.2-1B-Instruct-4bit,300.0,8917.0,0.0,0
2026-06-26T13:18:40.024,timeseries,3,Weather Report Extended v2,mlx-community/Llama-3.2-1B-Instruct-4bit,267.0,9300.0,0.0,0
2026-06-26T13:18:40.087,timeseries,3,Weather Report Extended v2,mlx-community/Llama-3.2-1B-Instruct-4bit,301.0,8976.0,0.0,0
2026-06-26T13:18:40.153,timeseries,3,Weather Report Extended v2,mlx-community/Llama-3.2-1B-Instruct-4bit,474.0,9050.0,0.0,0
2026-06-26T13:18:40.217,timeseries,3,Weather Report Extended v2,mlx-community/Llama-3.2-1B-Instruct-4bit,313.0,8115.0,0.0,0
2026-06-26T13:18:40.279,timeseries,3,Weather Report Extended v2,mlx-community/Llama-3.2-1B-Instruct-4bit,398.0,9067.0,0.0,0
2026-06-26T13:18:40.343,timeseries,3,Weather Report Extended v2,mlx-community/Llama-3.2-1B-Instruct-4bit,508.0,8995.0,0.0,0
2026-06-26T13:18:40.407,timeseries,3,Weather Report Extended v2,mlx-community/Llama-3.2-1B-Instruct-4bit,422.0,8373.0,0.0,0
2026-06-26T13:18:40.472,timeseries,3,Weather Report Extended v2,mlx-community/Llama-3.2-1B-Instruct-4bit,345.0,9260.0,0.0,0
2026-06-26T13:18:40.534,timeseries,3,Weather Report Extended v2,mlx-community/Llama-3.2-1B-Instruct-4bit,360.0,9309.0,0.0,0
2026-06-26T13:18:40.598,timeseries,3,Weather Report Extended v2,mlx-community/Llama-3.2-1B-Instruct-4bit,418.0,8012.0,0.0,0
2026-06-26T13:18:40.663,timeseries,3,Weather Report Extended v2,mlx-community/Llama-3.2-1B-Instruct-4bit,431.0,9413.0,0.0,0
2026-06-26T13:18:40.728,timeseries,3,Weather Report Extended v2,mlx-community/Llama-3.2-1B-Instruct-4bit,296.0,9266.0,0.0,0
2026-06-26T13:18:40.792,timeseries,3,Weather Report Extended v2,mlx-community/Llama-3.2-1B-Instruct-4bit,325.0,8045.0,0.0,0
2026-06-26T13:18:40.859,timeseries,3,Weather Report Extended v2,mlx-community/Llama-3.2-1B-Instruct-4bit,306.0,9101.0,0.0,0
2026-06-26T13:18:40.925,timeseries,3,Weather Report Extended v2,mlx-community/Llama-3.2-1B-Instruct-4bit,280.0,9297.0,0.0,0
2026-06-26T13:18:40.991,timeseries,3,Weather Report Extended v2,mlx-community/Llama-3.2-1B-Instruct-4bit,301.0,9012.0,0.0,0
2026-06-26T13:18:41.053,timeseries,3,Weather Report Extended v2,mlx-community/Llama-3.2-1B-Instruct-4bit,303.0,9047.0,0.0,0
2026-06-26T13:18:41.117,timeseries,3,Weather Report Extended v2,mlx-community/Llama-3.2-1B-Instruct-4bit,440.0,7862.0,0.0,0
2026-06-26T13:18:41.182,timeseries,3,Weather Report Extended v2,mlx-community/Llama-3.2-1B-Instruct-4bit,388.0,9607.0,0.0,0
2026-06-26T13:18:41.247,timeseries,3,Weather Report Extended v2,mlx-community/Llama-3.2-1B-Instruct-4bit,324.0,9166.0,0.0,0
2026-06-26T13:18:41.310,timeseries,3,Weather Report Extended v2,mlx-community/Llama-3.2-1B-Instruct-4bit,338.0,9123.0,0.0,0
2026-06-26T13:18:41.374,timeseries,3,Weather Report Extended v2,mlx-community/Llama-3.2-1B-Instruct-4bit,608.0,8044.0,0.0,0
2026-06-26T13:18:41.442,timeseries,3,Weather Report Extended v2,mlx-community/Llama-3.2-1B-Instruct-4bit,338.0,9559.0,0.0,0
2026-06-26T13:18:41.508,timeseries,3,Weather Report Extended v2,mlx-community/Llama-3.2-1B-Instruct-4bit,308.0,9182.0,0.0,0
2026-06-26T13:18:41.571,timeseries,3,Weather Report Extended v2,mlx-community/Llama-3.2-1B-Instruct-4bit,266.0,8840.0,0.0,0
2026-06-26T13:18:41.634,timeseries,3,Weather Report Extended v2,mlx-community/Llama-3.2-1B-Instruct-4bit,543.0,8885.0,0.0,0
2026-06-26T13:18:41.697,timeseries,3,Weather Report Extended v2,mlx-community/Llama-3.2-1B-Instruct-4bit,413.0,8259.0,0.0,0
2026-06-26T13:18:41.760,timeseries,3,Weather Report Extended v2,mlx-community/Llama-3.2-1B-Instruct-4bit,387.0,9600.0,0.0,0
2026-06-26T13:18:41.827,timeseries,3,Weather Report Extended v2,mlx-community/Llama-3.2-1B-Instruct-4bit,471.0,8119.0,0.0,0
2026-06-26T13:18:41.893,timeseries,3,Weather Report Extended v2,mlx-community/Llama-3.2-1B-Instruct-4bit,318.0,9448.0,0.0,0
2026-06-26T13:18:41.958,timeseries,3,Weather Report Extended v2,mlx-community/Llama-3.2-1B-Instruct-4bit,284.0,8929.0,0.0,0
2026-06-26T13:18:42.021,timeseries,3,Weather Report Extended v2,mlx-community/Llama-3.2-1B-Instruct-4bit,287.0,8915.0,0.0,0
2026-06-26T13:18:42.084,timeseries,3,Weather Report Extended v2,mlx-community/Llama-3.2-1B-Instruct-4bit,565.0,8930.0,0.0,0
2026-06-26T13:18:42.150,timeseries,3,Weather Report Extended v2,mlx-community/Llama-3.2-1B-Instruct-4bit,684.0,8159.0,0.0,0
2026-06-26T13:18:42.214,timeseries,3,Weather Report Extended v2,mlx-community/Llama-3.2-1B-Instruct-4bit,349.0,9379.0,0.0,0
2026-06-26T13:18:42.275,timeseries,3,Weather Report Extended v2,mlx-community/Llama-3.2-1B-Instruct-4bit,321.0,9098.0,0.0,0
2026-06-26T13:18:42.337,timeseries,3,Weather Report Extended v2,mlx-community/Llama-3.2-1B-Instruct-4bit,504.0,8069.0,0.0,0
2026-06-26T13:18:42.401,timeseries,3,Weather Report Extended v2,mlx-community/Llama-3.2-1B-Instruct-4bit,540.0,8428.0,0.0,0
2026-06-26T13:18:42.465,timeseries,3,Weather Report Extended v2,mlx-community/Llama-3.2-1B-Instruct-4bit,416.0,9480.0,0.0,0
2026-06-26T13:18:42.529,timeseries,3,Weather Report Extended v2,mlx-community/Llama-3.2-1B-Instruct-4bit,311.0,9256.0,0.0,0
2026-06-26T13:18:42.594,timeseries,3,Weather Report Extended v2,mlx-community/Llama-3.2-1B-Instruct-4bit,375.0,9309.0,0.0,0
2026-06-26T13:18:42.662,timeseries,3,Weather Report Extended v2,mlx-community/Llama-3.2-1B-Instruct-4bit,589.0,8035.0,0.0,0
2026-06-26T13:18:42.728,timeseries,3,Weather Report Extended v2,mlx-community/Llama-3.2-1B-Instruct-4bit,311.0,9300.0,0.0,0
2026-06-26T13:18:42.794,timeseries,3,Weather Report Extended v2,mlx-community/Llama-3.2-1B-Instruct-4bit,265.0,8837.0,0.0,0
2026-06-26T13:18:42.861,timeseries,3,Weather Report Extended v2,mlx-community/Llama-3.2-1B-Instruct-4bit,303.0,9090.0,0.0,0
2026-06-26T13:18:42.926,timeseries,3,Weather Report Extended v2,mlx-community/Llama-3.2-1B-Instruct-4bit,301.0,8971.0,0.0,0
2026-06-26T13:18:42.993,timeseries,3,Weather Report Extended v2,mlx-community/Llama-3.2-1B-Instruct-4bit,347.0,9027.0,0.0,0
2026-06-26T13:18:43.057,timeseries,3,Weather Report Extended v2,mlx-community/Llama-3.2-1B-Instruct-4bit,290.0,9167.0,0.0,0
2026-06-26T13:18:43.122,timeseries,3,Weather Report Extended v2,mlx-community/Llama-3.2-1B-Instruct-4bit,415.0,8771.0,0.0,0
2026-06-26T13:18:43.187,timeseries,3,Weather Report Extended v2,mlx-community/Llama-3.2-1B-Instruct-4bit,376.0,9330.0,0.0,0
2026-06-26T13:18:43.254,timeseries,3,Weather Report Extended v2,mlx-community/Llama-3.2-1B-Instruct-4bit,310.0,9230.0,0.0,0
2026-06-26T13:18:43.320,timeseries,3,Weather Report Extended v2,mlx-community/Llama-3.2-1B-Instruct-4bit,307.0,9161.0,0.0,0
2026-06-26T13:18:43.386,timeseries,3,Weather Report Extended v2,mlx-community/Llama-3.2-1B-Instruct-4bit,1863.0,7631.0,0.0,0
2026-06-26T13:18:43.451,timeseries,3,Weather Report Extended v2,mlx-community/Llama-3.2-1B-Instruct-4bit,1605.0,8955.0,0.0,0
2026-06-26T13:18:43.515,timeseries,3,Weather Report Extended v2,mlx-community/Llama-3.2-1B-Instruct-4bit,758.0,8896.0,0.0,0
2026-06-26T13:18:43.579,timeseries,3,Weather Report Extended v2,mlx-community/Llama-3.2-1B-Instruct-4bit,582.0,9034.0,0.0,0
2026-06-26T13:18:43.642,timeseries,3,Weather Report Extended v2,mlx-community/Llama-3.2-1B-Instruct-4bit,633.0,9112.0,0.0,0
2026-06-26T13:18:43.708,timeseries,3,Weather Report Extended v2,mlx-community/Llama-3.2-1B-Instruct-4bit,555.0,8178.0,0.0,0
2026-06-26T13:18:43.775,timeseries,3,Weather Report Extended v2,mlx-community/Llama-3.2-1B-Instruct-4bit,423.0,9268.0,0.0,0
2026-06-26T13:18:43.842,timeseries,3,Weather Report Extended v2,mlx-community/Llama-3.2-1B-Instruct-4bit,323.0,9215.0,0.0,0
2026-06-26T13:18:43.907,timeseries,3,Weather Report Extended v2,mlx-community/Llama-3.2-1B-Instruct-4bit,253.0,8958.0,0.0,0
2026-06-26T13:18:43.972,timeseries,3,Weather Report Extended v2,mlx-community/Llama-3.2-1B-Instruct-4bit,282.0,8903.0,0.0,0
2026-06-26T13:18:44.034,timeseries,3,Weather Report Extended v2,mlx-community/Llama-3.2-1B-Instruct-4bit,312.0,9337.0,0.0,0
2026-06-26T13:18:44.098,timeseries,3,Weather Report Extended v2,mlx-community/Llama-3.2-1B-Instruct-4bit,394.0,7894.0,0.0,0
2026-06-26T13:18:44.163,timeseries,3,Weather Report Extended v2,mlx-community/Llama-3.2-1B-Instruct-4bit,419.0,9568.0,0.0,0
2026-06-26T13:18:44.227,timeseries,3,Weather Report Extended v2,mlx-community/Llama-3.2-1B-Instruct-4bit,362.0,9371.0,0.0,0
2026-06-26T13:18:44.290,timeseries,3,Weather Report Extended v2,mlx-community/Llama-3.2-1B-Instruct-4bit,324.0,8072.0,0.0,0
2026-06-26T13:18:44.355,timeseries,3,Weather Report Extended v2,mlx-community/Llama-3.2-1B-Instruct-4bit,605.0,9157.0,0.0,0
2026-06-26T13:18:44.417,timeseries,3,Weather Report Extended v2,mlx-community/Llama-3.2-1B-Instruct-4bit,366.0,9464.0,0.0,0
2026-06-26T13:18:44.480,timeseries,3,Weather Report Extended v2,mlx-community/Llama-3.2-1B-Instruct-4bit,534.0,7855.0,0.0,0
2026-06-26T13:18:44.547,timeseries,3,Weather Report Extended v2,mlx-community/Llama-3.2-1B-Instruct-4bit,392.0,9686.0,0.0,0
2026-06-26T13:18:44.610,timeseries,3,Weather Report Extended v2,mlx-community/Llama-3.2-1B-Instruct-4bit,595.0,9125.0,0.0,0
2026-06-26T13:18:44.675,timeseries,3,Weather Report Extended v2,mlx-community/Llama-3.2-1B-Instruct-4bit,554.0,7705.0,0.0,0
2026-06-26T13:18:44.740,timeseries,3,Weather Report Extended v2,mlx-community/Llama-3.2-1B-Instruct-4bit,415.0,9333.0,0.0,0
2026-06-26T13:18:44.805,timeseries,3,Weather Report Extended v2,mlx-community/Llama-3.2-1B-Instruct-4bit,324.0,9097.0,0.0,0
2026-06-26T13:18:44.870,timeseries,3,Weather Report Extended v2,mlx-community/Llama-3.2-1B-Instruct-4bit,278.0,9162.0,0.0,0
2026-06-26T13:18:44.936,timeseries,3,Weather Report Extended v2,mlx-community/Llama-3.2-1B-Instruct-4bit,307.0,8008.0,0.0,0
2026-06-26T13:18:45.002,timeseries,3,Weather Report Extended v2,mlx-community/Llama-3.2-1B-Instruct-4bit,323.0,9093.0,0.0,0
2026-06-26T13:18:45.068,timeseries,3,Weather Report Extended v2,mlx-community/Llama-3.2-1B-Instruct-4bit,332.0,8985.0,0.0,0
2026-06-26T13:18:45.131,timeseries,3,Weather Report Extended v2,mlx-community/Llama-3.2-1B-Instruct-4bit,688.0,8927.0,0.0,0
2026-06-26T13:18:45.196,timeseries,3,Weather Report Extended v2,mlx-community/Llama-3.2-1B-Instruct-4bit,575.0,8964.0,0.0,0
2026-06-26T13:18:45.259,timeseries,3,Weather Report Extended v2,mlx-community/Llama-3.2-1B-Instruct-4bit,321.0,9513.0,0.0,0
2026-06-26T13:18:45.324,timeseries,3,Weather Report Extended v2,mlx-community/Llama-3.2-1B-Instruct-4bit,378.0,7851.0,0.0,0
2026-06-26T13:18:45.392,timeseries,3,Weather Report Extended v2,mlx-community/Llama-3.2-1B-Instruct-4bit,460.0,9333.0,0.0,0
2026-06-26T13:18:45.455,timeseries,3,Weather Report Extended v2,mlx-community/Llama-3.2-1B-Instruct-4bit,290.0,9126.0,0.0,0
2026-06-26T13:18:45.516,timeseries,3,Weather Report Extended v2,mlx-community/Llama-3.2-1B-Instruct-4bit,421.0,8881.0,0.0,0
2026-06-26T13:18:45.579,timeseries,3,Weather Report Extended v2,mlx-community/Llama-3.2-1B-Instruct-4bit,539.0,8159.0,0.0,0
2026-06-26T13:18:45.642,timeseries,3,Weather Report Extended v2,mlx-community/Llama-3.2-1B-Instruct-4bit,622.0,8411.0,0.0,0
2026-06-26T13:18:45.707,timeseries,3,Weather Report Extended v2,mlx-community/Llama-3.2-1B-Instruct-4bit,414.0,9452.0,0.0,0
2026-06-26T13:18:45.776,timeseries,3,Weather Report Extended v2,mlx-community/Llama-3.2-1B-Instruct-4bit,360.0,9216.0,0.0,0
2026-06-26T13:18:45.872,timeseries,3,Weather Report Extended v2,mlx-community/Llama-3.2-1B-Instruct-4bit,1706.0,8897.0,0.0,0
2026-06-26T13:18:45.935,timeseries,3,Weather Report Extended v2,mlx-community/Llama-3.2-1B-Instruct-4bit,3365.0,12543.0,0.0,0
2026-06-26T13:18:46.011,timeseries,3,Weather Report Extended v2,mlx-community/Llama-3.2-1B-Instruct-4bit,2209.0,5211.0,0.0,0
2026-06-26T13:18:46.080,timeseries,3,Weather Report Extended v2,mlx-community/Llama-3.2-1B-Instruct-4bit,2298.0,10295.0,0.0,0
2026-06-26T13:18:46.145,timeseries,3,Weather Report Extended v2,mlx-community/Llama-3.2-1B-Instruct-4bit,3250.0,8248.0,0.0,0
2026-06-26T13:18:46.209,timeseries,3,Weather Report Extended v2,mlx-community/Llama-3.2-1B-Instruct-4bit,1791.0,8131.0,0.0,0
2026-06-26T13:18:46.275,timeseries,3,Weather Report Extended v2,mlx-community/Llama-3.2-1B-Instruct-4bit,570.0,7944.0,0.0,0
2026-06-26T13:18:46.339,timeseries,3,Weather Report Extended v2,mlx-community/Llama-3.2-1B-Instruct-4bit,1458.0,9127.0,0.0,0
2026-06-26T13:18:46.405,timeseries,3,Weather Report Extended v2,mlx-community/Llama-3.2-1B-Instruct-4bit,1565.0,8754.0,0.0,0
2026-06-26T13:18:46.470,timeseries,3,Weather Report Extended v2,mlx-community/Llama-3.2-1B-Instruct-4bit,1183.0,8816.0,0.0,0
2026-06-26T13:18:46.536,timeseries,3,Weather Report Extended v2,mlx-community/Llama-3.2-1B-Instruct-4bit,1026.0,7745.0,0.0,0
2026-06-26T13:18:46.598,timeseries,3,Weather Report Extended v2,mlx-community/Llama-3.2-1B-Instruct-4bit,615.0,9068.0,0.0,0
2026-06-26T13:18:46.664,timeseries,3,Weather Report Extended v2,mlx-community/Llama-3.2-1B-Instruct-4bit,538.0,9075.0,0.0,0
2026-06-26T13:18:46.729,timeseries,3,Weather Report Extended v2,mlx-community/Llama-3.2-1B-Instruct-4bit,362.0,9307.0,0.0,0
2026-06-26T13:18:46.796,timeseries,3,Weather Report Extended v2,mlx-community/Llama-3.2-1B-Instruct-4bit,306.0,8030.0,0.0,0
2026-06-26T13:18:46.864,timeseries,3,Weather Report Extended v2,mlx-community/Llama-3.2-1B-Instruct-4bit,1233.0,9941.0,0.0,0
2026-06-26T13:18:46.925,timeseries,3,Weather Report Extended v2,mlx-community/Llama-3.2-1B-Instruct-4bit,988.0,8611.0,0.0,0
2026-06-26T13:18:46.989,timeseries,3,Weather Report Extended v2,mlx-community/Llama-3.2-1B-Instruct-4bit,507.0,7653.0,0.0,0
2026-06-26T13:18:47.055,timeseries,3,Weather Report Extended v2,mlx-community/Llama-3.2-1B-Instruct-4bit,520.0,9490.0,0.0,0
2026-06-26T13:18:47.117,timeseries,3,Weather Report Extended v2,mlx-community/Llama-3.2-1B-Instruct-4bit,779.0,9212.0,0.0,0
2026-06-26T13:18:47.183,timeseries,3,Weather Report Extended v2,mlx-community/Llama-3.2-1B-Instruct-4bit,582.0,7860.0,0.0,0
2026-06-26T13:18:47.250,timeseries,3,Weather Report Extended v2,mlx-community/Llama-3.2-1B-Instruct-4bit,1055.0,9223.0,0.0,0
2026-06-26T13:18:47.314,timeseries,3,Weather Report Extended v2,mlx-community/Llama-3.2-1B-Instruct-4bit,1587.0,8716.0,0.0,0
2026-06-26T13:18:47.378,timeseries,3,Weather Report Extended v2,mlx-community/Llama-3.2-1B-Instruct-4bit,656.0,8631.0,0.0,0
2026-06-26T13:18:47.444,timeseries,3,Weather Report Extended v2,mlx-community/Llama-3.2-1B-Instruct-4bit,1073.0,8016.0,0.0,0
2026-06-26T13:18:47.510,timeseries,3,Weather Report Extended v2,mlx-community/Llama-3.2-1B-Instruct-4bit,1151.0,8765.0,0.0,0
2026-06-26T13:18:47.572,timeseries,3,Weather Report Extended v2,mlx-community/Llama-3.2-1B-Instruct-4bit,1086.0,8776.0,0.0,0
2026-06-26T13:18:47.637,timeseries,3,Weather Report Extended v2,mlx-community/Llama-3.2-1B-Instruct-4bit,1186.0,8777.0,0.0,0
2026-06-26T13:18:47.702,timeseries,3,Weather Report Extended v2,mlx-community/Llama-3.2-1B-Instruct-4bit,432.0,8291.0,0.0,0
2026-06-26T13:18:47.768,timeseries,3,Weather Report Extended v2,mlx-community/Llama-3.2-1B-Instruct-4bit,384.0,9055.0,0.0,0
2026-06-26T13:18:47.832,timeseries,3,Weather Report Extended v2,mlx-community/Llama-3.2-1B-Instruct-4bit,294.0,9201.0,0.0,0
2026-06-26T13:18:47.898,timeseries,3,Weather Report Extended v2,mlx-community/Llama-3.2-1B-Instruct-4bit,318.0,9068.0,0.0,0
2026-06-26T13:18:47.962,timeseries,3,Weather Report Extended v2,mlx-community/Llama-3.2-1B-Instruct-4bit,282.0,9274.0,0.0,0
2026-06-26T13:18:48.028,timeseries,3,Weather Report Extended v2,mlx-community/Llama-3.2-1B-Instruct-4bit,302.0,9051.0,0.0,0
2026-06-26T13:18:48.092,timeseries,3,Weather Report Extended v2,mlx-community/Llama-3.2-1B-Instruct-4bit,372.0,8027.0,0.0,0
2026-06-26T13:18:48.156,timeseries,3,Weather Report Extended v2,mlx-community/Llama-3.2-1B-Instruct-4bit,596.0,8960.0,0.0,0
2026-06-26T13:18:48.221,timeseries,3,Weather Report Extended v2,mlx-community/Llama-3.2-1B-Instruct-4bit,358.0,9175.0,0.0,0
2026-06-26T13:18:48.283,timeseries,3,Weather Report Extended v2,mlx-community/Llama-3.2-1B-Instruct-4bit,342.0,9286.0,0.0,0
2026-06-26T13:18:48.347,timeseries,3,Weather Report Extended v2,mlx-community/Llama-3.2-1B-Instruct-4bit,436.0,8045.0,0.0,0
2026-06-26T13:18:48.414,timeseries,3,Weather Report Extended v2,mlx-community/Llama-3.2-1B-Instruct-4bit,399.0,9460.0,0.0,0
2026-06-26T13:18:48.480,timeseries,3,Weather Report Extended v2,mlx-community/Llama-3.2-1B-Instruct-4bit,297.0,9339.0,0.0,0
2026-06-26T13:18:48.545,timeseries,3,Weather Report Extended v2,mlx-community/Llama-3.2-1B-Instruct-4bit,1711.0,8767.0,0.0,0
2026-06-26T13:18:48.609,timeseries,3,Weather Report Extended v2,mlx-community/Llama-3.2-1B-Instruct-4bit,1833.0,7776.0,0.0,0
2026-06-26T13:18:48.675,timeseries,3,Weather Report Extended v2,mlx-community/Llama-3.2-1B-Instruct-4bit,1057.0,9024.0,0.0,0
2026-06-26T13:18:48.741,timeseries,3,Weather Report Extended v2,mlx-community/Llama-3.2-1B-Instruct-4bit,572.0,9076.0,0.0,0
2026-06-26T13:18:48.807,timeseries,3,Weather Report Extended v2,mlx-community/Llama-3.2-1B-Instruct-4bit,468.0,8863.0,0.0,0
2026-06-26T13:18:48.871,timeseries,3,Weather Report Extended v2,mlx-community/Llama-3.2-1B-Instruct-4bit,457.0,8989.0,0.0,0
2026-06-26T13:18:48.937,timeseries,3,Weather Report Extended v2,mlx-community/Llama-3.2-1B-Instruct-4bit,2786.0,9098.0,0.0,0
2026-06-26T13:18:49.002,timeseries,3,Weather Report Extended v2,mlx-community/Llama-3.2-1B-Instruct-4bit,7092.0,8021.0,0.0,0
2026-06-26T13:18:49.067,timeseries,3,Weather Report Extended v2,mlx-community/Llama-3.2-1B-Instruct-4bit,7219.0,8945.0,0.0,0
2026-06-26T13:18:49.132,timeseries,3,Weather Report Extended v2,mlx-community/Llama-3.2-1B-Instruct-4bit,7087.0,9136.0,0.0,0
2026-06-26T13:18:49.197,timeseries,3,Weather Report Extended v2,mlx-community/Llama-3.2-1B-Instruct-4bit,7267.0,9200.0,0.0,0
2026-06-26T13:18:49.264,timeseries,3,Weather Report Extended v2,mlx-community/Llama-3.2-1B-Instruct-4bit,3767.0,9124.0,0.0,0
2026-06-26T13:18:49.330,timeseries,3,Weather Report Extended v2,mlx-community/Llama-3.2-1B-Instruct-4bit,898.0,8899.0,0.0,0
2026-06-26T13:18:49.396,timeseries,3,Weather Report Extended v2,mlx-community/Llama-3.2-1B-Instruct-4bit,724.0,8873.0,0.0,0
2026-06-26T13:18:49.460,timeseries,3,Weather Report Extended v2,mlx-community/Llama-3.2-1B-Instruct-4bit,498.0,8876.0,0.0,0
2026-06-26T13:18:49.524,timeseries,3,Weather Report Extended v2,mlx-community/Llama-3.2-1B-Instruct-4bit,469.0,7803.0,0.0,0
2026-06-26T13:18:49.587,timeseries,3,Weather Report Extended v2,mlx-community/Llama-3.2-1B-Instruct-4bit,409.0,9350.0,0.0,0
2026-06-26T13:18:49.649,timeseries,3,Weather Report Extended v2,mlx-community/Llama-3.2-1B-Instruct-4bit,588.0,8029.0,0.0,0
2026-06-26T13:18:49.715,timeseries,3,Weather Report Extended v2,mlx-community/Llama-3.2-1B-Instruct-4bit,512.0,9455.0,0.0,0
2026-06-26T13:18:49.779,timeseries,3,Weather Report Extended v2,mlx-community/Llama-3.2-1B-Instruct-4bit,319.0,9478.0,0.0,0
2026-06-26T13:18:49.844,timeseries,3,Weather Report Extended v2,mlx-community/Llama-3.2-1B-Instruct-4bit,324.0,8217.0,0.0,0
2026-06-26T13:18:49.909,timeseries,3,Weather Report Extended v2,mlx-community/Llama-3.2-1B-Instruct-4bit,372.0,9222.0,0.0,0
2026-06-26T13:18:49.976,timeseries,3,Weather Report Extended v2,mlx-community/Llama-3.2-1B-Instruct-4bit,312.0,9361.0,0.0,0
2026-06-26T13:18:50.041,timeseries,3,Weather Report Extended v2,mlx-community/Llama-3.2-1B-Instruct-4bit,270.0,9036.0,0.0,0
2026-06-26T13:18:50.105,timeseries,3,Weather Report Extended v2,mlx-community/Llama-3.2-1B-Instruct-4bit,435.0,8846.0,0.0,0
2026-06-26T13:18:50.170,timeseries,3,Weather Report Extended v2,mlx-community/Llama-3.2-1B-Instruct-4bit,535.0,8936.0,0.0,0
2026-06-26T13:18:50.237,timeseries,3,Weather Report Extended v2,mlx-community/Llama-3.2-1B-Instruct-4bit,410.0,8140.0,0.0,0
2026-06-26T13:18:50.301,timeseries,3,Weather Report Extended v2,mlx-community/Llama-3.2-1B-Instruct-4bit,321.0,10181.0,0.0,0
2026-06-26T13:18:50.365,timeseries,3,Weather Report Extended v2,mlx-community/Llama-3.2-1B-Instruct-4bit,520.0,7727.0,0.0,0
2026-06-26T13:18:50.431,timeseries,3,Weather Report Extended v2,mlx-community/Llama-3.2-1B-Instruct-4bit,346.0,9302.0,0.0,0
2026-06-26T13:18:50.498,timeseries,3,Weather Report Extended v2,mlx-community/Llama-3.2-1B-Instruct-4bit,328.0,9236.0,0.0,0
2026-06-26T13:18:50.561,timeseries,3,Weather Report Extended v2,mlx-community/Llama-3.2-1B-Instruct-4bit,271.0,8961.0,0.0,0
2026-06-26T13:18:50.625,timeseries,3,Weather Report Extended v2,mlx-community/Llama-3.2-1B-Instruct-4bit,494.0,7762.0,0.0,0
2026-06-26T13:18:50.688,timeseries,3,Weather Report Extended v2,mlx-community/Llama-3.2-1B-Instruct-4bit,427.0,9397.0,0.0,0
2026-06-26T13:18:50.753,timeseries,3,Weather Report Extended v2,mlx-community/Llama-3.2-1B-Instruct-4bit,518.0,9259.0,0.0,0
2026-06-26T13:18:50.818,timeseries,3,Weather Report Extended v2,mlx-community/Llama-3.2-1B-Instruct-4bit,368.0,8252.0,0.0,0
2026-06-26T13:18:50.883,timeseries,3,Weather Report Extended v2,mlx-community/Llama-3.2-1B-Instruct-4bit,261.0,9123.0,0.0,0
2026-06-26T13:18:50.949,timeseries,3,Weather Report Extended v2,mlx-community/Llama-3.2-1B-Instruct-4bit,262.0,9263.0,0.0,0
2026-06-26T13:18:51.014,timeseries,3,Weather Report Extended v2,mlx-community/Llama-3.2-1B-Instruct-4bit,321.0,9143.0,0.0,0
2026-06-26T13:18:51.078,timeseries,3,Weather Report Extended v2,mlx-community/Llama-3.2-1B-Instruct-4bit,321.0,9102.0,0.0,0
2026-06-26T13:18:51.143,timeseries,3,Weather Report Extended v2,mlx-community/Llama-3.2-1B-Instruct-4bit,507.0,7935.0,0.0,0
2026-06-26T13:18:51.206,timeseries,3,Weather Report Extended v2,mlx-community/Llama-3.2-1B-Instruct-4bit,311.0,9211.0,0.0,0
2026-06-26T13:18:51.268,timeseries,3,Weather Report Extended v2,mlx-community/Llama-3.2-1B-Instruct-4bit,328.0,9342.0,0.0,0
2026-06-26T13:18:51.333,timeseries,3,Weather Report Extended v2,mlx-community/Llama-3.2-1B-Instruct-4bit,424.0,8092.0,0.0,0
2026-06-26T13:18:51.397,timeseries,3,Weather Report Extended v2,mlx-community/Llama-3.2-1B-Instruct-4bit,400.0,9478.0,0.0,0
2026-06-26T13:18:51.464,timeseries,3,Weather Report Extended v2,mlx-community/Llama-3.2-1B-Instruct-4bit,327.0,9227.0,0.0,0
2026-06-26T13:18:51.529,timeseries,3,Weather Report Extended v2,mlx-community/Llama-3.2-1B-Instruct-4bit,278.0,9238.0,0.0,0
2026-06-26T13:18:51.593,timeseries,3,Weather Report Extended v2,mlx-community/Llama-3.2-1B-Instruct-4bit,333.0,8027.0,0.0,0
2026-06-26T13:18:51.658,timeseries,3,Weather Report Extended v2,mlx-community/Llama-3.2-1B-Instruct-4bit,415.0,9152.0,0.0,0
2026-06-26T13:18:51.721,timeseries,3,Weather Report Extended v2,mlx-community/Llama-3.2-1B-Instruct-4bit,312.0,9292.0,0.0,0
2026-06-26T13:18:51.784,timeseries,3,Weather Report Extended v2,mlx-community/Llama-3.2-1B-Instruct-4bit,381.0,9086.0,0.0,0
2026-06-26T13:18:51.851,timeseries,3,Weather Report Extended v2,mlx-community/Llama-3.2-1B-Instruct-4bit,411.0,8209.0,0.0,0
2026-06-26T13:18:51.917,timeseries,3,Weather Report Extended v2,mlx-community/Llama-3.2-1B-Instruct-4bit,349.0,9464.0,0.0,0
2026-06-26T13:18:51.983,timeseries,3,Weather Report Extended v2,mlx-community/Llama-3.2-1B-Instruct-4bit,271.0,9016.0,0.0,0
2026-06-26T13:18:52.047,timeseries,3,Weather Report Extended v2,mlx-community/Llama-3.2-1B-Instruct-4bit,273.0,9105.0,0.0,0
2026-06-26T13:18:52.112,timeseries,3,Weather Report Extended v2,mlx-community/Llama-3.2-1B-Instruct-4bit,363.0,9026.0,0.0,0
2026-06-26T13:18:52.179,timeseries,3,Weather Report Extended v2,mlx-community/Llama-3.2-1B-Instruct-4bit,318.0,9587.0,0.0,0
2026-06-26T13:18:52.244,timeseries,3,Weather Report Extended v2,mlx-community/Llama-3.2-1B-Instruct-4bit,286.0,9048.0,0.0,0
2026-06-26T13:18:52.308,timeseries,3,Weather Report Extended v2,mlx-community/Llama-3.2-1B-Instruct-4bit,329.0,7859.0,0.0,0
2026-06-26T13:18:52.374,timeseries,3,Weather Report Extended v2,mlx-community/Llama-3.2-1B-Instruct-4bit,450.0,9185.0,0.0,0
2026-06-26T13:18:52.438,timeseries,3,Weather Report Extended v2,mlx-community/Llama-3.2-1B-Instruct-4bit,310.0,9280.0,0.0,0
2026-06-26T13:18:52.503,timeseries,3,Weather Report Extended v2,mlx-community/Llama-3.2-1B-Instruct-4bit,295.0,9348.0,0.0,0
2026-06-26T13:18:52.565,timeseries,3,Weather Report Extended v2,mlx-community/Llama-3.2-1B-Instruct-4bit,319.0,8028.0,0.0,0
2026-06-26T13:18:52.629,timeseries,3,Weather Report Extended v2,mlx-community/Llama-3.2-1B-Instruct-4bit,563.0,9292.0,0.0,0
2026-06-26T13:18:52.695,timeseries,3,Weather Report Extended v2,mlx-community/Llama-3.2-1B-Instruct-4bit,334.0,9486.0,0.0,0
2026-06-26T13:18:52.758,timeseries,3,Weather Report Extended v2,mlx-community/Llama-3.2-1B-Instruct-4bit,284.0,8358.0,0.0,0
2026-06-26T13:18:52.822,timeseries,3,Weather Report Extended v2,mlx-community/Llama-3.2-1B-Instruct-4bit,376.0,8999.0,0.0,0
2026-06-26T13:18:52.886,timeseries,3,Weather Report Extended v2,mlx-community/Llama-3.2-1B-Instruct-4bit,386.0,9481.0,0.0,0
2026-06-26T13:18:52.951,timeseries,3,Weather Report Extended v2,mlx-community/Llama-3.2-1B-Instruct-4bit,524.0,7895.0,0.0,0
2026-06-26T13:18:53.015,timeseries,3,Weather Report Extended v2,mlx-community/Llama-3.2-1B-Instruct-4bit,377.0,9305.0,0.0,0
2026-06-26T13:18:53.078,timeseries,3,Weather Report Extended v2,mlx-community/Llama-3.2-1B-Instruct-4bit,307.0,9178.0,0.0,0
2026-06-26T13:18:53.143,timeseries,3,Weather Report Extended v2,mlx-community/Llama-3.2-1B-Instruct-4bit,513.0,8045.0,0.0,0
2026-06-26T13:18:53.209,timeseries,3,Weather Report Extended v2,mlx-community/Llama-3.2-1B-Instruct-4bit,332.0,9386.0,0.0,0
2026-06-26T13:18:53.271,timeseries,3,Weather Report Extended v2,mlx-community/Llama-3.2-1B-Instruct-4bit,264.0,9325.0,0.0,0
2026-06-26T13:18:53.334,timeseries,3,Weather Report Extended v2,mlx-community/Llama-3.2-1B-Instruct-4bit,413.0,9047.0,0.0,0
2026-06-26T13:18:53.397,timeseries,3,Weather Report Extended v2,mlx-community/Llama-3.2-1B-Instruct-4bit,385.0,8335.0,0.0,0
2026-06-26T13:18:53.463,timeseries,3,Weather Report Extended v2,mlx-community/Llama-3.2-1B-Instruct-4bit,331.0,9374.0,0.0,0
2026-06-26T13:18:53.529,timeseries,3,Weather Report Extended v2,mlx-community/Llama-3.2-1B-Instruct-4bit,331.0,9383.0,0.0,0
2026-06-26T13:18:53.591,timeseries,3,Weather Report Extended v2,mlx-community/Llama-3.2-1B-Instruct-4bit,304.0,9029.0,0.0,0
2026-06-26T13:18:53.656,timeseries,3,Weather Report Extended v2,mlx-community/Llama-3.2-1B-Instruct-4bit,548.0,7959.0,0.0,0
2026-06-26T13:18:53.722,timeseries,3,Weather Report Extended v2,mlx-community/Llama-3.2-1B-Instruct-4bit,2602.0,9274.0,0.0,0
2026-06-26T13:18:53.788,timeseries,3,Weather Report Extended v2,mlx-community/Llama-3.2-1B-Instruct-4bit,759.0,9083.0,0.0,0
2026-06-26T13:18:53.854,timeseries,3,Weather Report Extended v2,mlx-community/Llama-3.2-1B-Instruct-4bit,769.0,8855.0,0.0,0
2026-06-26T13:18:53.917,timeseries,3,Weather Report Extended v2,mlx-community/Llama-3.2-1B-Instruct-4bit,546.0,8907.0,0.0,0
2026-06-26T13:18:53.982,timeseries,3,Weather Report Extended v2,mlx-community/Llama-3.2-1B-Instruct-4bit,441.0,7840.0,0.0,0
2026-06-26T13:18:54.044,timeseries,3,Weather Report Extended v2,mlx-community/Llama-3.2-1B-Instruct-4bit,367.0,9456.0,0.0,0
2026-06-26T13:18:54.109,timeseries,3,Weather Report Extended v2,mlx-community/Llama-3.2-1B-Instruct-4bit,441.0,7932.0,0.0,0
2026-06-26T13:18:54.175,timeseries,3,Weather Report Extended v2,mlx-community/Llama-3.2-1B-Instruct-4bit,423.0,9710.0,0.0,0
2026-06-26T13:18:54.242,timeseries,3,Weather Report Extended v2,mlx-community/Llama-3.2-1B-Instruct-4bit,338.0,9119.0,0.0,0
2026-06-26T13:18:54.306,timeseries,3,Weather Report Extended v2,mlx-community/Llama-3.2-1B-Instruct-4bit,302.0,9015.0,0.0,0
2026-06-26T13:18:54.372,timeseries,3,Weather Report Extended v2,mlx-community/Llama-3.2-1B-Instruct-4bit,507.0,8863.0,0.0,0
2026-06-26T13:18:54.440,timeseries,3,Weather Report Extended v2,mlx-community/Llama-3.2-1B-Instruct-4bit,350.0,9476.0,0.0,0
2026-06-26T13:18:54.507,timeseries,3,Weather Report Extended v2,mlx-community/Llama-3.2-1B-Instruct-4bit,255.0,9070.0,0.0,0
2026-06-26T13:18:54.570,timeseries,3,Weather Report Extended v2,mlx-community/Llama-3.2-1B-Instruct-4bit,266.0,8880.0,0.0,0
2026-06-26T13:18:54.636,timeseries,3,Weather Report Extended v2,mlx-community/Llama-3.2-1B-Instruct-4bit,449.0,8928.0,0.0,0
2026-06-26T13:18:54.703,timeseries,3,Weather Report Extended v2,mlx-community/Llama-3.2-1B-Instruct-4bit,327.0,8151.0,0.0,0
2026-06-26T13:18:54.768,timeseries,3,Weather Report Extended v2,mlx-community/Llama-3.2-1B-Instruct-4bit,319.0,9056.0,0.0,0
2026-06-26T13:18:54.833,timeseries,3,Weather Report Extended v2,mlx-community/Llama-3.2-1B-Instruct-4bit,285.0,9029.0,0.0,0
2026-06-26T13:18:54.897,timeseries,3,Weather Report Extended v2,mlx-community/Llama-3.2-1B-Instruct-4bit,337.0,9192.0,0.0,0
2026-06-26T13:18:54.963,timeseries,3,Weather Report Extended v2,mlx-community/Llama-3.2-1B-Instruct-4bit,342.0,9250.0,0.0,0
2026-06-26T13:18:55.031,timeseries,3,Weather Report Extended v2,mlx-community/Llama-3.2-1B-Instruct-4bit,309.0,9192.0,0.0,0
2026-06-26T13:18:55.095,timeseries,3,Weather Report Extended v2,mlx-community/Llama-3.2-1B-Instruct-4bit,377.0,8912.0,0.0,0
2026-06-26T13:18:55.159,timeseries,3,Weather Report Extended v2,mlx-community/Llama-3.2-1B-Instruct-4bit,566.0,7748.0,0.0,0
2026-06-26T13:18:55.225,timeseries,3,Weather Report Extended v2,mlx-community/Llama-3.2-1B-Instruct-4bit,390.0,9267.0,0.0,0
2026-06-26T13:18:55.288,timeseries,3,Weather Report Extended v2,mlx-community/Llama-3.2-1B-Instruct-4bit,309.0,9305.0,0.0,0
2026-06-26T13:18:55.355,timeseries,3,Weather Report Extended v2,mlx-community/Llama-3.2-1B-Instruct-4bit,472.0,9046.0,0.0,0
2026-06-26T13:18:55.419,timeseries,3,Weather Report Extended v2,mlx-community/Llama-3.2-1B-Instruct-4bit,333.0,9477.0,0.0,0
2026-06-26T13:18:55.486,timeseries,3,Weather Report Extended v2,mlx-community/Llama-3.2-1B-Instruct-4bit,357.0,7861.0,0.0,0
2026-06-26T13:18:55.550,timeseries,3,Weather Report Extended v2,mlx-community/Llama-3.2-1B-Instruct-4bit,329.0,9360.0,0.0,0
2026-06-26T13:18:55.613,timeseries,3,Weather Report Extended v2,mlx-community/Llama-3.2-1B-Instruct-4bit,711.0,8928.0,0.0,0
2026-06-26T13:18:55.679,timeseries,3,Weather Report Extended v2,mlx-community/Llama-3.2-1B-Instruct-4bit,452.0,9217.0,0.0,0
2026-06-26T13:18:55.742,timeseries,3,Weather Report Extended v2,mlx-community/Llama-3.2-1B-Instruct-4bit,313.0,9335.0,0.0,0
2026-06-26T13:18:55.808,timeseries,3,Weather Report Extended v2,mlx-community/Llama-3.2-1B-Instruct-4bit,519.0,7799.0,0.0,0
2026-06-26T13:18:55.874,timeseries,3,Weather Report Extended v2,mlx-community/Llama-3.2-1B-Instruct-4bit,324.0,9581.0,0.0,0
2026-06-26T13:18:55.940,timeseries,3,Weather Report Extended v2,mlx-community/Llama-3.2-1B-Instruct-4bit,284.0,8989.0,0.0,0
2026-06-26T13:18:56.005,timeseries,3,Weather Report Extended v2,mlx-community/Llama-3.2-1B-Instruct-4bit,333.0,9062.0,0.0,0
2026-06-26T13:18:56.067,timeseries,3,Weather Report Extended v2,mlx-community/Llama-3.2-1B-Instruct-4bit,321.0,9138.0,0.0,0
2026-06-26T13:18:56.133,timeseries,3,Weather Report Extended v2,mlx-community/Llama-3.2-1B-Instruct-4bit,471.0,7910.0,0.0,0
2026-06-26T13:18:56.198,timeseries,3,Weather Report Extended v2,mlx-community/Llama-3.2-1B-Instruct-4bit,320.0,9518.0,0.0,0
2026-06-26T13:18:56.262,timeseries,3,Weather Report Extended v2,mlx-community/Llama-3.2-1B-Instruct-4bit,349.0,9035.0,0.0,0
2026-06-26T13:18:56.327,timeseries,3,Weather Report Extended v2,mlx-community/Llama-3.2-1B-Instruct-4bit,374.0,9284.0,0.0,0
2026-06-26T13:18:56.392,timeseries,3,Weather Report Extended v2,mlx-community/Llama-3.2-1B-Instruct-4bit,911.0,7968.0,0.0,0
2026-06-26T13:18:56.455,timeseries,3,Weather Report Extended v2,mlx-community/Llama-3.2-1B-Instruct-4bit,527.0,9052.0,0.0,0
2026-06-26T13:18:56.520,timeseries,3,Weather Report Extended v2,mlx-community/Llama-3.2-1B-Instruct-4bit,441.0,8971.0,0.0,0
2026-06-26T13:18:56.584,timeseries,3,Weather Report Extended v2,mlx-community/Llama-3.2-1B-Instruct-4bit,381.0,8231.0,0.0,0
2026-06-26T13:18:56.648,timeseries,3,Weather Report Extended v2,mlx-community/Llama-3.2-1B-Instruct-4bit,544.0,9194.0,0.0,0
2026-06-26T13:18:56.715,timeseries,3,Weather Report Extended v2,mlx-community/Llama-3.2-1B-Instruct-4bit,344.0,9347.0,0.0,0
2026-06-26T13:18:56.781,timeseries,3,Weather Report Extended v2,mlx-community/Llama-3.2-1B-Instruct-4bit,341.0,9295.0,0.0,0
2026-06-26T13:18:56.845,timeseries,3,Weather Report Extended v2,mlx-community/Llama-3.2-1B-Instruct-4bit,286.0,9086.0,0.0,0
2026-06-26T13:18:56.910,timeseries,3,Weather Report Extended v2,mlx-community/Llama-3.2-1B-Instruct-4bit,576.0,7891.0,0.0,0
2026-06-26T13:18:56.976,timeseries,3,Weather Report Extended v2,mlx-community/Llama-3.2-1B-Instruct-4bit,1263.0,9105.0,0.0,0
2026-06-26T13:18:57.041,timeseries,3,Weather Report Extended v2,mlx-community/Llama-3.2-1B-Instruct-4bit,673.0,8964.0,0.0,0
2026-06-26T13:18:57.104,timeseries,3,Weather Report Extended v2,mlx-community/Llama-3.2-1B-Instruct-4bit,624.0,8935.0,0.0,0
2026-06-26T13:18:57.170,timeseries,3,Weather Report Extended v2,mlx-community/Llama-3.2-1B-Instruct-4bit,488.0,8997.0,0.0,0
2026-06-26T13:18:57.237,timeseries,3,Weather Report Extended v2,mlx-community/Llama-3.2-1B-Instruct-4bit,318.0,8293.0,0.0,0
2026-06-26T13:18:57.301,timeseries,3,Weather Report Extended v2,mlx-community/Llama-3.2-1B-Instruct-4bit,306.0,10220.0,0.0,0
2026-06-26T13:18:57.365,timeseries,3,Weather Report Extended v2,mlx-community/Llama-3.2-1B-Instruct-4bit,430.0,7733.0,0.0,0
2026-06-26T13:18:57.431,timeseries,3,Weather Report Extended v2,mlx-community/Llama-3.2-1B-Instruct-4bit,345.0,9428.0,0.0,0
2026-06-26T13:18:57.496,timeseries,3,Weather Report Extended v2,mlx-community/Llama-3.2-1B-Instruct-4bit,300.0,9437.0,0.0,0
2026-06-26T13:18:57.561,timeseries,3,Weather Report Extended v2,mlx-community/Llama-3.2-1B-Instruct-4bit,314.0,9051.0,0.0,0
2026-06-26T13:18:57.625,timeseries,3,Weather Report Extended v2,mlx-community/Llama-3.2-1B-Instruct-4bit,400.0,8058.0,0.0,0
2026-06-26T13:18:57.691,timeseries,3,Weather Report Extended v2,mlx-community/Llama-3.2-1B-Instruct-4bit,339.0,9302.0,0.0,0
2026-06-26T13:18:57.757,timeseries,3,Weather Report Extended v2,mlx-community/Llama-3.2-1B-Instruct-4bit,298.0,9418.0,0.0,0
2026-06-26T13:18:57.822,timeseries,3,Weather Report Extended v2,mlx-community/Llama-3.2-1B-Instruct-4bit,290.0,9270.0,0.0,0
2026-06-26T13:18:57.887,timeseries,3,Weather Report Extended v2,mlx-community/Llama-3.2-1B-Instruct-4bit,273.0,9189.0,0.0,0
2026-06-26T13:18:57.954,timeseries,3,Weather Report Extended v2,mlx-community/Llama-3.2-1B-Instruct-4bit,321.0,9230.0,0.0,0
2026-06-26T13:18:58.016,timeseries,3,Weather Report Extended v2,mlx-community/Llama-3.2-1B-Instruct-4bit,291.0,9271.0,0.0,0
2026-06-26T13:18:58.079,timeseries,3,Weather Report Extended v2,mlx-community/Llama-3.2-1B-Instruct-4bit,463.0,7875.0,0.0,0
2026-06-26T13:18:58.145,timeseries,3,Weather Report Extended v2,mlx-community/Llama-3.2-1B-Instruct-4bit,1160.0,6042.0,0.0,0
2026-06-26T13:18:58.209,timeseries,3,Weather Report Extended v2,mlx-community/Llama-3.2-1B-Instruct-4bit,1904.0,5412.0,0.0,0
2026-06-26T13:18:58.274,timeseries,3,Weather Report Extended v2,mlx-community/Llama-3.2-1B-Instruct-4bit,682.0,9171.0,0.0,0
2026-06-26T13:18:58.339,timeseries,3,Weather Report Extended v2,mlx-community/Llama-3.2-1B-Instruct-4bit,870.0,9571.0,0.0,0
2026-06-26T13:18:58.405,timeseries,3,Weather Report Extended v2,mlx-community/Llama-3.2-1B-Instruct-4bit,686.0,9237.0,0.0,0
2026-06-26T13:18:58.471,timeseries,3,Weather Report Extended v2,mlx-community/Llama-3.2-1B-Instruct-4bit,1222.0,9290.0,0.0,0
2026-06-26T13:18:58.535,timeseries,3,Weather Report Extended v2,mlx-community/Llama-3.2-1B-Instruct-4bit,1016.0,9218.0,0.0,0
2026-06-26T13:18:58.600,timeseries,3,Weather Report Extended v2,mlx-community/Llama-3.2-1B-Instruct-4bit,1648.0,8195.0,0.0,0
2026-06-26T13:18:58.666,timeseries,3,Weather Report Extended v2,mlx-community/Llama-3.2-1B-Instruct-4bit,1002.0,9430.0,0.0,0
2026-06-26T13:18:58.731,timeseries,3,Weather Report Extended v2,mlx-community/Llama-3.2-1B-Instruct-4bit,1061.0,9361.0,0.0,0
2026-06-26T13:18:58.796,timeseries,3,Weather Report Extended v2,mlx-community/Llama-3.2-1B-Instruct-4bit,1447.0,9092.0,0.0,0
2026-06-26T13:18:58.862,timeseries,3,Weather Report Extended v2,mlx-community/Llama-3.2-1B-Instruct-4bit,3535.0,9160.0,0.0,0
2026-06-26T13:18:58.926,timeseries,3,Weather Report Extended v2,mlx-community/Llama-3.2-1B-Instruct-4bit,682.0,8182.0,0.0,0
2026-06-26T13:18:58.989,timeseries,3,Weather Report Extended v2,mlx-community/Llama-3.2-1B-Instruct-4bit,424.0,9183.0,0.0,0
2026-06-26T13:18:59.056,timeseries,3,Weather Report Extended v2,mlx-community/Llama-3.2-1B-Instruct-4bit,418.0,9397.0,0.0,0
2026-06-26T13:18:59.118,timeseries,3,Weather Report Extended v2,mlx-community/Llama-3.2-1B-Instruct-4bit,587.0,9619.0,0.0,0
2026-06-26T13:18:59.183,timeseries,3,Weather Report Extended v2,mlx-community/Llama-3.2-1B-Instruct-4bit,442.0,8106.0,0.0,0
2026-06-26T13:18:59.247,timeseries,3,Weather Report Extended v2,mlx-community/Llama-3.2-1B-Instruct-4bit,335.0,9758.0,0.0,0
2026-06-26T13:18:59.310,timeseries,3,Weather Report Extended v2,mlx-community/Llama-3.2-1B-Instruct-4bit,352.0,9387.0,0.0,0
2026-06-26T13:18:59.375,timeseries,3,Weather Report Extended v2,mlx-community/Llama-3.2-1B-Instruct-4bit,446.0,8558.0,0.0,0
2026-06-26T13:18:59.442,timeseries,3,Weather Report Extended v2,mlx-community/Llama-3.2-1B-Instruct-4bit,329.0,9647.0,0.0,0
2026-06-26T13:18:59.509,timeseries,3,Weather Report Extended v2,mlx-community/Llama-3.2-1B-Instruct-4bit,259.0,9417.0,0.0,0
2026-06-26T13:18:59.572,timeseries,3,Weather Report Extended v2,mlx-community/Llama-3.2-1B-Instruct-4bit,283.0,9205.0,0.0,0
2026-06-26T13:18:59.638,timeseries,3,Weather Report Extended v2,mlx-community/Llama-3.2-1B-Instruct-4bit,479.0,9094.0,0.0,0
2026-06-26T13:18:59.704,timeseries,3,Weather Report Extended v2,mlx-community/Llama-3.2-1B-Instruct-4bit,349.0,9731.0,0.0,0
2026-06-26T13:18:59.770,timeseries,3,Weather Report Extended v2,mlx-community/Llama-3.2-1B-Instruct-4bit,304.0,9390.0,0.0,0
2026-06-26T13:18:59.837,timeseries,3,Weather Report Extended v2,mlx-community/Llama-3.2-1B-Instruct-4bit,319.0,8194.0,0.0,0
2026-06-26T13:18:59.905,timeseries,3,Weather Report Extended v2,mlx-community/Llama-3.2-1B-Instruct-4bit,306.0,10520.0,0.0,0
2026-06-26T13:18:59.970,timeseries,3,Weather Report Extended v2,mlx-community/Llama-3.2-1B-Instruct-4bit,279.0,9089.0,0.0,0
2026-06-26T13:19:00.033,timeseries,3,Weather Report Extended v2,mlx-community/Llama-3.2-1B-Instruct-4bit,314.0,8058.0,0.0,0
2026-06-26T13:19:00.097,timeseries,3,Weather Report Extended v2,mlx-community/Llama-3.2-1B-Instruct-4bit,428.0,9376.0,0.0,0
2026-06-26T13:19:00.162,timeseries,3,Weather Report Extended v2,mlx-community/Llama-3.2-1B-Instruct-4bit,628.0,9597.0,0.0,0
2026-06-26T13:19:00.231,timeseries,3,Weather Report Extended v2,mlx-community/Llama-3.2-1B-Instruct-4bit,787.0,9496.0,0.0,0
2026-06-26T13:19:00.295,timeseries,3,Weather Report Extended v2,mlx-community/Llama-3.2-1B-Instruct-4bit,612.0,9219.0,0.0,0
2026-06-26T13:19:00.359,timeseries,3,Weather Report Extended v2,mlx-community/Llama-3.2-1B-Instruct-4bit,467.0,7794.0,0.0,0
2026-06-26T13:19:00.425,timeseries,3,Weather Report Extended v2,mlx-community/Llama-3.2-1B-Instruct-4bit,360.0,9583.0,0.0,0
2026-06-26T13:19:00.491,timeseries,3,Weather Report Extended v2,mlx-community/Llama-3.2-1B-Instruct-4bit,342.0,9626.0,0.0,0
2026-06-26T13:19:00.554,timeseries,3,Weather Report Extended v2,mlx-community/Llama-3.2-1B-Instruct-4bit,333.0,9419.0,0.0,0
2026-06-26T13:19:00.618,timeseries,3,Weather Report Extended v2,mlx-community/Llama-3.2-1B-Instruct-4bit,427.0,8204.0,0.0,0
2026-06-26T13:19:00.685,timeseries,3,Weather Report Extended v2,mlx-community/Llama-3.2-1B-Instruct-4bit,365.0,9785.0,0.0,0
2026-06-26T13:19:00.751,timeseries,3,Weather Report Extended v2,mlx-community/Llama-3.2-1B-Instruct-4bit,295.0,9569.0,0.0,0
2026-06-26T13:19:00.817,timeseries,3,Weather Report Extended v2,mlx-community/Llama-3.2-1B-Instruct-4bit,329.0,9289.0,0.0,0
2026-06-26T13:19:00.883,timeseries,3,Weather Report Extended v2,mlx-community/Llama-3.2-1B-Instruct-4bit,302.0,9378.0,0.0,0
2026-06-26T13:19:00.950,timeseries,3,Weather Report Extended v2,mlx-community/Llama-3.2-1B-Instruct-4bit,309.0,9580.0,0.0,0
2026-06-26T13:19:01.016,timeseries,3,Weather Report Extended v2,mlx-community/Llama-3.2-1B-Instruct-4bit,343.0,9294.0,0.0,0
2026-06-26T13:19:01.079,timeseries,3,Weather Report Extended v2,mlx-community/Llama-3.2-1B-Instruct-4bit,314.0,9312.0,0.0,0
2026-06-26T13:19:01.143,timeseries,3,Weather Report Extended v2,mlx-community/Llama-3.2-1B-Instruct-4bit,452.0,9253.0,0.0,0
2026-06-26T13:19:01.208,timeseries,3,Weather Report Extended v2,mlx-community/Llama-3.2-1B-Instruct-4bit,380.0,8556.0,0.0,0
2026-06-26T13:19:01.272,timeseries,3,Weather Report Extended v2,mlx-community/Llama-3.2-1B-Instruct-4bit,361.0,9593.0,0.0,0
2026-06-26T13:19:01.335,timeseries,3,Weather Report Extended v2,mlx-community/Llama-3.2-1B-Instruct-4bit,385.0,9480.0,0.0,0
2026-06-26T13:19:01.400,timeseries,3,Weather Report Extended v2,mlx-community/Llama-3.2-1B-Instruct-4bit,486.0,8445.0,0.0,0
2026-06-26T13:19:01.466,timeseries,3,Weather Report Extended v2,mlx-community/Llama-3.2-1B-Instruct-4bit,346.0,9671.0,0.0,0
2026-06-26T13:19:01.530,timeseries,3,Weather Report Extended v2,mlx-community/Llama-3.2-1B-Instruct-4bit,311.0,9630.0,0.0,0
2026-06-26T13:19:01.596,timeseries,3,Weather Report Extended v2,mlx-community/Llama-3.2-1B-Instruct-4bit,364.0,9308.0,0.0,0
2026-06-26T13:19:01.657,timeseries,3,Weather Report Extended v2,mlx-community/Llama-3.2-1B-Instruct-4bit,416.0,9450.0,0.0,0
2026-06-26T13:19:01.722,timeseries,3,Weather Report Extended v2,mlx-community/Llama-3.2-1B-Instruct-4bit,538.0,7947.0,0.0,0
2026-06-26T13:19:01.790,timeseries,3,Weather Report Extended v2,mlx-community/Llama-3.2-1B-Instruct-4bit,426.0,9973.0,0.0,0
2026-06-26T13:19:01.856,timeseries,3,Weather Report Extended v2,mlx-community/Llama-3.2-1B-Instruct-4bit,291.0,9439.0,0.0,0
2026-06-26T13:19:01.921,timeseries,3,Weather Report Extended v2,mlx-community/Llama-3.2-1B-Instruct-4bit,310.0,9084.0,0.0,0
2026-06-26T13:19:01.987,timeseries,3,Weather Report Extended v2,mlx-community/Llama-3.2-1B-Instruct-4bit,319.0,9414.0,0.0,0
2026-06-26T13:19:02.049,timeseries,3,Weather Report Extended v2,mlx-community/Llama-3.2-1B-Instruct-4bit,325.0,8365.0,0.0,0
2026-06-26T13:19:02.114,timeseries,3,Weather Report Extended v2,mlx-community/Llama-3.2-1B-Instruct-4bit,465.0,9107.0,0.0,0
2026-06-26T13:19:02.178,timeseries,3,Weather Report Extended v2,mlx-community/Llama-3.2-1B-Instruct-4bit,353.0,9907.0,0.0,0
2026-06-26T13:19:02.243,timeseries,3,Weather Report Extended v2,mlx-community/Llama-3.2-1B-Instruct-4bit,353.0,8247.0,0.0,0
2026-06-26T13:19:02.305,timeseries,3,Weather Report Extended v2,mlx-community/Llama-3.2-1B-Instruct-4bit,361.0,9672.0,0.0,0
2026-06-26T13:19:02.368,timeseries,3,Weather Report Extended v2,mlx-community/Llama-3.2-1B-Instruct-4bit,589.0,9396.0,0.0,0
2026-06-26T13:19:02.432,timeseries,3,Weather Report Extended v2,mlx-community/Llama-3.2-1B-Instruct-4bit,419.0,8596.0,0.0,0
2026-06-26T13:19:02.494,timeseries,3,Weather Report Extended v2,mlx-community/Llama-3.2-1B-Instruct-4bit,362.0,9598.0,0.0,0
2026-06-26T13:19:02.561,timeseries,3,Weather Report Extended v2,mlx-community/Llama-3.2-1B-Instruct-4bit,377.0,8393.0,0.0,0
2026-06-26T13:19:02.626,timeseries,3,Weather Report Extended v2,mlx-community/Llama-3.2-1B-Instruct-4bit,622.0,9656.0,0.0,0
2026-06-26T13:19:02.690,timeseries,3,Weather Report Extended v2,mlx-community/Llama-3.2-1B-Instruct-4bit,466.0,9162.0,0.0,0
2026-06-26T13:19:02.757,timeseries,3,Weather Report Extended v2,mlx-community/Llama-3.2-1B-Instruct-4bit,266.0,9657.0,0.0,0
2026-06-26T13:19:02.821,timeseries,3,Weather Report Extended v2,mlx-community/Llama-3.2-1B-Instruct-4bit,308.0,9523.0,0.0,0
2026-06-26T13:19:02.887,timeseries,3,Weather Report Extended v2,mlx-community/Llama-3.2-1B-Instruct-4bit,331.0,9233.0,0.0,0
2026-06-26T13:19:02.953,timeseries,3,Weather Report Extended v2,mlx-community/Llama-3.2-1B-Instruct-4bit,281.0,8528.0,0.0,0
2026-06-26T13:19:03.019,timeseries,3,Weather Report Extended v2,mlx-community/Llama-3.2-1B-Instruct-4bit,300.0,9195.0,0.0,0
2026-06-26T13:19:03.082,timeseries,3,Weather Report Extended v2,mlx-community/Llama-3.2-1B-Instruct-4bit,320.0,9377.0,0.0,0
2026-06-26T13:19:03.146,timeseries,3,Weather Report Extended v2,mlx-community/Llama-3.2-1B-Instruct-4bit,457.0,9403.0,0.0,0
2026-06-26T13:19:03.213,timeseries,3,Weather Report Extended v2,mlx-community/Llama-3.2-1B-Instruct-4bit,334.0,9793.0,0.0,0
2026-06-26T13:19:03.276,timeseries,3,Weather Report Extended v2,mlx-community/Llama-3.2-1B-Instruct-4bit,310.0,9545.0,0.0,0
2026-06-26T13:19:03.343,timeseries,3,Weather Report Extended v2,mlx-community/Llama-3.2-1B-Instruct-4bit,494.0,7971.0,0.0,0
2026-06-26T13:19:03.409,timeseries,3,Weather Report Extended v2,mlx-community/Llama-3.2-1B-Instruct-4bit,381.0,9728.0,0.0,0
2026-06-26T13:19:03.477,timeseries,3,Weather Report Extended v2,mlx-community/Llama-3.2-1B-Instruct-4bit,280.0,9159.0,0.0,0
2026-06-26T13:19:03.539,timeseries,3,Weather Report Extended v2,mlx-community/Llama-3.2-1B-Instruct-4bit,273.0,9426.0,0.0,0
2026-06-26T13:19:03.604,timeseries,3,Weather Report Extended v2,mlx-community/Llama-3.2-1B-Instruct-4bit,403.0,9142.0,0.0,0
2026-06-26T13:19:03.671,timeseries,3,Weather Report Extended v2,mlx-community/Llama-3.2-1B-Instruct-4bit,404.0,8697.0,0.0,0
2026-06-26T13:19:03.737,timeseries,3,Weather Report Extended v2,mlx-community/Llama-3.2-1B-Instruct-4bit,335.0,10601.0,0.0,0
2026-06-26T13:19:03.800,timeseries,3,Weather Report Extended v2,mlx-community/Llama-3.2-1B-Instruct-4bit,253.0,8075.0,0.0,0
2026-06-26T13:19:03.864,timeseries,3,Weather Report Extended v2,mlx-community/Llama-3.2-1B-Instruct-4bit,321.0,9418.0,0.0,0
2026-06-26T13:19:03.929,timeseries,3,Weather Report Extended v2,mlx-community/Llama-3.2-1B-Instruct-4bit,853.0,9545.0,0.0,0
2026-06-26T13:19:03.995,timeseries,3,Weather Report Extended v2,mlx-community/Llama-3.2-1B-Instruct-4bit,2196.0,9324.0,0.0,0
2026-06-26T13:19:04.060,timeseries,3,Weather Report Extended v2,mlx-community/Llama-3.2-1B-Instruct-4bit,621.0,8228.0,0.0,0
2026-06-26T13:19:04.122,timeseries,3,Weather Report Extended v2,mlx-community/Llama-3.2-1B-Instruct-4bit,813.0,9091.0,0.0,0
2026-06-26T13:19:04.187,timeseries,3,Weather Report Extended v2,mlx-community/Llama-3.2-1B-Instruct-4bit,478.0,9340.0,0.0,0
2026-06-26T13:19:04.252,timeseries,3,Weather Report Extended v2,mlx-community/Llama-3.2-1B-Instruct-4bit,402.0,9888.0,0.0,0
2026-06-26T13:19:04.316,timeseries,3,Weather Report Extended v2,mlx-community/Llama-3.2-1B-Instruct-4bit,355.0,8392.0,0.0,0
2026-06-26T13:19:04.379,timeseries,3,Weather Report Extended v2,mlx-community/Llama-3.2-1B-Instruct-4bit,728.0,9510.0,0.0,0
2026-06-26T13:19:04.443,timeseries,3,Weather Report Extended v2,mlx-community/Llama-3.2-1B-Instruct-4bit,450.0,9444.0,0.0,0
2026-06-26T13:19:04.508,timeseries,3,Weather Report Extended v2,mlx-community/Llama-3.2-1B-Instruct-4bit,413.0,8539.0,0.0,0
2026-06-26T13:19:04.571,timeseries,3,Weather Report Extended v2,mlx-community/Llama-3.2-1B-Instruct-4bit,363.0,9685.0,0.0,0
2026-06-26T13:19:04.634,timeseries,3,Weather Report Extended v2,mlx-community/Llama-3.2-1B-Instruct-4bit,731.0,9223.0,0.0,0
2026-06-26T13:19:04.697,timeseries,3,Weather Report Extended v2,mlx-community/Llama-3.2-1B-Instruct-4bit,525.0,8324.0,0.0,0
2026-06-26T13:19:04.765,timeseries,3,Weather Report Extended v2,mlx-community/Llama-3.2-1B-Instruct-4bit,384.0,9678.0,0.0,0
2026-06-26T13:19:04.830,timeseries,3,Weather Report Extended v2,mlx-community/Llama-3.2-1B-Instruct-4bit,330.0,9610.0,0.0,0
2026-06-26T13:19:04.896,timeseries,3,Weather Report Extended v2,mlx-community/Llama-3.2-1B-Instruct-4bit,267.0,9193.0,0.0,0
2026-06-26T13:19:04.964,timeseries,3,Weather Report Extended v2,mlx-community/Llama-3.2-1B-Instruct-4bit,290.0,9377.0,0.0,0
2026-06-26T13:19:05.029,timeseries,3,Weather Report Extended v2,mlx-community/Llama-3.2-1B-Instruct-4bit,334.0,9395.0,0.0,0
2026-06-26T13:19:05.092,timeseries,3,Weather Report Extended v2,mlx-community/Llama-3.2-1B-Instruct-4bit,341.0,8041.0,0.0,0
2026-06-26T13:19:05.158,timeseries,3,Weather Report Extended v2,mlx-community/Llama-3.2-1B-Instruct-4bit,570.0,9404.0,0.0,0
2026-06-26T13:19:05.224,timeseries,3,Weather Report Extended v2,mlx-community/Llama-3.2-1B-Instruct-4bit,314.0,9566.0,0.0,0
2026-06-26T13:19:05.287,timeseries,3,Weather Report Extended v2,mlx-community/Llama-3.2-1B-Instruct-4bit,307.0,9461.0,0.0,0
2026-06-26T13:19:05.348,timeseries,3,Weather Report Extended v2,mlx-community/Llama-3.2-1B-Instruct-4bit,698.0,8210.0,0.0,0
2026-06-26T13:19:05.414,timeseries,3,Weather Report Extended v2,mlx-community/Llama-3.2-1B-Instruct-4bit,569.0,9693.0,0.0,0
2026-06-26T13:19:05.479,timeseries,3,Weather Report Extended v2,mlx-community/Llama-3.2-1B-Instruct-4bit,358.0,9948.0,0.0,0
2026-06-26T13:19:05.545,timeseries,3,Weather Report Extended v2,mlx-community/Llama-3.2-1B-Instruct-4bit,304.0,9417.0,0.0,0
2026-06-26T13:19:05.608,timeseries,3,Weather Report Extended v2,mlx-community/Llama-3.2-1B-Instruct-4bit,587.0,8322.0,0.0,0
2026-06-26T13:19:05.673,timeseries,3,Weather Report Extended v2,mlx-community/Llama-3.2-1B-Instruct-4bit,454.0,9190.0,0.0,0
2026-06-26T13:19:05.738,timeseries,3,Weather Report Extended v2,mlx-community/Llama-3.2-1B-Instruct-4bit,304.0,9876.0,0.0,0
2026-06-26T13:19:05.804,timeseries,3,Weather Report Extended v2,mlx-community/Llama-3.2-1B-Instruct-4bit,335.0,9393.0,0.0,0
2026-06-26T13:19:05.870,timeseries,3,Weather Report Extended v2,mlx-community/Llama-3.2-1B-Instruct-4bit,322.0,9470.0,0.0,0
2026-06-26T13:19:05.936,timeseries,3,Weather Report Extended v2,mlx-community/Llama-3.2-1B-Instruct-4bit,317.0,8194.0,0.0,0
2026-06-26T13:19:05.999,timeseries,3,Weather Report Extended v2,mlx-community/Llama-3.2-1B-Instruct-4bit,318.0,9366.0,0.0,0
2026-06-26T13:19:06.063,timeseries,3,Weather Report Extended v2,mlx-community/Llama-3.2-1B-Instruct-4bit,350.0,9403.0,0.0,0
2026-06-26T13:19:06.129,timeseries,3,Weather Report Extended v2,mlx-community/Llama-3.2-1B-Instruct-4bit,522.0,9647.0,0.0,0
2026-06-26T13:19:06.196,timeseries,3,Weather Report Extended v2,mlx-community/Llama-3.2-1B-Instruct-4bit,378.0,8514.0,0.0,0
2026-06-26T13:19:06.262,timeseries,3,Weather Report Extended v2,mlx-community/Llama-3.2-1B-Instruct-4bit,303.0,10518.0,0.0,0
2026-06-26T13:19:06.328,timeseries,3,Weather Report Extended v2,mlx-community/Llama-3.2-1B-Instruct-4bit,359.0,8089.0,0.0,0
2026-06-26T13:19:06.394,timeseries,3,Weather Report Extended v2,mlx-community/Llama-3.2-1B-Instruct-4bit,346.0,9336.0,0.0,0
2026-06-26T13:19:06.457,timeseries,3,Weather Report Extended v2,mlx-community/Llama-3.2-1B-Instruct-4bit,985.0,9231.0,0.0,0
2026-06-26T13:19:06.521,timeseries,3,Weather Report Extended v2,mlx-community/Llama-3.2-1B-Instruct-4bit,457.0,9223.0,0.0,0
2026-06-26T13:19:06.583,timeseries,3,Weather Report Extended v2,mlx-community/Llama-3.2-1B-Instruct-4bit,409.0,9604.0,0.0,0
2026-06-26T13:19:06.645,timeseries,3,Weather Report Extended v2,mlx-community/Llama-3.2-1B-Instruct-4bit,588.0,8512.0,0.0,0
2026-06-26T13:19:06.712,timeseries,3,Weather Report Extended v2,mlx-community/Llama-3.2-1B-Instruct-4bit,416.0,8629.0,0.0,0
2026-06-26T13:19:06.777,timeseries,3,Weather Report Extended v2,mlx-community/Llama-3.2-1B-Instruct-4bit,336.0,9805.0,0.0,0
2026-06-26T13:19:06.843,timeseries,3,Weather Report Extended v2,mlx-community/Llama-3.2-1B-Instruct-4bit,301.0,9359.0,0.0,0
2026-06-26T13:19:06.906,timeseries,3,Weather Report Extended v2,mlx-community/Llama-3.2-1B-Instruct-4bit,294.0,9598.0,0.0,0
2026-06-26T13:19:06.972,timeseries,3,Weather Report Extended v2,mlx-community/Llama-3.2-1B-Instruct-4bit,480.0,9240.0,0.0,0
2026-06-26T13:19:07.038,timeseries,3,Weather Report Extended v2,mlx-community/Llama-3.2-1B-Instruct-4bit,1324.0,9632.0,0.0,0
2026-06-26T13:19:07.101,timeseries,3,Weather Report Extended v2,mlx-community/Llama-3.2-1B-Instruct-4bit,742.0,9121.0,0.0,0
2026-06-26T13:19:07.163,timeseries,3,Weather Report Extended v2,mlx-community/Llama-3.2-1B-Instruct-4bit,467.0,8012.0,0.0,0
2026-06-26T13:19:07.228,timeseries,3,Weather Report Extended v2,mlx-community/Llama-3.2-1B-Instruct-4bit,461.0,9711.0,0.0,0
2026-06-26T13:19:07.292,timeseries,3,Weather Report Extended v2,mlx-community/Llama-3.2-1B-Instruct-4bit,321.0,8643.0,0.0,0
2026-06-26T13:19:07.356,timeseries,3,Weather Report Extended v2,mlx-community/Llama-3.2-1B-Instruct-4bit,465.0,9567.0,0.0,0
2026-06-26T13:19:07.423,timeseries,3,Weather Report Extended v2,mlx-community/Llama-3.2-1B-Instruct-4bit,359.0,9673.0,0.0,0
2026-06-26T13:19:07.487,timeseries,3,Weather Report Extended v2,mlx-community/Llama-3.2-1B-Instruct-4bit,534.0,9624.0,0.0,0
2026-06-26T13:19:07.548,timeseries,3,Weather Report Extended v2,mlx-community/Llama-3.2-1B-Instruct-4bit,371.0,7928.0,0.0,0
2026-06-26T13:19:07.612,timeseries,3,Weather Report Extended v2,mlx-community/Llama-3.2-1B-Instruct-4bit,553.0,9676.0,0.0,0
2026-06-26T13:19:07.677,timeseries,3,Weather Report Extended v2,mlx-community/Llama-3.2-1B-Instruct-4bit,423.0,9970.0,0.0,0
2026-06-26T13:19:07.741,timeseries,3,Weather Report Extended v2,mlx-community/Llama-3.2-1B-Instruct-4bit,267.0,8437.0,0.0,0
2026-06-26T13:19:07.808,timeseries,3,Weather Report Extended v2,mlx-community/Llama-3.2-1B-Instruct-4bit,533.0,9295.0,0.0,0
2026-06-26T13:19:07.871,timeseries,3,Weather Report Extended v2,mlx-community/Llama-3.2-1B-Instruct-4bit,326.0,9468.0,0.0,0
2026-06-26T13:19:07.936,timeseries,3,Weather Report Extended v2,mlx-community/Llama-3.2-1B-Instruct-4bit,303.0,9407.0,0.0,0
2026-06-26T13:19:08.000,timeseries,3,Weather Report Extended v2,mlx-community/Llama-3.2-1B-Instruct-4bit,360.0,8414.0,0.0,0
2026-06-26T13:19:08.063,timeseries,3,Weather Report Extended v2,mlx-community/Llama-3.2-1B-Instruct-4bit,308.0,9539.0,0.0,0
2026-06-26T13:19:08.129,timeseries,3,Weather Report Extended v2,mlx-community/Llama-3.2-1B-Instruct-4bit,468.0,9587.0,0.0,0
2026-06-26T13:19:08.193,timeseries,3,Weather Report Extended v2,mlx-community/Llama-3.2-1B-Instruct-4bit,335.0,8605.0,0.0,0
2026-06-26T13:19:08.260,timeseries,3,Weather Report Extended v2,mlx-community/Llama-3.2-1B-Instruct-4bit,334.0,9375.0,0.0,0
2026-06-26T13:19:08.324,timeseries,3,Weather Report Extended v2,mlx-community/Llama-3.2-1B-Instruct-4bit,310.0,9625.0,0.0,0
2026-06-26T13:19:08.389,timeseries,3,Weather Report Extended v2,mlx-community/Llama-3.2-1B-Instruct-4bit,374.0,9146.0,0.0,0
2026-06-26T13:19:08.455,timeseries,3,Weather Report Extended v2,mlx-community/Llama-3.2-1B-Instruct-4bit,314.0,9666.0,0.0,0
2026-06-26T13:19:08.521,timeseries,3,Weather Report Extended v2,mlx-community/Llama-3.2-1B-Instruct-4bit,309.0,9564.0,0.0,0
2026-06-26T13:19:08.585,timeseries,3,Weather Report Extended v2,mlx-community/Llama-3.2-1B-Instruct-4bit,397.0,9325.0,0.0,0
2026-06-26T13:19:08.648,timeseries,3,Weather Report Extended v2,mlx-community/Llama-3.2-1B-Instruct-4bit,2038.0,7911.0,0.0,0
2026-06-26T13:19:08.713,timeseries,3,Weather Report Extended v2,mlx-community/Llama-3.2-1B-Instruct-4bit,1830.0,9433.0,0.0,0
2026-06-26T13:19:08.778,timeseries,3,Weather Report Extended v2,mlx-community/Llama-3.2-1B-Instruct-4bit,633.0,9574.0,0.0,0
2026-06-26T13:19:08.839,timeseries,3,Weather Report Extended v2,mlx-community/Llama-3.2-1B-Instruct-4bit,566.0,8088.0,0.0,0
2026-06-26T13:19:08.903,timeseries,3,Weather Report Extended v2,mlx-community/Llama-3.2-1B-Instruct-4bit,463.0,9302.0,0.0,0
2026-06-26T13:19:08.970,timeseries,3,Weather Report Extended v2,mlx-community/Llama-3.2-1B-Instruct-4bit,409.0,8746.0,0.0,0
2026-06-26T13:19:09.036,timeseries,3,Weather Report Extended v2,mlx-community/Llama-3.2-1B-Instruct-4bit,766.0,9556.0,0.0,0
2026-06-26T13:19:09.101,timeseries,3,Weather Report Extended v2,mlx-community/Llama-3.2-1B-Instruct-4bit,2473.0,9009.0,0.0,0
2026-06-26T13:19:09.165,timeseries,3,Weather Report Extended v2,mlx-community/Llama-3.2-1B-Instruct-4bit,680.0,9156.0,0.0,0
2026-06-26T13:19:09.228,timeseries,3,Weather Report Extended v2,mlx-community/Llama-3.2-1B-Instruct-4bit,512.0,9378.0,0.0,0
2026-06-26T13:19:09.291,timeseries,3,Weather Report Extended v2,mlx-community/Llama-3.2-1B-Instruct-4bit,432.0,8228.0,0.0,0
2026-06-26T13:19:09.355,timeseries,3,Weather Report Extended v2,mlx-community/Llama-3.2-1B-Instruct-4bit,592.0,9706.0,0.0,0
2026-06-26T13:19:09.422,timeseries,3,Weather Report Extended v2,mlx-community/Llama-3.2-1B-Instruct-4bit,366.0,9782.0,0.0,0
2026-06-26T13:19:09.489,timeseries,3,Weather Report Extended v2,mlx-community/Llama-3.2-1B-Instruct-4bit,294.0,9628.0,0.0,0
2026-06-26T13:19:09.553,timeseries,3,Weather Report Extended v2,mlx-community/Llama-3.2-1B-Instruct-4bit,314.0,9297.0,0.0,0
2026-06-26T13:19:09.618,timeseries,3,Weather Report Extended v2,mlx-community/Llama-3.2-1B-Instruct-4bit,591.0,8141.0,0.0,0
2026-06-26T13:19:09.682,timeseries,3,Weather Report Extended v2,mlx-community/Llama-3.2-1B-Instruct-4bit,415.0,9500.0,0.0,0
2026-06-26T13:19:09.749,timeseries,3,Weather Report Extended v2,mlx-community/Llama-3.2-1B-Instruct-4bit,313.0,9615.0,0.0,0
2026-06-26T13:19:09.815,timeseries,3,Weather Report Extended v2,mlx-community/Llama-3.2-1B-Instruct-4bit,308.0,9597.0,0.0,0
2026-06-26T13:19:09.880,timeseries,3,Weather Report Extended v2,mlx-community/Llama-3.2-1B-Instruct-4bit,285.0,9324.0,0.0,0
2026-06-26T13:19:09.943,timeseries,3,Weather Report Extended v2,mlx-community/Llama-3.2-1B-Instruct-4bit,305.0,9527.0,0.0,0
2026-06-26T13:19:10.009,timeseries,3,Weather Report Extended v2,mlx-community/Llama-3.2-1B-Instruct-4bit,321.0,8344.0,0.0,0
2026-06-26T13:19:10.073,timeseries,3,Weather Report Extended v2,mlx-community/Llama-3.2-1B-Instruct-4bit,314.0,9634.0,0.0,0
2026-06-26T13:19:10.139,timeseries,3,Weather Report Extended v2,mlx-community/Llama-3.2-1B-Instruct-4bit,544.0,9354.0,0.0,0
2026-06-26T13:19:10.202,timeseries,3,Weather Report Extended v2,mlx-community/Llama-3.2-1B-Instruct-4bit,330.0,9672.0,0.0,0
2026-06-26T13:19:10.272,timeseries,3,Weather Report Extended v2,mlx-community/Llama-3.2-1B-Instruct-4bit,322.0,8363.0,0.0,0
2026-06-26T13:19:10.336,timeseries,3,Weather Report Extended v2,mlx-community/Llama-3.2-1B-Instruct-4bit,562.0,10776.0,0.0,0
2026-06-26T13:19:10.400,timeseries,3,Weather Report Extended v2,mlx-community/Llama-3.2-1B-Instruct-4bit,505.0,7795.0,0.0,0
2026-06-26T13:19:10.466,timeseries,3,Weather Report Extended v2,mlx-community/Llama-3.2-1B-Instruct-4bit,340.0,9485.0,0.0,0
2026-06-26T13:19:10.531,timeseries,3,Weather Report Extended v2,mlx-community/Llama-3.2-1B-Instruct-4bit,283.0,9803.0,0.0,0
2026-06-26T13:19:10.593,timeseries,3,Weather Report Extended v2,mlx-community/Llama-3.2-1B-Instruct-4bit,530.0,9423.0,0.0,0
2026-06-26T13:19:10.659,timeseries,3,Weather Report Extended v2,mlx-community/Llama-3.2-1B-Instruct-4bit,587.0,8230.0,0.0,0
2026-06-26T13:19:10.724,timeseries,3,Weather Report Extended v2,mlx-community/Llama-3.2-1B-Instruct-4bit,353.0,9850.0,0.0,0
2026-06-26T13:19:10.788,timeseries,3,Weather Report Extended v2,mlx-community/Llama-3.2-1B-Instruct-4bit,289.0,9475.0,0.0,0
2026-06-26T13:19:10.850,timeseries,3,Weather Report Extended v2,mlx-community/Llama-3.2-1B-Instruct-4bit,353.0,9460.0,0.0,0
2026-06-26T13:19:10.915,timeseries,3,Weather Report Extended v2,mlx-community/Llama-3.2-1B-Instruct-4bit,482.0,8205.0,0.0,0
2026-06-26T13:19:10.981,timeseries,3,Weather Report Extended v2,mlx-community/Llama-3.2-1B-Instruct-4bit,403.0,9860.0,0.0,0
2026-06-26T13:19:11.045,timeseries,3,Weather Report Extended v2,mlx-community/Llama-3.2-1B-Instruct-4bit,326.0,9543.0,0.0,0
2026-06-26T13:19:11.108,timeseries,3,Weather Report Extended v2,mlx-community/Llama-3.2-1B-Instruct-4bit,500.0,8143.0,0.0,0
2026-06-26T13:19:11.172,timeseries,3,Weather Report Extended v2,mlx-community/Llama-3.2-1B-Instruct-4bit,460.0,9706.0,0.0,0
2026-06-26T13:19:11.240,timeseries,3,Weather Report Extended v2,mlx-community/Llama-3.2-1B-Instruct-4bit,388.0,9538.0,0.0,0
2026-06-26T13:19:11.303,timeseries,3,Weather Report Extended v2,mlx-community/Llama-3.2-1B-Instruct-4bit,328.0,9624.0,0.0,0
2026-06-26T13:19:11.368,timeseries,3,Weather Report Extended v2,mlx-community/Llama-3.2-1B-Instruct-4bit,401.0,8045.0,0.0,0
2026-06-26T13:19:11.433,timeseries,3,Weather Report Extended v2,mlx-community/Llama-3.2-1B-Instruct-4bit,333.0,9752.0,0.0,0
2026-06-26T13:19:11.498,timeseries,3,Weather Report Extended v2,mlx-community/Llama-3.2-1B-Instruct-4bit,308.0,9529.0,0.0,0
2026-06-26T13:19:11.562,timeseries,3,Weather Report Extended v2,mlx-community/Llama-3.2-1B-Instruct-4bit,306.0,9473.0,0.0,0
2026-06-26T13:19:11.623,timeseries,3,Weather Report Extended v2,mlx-community/Llama-3.2-1B-Instruct-4bit,472.0,9354.0,0.0,0
2026-06-26T13:19:11.688,timeseries,3,Weather Report Extended v2,mlx-community/Llama-3.2-1B-Instruct-4bit,460.0,8475.0,0.0,0
2026-06-26T13:19:11.753,timeseries,3,Weather Report Extended v2,mlx-community/Llama-3.2-1B-Instruct-4bit,307.0,9931.0,0.0,0
2026-06-26T13:19:11.819,timeseries,3,Weather Report Extended v2,mlx-community/Llama-3.2-1B-Instruct-4bit,310.0,8394.0,0.0,0
2026-06-26T13:19:11.884,timeseries,3,Weather Report Extended v2,mlx-community/Llama-3.2-1B-Instruct-4bit,321.0,9511.0,0.0,0
2026-06-26T13:19:11.948,timeseries,3,Weather Report Extended v2,mlx-community/Llama-3.2-1B-Instruct-4bit,318.0,9341.0,0.0,0
2026-06-26T13:19:12.015,timeseries,3,Weather Report Extended v2,mlx-community/Llama-3.2-1B-Instruct-4bit,311.0,9672.0,0.0,0
2026-06-26T13:19:12.079,timeseries,3,Weather Report Extended v2,mlx-community/Llama-3.2-1B-Instruct-4bit,311.0,9552.0,0.0,0
2026-06-26T13:19:12.143,timeseries,3,Weather Report Extended v2,mlx-community/Llama-3.2-1B-Instruct-4bit,391.0,8152.0,0.0,0
2026-06-26T13:19:12.210,timeseries,3,Weather Report Extended v2,mlx-community/Llama-3.2-1B-Instruct-4bit,342.0,9531.0,0.0,0
2026-06-26T13:19:12.273,timeseries,3,Weather Report Extended v2,mlx-community/Llama-3.2-1B-Instruct-4bit,283.0,9775.0,0.0,0
2026-06-26T13:19:12.338,timeseries,3,Weather Report Extended v2,mlx-community/Llama-3.2-1B-Instruct-4bit,403.0,9200.0,0.0,0
2026-06-26T13:19:12.403,timeseries,3,Weather Report Extended v2,mlx-community/Llama-3.2-1B-Instruct-4bit,332.0,9715.0,0.0,0
2026-06-26T13:19:12.470,timeseries,3,Weather Report Extended v2,mlx-community/Llama-3.2-1B-Instruct-4bit,322.0,8388.0,0.0,0
2026-06-26T13:19:12.533,timeseries,3,Weather Report Extended v2,mlx-community/Llama-3.2-1B-Instruct-4bit,279.0,9583.0,0.0,0
2026-06-26T13:19:12.596,timeseries,3,Weather Report Extended v2,mlx-community/Llama-3.2-1B-Instruct-4bit,374.0,9276.0,0.0,0
2026-06-26T13:19:12.659,timeseries,3,Weather Report Extended v2,mlx-community/Llama-3.2-1B-Instruct-4bit,411.0,9758.0,0.0,0
2026-06-26T13:19:12.724,timeseries,3,Weather Report Extended v2,mlx-community/Llama-3.2-1B-Instruct-4bit,444.0,8562.0,0.0,0
2026-06-26T13:19:12.788,timeseries,3,Weather Report Extended v2,mlx-community/Llama-3.2-1B-Instruct-4bit,396.0,9730.0,0.0,0
2026-06-26T13:19:12.854,timeseries,3,Weather Report Extended v2,mlx-community/Llama-3.2-1B-Instruct-4bit,354.0,9491.0,0.0,0
2026-06-26T13:19:12.919,timeseries,3,Weather Report Extended v2,mlx-community/Llama-3.2-1B-Instruct-4bit,296.0,9766.0,0.0,0
2026-06-26T13:19:12.984,timeseries,3,Weather Report Extended v2,mlx-community/Llama-3.2-1B-Instruct-4bit,304.0,8302.0,0.0,0
2026-06-26T13:19:13.047,timeseries,3,Weather Report Extended v2,mlx-community/Llama-3.2-1B-Instruct-4bit,321.0,9466.0,0.0,0
2026-06-26T13:19:13.111,timeseries,3,Weather Report Extended v2,mlx-community/Llama-3.2-1B-Instruct-4bit,373.0,9656.0,0.0,0
2026-06-26T13:19:13.176,timeseries,3,Weather Report Extended v2,mlx-community/Llama-3.2-1B-Instruct-4bit,348.0,8578.0,0.0,0
2026-06-26T13:19:13.243,timeseries,3,Weather Report Extended v2,mlx-community/Llama-3.2-1B-Instruct-4bit,313.0,9766.0,0.0,0
2026-06-26T13:19:13.307,timeseries,3,Weather Report Extended v2,mlx-community/Llama-3.2-1B-Instruct-4bit,277.0,9507.0,0.0,0
2026-06-26T13:19:13.371,timeseries,3,Weather Report Extended v2,mlx-community/Llama-3.2-1B-Instruct-4bit,534.0,9116.0,0.0,0
2026-06-26T13:19:13.437,timeseries,3,Weather Report Extended v2,mlx-community/Llama-3.2-1B-Instruct-4bit,315.0,9728.0,0.0,0
2026-06-26T13:19:13.501,timeseries,3,Weather Report Extended v2,mlx-community/Llama-3.2-1B-Instruct-4bit,325.0,8354.0,0.0,0
2026-06-26T13:19:13.565,timeseries,3,Weather Report Extended v2,mlx-community/Llama-3.2-1B-Instruct-4bit,322.0,9593.0,0.0,0
2026-06-26T13:19:13.628,timeseries,3,Weather Report Extended v2,mlx-community/Llama-3.2-1B-Instruct-4bit,510.0,9469.0,0.0,0
2026-06-26T13:19:13.693,timeseries,3,Weather Report Extended v2,mlx-community/Llama-3.2-1B-Instruct-4bit,379.0,8539.0,0.0,0
2026-06-26T13:19:13.757,timeseries,3,Weather Report Extended v2,mlx-community/Llama-3.2-1B-Instruct-4bit,439.0,9808.0,0.0,0
2026-06-26T13:19:13.822,timeseries,3,Weather Report Extended v2,mlx-community/Llama-3.2-1B-Instruct-4bit,524.0,9436.0,0.0,0
2026-06-26T13:19:13.889,timeseries,3,Weather Report Extended v2,mlx-community/Llama-3.2-1B-Instruct-4bit,331.0,9838.0,0.0,0
2026-06-26T13:19:13.955,timeseries,3,Weather Report Extended v2,mlx-community/Llama-3.2-1B-Instruct-4bit,292.0,9485.0,0.0,0
2026-06-26T13:19:14.020,timeseries,3,Weather Report Extended v2,mlx-community/Llama-3.2-1B-Instruct-4bit,269.0,9395.0,0.0,0
2026-06-26T13:19:14.085,timeseries,3,Weather Report Extended v2,mlx-community/Llama-3.2-1B-Instruct-4bit,558.0,7922.0,0.0,0
2026-06-26T13:19:14.150,timeseries,3,Weather Report Extended v2,mlx-community/Llama-3.2-1B-Instruct-4bit,2449.0,9168.0,0.0,0
2026-06-26T13:19:14.215,timeseries,3,Weather Report Extended v2,mlx-community/Llama-3.2-1B-Instruct-4bit,1326.0,9300.0,0.0,0
2026-06-26T13:19:14.280,timeseries,3,Weather Report Extended v2,mlx-community/Llama-3.2-1B-Instruct-4bit,606.0,9374.0,0.0,0
2026-06-26T13:19:14.343,timeseries,3,Weather Report Extended v2,mlx-community/Llama-3.2-1B-Instruct-4bit,665.0,9326.0,0.0,0
2026-06-26T13:19:14.407,timeseries,3,Weather Report Extended v2,mlx-community/Llama-3.2-1B-Instruct-4bit,459.0,8097.0,0.0,0
2026-06-26T13:19:14.472,timeseries,3,Weather Report Extended v2,mlx-community/Llama-3.2-1B-Instruct-4bit,317.0,9794.0,0.0,0
2026-06-26T13:19:14.534,timeseries,3,Weather Report Extended v2,mlx-community/Llama-3.2-1B-Instruct-4bit,280.0,9670.0,0.0,0
2026-06-26T13:19:14.598,timeseries,3,Weather Report Extended v2,mlx-community/Llama-3.2-1B-Instruct-4bit,447.0,8330.0,0.0,0
2026-06-26T13:19:14.665,timeseries,3,Weather Report Extended v2,mlx-community/Llama-3.2-1B-Instruct-4bit,386.0,9928.0,0.0,0
2026-06-26T13:19:14.731,timeseries,3,Weather Report Extended v2,mlx-community/Llama-3.2-1B-Instruct-4bit,312.0,9601.0,0.0,0
2026-06-26T13:19:14.795,timeseries,3,Weather Report Extended v2,mlx-community/Llama-3.2-1B-Instruct-4bit,315.0,9258.0,0.0,0
2026-06-26T13:19:14.859,timeseries,3,Weather Report Extended v2,mlx-community/Llama-3.2-1B-Instruct-4bit,330.0,8139.0,0.0,0
2026-06-26T13:19:14.927,timeseries,3,Weather Report Extended v2,mlx-community/Llama-3.2-1B-Instruct-4bit,346.0,9648.0,0.0,0
2026-06-26T13:19:14.991,timeseries,3,Weather Report Extended v2,mlx-community/Llama-3.2-1B-Instruct-4bit,310.0,9703.0,0.0,0
2026-06-26T13:19:15.055,timeseries,3,Weather Report Extended v2,mlx-community/Llama-3.2-1B-Instruct-4bit,311.0,9174.0,0.0,0
2026-06-26T13:19:15.120,timeseries,3,Weather Report Extended v2,mlx-community/Llama-3.2-1B-Instruct-4bit,573.0,9471.0,0.0,0
2026-06-26T13:19:15.186,timeseries,3,Weather Report Extended v2,mlx-community/Llama-3.2-1B-Instruct-4bit,413.0,8601.0,0.0,0
2026-06-26T13:19:15.253,timeseries,3,Weather Report Extended v2,mlx-community/Llama-3.2-1B-Instruct-4bit,320.0,9424.0,0.0,0
2026-06-26T13:19:15.317,timeseries,3,Weather Report Extended v2,mlx-community/Llama-3.2-1B-Instruct-4bit,318.0,9302.0,0.0,0
2026-06-26T13:19:15.383,timeseries,3,Weather Report Extended v2,mlx-community/Llama-3.2-1B-Instruct-4bit,404.0,9249.0,0.0,0
2026-06-26T13:19:15.450,timeseries,3,Weather Report Extended v2,mlx-community/Llama-3.2-1B-Instruct-4bit,279.0,9634.0,0.0,0
2026-06-26T13:19:15.514,timeseries,3,Weather Report Extended v2,mlx-community/Llama-3.2-1B-Instruct-4bit,305.0,9431.0,0.0,0
2026-06-26T13:19:15.577,timeseries,3,Weather Report Extended v2,mlx-community/Llama-3.2-1B-Instruct-4bit,315.0,9402.0,0.0,0
2026-06-26T13:19:15.641,timeseries,3,Weather Report Extended v2,mlx-community/Llama-3.2-1B-Instruct-4bit,596.0,8389.0,0.0,0
2026-06-26T13:19:15.706,timeseries,3,Weather Report Extended v2,mlx-community/Llama-3.2-1B-Instruct-4bit,442.0,9679.0,0.0,0
2026-06-26T13:19:15.771,timeseries,3,Weather Report Extended v2,mlx-community/Llama-3.2-1B-Instruct-4bit,310.0,9654.0,0.0,0
2026-06-26T13:19:15.837,timeseries,3,Weather Report Extended v2,mlx-community/Llama-3.2-1B-Instruct-4bit,294.0,9631.0,0.0,0
2026-06-26T13:19:15.903,timeseries,3,Weather Report Extended v2,mlx-community/Llama-3.2-1B-Instruct-4bit,397.0,8278.0,0.0,0
2026-06-26T13:19:15.968,timeseries,3,Weather Report Extended v2,mlx-community/Llama-3.2-1B-Instruct-4bit,305.0,9435.0,0.0,0
2026-06-26T13:19:16.032,timeseries,3,Weather Report Extended v2,mlx-community/Llama-3.2-1B-Instruct-4bit,318.0,9401.0,0.0,0
2026-06-26T13:19:16.095,timeseries,3,Weather Report Extended v2,mlx-community/Llama-3.2-1B-Instruct-4bit,342.0,9728.0,0.0,0
2026-06-26T13:19:16.161,timeseries,3,Weather Report Extended v2,mlx-community/Llama-3.2-1B-Instruct-4bit,471.0,8475.0,0.0,0
2026-06-26T13:19:16.228,timeseries,3,Weather Report Extended v2,mlx-community/Llama-3.2-1B-Instruct-4bit,315.0,9725.0,0.0,0
2026-06-26T13:19:16.294,timeseries,3,Weather Report Extended v2,mlx-community/Llama-3.2-1B-Instruct-4bit,274.0,9552.0,0.0,0
2026-06-26T13:19:16.359,timeseries,3,Weather Report Extended v2,mlx-community/Llama-3.2-1B-Instruct-4bit,386.0,9138.0,0.0,0
2026-06-26T13:19:16.426,timeseries,3,Weather Report Extended v2,mlx-community/Llama-3.2-1B-Instruct-4bit,320.0,9381.0,0.0,0
2026-06-26T13:19:16.488,timeseries,3,Weather Report Extended v2,mlx-community/Llama-3.2-1B-Instruct-4bit,910.0,9234.0,0.0,0
2026-06-26T13:19:16.553,timeseries,3,Weather Report Extended v2,mlx-community/Llama-3.2-1B-Instruct-4bit,436.0,9104.0,0.0,0
2026-06-26T13:19:16.617,timeseries,3,Weather Report Extended v2,mlx-community/Llama-3.2-1B-Instruct-4bit,512.0,8616.0,0.0,0
2026-06-26T13:19:16.683,timeseries,3,Weather Report Extended v2,mlx-community/Llama-3.2-1B-Instruct-4bit,435.0,9563.0,0.0,0
2026-06-26T13:19:16.749,timeseries,3,Weather Report Extended v2,mlx-community/Llama-3.2-1B-Instruct-4bit,314.0,9736.0,0.0,0
2026-06-26T13:19:16.817,timeseries,3,Weather Report Extended v2,mlx-community/Llama-3.2-1B-Instruct-4bit,315.0,9323.0,0.0,0
2026-06-26T13:19:16.882,timeseries,3,Weather Report Extended v2,mlx-community/Llama-3.2-1B-Instruct-4bit,424.0,9290.0,0.0,0
2026-06-26T13:19:16.947,timeseries,3,Weather Report Extended v2,mlx-community/Llama-3.2-1B-Instruct-4bit,356.0,9164.0,0.0,0
2026-06-26T13:19:17.012,timeseries,3,Weather Report Extended v2,mlx-community/Llama-3.2-1B-Instruct-4bit,370.0,9623.0,0.0,0
2026-06-26T13:19:17.077,timeseries,3,Weather Report Extended v2,mlx-community/Llama-3.2-1B-Instruct-4bit,1587.0,8166.0,0.0,0
2026-06-26T13:19:17.141,timeseries,3,Weather Report Extended v2,mlx-community/Llama-3.2-1B-Instruct-4bit,919.0,9330.0,0.0,0
2026-06-26T13:19:17.204,timeseries,3,Weather Report Extended v2,mlx-community/Llama-3.2-1B-Instruct-4bit,518.0,9546.0,0.0,0
2026-06-26T13:19:17.268,timeseries,3,Weather Report Extended v2,mlx-community/Llama-3.2-1B-Instruct-4bit,473.0,9338.0,0.0,0
2026-06-26T13:19:17.332,timeseries,3,Weather Report Extended v2,mlx-community/Llama-3.2-1B-Instruct-4bit,445.0,8438.0,0.0,0
2026-06-26T13:19:17.397,timeseries,3,Weather Report Extended v2,mlx-community/Llama-3.2-1B-Instruct-4bit,643.0,9399.0,0.0,0
2026-06-26T13:19:17.463,timeseries,3,Weather Report Extended v2,mlx-community/Llama-3.2-1B-Instruct-4bit,381.0,9694.0,0.0,0
2026-06-26T13:19:17.529,timeseries,3,Weather Report Extended v2,mlx-community/Llama-3.2-1B-Instruct-4bit,303.0,9342.0,0.0,0
2026-06-26T13:19:17.593,timeseries,3,Weather Report Extended v2,mlx-community/Llama-3.2-1B-Instruct-4bit,316.0,9286.0,0.0,0
2026-06-26T13:19:17.658,timeseries,3,Weather Report Extended v2,mlx-community/Llama-3.2-1B-Instruct-4bit,469.0,8277.0,0.0,0
2026-06-26T13:19:17.722,timeseries,3,Weather Report Extended v2,mlx-community/Llama-3.2-1B-Instruct-4bit,344.0,9614.0,0.0,0
2026-06-26T13:19:17.787,timeseries,3,Weather Report Extended v2,mlx-community/Llama-3.2-1B-Instruct-4bit,299.0,9752.0,0.0,0
2026-06-26T13:19:17.852,timeseries,3,Weather Report Extended v2,mlx-community/Llama-3.2-1B-Instruct-4bit,307.0,8416.0,0.0,0
2026-06-26T13:19:17.917,timeseries,3,Weather Report Extended v2,mlx-community/Llama-3.2-1B-Instruct-4bit,308.0,9548.0,0.0,0
2026-06-26T13:19:17.982,timeseries,3,Weather Report Extended v2,mlx-community/Llama-3.2-1B-Instruct-4bit,353.0,9473.0,0.0,0
2026-06-26T13:19:18.045,timeseries,3,Weather Report Extended v2,mlx-community/Llama-3.2-1B-Instruct-4bit,311.0,9698.0,0.0,0
2026-06-26T13:19:18.109,timeseries,3,Weather Report Extended v2,mlx-community/Llama-3.2-1B-Instruct-4bit,400.0,8330.0,0.0,0
2026-06-26T13:19:18.173,timeseries,3,Weather Report Extended v2,mlx-community/Llama-3.2-1B-Instruct-4bit,330.0,9709.0,0.0,0
2026-06-26T13:19:18.238,timeseries,3,Weather Report Extended v2,mlx-community/Llama-3.2-1B-Instruct-4bit,314.0,9772.0,0.0,0
2026-06-26T13:19:18.301,timeseries,3,Weather Report Extended v2,mlx-community/Llama-3.2-1B-Instruct-4bit,331.0,9766.0,0.0,0
2026-06-26T13:19:18.364,timeseries,3,Weather Report Extended v2,mlx-community/Llama-3.2-1B-Instruct-4bit,392.0,8147.0,0.0,0
2026-06-26T13:19:18.430,timeseries,3,Weather Report Extended v2,mlx-community/Llama-3.2-1B-Instruct-4bit,337.0,9872.0,0.0,0
2026-06-26T13:19:18.497,timeseries,3,Weather Report Extended v2,mlx-community/Llama-3.2-1B-Instruct-4bit,283.0,9827.0,0.0,0
2026-06-26T13:19:18.561,timeseries,3,Weather Report Extended v2,mlx-community/Llama-3.2-1B-Instruct-4bit,272.0,9429.0,0.0,0
2026-06-26T13:19:18.626,timeseries,3,Weather Report Extended v2,mlx-community/Llama-3.2-1B-Instruct-4bit,406.0,8178.0,0.0,0
2026-06-26T13:19:18.692,timeseries,3,Weather Report Extended v2,mlx-community/Llama-3.2-1B-Instruct-4bit,330.0,9759.0,0.0,0
2026-06-26T13:19:18.757,timeseries,3,Weather Report Extended v2,mlx-community/Llama-3.2-1B-Instruct-4bit,321.0,9405.0,0.0,0
2026-06-26T13:19:18.822,timeseries,3,Weather Report Extended v2,mlx-community/Llama-3.2-1B-Instruct-4bit,350.0,9411.0,0.0,0
2026-06-26T13:19:18.887,timeseries,3,Weather Report Extended v2,mlx-community/Llama-3.2-1B-Instruct-4bit,278.0,9581.0,0.0,0
2026-06-26T13:19:18.951,timeseries,3,Weather Report Extended v2,mlx-community/Llama-3.2-1B-Instruct-4bit,292.0,8440.0,0.0,0
2026-06-26T13:19:19.016,timeseries,3,Weather Report Extended v2,mlx-community/Llama-3.2-1B-Instruct-4bit,380.0,9399.0,0.0,0
2026-06-26T13:19:19.080,timeseries,3,Weather Report Extended v2,mlx-community/Llama-3.2-1B-Instruct-4bit,313.0,9636.0,0.0,0
2026-06-26T13:19:19.142,timeseries,3,Weather Report Extended v2,mlx-community/Llama-3.2-1B-Instruct-4bit,445.0,9461.0,0.0,0
2026-06-26T13:19:19.208,timeseries,3,Weather Report Extended v2,mlx-community/Llama-3.2-1B-Instruct-4bit,472.0,8402.0,0.0,0
2026-06-26T13:19:19.273,timeseries,3,Weather Report Extended v2,mlx-community/Llama-3.2-1B-Instruct-4bit,2294.0,9689.0,0.0,0
2026-06-26T13:19:19.338,timeseries,3,Weather Report Extended v2,mlx-community/Llama-3.2-1B-Instruct-4bit,1025.0,9227.0,0.0,0
2026-06-26T13:19:19.401,timeseries,3,Weather Report Extended v2,mlx-community/Llama-3.2-1B-Instruct-4bit,468.0,9481.0,0.0,0
2026-06-26T13:19:19.467,timeseries,3,Weather Report Extended v2,mlx-community/Llama-3.2-1B-Instruct-4bit,438.0,7988.0,0.0,0
2026-06-26T13:19:19.529,timeseries,3,Weather Report Extended v2,mlx-community/Llama-3.2-1B-Instruct-4bit,331.0,9692.0,0.0,0
2026-06-26T13:19:19.593,timeseries,3,Weather Report Extended v2,mlx-community/Llama-3.2-1B-Instruct-4bit,536.0,9434.0,0.0,0
2026-06-26T13:19:19.659,timeseries,3,Weather Report Extended v2,mlx-community/Llama-3.2-1B-Instruct-4bit,400.0,8691.0,0.0,0
2026-06-26T13:19:19.725,timeseries,3,Weather Report Extended v2,mlx-community/Llama-3.2-1B-Instruct-4bit,311.0,9648.0,0.0,0
2026-06-26T13:19:19.792,timeseries,3,Weather Report Extended v2,mlx-community/Llama-3.2-1B-Instruct-4bit,291.0,9664.0,0.0,0
2026-06-26T13:19:19.858,timeseries,3,Weather Report Extended v2,mlx-community/Llama-3.2-1B-Instruct-4bit,302.0,9444.0,0.0,0
2026-06-26T13:19:19.924,timeseries,3,Weather Report Extended v2,mlx-community/Llama-3.2-1B-Instruct-4bit,287.0,9443.0,0.0,0
2026-06-26T13:19:19.988,timeseries,3,Weather Report Extended v2,mlx-community/Llama-3.2-1B-Instruct-4bit,269.0,9417.0,0.0,0
2026-06-26T13:19:20.050,timeseries,3,Weather Report Extended v2,mlx-community/Llama-3.2-1B-Instruct-4bit,363.0,9449.0,0.0,0
2026-06-26T13:19:20.114,timeseries,3,Weather Report Extended v2,mlx-community/Llama-3.2-1B-Instruct-4bit,498.0,8348.0,0.0,0
2026-06-26T13:19:20.179,timeseries,3,Weather Report Extended v2,mlx-community/Llama-3.2-1B-Instruct-4bit,341.0,10093.0,0.0,0
2026-06-26T13:19:20.243,timeseries,3,Weather Report Extended v2,mlx-community/Llama-3.2-1B-Instruct-4bit,311.0,9658.0,0.0,0
2026-06-26T13:19:20.306,timeseries,3,Weather Report Extended v2,mlx-community/Llama-3.2-1B-Instruct-4bit,369.0,8404.0,0.0,0
2026-06-26T13:19:20.372,timeseries,3,Weather Report Extended v2,mlx-community/Llama-3.2-1B-Instruct-4bit,581.0,9601.0,0.0,0
2026-06-26T13:19:20.438,timeseries,3,Weather Report Extended v2,mlx-community/Llama-3.2-1B-Instruct-4bit,347.0,9641.0,0.0,0
2026-06-26T13:19:20.503,timeseries,3,Weather Report Extended v2,mlx-community/Llama-3.2-1B-Instruct-4bit,275.0,9535.0,0.0,0
2026-06-26T13:19:20.566,timeseries,3,Weather Report Extended v2,mlx-community/Llama-3.2-1B-Instruct-4bit,317.0,8280.0,0.0,0
2026-06-26T13:19:20.629,timeseries,3,Weather Report Extended v2,mlx-community/Llama-3.2-1B-Instruct-4bit,450.0,9628.0,0.0,0
2026-06-26T13:19:20.694,timeseries,3,Weather Report Extended v2,mlx-community/Llama-3.2-1B-Instruct-4bit,556.0,8273.0,0.0,0
2026-06-26T13:19:20.758,timeseries,3,Weather Report Extended v2,mlx-community/Llama-3.2-1B-Instruct-4bit,442.0,9597.0,0.0,0
2026-06-26T13:19:20.823,timeseries,3,Weather Report Extended v2,mlx-community/Llama-3.2-1B-Instruct-4bit,341.0,9494.0,0.0,0
2026-06-26T13:19:20.889,timeseries,3,Weather Report Extended v2,mlx-community/Llama-3.2-1B-Instruct-4bit,295.0,9596.0,0.0,0
2026-06-26T13:19:20.955,timeseries,3,Weather Report Extended v2,mlx-community/Llama-3.2-1B-Instruct-4bit,276.0,9494.0,0.0,0
2026-06-26T13:19:21.020,timeseries,3,Weather Report Extended v2,mlx-community/Llama-3.2-1B-Instruct-4bit,321.0,9474.0,0.0,0
2026-06-26T13:19:21.085,timeseries,3,Weather Report Extended v2,mlx-community/Llama-3.2-1B-Instruct-4bit,364.0,8221.0,0.0,0
2026-06-26T13:19:21.150,timeseries,3,Weather Report Extended v2,mlx-community/Llama-3.2-1B-Instruct-4bit,472.0,9366.0,0.0,0
2026-06-26T13:19:21.215,timeseries,3,Weather Report Extended v2,mlx-community/Llama-3.2-1B-Instruct-4bit,296.0,9674.0,0.0,0
2026-06-26T13:19:21.277,timeseries,3,Weather Report Extended v2,mlx-community/Llama-3.2-1B-Instruct-4bit,338.0,9563.0,0.0,0
2026-06-26T13:19:21.342,timeseries,3,Weather Report Extended v2,mlx-community/Llama-3.2-1B-Instruct-4bit,387.0,8287.0,0.0,0
2026-06-26T13:19:21.408,timeseries,3,Weather Report Extended v2,mlx-community/Llama-3.2-1B-Instruct-4bit,332.0,9763.0,0.0,0
2026-06-26T13:19:21.474,timeseries,3,Weather Report Extended v2,mlx-community/Llama-3.2-1B-Instruct-4bit,323.0,9551.0,0.0,0
2026-06-26T13:19:21.537,timeseries,3,Weather Report Extended v2,mlx-community/Llama-3.2-1B-Instruct-4bit,258.0,9417.0,0.0,0
2026-06-26T13:19:21.602,timeseries,3,Weather Report Extended v2,mlx-community/Llama-3.2-1B-Instruct-4bit,383.0,8317.0,0.0,0
2026-06-26T13:19:21.667,timeseries,3,Weather Report Extended v2,mlx-community/Llama-3.2-1B-Instruct-4bit,364.0,9768.0,0.0,0
2026-06-26T13:19:21.733,timeseries,3,Weather Report Extended v2,mlx-community/Llama-3.2-1B-Instruct-4bit,337.0,9503.0,0.0,0
2026-06-26T13:19:21.799,timeseries,3,Weather Report Extended v2,mlx-community/Llama-3.2-1B-Instruct-4bit,307.0,9537.0,0.0,0
2026-06-26T13:19:21.870,timeseries,3,Weather Report Extended v2,mlx-community/Llama-3.2-1B-Instruct-4bit,289.0,9463.0,0.0,0
2026-06-26T13:19:21.936,timeseries,3,Weather Report Extended v2,mlx-community/Llama-3.2-1B-Instruct-4bit,304.0,9421.0,0.0,0
2026-06-26T13:19:22.002,timeseries,3,Weather Report Extended v2,mlx-community/Llama-3.2-1B-Instruct-4bit,424.0,8754.0,0.0,0
2026-06-26T13:19:22.065,timeseries,3,Weather Report Extended v2,mlx-community/Llama-3.2-1B-Instruct-4bit,287.0,9440.0,0.0,0
2026-06-26T13:19:22.129,timeseries,3,Weather Report Extended v2,mlx-community/Llama-3.2-1B-Instruct-4bit,538.0,9191.0,0.0,0
2026-06-26T13:19:22.196,timeseries,3,Weather Report Extended v2,mlx-community/Llama-3.2-1B-Instruct-4bit,417.0,8608.0,0.0,0
2026-06-26T13:19:22.263,timeseries,3,Weather Report Extended v2,mlx-community/Llama-3.2-1B-Instruct-4bit,279.0,9579.0,0.0,0
2026-06-26T13:19:22.327,timeseries,3,Weather Report Extended v2,mlx-community/Llama-3.2-1B-Instruct-4bit,361.0,10413.0,0.0,0
2026-06-26T13:19:22.395,timeseries,3,Weather Report Extended v2,mlx-community/Llama-3.2-1B-Instruct-4bit,403.0,8142.0,0.0,0
2026-06-26T13:19:22.460,timeseries,3,Weather Report Extended v2,mlx-community/Llama-3.2-1B-Instruct-4bit,263.0,9557.0,0.0,0
2026-06-26T13:19:22.526,timeseries,3,Weather Report Extended v2,mlx-community/Llama-3.2-1B-Instruct-4bit,313.0,9312.0,0.0,0
2026-06-26T13:19:22.589,timeseries,3,Weather Report Extended v2,mlx-community/Llama-3.2-1B-Instruct-4bit,337.0,9550.0,0.0,0
2026-06-26T13:19:22.654,timeseries,3,Weather Report Extended v2,mlx-community/Llama-3.2-1B-Instruct-4bit,436.0,9292.0,0.0,0
2026-06-26T13:19:22.720,timeseries,3,Weather Report Extended v2,mlx-community/Llama-3.2-1B-Instruct-4bit,333.0,8614.0,0.0,0
2026-06-26T13:19:22.786,timeseries,3,Weather Report Extended v2,mlx-community/Llama-3.2-1B-Instruct-4bit,308.0,9608.0,0.0,0
2026-06-26T13:19:22.852,timeseries,3,Weather Report Extended v2,mlx-community/Llama-3.2-1B-Instruct-4bit,319.0,9462.0,0.0,0
2026-06-26T13:19:22.918,timeseries,3,Weather Report Extended v2,mlx-community/Llama-3.2-1B-Instruct-4bit,334.0,9485.0,0.0,0
2026-06-26T13:19:22.985,timeseries,3,Weather Report Extended v2,mlx-community/Llama-3.2-1B-Instruct-4bit,303.0,9395.0,0.0,0
2026-06-26T13:19:23.048,timeseries,3,Weather Report Extended v2,mlx-community/Llama-3.2-1B-Instruct-4bit,287.0,9371.0,0.0,0
2026-06-26T13:19:23.111,timeseries,3,Weather Report Extended v2,mlx-community/Llama-3.2-1B-Instruct-4bit,357.0,9301.0,0.0,0
2026-06-26T13:19:23.178,timeseries,3,Weather Report Extended v2,mlx-community/Llama-3.2-1B-Instruct-4bit,379.0,8595.0,0.0,0
2026-06-26T13:19:23.245,timeseries,3,Weather Report Extended v2,mlx-community/Llama-3.2-1B-Instruct-4bit,367.0,9866.0,0.0,0
2026-06-26T13:19:23.309,timeseries,3,Weather Report Extended v2,mlx-community/Llama-3.2-1B-Instruct-4bit,300.0,9330.0,0.0,0
2026-06-26T13:19:23.373,timeseries,3,Weather Report Extended v2,mlx-community/Llama-3.2-1B-Instruct-4bit,525.0,9219.0,0.0,0
2026-06-26T13:19:23.437,timeseries,3,Weather Report Extended v2,mlx-community/Llama-3.2-1B-Instruct-4bit,361.0,9689.0,0.0,0
2026-06-26T13:19:23.502,timeseries,3,Weather Report Extended v2,mlx-community/Llama-3.2-1B-Instruct-4bit,297.0,8463.0,0.0,0
2026-06-26T13:19:23.565,timeseries,3,Weather Report Extended v2,mlx-community/Llama-3.2-1B-Instruct-4bit,312.0,9684.0,0.0,0
2026-06-26T13:19:23.628,timeseries,3,Weather Report Extended v2,mlx-community/Llama-3.2-1B-Instruct-4bit,428.0,9472.0,0.0,0
2026-06-26T13:19:23.693,timeseries,3,Weather Report Extended v2,mlx-community/Llama-3.2-1B-Instruct-4bit,381.0,8757.0,0.0,0
2026-06-26T13:19:23.759,timeseries,3,Weather Report Extended v2,mlx-community/Llama-3.2-1B-Instruct-4bit,348.0,9794.0,0.0,0
2026-06-26T13:19:23.826,timeseries,3,Weather Report Extended v2,mlx-community/Llama-3.2-1B-Instruct-4bit,296.0,9662.0,0.0,0
2026-06-26T13:19:23.891,timeseries,3,Weather Report Extended v2,mlx-community/Llama-3.2-1B-Instruct-4bit,330.0,9362.0,0.0,0
2026-06-26T13:19:23.957,timeseries,3,Weather Report Extended v2,mlx-community/Llama-3.2-1B-Instruct-4bit,299.0,9341.0,0.0,0
2026-06-26T13:19:24.022,timeseries,3,Weather Report Extended v2,mlx-community/Llama-3.2-1B-Instruct-4bit,294.0,9623.0,0.0,0
2026-06-26T13:19:24.086,timeseries,3,Weather Report Extended v2,mlx-community/Llama-3.2-1B-Instruct-4bit,646.0,9016.0,0.0,0
2026-06-26T13:19:24.149,timeseries,3,Weather Report Extended v2,mlx-community/Llama-3.2-1B-Instruct-4bit,479.0,8229.0,0.0,0
2026-06-26T13:19:24.214,timeseries,3,Weather Report Extended v2,mlx-community/Llama-3.2-1B-Instruct-4bit,390.0,9530.0,0.0,0
2026-06-26T13:19:24.278,timeseries,3,Weather Report Extended v2,mlx-community/Llama-3.2-1B-Instruct-4bit,349.0,9672.0,0.0,0
2026-06-26T13:19:24.343,timeseries,3,Weather Report Extended v2,mlx-community/Llama-3.2-1B-Instruct-4bit,1172.0,8268.0,0.0,0
2026-06-26T13:19:24.410,timeseries,3,Weather Report Extended v2,mlx-community/Llama-3.2-1B-Instruct-4bit,1688.0,9297.0,0.0,0
2026-06-26T13:19:24.474,timeseries,3,Weather Report Extended v2,mlx-community/Llama-3.2-1B-Instruct-4bit,613.0,9307.0,0.0,0
2026-06-26T13:19:24.541,timeseries,3,Weather Report Extended v2,mlx-community/Llama-3.2-1B-Instruct-4bit,452.0,9150.0,0.0,0
2026-06-26T13:19:24.605,timeseries,3,Weather Report Extended v2,mlx-community/Llama-3.2-1B-Instruct-4bit,587.0,9373.0,0.0,0
2026-06-26T13:19:24.671,timeseries,3,Weather Report Extended v2,mlx-community/Llama-3.2-1B-Instruct-4bit,450.0,9173.0,0.0,0
2026-06-26T13:19:24.737,timeseries,3,Weather Report Extended v2,mlx-community/Llama-3.2-1B-Instruct-4bit,343.0,9586.0,0.0,0
2026-06-26T13:19:24.805,timeseries,3,Weather Report Extended v2,mlx-community/Llama-3.2-1B-Instruct-4bit,318.0,8187.0,0.0,0
2026-06-26T13:19:24.871,timeseries,3,Weather Report Extended v2,mlx-community/Llama-3.2-1B-Instruct-4bit,274.0,10737.0,0.0,0
2026-06-26T13:19:24.937,timeseries,3,Weather Report Extended v2,mlx-community/Llama-3.2-1B-Instruct-4bit,252.0,9226.0,0.0,0
2026-06-26T13:19:25.004,timeseries,3,Weather Report Extended v2,mlx-community/Llama-3.2-1B-Instruct-4bit,350.0,8362.0,0.0,0
2026-06-26T13:19:25.068,timeseries,3,Weather Report Extended v2,mlx-community/Llama-3.2-1B-Instruct-4bit,317.0,9417.0,0.0,0
2026-06-26T13:19:25.133,timeseries,3,Weather Report Extended v2,mlx-community/Llama-3.2-1B-Instruct-4bit,402.0,9259.0,0.0,0
2026-06-26T13:19:25.197,timeseries,3,Weather Report Extended v2,mlx-community/Llama-3.2-1B-Instruct-4bit,340.0,9594.0,0.0,0
2026-06-26T13:19:25.262,timeseries,3,Weather Report Extended v2,mlx-community/Llama-3.2-1B-Instruct-4bit,307.0,9545.0,0.0,0
2026-06-26T13:19:25.328,timeseries,3,Weather Report Extended v2,mlx-community/Llama-3.2-1B-Instruct-4bit,582.0,8488.0,0.0,0
2026-06-26T13:19:25.396,timeseries,3,Weather Report Extended v2,mlx-community/Llama-3.2-1B-Instruct-4bit,400.0,9436.0,0.0,0
2026-06-26T13:19:25.461,timeseries,3,Weather Report Extended v2,mlx-community/Llama-3.2-1B-Instruct-4bit,289.0,9346.0,0.0,0
2026-06-26T13:19:25.528,timeseries,3,Weather Report Extended v2,mlx-community/Llama-3.2-1B-Instruct-4bit,295.0,9088.0,0.0,0
2026-06-26T13:19:25.589,timeseries,3,Weather Report Extended v2,mlx-community/Llama-3.2-1B-Instruct-4bit,338.0,9591.0,0.0,0
2026-06-26T13:19:25.655,timeseries,3,Weather Report Extended v2,mlx-community/Llama-3.2-1B-Instruct-4bit,618.0,9264.0,0.0,0
2026-06-26T13:19:25.722,timeseries,3,Weather Report Extended v2,mlx-community/Llama-3.2-1B-Instruct-4bit,340.0,9932.0,0.0,0
2026-06-26T13:19:25.789,timeseries,3,Weather Report Extended v2,mlx-community/Llama-3.2-1B-Instruct-4bit,287.0,9313.0,0.0,0
2026-06-26T13:19:25.856,timeseries,3,Weather Report Extended v2,mlx-community/Llama-3.2-1B-Instruct-4bit,255.0,9374.0,0.0,0
2026-06-26T13:19:25.921,timeseries,3,Weather Report Extended v2,mlx-community/Llama-3.2-1B-Instruct-4bit,311.0,9276.0,0.0,0
2026-06-26T13:19:25.988,timeseries,3,Weather Report Extended v2,mlx-community/Llama-3.2-1B-Instruct-4bit,317.0,9433.0,0.0,0
2026-06-26T13:19:26.051,timeseries,3,Weather Report Extended v2,mlx-community/Llama-3.2-1B-Instruct-4bit,273.0,9486.0,0.0,0
2026-06-26T13:19:26.117,timeseries,3,Weather Report Extended v2,mlx-community/Llama-3.2-1B-Instruct-4bit,423.0,8304.0,0.0,0
2026-06-26T13:19:26.184,timeseries,3,Weather Report Extended v2,mlx-community/Llama-3.2-1B-Instruct-4bit,361.0,9757.0,0.0,0
2026-06-26T13:19:26.247,timeseries,3,Weather Report Extended v2,mlx-community/Llama-3.2-1B-Instruct-4bit,306.0,9537.0,0.0,0
2026-06-26T13:19:26.311,timeseries,3,Weather Report Extended v2,mlx-community/Llama-3.2-1B-Instruct-4bit,345.0,9334.0,0.0,0
2026-06-26T13:19:26.377,timeseries,3,Weather Report Extended v2,mlx-community/Llama-3.2-1B-Instruct-4bit,547.0,8455.0,0.0,0
2026-06-26T13:19:26.443,timeseries,3,Weather Report Extended v2,mlx-community/Llama-3.2-1B-Instruct-4bit,299.0,9775.0,0.0,0
2026-06-26T13:19:26.505,timeseries,3,Weather Report Extended v2,mlx-community/Llama-3.2-1B-Instruct-4bit,740.0,9288.0,0.0,0
2026-06-26T13:19:26.570,timeseries,3,Weather Report Extended v2,mlx-community/Llama-3.2-1B-Instruct-4bit,494.0,9378.0,0.0,0
2026-06-26T13:19:26.634,timeseries,3,Weather Report Extended v2,mlx-community/Llama-3.2-1B-Instruct-4bit,633.0,8445.0,0.0,0
2026-06-26T13:19:26.698,timeseries,3,Weather Report Extended v2,mlx-community/Llama-3.2-1B-Instruct-4bit,388.0,9541.0,0.0,0
2026-06-26T13:19:26.766,timeseries,3,Weather Report Extended v2,mlx-community/Llama-3.2-1B-Instruct-4bit,297.0,9683.0,0.0,0
2026-06-26T13:19:26.833,timeseries,3,Weather Report Extended v2,mlx-community/Llama-3.2-1B-Instruct-4bit,294.0,9625.0,0.0,0
2026-06-26T13:19:26.901,timeseries,3,Weather Report Extended v2,mlx-community/Llama-3.2-1B-Instruct-4bit,265.0,9227.0,0.0,0
2026-06-26T13:19:26.971,timeseries,3,Weather Report Extended v2,mlx-community/Llama-3.2-1B-Instruct-4bit,486.0,9460.0,0.0,0
2026-06-26T13:19:27.033,timeseries,3,Weather Report Extended v2,mlx-community/Llama-3.2-1B-Instruct-4bit,582.0,8983.0,0.0,0
2026-06-26T13:19:27.098,timeseries,3,Weather Report Extended v2,mlx-community/Llama-3.2-1B-Instruct-4bit,612.0,8770.0,0.0,0
2026-06-26T13:19:27.162,timeseries,3,Weather Report Extended v2,mlx-community/Llama-3.2-1B-Instruct-4bit,1565.0,9741.0,0.0,0
2026-06-26T13:19:27.226,timeseries,3,Weather Report Extended v2,mlx-community/Llama-3.2-1B-Instruct-4bit,543.0,8278.0,0.0,0
2026-06-26T13:19:27.294,timeseries,3,Weather Report Extended v2,mlx-community/Llama-3.2-1B-Instruct-4bit,450.0,9473.0,0.0,0
2026-06-26T13:19:27.358,timeseries,3,Weather Report Extended v2,mlx-community/Llama-3.2-1B-Instruct-4bit,643.0,9573.0,0.0,0
2026-06-26T13:19:27.426,timeseries,3,Weather Report Extended v2,mlx-community/Llama-3.2-1B-Instruct-4bit,386.0,9138.0,0.0,0
2026-06-26T13:19:27.492,timeseries,3,Weather Report Extended v2,mlx-community/Llama-3.2-1B-Instruct-4bit,327.0,9658.0,0.0,0
2026-06-26T13:19:27.556,timeseries,3,Weather Report Extended v2,mlx-community/Llama-3.2-1B-Instruct-4bit,453.0,8870.0,0.0,0
2026-06-26T13:19:27.619,timeseries,3,Weather Report Extended v2,mlx-community/Llama-3.2-1B-Instruct-4bit,670.0,9351.0,0.0,0
2026-06-26T13:19:27.684,timeseries,3,Weather Report Extended v2,mlx-community/Llama-3.2-1B-Instruct-4bit,424.0,8441.0,0.0,0
2026-06-26T13:19:27.751,timeseries,3,Weather Report Extended v2,mlx-community/Llama-3.2-1B-Instruct-4bit,302.0,9784.0,0.0,0
2026-06-26T13:19:27.816,timeseries,3,Weather Report Extended v2,mlx-community/Llama-3.2-1B-Instruct-4bit,261.0,9626.0,0.0,0
2026-06-26T13:19:27.882,timeseries,3,Weather Report Extended v2,mlx-community/Llama-3.2-1B-Instruct-4bit,253.0,9406.0,0.0,0
2026-06-26T13:19:27.948,timeseries,3,Weather Report Extended v2,mlx-community/Llama-3.2-1B-Instruct-4bit,337.0,9587.0,0.0,0
2026-06-26T13:19:28.013,timeseries,3,Weather Report Extended v2,mlx-community/Llama-3.2-1B-Instruct-4bit,304.0,9493.0,0.0,0
2026-06-26T13:19:28.077,timeseries,3,Weather Report Extended v2,mlx-community/Llama-3.2-1B-Instruct-4bit,291.0,8361.0,0.0,0
2026-06-26T13:19:28.142,timeseries,3,Weather Report Extended v2,mlx-community/Llama-3.2-1B-Instruct-4bit,444.0,9478.0,0.0,0
2026-06-26T13:19:28.209,timeseries,3,Weather Report Extended v2,mlx-community/Llama-3.2-1B-Instruct-4bit,328.0,9786.0,0.0,0
2026-06-26T13:19:28.273,timeseries,3,Weather Report Extended v2,mlx-community/Llama-3.2-1B-Instruct-4bit,288.0,9516.0,0.0,0
2026-06-26T13:19:28.337,timeseries,3,Weather Report Extended v2,mlx-community/Llama-3.2-1B-Instruct-4bit,395.0,9447.0,0.0,0
2026-06-26T13:19:28.399,timeseries,3,Weather Report Extended v2,mlx-community/Llama-3.2-1B-Instruct-4bit,362.0,8551.0,0.0,0
2026-06-26T13:19:28.464,timeseries,3,Weather Report Extended v2,mlx-community/Llama-3.2-1B-Instruct-4bit,485.0,9744.0,0.0,0
2026-06-26T13:19:28.529,timeseries,3,Weather Report Extended v2,mlx-community/Llama-3.2-1B-Instruct-4bit,318.0,9816.0,0.0,0
2026-06-26T13:19:28.594,timeseries,3,Weather Report Extended v2,mlx-community/Llama-3.2-1B-Instruct-4bit,326.0,8498.0,0.0,0
2026-06-26T13:19:28.658,timeseries,3,Weather Report Extended v2,mlx-community/Llama-3.2-1B-Instruct-4bit,424.0,9513.0,0.0,0
2026-06-26T13:19:28.721,timeseries,3,Weather Report Extended v2,mlx-community/Llama-3.2-1B-Instruct-4bit,356.0,9616.0,0.0,0
2026-06-26T13:19:28.788,timeseries,3,Weather Report Extended v2,mlx-community/Llama-3.2-1B-Instruct-4bit,332.0,9756.0,0.0,0
2026-06-26T13:19:28.855,timeseries,3,Weather Report Extended v2,mlx-community/Llama-3.2-1B-Instruct-4bit,295.0,9702.0,0.0,0
2026-06-26T13:19:28.921,timeseries,3,Weather Report Extended v2,mlx-community/Llama-3.2-1B-Instruct-4bit,287.0,9489.0,0.0,0
2026-06-26T13:19:28.988,timeseries,3,Weather Report Extended v2,mlx-community/Llama-3.2-1B-Instruct-4bit,313.0,9353.0,0.0,0
2026-06-26T13:19:29.053,timeseries,3,Weather Report Extended v2,mlx-community/Llama-3.2-1B-Instruct-4bit,301.0,9394.0,0.0,0
2026-06-26T13:19:29.117,timeseries,3,Weather Report Extended v2,mlx-community/Llama-3.2-1B-Instruct-4bit,377.0,8279.0,0.0,0
2026-06-26T13:19:29.181,timeseries,3,Weather Report Extended v2,mlx-community/Llama-3.2-1B-Instruct-4bit,386.0,9562.0,0.0,0
2026-06-26T13:19:29.246,timeseries,3,Weather Report Extended v2,mlx-community/Llama-3.2-1B-Instruct-4bit,326.0,9688.0,0.0,0
2026-06-26T13:19:29.312,timeseries,3,Weather Report Extended v2,mlx-community/Llama-3.2-1B-Instruct-4bit,342.0,9744.0,0.0,0
2026-06-26T13:19:29.377,timeseries,3,Weather Report Extended v2,mlx-community/Llama-3.2-1B-Instruct-4bit,370.0,8383.0,0.0,0
2026-06-26T13:19:29.442,timeseries,3,Weather Report Extended v2,mlx-community/Llama-3.2-1B-Instruct-4bit,334.0,9424.0,0.0,0
2026-06-26T13:19:29.509,timeseries,3,Weather Report Extended v2,mlx-community/Llama-3.2-1B-Instruct-4bit,1043.0,9422.0,0.0,0
2026-06-26T13:19:29.573,timeseries,3,Weather Report Extended v2,mlx-community/Llama-3.2-1B-Instruct-4bit,2052.0,9382.0,0.0,0
2026-06-26T13:19:29.639,timeseries,3,Weather Report Extended v2,mlx-community/Llama-3.2-1B-Instruct-4bit,979.0,9059.0,0.0,0
2026-06-26T13:19:29.701,timeseries,3,Weather Report Extended v2,mlx-community/Llama-3.2-1B-Instruct-4bit,532.0,9494.0,0.0,0
2026-06-26T13:19:29.766,timeseries,3,Weather Report Extended v2,mlx-community/Llama-3.2-1B-Instruct-4bit,459.0,8143.0,0.0,0
2026-06-26T13:19:29.831,timeseries,3,Weather Report Extended v2,mlx-community/Llama-3.2-1B-Instruct-4bit,399.0,9842.0,0.0,0
2026-06-26T13:19:29.899,timeseries,3,Weather Report Extended v2,mlx-community/Llama-3.2-1B-Instruct-4bit,309.0,9596.0,0.0,0
2026-06-26T13:19:29.964,timeseries,3,Weather Report Extended v2,mlx-community/Llama-3.2-1B-Instruct-4bit,274.0,9586.0,0.0,0
2026-06-26T13:19:30.028,timeseries,3,Weather Report Extended v2,mlx-community/Llama-3.2-1B-Instruct-4bit,341.0,9287.0,0.0,0
2026-06-26T13:19:30.093,timeseries,3,Weather Report Extended v2,mlx-community/Llama-3.2-1B-Instruct-4bit,446.0,8345.0,0.0,0
2026-06-26T13:19:30.159,timeseries,3,Weather Report Extended v2,mlx-community/Llama-3.2-1B-Instruct-4bit,436.0,9733.0,0.0,0
2026-06-26T13:19:30.226,timeseries,3,Weather Report Extended v2,mlx-community/Llama-3.2-1B-Instruct-4bit,292.0,9539.0,0.0,0
2026-06-26T13:19:30.289,timeseries,3,Weather Report Extended v2,mlx-community/Llama-3.2-1B-Instruct-4bit,288.0,9510.0,0.0,0
2026-06-26T13:19:30.355,timeseries,3,Weather Report Extended v2,mlx-community/Llama-3.2-1B-Instruct-4bit,419.0,9220.0,0.0,0
2026-06-26T13:19:30.421,timeseries,3,Weather Report Extended v2,mlx-community/Llama-3.2-1B-Instruct-4bit,289.0,10027.0,0.0,0
2026-06-26T13:19:30.487,timeseries,3,Weather Report Extended v2,mlx-community/Llama-3.2-1B-Instruct-4bit,286.0,9514.0,0.0,0
2026-06-26T13:19:30.550,timeseries,3,Weather Report Extended v2,mlx-community/Llama-3.2-1B-Instruct-4bit,331.0,8319.0,0.0,0
2026-06-26T13:19:30.612,timeseries,3,Weather Report Extended v2,mlx-community/Llama-3.2-1B-Instruct-4bit,410.0,9539.0,0.0,0
2026-06-26T13:19:30.677,timeseries,3,Weather Report Extended v2,mlx-community/Llama-3.2-1B-Instruct-4bit,433.0,8844.0,0.0,0
2026-06-26T13:19:30.744,timeseries,3,Weather Report Extended v2,mlx-community/Llama-3.2-1B-Instruct-4bit,351.0,9903.0,0.0,0
2026-06-26T13:19:30.810,timeseries,3,Weather Report Extended v2,mlx-community/Llama-3.2-1B-Instruct-4bit,326.0,9697.0,0.0,0
2026-06-26T13:19:30.876,timeseries,3,Weather Report Extended v2,mlx-community/Llama-3.2-1B-Instruct-4bit,283.0,9401.0,0.0,0
2026-06-26T13:19:30.943,timeseries,3,Weather Report Extended v2,mlx-community/Llama-3.2-1B-Instruct-4bit,302.0,9479.0,0.0,0
2026-06-26T13:19:31.007,timeseries,3,Weather Report Extended v2,mlx-community/Llama-3.2-1B-Instruct-4bit,286.0,9453.0,0.0,0
2026-06-26T13:19:31.069,timeseries,3,Weather Report Extended v2,mlx-community/Llama-3.2-1B-Instruct-4bit,404.0,9046.0,0.0,0
2026-06-26T13:19:31.133,timeseries,3,Weather Report Extended v2,mlx-community/Llama-3.2-1B-Instruct-4bit,632.0,8466.0,0.0,0
2026-06-26T13:19:31.200,timeseries,3,Weather Report Extended v2,mlx-community/Llama-3.2-1B-Instruct-4bit,349.0,9765.0,0.0,0
2026-06-26T13:19:31.266,timeseries,3,Weather Report Extended v2,mlx-community/Llama-3.2-1B-Instruct-4bit,329.0,9632.0,0.0,0
2026-06-26T13:19:31.330,timeseries,3,Weather Report Extended v2,mlx-community/Llama-3.2-1B-Instruct-4bit,1303.0,9092.0,0.0,0
2026-06-26T13:19:31.395,timeseries,3,Weather Report Extended v2,mlx-community/Llama-3.2-1B-Instruct-4bit,1235.0,9123.0,0.0,0
2026-06-26T13:19:31.461,timeseries,3,Weather Report Extended v2,mlx-community/Llama-3.2-1B-Instruct-4bit,330.0,8543.0,0.0,0
2026-06-26T13:19:31.526,timeseries,3,Weather Report Extended v2,mlx-community/Llama-3.2-1B-Instruct-4bit,321.0,9573.0,0.0,0
2026-06-26T13:19:31.589,timeseries,3,Weather Report Extended v2,mlx-community/Llama-3.2-1B-Instruct-4bit,396.0,9486.0,0.0,0
2026-06-26T13:19:31.655,timeseries,3,Weather Report Extended v2,mlx-community/Llama-3.2-1B-Instruct-4bit,567.0,9417.0,0.0,0
2026-06-26T13:19:31.722,timeseries,3,Weather Report Extended v2,mlx-community/Llama-3.2-1B-Instruct-4bit,303.0,9818.0,0.0,0
2026-06-26T13:19:31.786,timeseries,3,Weather Report Extended v2,mlx-community/Llama-3.2-1B-Instruct-4bit,301.0,9463.0,0.0,0
2026-06-26T13:19:31.851,timeseries,3,Weather Report Extended v2,mlx-community/Llama-3.2-1B-Instruct-4bit,290.0,8365.0,0.0,0
2026-06-26T13:19:31.917,timeseries,3,Weather Report Extended v2,mlx-community/Llama-3.2-1B-Instruct-4bit,289.0,9565.0,0.0,0
2026-06-26T13:19:31.982,timeseries,3,Weather Report Extended v2,mlx-community/Llama-3.2-1B-Instruct-4bit,293.0,9667.0,0.0,0
2026-06-26T13:19:32.046,timeseries,3,Weather Report Extended v2,mlx-community/Llama-3.2-1B-Instruct-4bit,306.0,9584.0,0.0,0
2026-06-26T13:19:32.110,timeseries,3,Weather Report Extended v2,mlx-community/Llama-3.2-1B-Instruct-4bit,457.0,9496.0,0.0,0
2026-06-26T13:19:32.176,timeseries,3,Weather Report Extended v2,mlx-community/Llama-3.2-1B-Instruct-4bit,392.0,8472.0,0.0,0
2026-06-26T13:19:32.242,timeseries,3,Weather Report Extended v2,mlx-community/Llama-3.2-1B-Instruct-4bit,297.0,9664.0,0.0,0
2026-06-26T13:19:32.307,timeseries,3,Weather Report Extended v2,mlx-community/Llama-3.2-1B-Instruct-4bit,274.0,9374.0,0.0,0
2026-06-26T13:19:32.372,timeseries,3,Weather Report Extended v2,mlx-community/Llama-3.2-1B-Instruct-4bit,420.0,9344.0,0.0,0
2026-06-26T13:19:32.438,timeseries,3,Weather Report Extended v2,mlx-community/Llama-3.2-1B-Instruct-4bit,279.0,9712.0,0.0,0
2026-06-26T13:19:32.505,timeseries,3,Weather Report Extended v2,mlx-community/Llama-3.2-1B-Instruct-4bit,323.0,9644.0,0.0,0
2026-06-26T13:19:32.567,timeseries,3,Weather Report Extended v2,mlx-community/Llama-3.2-1B-Instruct-4bit,302.0,9412.0,0.0,0
2026-06-26T13:19:32.631,timeseries,3,Weather Report Extended v2,mlx-community/Llama-3.2-1B-Instruct-4bit,553.0,8089.0,0.0,0
2026-06-26T13:19:32.697,timeseries,3,Weather Report Extended v2,mlx-community/Llama-3.2-1B-Instruct-4bit,374.0,10095.0,0.0,0
2026-06-26T13:19:32.763,timeseries,3,Weather Report Extended v2,mlx-community/Llama-3.2-1B-Instruct-4bit,296.0,9738.0,0.0,0
2026-06-26T13:19:32.829,timeseries,3,Weather Report Extended v2,mlx-community/Llama-3.2-1B-Instruct-4bit,289.0,9553.0,0.0,0
2026-06-26T13:19:32.894,timeseries,3,Weather Report Extended v2,mlx-community/Llama-3.2-1B-Instruct-4bit,302.0,8318.0,0.0,0
2026-06-26T13:19:32.959,timeseries,3,Weather Report Extended v2,mlx-community/Llama-3.2-1B-Instruct-4bit,287.0,9434.0,0.0,0
2026-06-26T13:19:33.026,timeseries,3,Weather Report Extended v2,mlx-community/Llama-3.2-1B-Instruct-4bit,322.0,9599.0,0.0,0
2026-06-26T13:19:33.090,timeseries,3,Weather Report Extended v2,mlx-community/Llama-3.2-1B-Instruct-4bit,306.0,9574.0,0.0,0
2026-06-26T13:19:33.154,timeseries,3,Weather Report Extended v2,mlx-community/Llama-3.2-1B-Instruct-4bit,420.0,9375.0,0.0,0
2026-06-26T13:19:33.218,timeseries,3,Weather Report Extended v2,mlx-community/Llama-3.2-1B-Instruct-4bit,328.0,9804.0,0.0,0
2026-06-26T13:19:33.281,timeseries,3,Weather Report Extended v2,mlx-community/Llama-3.2-1B-Instruct-4bit,311.0,8507.0,0.0,0
2026-06-26T13:19:33.345,timeseries,3,Weather Report Extended v2,mlx-community/Llama-3.2-1B-Instruct-4bit,422.0,9745.0,0.0,0
2026-06-26T13:19:33.410,timeseries,3,Weather Report Extended v2,mlx-community/Llama-3.2-1B-Instruct-4bit,416.0,8711.0,0.0,0
2026-06-26T13:19:33.477,timeseries,3,Weather Report Extended v2,mlx-community/Llama-3.2-1B-Instruct-4bit,297.0,9739.0,0.0,0
2026-06-26T13:19:33.539,timeseries,3,Weather Report Extended v2,mlx-community/Llama-3.2-1B-Instruct-4bit,273.0,9596.0,0.0,0
2026-06-26T13:19:33.601,timeseries,3,Weather Report Extended v2,mlx-community/Llama-3.2-1B-Instruct-4bit,362.0,9402.0,0.0,0
2026-06-26T13:19:33.664,timeseries,3,Weather Report Extended v2,mlx-community/Llama-3.2-1B-Instruct-4bit,534.0,8872.0,0.0,0
2026-06-26T13:19:33.729,timeseries,3,Weather Report Extended v2,mlx-community/Llama-3.2-1B-Instruct-4bit,401.0,9884.0,0.0,0
2026-06-26T13:19:33.794,timeseries,3,Weather Report Extended v2,mlx-community/Llama-3.2-1B-Instruct-4bit,322.0,8718.0,0.0,0
2026-06-26T13:19:33.860,timeseries,3,Weather Report Extended v2,mlx-community/Llama-3.2-1B-Instruct-4bit,320.0,9435.0,0.0,0
2026-06-26T13:19:33.925,timeseries,3,Weather Report Extended v2,mlx-community/Llama-3.2-1B-Instruct-4bit,276.0,9686.0,0.0,0
2026-06-26T13:19:33.992,timeseries,3,Weather Report Extended v2,mlx-community/Llama-3.2-1B-Instruct-4bit,290.0,9600.0,0.0,0
2026-06-26T13:19:34.056,timeseries,3,Weather Report Extended v2,mlx-community/Llama-3.2-1B-Instruct-4bit,304.0,9588.0,0.0,0
2026-06-26T13:19:34.120,timeseries,3,Weather Report Extended v2,mlx-community/Llama-3.2-1B-Instruct-4bit,404.0,9399.0,0.0,0
2026-06-26T13:19:34.184,timeseries,3,Weather Report Extended v2,mlx-community/Llama-3.2-1B-Instruct-4bit,344.0,8510.0,0.0,0
2026-06-26T13:19:34.250,timeseries,3,Weather Report Extended v2,mlx-community/Llama-3.2-1B-Instruct-4bit,379.0,9905.0,0.0,0
2026-06-26T13:19:34.314,timeseries,3,Weather Report Extended v2,mlx-community/Llama-3.2-1B-Instruct-4bit,308.0,9685.0,0.0,0
2026-06-26T13:19:34.379,timeseries,3,Weather Report Extended v2,mlx-community/Llama-3.2-1B-Instruct-4bit,624.0,9532.0,0.0,0
2026-06-26T13:19:34.446,timeseries,3,Weather Report Extended v2,mlx-community/Llama-3.2-1B-Instruct-4bit,315.0,8729.0,0.0,0
2026-06-26T13:19:34.513,timeseries,3,Weather Report Extended v2,mlx-community/Llama-3.2-1B-Instruct-4bit,275.0,10719.0,0.0,0
2026-06-26T13:19:34.577,timeseries,3,Weather Report Extended v2,mlx-community/Llama-3.2-1B-Instruct-4bit,298.0,9327.0,0.0,0
2026-06-26T13:19:34.642,timeseries,3,Weather Report Extended v2,mlx-community/Llama-3.2-1B-Instruct-4bit,2064.0,7737.0,0.0,0
2026-06-26T13:19:34.707,timeseries,3,Weather Report Extended v2,mlx-community/Llama-3.2-1B-Instruct-4bit,1547.0,9599.0,0.0,0
2026-06-26T13:19:34.772,timeseries,3,Weather Report Extended v2,mlx-community/Llama-3.2-1B-Instruct-4bit,555.0,9397.0,0.0,0
2026-06-26T13:19:34.835,timeseries,3,Weather Report Extended v2,mlx-community/Llama-3.2-1B-Instruct-4bit,446.0,9329.0,0.0,0
2026-06-26T13:19:34.899,timeseries,3,Weather Report Extended v2,mlx-community/Llama-3.2-1B-Instruct-4bit,442.0,8147.0,0.0,0
2026-06-26T13:19:34.965,timeseries,3,Weather Report Extended v2,mlx-community/Llama-3.2-1B-Instruct-4bit,308.0,10024.0,0.0,0
2026-06-26T13:19:35.030,timeseries,3,Weather Report Extended v2,mlx-community/Llama-3.2-1B-Instruct-4bit,306.0,9574.0,0.0,0
2026-06-26T13:19:35.093,timeseries,3,Weather Report Extended v2,mlx-community/Llama-3.2-1B-Instruct-4bit,367.0,9563.0,0.0,0
2026-06-26T13:19:35.159,timeseries,3,Weather Report Extended v2,mlx-community/Llama-3.2-1B-Instruct-4bit,447.0,8440.0,0.0,0
2026-06-26T13:19:35.223,timeseries,3,Weather Report Extended v2,mlx-community/Llama-3.2-1B-Instruct-4bit,313.0,9755.0,0.0,0
2026-06-26T13:19:35.286,timeseries,3,Weather Report Extended v2,mlx-community/Llama-3.2-1B-Instruct-4bit,334.0,9571.0,0.0,0
2026-06-26T13:19:35.352,timeseries,3,Weather Report Extended v2,mlx-community/Llama-3.2-1B-Instruct-4bit,444.0,8575.0,0.0,0
2026-06-26T13:19:35.419,timeseries,3,Weather Report Extended v2,mlx-community/Llama-3.2-1B-Instruct-4bit,299.0,9824.0,0.0,0
2026-06-26T13:19:35.486,timeseries,3,Weather Report Extended v2,mlx-community/Llama-3.2-1B-Instruct-4bit,289.0,9589.0,0.0,0
2026-06-26T13:19:35.548,timeseries,3,Weather Report Extended v2,mlx-community/Llama-3.2-1B-Instruct-4bit,310.0,9253.0,0.0,0
2026-06-26T13:19:35.610,timeseries,3,Weather Report Extended v2,mlx-community/Llama-3.2-1B-Instruct-4bit,406.0,9349.0,0.0,0
2026-06-26T13:19:35.676,timeseries,3,Weather Report Extended v2,mlx-community/Llama-3.2-1B-Instruct-4bit,550.0,8682.0,0.0,0
2026-06-26T13:19:35.739,timeseries,3,Weather Report Extended v2,mlx-community/Llama-3.2-1B-Instruct-4bit,319.0,9868.0,0.0,0
2026-06-26T13:19:35.806,timeseries,3,Weather Report Extended v2,mlx-community/Llama-3.2-1B-Instruct-4bit,457.0,9359.0,0.0,0
2026-06-26T13:19:35.871,timeseries,3,Weather Report Extended v2,mlx-community/Llama-3.2-1B-Instruct-4bit,288.0,9862.0,0.0,0
2026-06-26T13:19:35.936,timeseries,3,Weather Report Extended v2,mlx-community/Llama-3.2-1B-Instruct-4bit,314.0,9382.0,0.0,0
2026-06-26T13:19:36.002,timeseries,3,Weather Report Extended v2,mlx-community/Llama-3.2-1B-Instruct-4bit,305.0,8381.0,0.0,0
2026-06-26T13:19:36.066,timeseries,3,Weather Report Extended v2,mlx-community/Llama-3.2-1B-Instruct-4bit,296.0,9825.0,0.0,0
2026-06-26T13:19:36.131,timeseries,3,Weather Report Extended v2,mlx-community/Llama-3.2-1B-Instruct-4bit,435.0,9446.0,0.0,0
2026-06-26T13:19:36.197,timeseries,3,Weather Report Extended v2,mlx-community/Llama-3.2-1B-Instruct-4bit,328.0,9690.0,0.0,0
2026-06-26T13:19:36.260,timeseries,3,Weather Report Extended v2,mlx-community/Llama-3.2-1B-Instruct-4bit,277.0,9661.0,0.0,0
2026-06-26T13:19:36.326,timeseries,3,Weather Report Extended v2,mlx-community/Llama-3.2-1B-Instruct-4bit,369.0,8345.0,0.0,0
2026-06-26T13:19:36.393,timeseries,3,Weather Report Extended v2,mlx-community/Llama-3.2-1B-Instruct-4bit,329.0,9895.0,0.0,0
2026-06-26T13:19:36.455,timeseries,3,Weather Report Extended v2,mlx-community/Llama-3.2-1B-Instruct-4bit,334.0,9562.0,0.0,0
2026-06-26T13:19:36.519,timeseries,3,Weather Report Extended v2,mlx-community/Llama-3.2-1B-Instruct-4bit,360.0,9341.0,0.0,0
2026-06-26T13:19:36.580,timeseries,3,Weather Report Extended v2,mlx-community/Llama-3.2-1B-Instruct-4bit,884.0,8607.0,0.0,0
2026-06-26T13:19:36.645,timeseries,3,Weather Report Extended v2,mlx-community/Llama-3.2-1B-Instruct-4bit,531.0,9796.0,0.0,0
2026-06-26T13:19:36.712,timeseries,3,Weather Report Extended v2,mlx-community/Llama-3.2-1B-Instruct-4bit,370.0,8696.0,0.0,0
2026-06-26T13:19:36.778,timeseries,3,Weather Report Extended v2,mlx-community/Llama-3.2-1B-Instruct-4bit,275.0,9613.0,0.0,0
2026-06-26T13:19:36.842,timeseries,3,Weather Report Extended v2,mlx-community/Llama-3.2-1B-Instruct-4bit,343.0,9348.0,0.0,0
2026-06-26T13:19:36.909,timeseries,3,Weather Report Extended v2,mlx-community/Llama-3.2-1B-Instruct-4bit,369.0,9531.0,0.0,0
2026-06-26T13:19:36.976,timeseries,3,Weather Report Extended v2,mlx-community/Llama-3.2-1B-Instruct-4bit,278.0,9645.0,0.0,0
2026-06-26T13:19:37.042,timeseries,3,Weather Report Extended v2,mlx-community/Llama-3.2-1B-Instruct-4bit,286.0,9543.0,0.0,0
2026-06-26T13:19:37.106,timeseries,3,Weather Report Extended v2,mlx-community/Llama-3.2-1B-Instruct-4bit,519.0,9264.0,0.0,0
2026-06-26T13:19:37.171,timeseries,3,Weather Report Extended v2,mlx-community/Llama-3.2-1B-Instruct-4bit,839.0,9351.0,0.0,0
2026-06-26T13:19:37.237,timeseries,3,Weather Report Extended v2,mlx-community/Llama-3.2-1B-Instruct-4bit,1338.0,8278.0,0.0,0
2026-06-26T13:19:37.303,timeseries,3,Weather Report Extended v2,mlx-community/Llama-3.2-1B-Instruct-4bit,523.0,9362.0,0.0,0
2026-06-26T13:19:37.366,timeseries,3,Weather Report Extended v2,mlx-community/Llama-3.2-1B-Instruct-4bit,633.0,9230.0,0.0,0
2026-06-26T13:19:37.432,timeseries,3,Weather Report Extended v2,mlx-community/Llama-3.2-1B-Instruct-4bit,368.0,9374.0,0.0,0
2026-06-26T13:19:37.497,timeseries,3,Weather Report Extended v2,mlx-community/Llama-3.2-1B-Instruct-4bit,283.0,9791.0,0.0,0
2026-06-26T13:19:37.562,timeseries,3,Weather Report Extended v2,mlx-community/Llama-3.2-1B-Instruct-4bit,274.0,9635.0,0.0,0
2026-06-26T13:19:37.627,timeseries,3,Weather Report Extended v2,mlx-community/Llama-3.2-1B-Instruct-4bit,412.0,8291.0,0.0,0
2026-06-26T13:19:37.692,timeseries,3,Weather Report Extended v2,mlx-community/Llama-3.2-1B-Instruct-4bit,326.0,9621.0,0.0,0
2026-06-26T13:19:37.759,timeseries,3,Weather Report Extended v2,mlx-community/Llama-3.2-1B-Instruct-4bit,322.0,9625.0,0.0,0
2026-06-26T13:19:37.824,timeseries,3,Weather Report Extended v2,mlx-community/Llama-3.2-1B-Instruct-4bit,306.0,9671.0,0.0,0
2026-06-26T13:19:37.888,timeseries,3,Weather Report Extended v2,mlx-community/Llama-3.2-1B-Instruct-4bit,391.0,9454.0,0.0,0
2026-06-26T13:19:37.955,timeseries,3,Weather Report Extended v2,mlx-community/Llama-3.2-1B-Instruct-4bit,324.0,9558.0,0.0,0
2026-06-26T13:19:38.020,timeseries,3,Weather Report Extended v2,mlx-community/Llama-3.2-1B-Instruct-4bit,295.0,9782.0,0.0,0
2026-06-26T13:19:38.083,timeseries,3,Weather Report Extended v2,mlx-community/Llama-3.2-1B-Instruct-4bit,331.0,8299.0,0.0,0
2026-06-26T13:19:38.146,timeseries,3,Weather Report Extended v2,mlx-community/Llama-3.2-1B-Instruct-4bit,563.0,9519.0,0.0,0
2026-06-26T13:19:38.209,timeseries,3,Weather Report Extended v2,mlx-community/Llama-3.2-1B-Instruct-4bit,341.0,8868.0,0.0,0
2026-06-26T13:19:38.273,timeseries,3,Weather Report Extended v2,mlx-community/Llama-3.2-1B-Instruct-4bit,515.0,9419.0,0.0,0
2026-06-26T13:19:38.336,timeseries,3,Weather Report Extended v2,mlx-community/Llama-3.2-1B-Instruct-4bit,573.0,9769.0,0.0,0
2026-06-26T13:19:38.402,timeseries,3,Weather Report Extended v2,mlx-community/Llama-3.2-1B-Instruct-4bit,430.0,8618.0,0.0,0
2026-06-26T13:19:38.467,timeseries,3,Weather Report Extended v2,mlx-community/Llama-3.2-1B-Instruct-4bit,313.0,9644.0,0.0,0
2026-06-26T13:19:38.529,timeseries,3,Weather Report Extended v2,mlx-community/Llama-3.2-1B-Instruct-4bit,302.0,9426.0,0.0,0
2026-06-26T13:19:38.593,timeseries,3,Weather Report Extended v2,mlx-community/Llama-3.2-1B-Instruct-4bit,461.0,9481.0,0.0,0
2026-06-26T13:19:38.656,timeseries,3,Weather Report Extended v2,mlx-community/Llama-3.2-1B-Instruct-4bit,2317.0,8534.0,0.0,0
2026-06-26T13:19:38.722,timeseries,3,Weather Report Extended v2,mlx-community/Llama-3.2-1B-Instruct-4bit,1259.0,9613.0,0.0,0
2026-06-26T13:19:38.787,timeseries,3,Weather Report Extended v2,mlx-community/Llama-3.2-1B-Instruct-4bit,616.0,9605.0,0.0,0
2026-06-26T13:19:38.852,timeseries,3,Weather Report Extended v2,mlx-community/Llama-3.2-1B-Instruct-4bit,459.0,8147.0,0.0,0
2026-06-26T13:19:38.917,timeseries,3,Weather Report Extended v2,mlx-community/Llama-3.2-1B-Instruct-4bit,476.0,9390.0,0.0,0
2026-06-26T13:19:38.981,timeseries,3,Weather Report Extended v2,mlx-community/Llama-3.2-1B-Instruct-4bit,412.0,9369.0,0.0,0
2026-06-26T13:19:39.044,timeseries,3,Weather Report Extended v2,mlx-community/Llama-3.2-1B-Instruct-4bit,296.0,9576.0,0.0,0
2026-06-26T13:19:39.107,timeseries,3,Weather Report Extended v2,mlx-community/Llama-3.2-1B-Instruct-4bit,407.0,8653.0,0.0,0
2026-06-26T13:19:39.173,timeseries,3,Weather Report Extended v2,mlx-community/Llama-3.2-1B-Instruct-4bit,379.0,9921.0,0.0,0
2026-06-26T13:19:39.240,timeseries,3,Weather Report Extended v2,mlx-community/Llama-3.2-1B-Instruct-4bit,317.0,9881.0,0.0,0
2026-06-26T13:19:39.305,timeseries,3,Weather Report Extended v2,mlx-community/Llama-3.2-1B-Instruct-4bit,272.0,9399.0,0.0,0
2026-06-26T13:19:39.370,timeseries,3,Weather Report Extended v2,mlx-community/Llama-3.2-1B-Instruct-4bit,389.0,9358.0,0.0,0
2026-06-26T13:19:39.437,timeseries,3,Weather Report Extended v2,mlx-community/Llama-3.2-1B-Instruct-4bit,324.0,8512.0,0.0,0
2026-06-26T13:19:39.503,timeseries,3,Weather Report Extended v2,mlx-community/Llama-3.2-1B-Instruct-4bit,319.0,9520.0,0.0,0
2026-06-26T13:19:39.565,timeseries,3,Weather Report Extended v2,mlx-community/Llama-3.2-1B-Instruct-4bit,273.0,9599.0,0.0,0
2026-06-26T13:19:39.629,timeseries,3,Weather Report Extended v2,mlx-community/Llama-3.2-1B-Instruct-4bit,382.0,9531.0,0.0,0
2026-06-26T13:19:39.693,timeseries,3,Weather Report Extended v2,mlx-community/Llama-3.2-1B-Instruct-4bit,414.0,8574.0,0.0,0
2026-06-26T13:19:39.758,timeseries,3,Weather Report Extended v2,mlx-community/Llama-3.2-1B-Instruct-4bit,2207.0,9496.0,0.0,0
2026-06-26T13:19:39.824,timeseries,3,Weather Report Extended v2,mlx-community/Llama-3.2-1B-Instruct-4bit,769.0,9552.0,0.0,0
2026-06-26T13:19:39.890,timeseries,3,Weather Report Extended v2,mlx-community/Llama-3.2-1B-Instruct-4bit,581.0,9328.0,0.0,0
2026-06-26T13:19:39.954,timeseries,3,Weather Report Extended v2,mlx-community/Llama-3.2-1B-Instruct-4bit,474.0,9353.0,0.0,0
2026-06-26T13:19:40.016,timeseries,3,Weather Report Extended v2,mlx-community/Llama-3.2-1B-Instruct-4bit,452.0,9246.0,0.0,0
2026-06-26T13:19:40.081,timeseries,3,Weather Report Extended v2,mlx-community/Llama-3.2-1B-Instruct-4bit,327.0,8456.0,0.0,0
2026-06-26T13:19:40.147,timeseries,3,Weather Report Extended v2,mlx-community/Llama-3.2-1B-Instruct-4bit,564.0,10006.0,0.0,0
2026-06-26T13:19:40.214,timeseries,3,Weather Report Extended v2,mlx-community/Llama-3.2-1B-Instruct-4bit,358.0,9573.0,0.0,0
2026-06-26T13:19:40.277,timeseries,3,Weather Report Extended v2,mlx-community/Llama-3.2-1B-Instruct-4bit,285.0,9338.0,0.0,0
2026-06-26T13:19:40.342,timeseries,3,Weather Report Extended v2,mlx-community/Llama-3.2-1B-Instruct-4bit,389.0,8154.0,0.0,0
2026-06-26T13:19:40.409,timeseries,3,Weather Report Extended v2,mlx-community/Llama-3.2-1B-Instruct-4bit,303.0,9938.0,0.0,0
2026-06-26T13:19:40.475,timeseries,3,Weather Report Extended v2,mlx-community/Llama-3.2-1B-Instruct-4bit,305.0,9590.0,0.0,0
2026-06-26T13:19:40.537,timeseries,3,Weather Report Extended v2,mlx-community/Llama-3.2-1B-Instruct-4bit,300.0,9539.0,0.0,0
2026-06-26T13:19:40.603,timeseries,3,Weather Report Extended v2,mlx-community/Llama-3.2-1B-Instruct-4bit,380.0,8333.0,0.0,0
2026-06-26T13:19:40.668,timeseries,3,Weather Report Extended v2,mlx-community/Llama-3.2-1B-Instruct-4bit,368.0,10081.0,0.0,0
2026-06-26T13:19:40.733,timeseries,3,Weather Report Extended v2,mlx-community/Llama-3.2-1B-Instruct-4bit,304.0,9487.0,0.0,0
2026-06-26T13:19:40.797,timeseries,3,Weather Report Extended v2,mlx-community/Llama-3.2-1B-Instruct-4bit,295.0,9738.0,0.0,0
2026-06-26T13:19:40.864,timeseries,3,Weather Report Extended v2,mlx-community/Llama-3.2-1B-Instruct-4bit,307.0,9681.0,0.0,0
2026-06-26T13:19:40.931,timeseries,3,Weather Report Extended v2,mlx-community/Llama-3.2-1B-Instruct-4bit,262.0,9673.0,0.0,0
2026-06-26T13:19:40.995,timeseries,3,Weather Report Extended v2,mlx-community/Llama-3.2-1B-Instruct-4bit,271.0,9523.0,0.0,0
2026-06-26T13:19:41.060,timeseries,3,Weather Report Extended v2,mlx-community/Llama-3.2-1B-Instruct-4bit,332.0,8301.0,0.0,0
2026-06-26T13:19:41.125,timeseries,3,Weather Report Extended v2,mlx-community/Llama-3.2-1B-Instruct-4bit,477.0,9624.0,0.0,0
2026-06-26T13:19:41.190,timeseries,3,Weather Report Extended v2,mlx-community/Llama-3.2-1B-Instruct-4bit,323.0,9580.0,0.0,0
2026-06-26T13:19:41.256,timeseries,3,Weather Report Extended v2,mlx-community/Llama-3.2-1B-Instruct-4bit,275.0,9633.0,0.0,0
2026-06-26T13:19:41.321,timeseries,3,Weather Report Extended v2,mlx-community/Llama-3.2-1B-Instruct-4bit,353.0,9590.0,0.0,0
2026-06-26T13:19:41.386,timeseries,3,Weather Report Extended v2,mlx-community/Llama-3.2-1B-Instruct-4bit,417.0,9645.0,0.0,0
2026-06-26T13:19:41.452,timeseries,3,Weather Report Extended v2,mlx-community/Llama-3.2-1B-Instruct-4bit,292.0,8518.0,0.0,0
2026-06-26T13:19:41.515,timeseries,3,Weather Report Extended v2,mlx-community/Llama-3.2-1B-Instruct-4bit,307.0,9628.0,0.0,0
2026-06-26T13:19:41.580,timeseries,3,Weather Report Extended v2,mlx-community/Llama-3.2-1B-Instruct-4bit,317.0,9481.0,0.0,0
2026-06-26T13:19:41.645,timeseries,3,Weather Report Extended v2,mlx-community/Llama-3.2-1B-Instruct-4bit,550.0,9860.0,0.0,0
2026-06-26T13:19:41.710,timeseries,3,Weather Report Extended v2,mlx-community/Llama-3.2-1B-Instruct-4bit,310.0,8421.0,0.0,0
2026-06-26T13:19:41.776,timeseries,3,Weather Report Extended v2,mlx-community/Llama-3.2-1B-Instruct-4bit,264.0,9860.0,0.0,0
2026-06-26T13:19:41.840,timeseries,3,Weather Report Extended v2,mlx-community/Llama-3.2-1B-Instruct-4bit,336.0,9680.0,0.0,0
2026-06-26T13:19:41.906,timeseries,3,Weather Report Extended v2,mlx-community/Llama-3.2-1B-Instruct-4bit,333.0,9468.0,0.0,0
2026-06-26T13:19:41.970,timeseries,3,Weather Report Extended v2,mlx-community/Llama-3.2-1B-Instruct-4bit,309.0,9602.0,0.0,0
2026-06-26T13:19:42.036,timeseries,3,Weather Report Extended v2,mlx-community/Llama-3.2-1B-Instruct-4bit,514.0,8288.0,0.0,0
2026-06-26T13:19:42.098,timeseries,3,Weather Report Extended v2,mlx-community/Llama-3.2-1B-Instruct-4bit,635.0,10001.0,0.0,0
2026-06-26T13:19:42.163,timeseries,3,Weather Report Extended v2,mlx-community/Llama-3.2-1B-Instruct-4bit,452.0,9455.0,0.0,0
2026-06-26T13:19:42.228,timeseries,3,Weather Report Extended v2,mlx-community/Llama-3.2-1B-Instruct-4bit,358.0,8997.0,0.0,0
2026-06-26T13:19:42.289,timeseries,3,Weather Report Extended v2,mlx-community/Llama-3.2-1B-Instruct-4bit,307.0,9707.0,0.0,0
2026-06-26T13:19:42.356,timeseries,3,Weather Report Extended v2,mlx-community/Llama-3.2-1B-Instruct-4bit,449.0,9669.0,0.0,0
2026-06-26T13:19:42.423,timeseries,3,Weather Report Extended v2,mlx-community/Llama-3.2-1B-Instruct-4bit,355.0,10272.0,0.0,0
2026-06-26T13:19:42.490,timeseries,3,Weather Report Extended v2,mlx-community/Llama-3.2-1B-Instruct-4bit,255.0,9613.0,0.0,0
2026-06-26T13:19:42.552,timeseries,3,Weather Report Extended v2,mlx-community/Llama-3.2-1B-Instruct-4bit,267.0,9651.0,0.0,0
2026-06-26T13:19:42.615,timeseries,3,Weather Report Extended v2,mlx-community/Llama-3.2-1B-Instruct-4bit,470.0,8423.0,0.0,0
2026-06-26T13:19:42.681,timeseries,3,Weather Report Extended v2,mlx-community/Llama-3.2-1B-Instruct-4bit,356.0,10299.0,0.0,0
2026-06-26T13:19:42.746,timeseries,3,Weather Report Extended v2,mlx-community/Llama-3.2-1B-Instruct-4bit,346.0,9983.0,0.0,0
2026-06-26T13:19:42.810,timeseries,3,Weather Report Extended v2,mlx-community/Llama-3.2-1B-Instruct-4bit,318.0,8440.0,0.0,0
2026-06-26T13:19:42.876,timeseries,3,Weather Report Extended v2,mlx-community/Llama-3.2-1B-Instruct-4bit,307.0,9899.0,0.0,0
2026-06-26T13:19:42.940,timeseries,3,Weather Report Extended v2,mlx-community/Llama-3.2-1B-Instruct-4bit,284.0,10191.0,0.0,0
2026-06-26T13:19:43.007,timeseries,3,Weather Report Extended v2,mlx-community/Llama-3.2-1B-Instruct-4bit,304.0,9833.0,0.0,0
2026-06-26T13:19:43.069,timeseries,3,Weather Report Extended v2,mlx-community/Llama-3.2-1B-Instruct-4bit,322.0,9686.0,0.0,0
2026-06-26T13:19:43.133,timeseries,3,Weather Report Extended v2,mlx-community/Llama-3.2-1B-Instruct-4bit,545.0,8535.0,0.0,0
2026-06-26T13:19:43.199,timeseries,3,Weather Report Extended v2,mlx-community/Llama-3.2-1B-Instruct-4bit,445.0,10037.0,0.0,0
2026-06-26T13:19:43.263,timeseries,3,Weather Report Extended v2,mlx-community/Llama-3.2-1B-Instruct-4bit,298.0,9998.0,0.0,0
2026-06-26T13:19:43.328,timeseries,3,Weather Report Extended v2,mlx-community/Llama-3.2-1B-Instruct-4bit,337.0,9753.0,0.0,0
2026-06-26T13:19:43.393,timeseries,3,Weather Report Extended v2,mlx-community/Llama-3.2-1B-Instruct-4bit,370.0,8665.0,0.0,0
2026-06-26T13:19:43.459,timeseries,3,Weather Report Extended v2,mlx-community/Llama-3.2-1B-Instruct-4bit,308.0,9820.0,0.0,0
2026-06-26T13:19:43.526,timeseries,3,Weather Report Extended v2,mlx-community/Llama-3.2-1B-Instruct-4bit,296.0,9974.0,0.0,0
2026-06-26T13:19:43.588,timeseries,3,Weather Report Extended v2,mlx-community/Llama-3.2-1B-Instruct-4bit,301.0,9694.0,0.0,0
2026-06-26T13:19:43.654,timeseries,3,Weather Report Extended v2,mlx-community/Llama-3.2-1B-Instruct-4bit,447.0,9544.0,0.0,0
2026-06-26T13:19:43.721,timeseries,3,Weather Report Extended v2,mlx-community/Llama-3.2-1B-Instruct-4bit,353.0,10104.0,0.0,0
2026-06-26T13:19:43.786,timeseries,3,Weather Report Extended v2,mlx-community/Llama-3.2-1B-Instruct-4bit,318.0,8469.0,0.0,0
2026-06-26T13:19:43.853,timeseries,3,Weather Report Extended v2,mlx-community/Llama-3.2-1B-Instruct-4bit,287.0,9721.0,0.0,0
2026-06-26T13:19:43.920,timeseries,3,Weather Report Extended v2,mlx-community/Llama-3.2-1B-Instruct-4bit,273.0,9751.0,0.0,0
2026-06-26T13:19:43.986,timeseries,3,Weather Report Extended v2,mlx-community/Llama-3.2-1B-Instruct-4bit,303.0,9733.0,0.0,0
2026-06-26T13:19:44.048,timeseries,3,Weather Report Extended v2,mlx-community/Llama-3.2-1B-Instruct-4bit,283.0,9585.0,0.0,0
2026-06-26T13:19:44.111,timeseries,3,Weather Report Extended v2,mlx-community/Llama-3.2-1B-Instruct-4bit,411.0,9703.0,0.0,0
2026-06-26T13:19:44.175,timeseries,3,Weather Report Extended v2,mlx-community/Llama-3.2-1B-Instruct-4bit,447.0,8849.0,0.0,0
2026-06-26T13:19:44.241,timeseries,3,Weather Report Extended v2,mlx-community/Llama-3.2-1B-Instruct-4bit,394.0,9913.0,0.0,0
2026-06-26T13:19:44.306,timeseries,3,Weather Report Extended v2,mlx-community/Llama-3.2-1B-Instruct-4bit,344.0,9870.0,0.0,0
2026-06-26T13:19:44.370,timeseries,3,Weather Report Extended v2,mlx-community/Llama-3.2-1B-Instruct-4bit,426.0,9592.0,0.0,0
2026-06-26T13:19:44.435,timeseries,3,Weather Report Extended v2,mlx-community/Llama-3.2-1B-Instruct-4bit,326.0,8643.0,0.0,0
2026-06-26T13:19:44.501,timeseries,3,Weather Report Extended v2,mlx-community/Llama-3.2-1B-Instruct-4bit,326.0,9877.0,0.0,0
2026-06-26T13:19:44.563,timeseries,3,Weather Report Extended v2,mlx-community/Llama-3.2-1B-Instruct-4bit,262.0,9870.0,0.0,0
2026-06-26T13:19:44.627,timeseries,3,Weather Report Extended v2,mlx-community/Llama-3.2-1B-Instruct-4bit,498.0,9578.0,0.0,0
2026-06-26T13:19:44.692,timeseries,3,Weather Report Extended v2,mlx-community/Llama-3.2-1B-Instruct-4bit,390.0,9104.0,0.0,0
2026-06-26T13:19:44.758,timeseries,3,Weather Report Extended v2,mlx-community/Llama-3.2-1B-Instruct-4bit,296.0,9790.0,0.0,0
2026-06-26T13:19:44.823,timeseries,3,Weather Report Extended v2,mlx-community/Llama-3.2-1B-Instruct-4bit,292.0,9869.0,0.0,0
2026-06-26T13:19:44.889,timeseries,3,Weather Report Extended v2,mlx-community/Llama-3.2-1B-Instruct-4bit,814.0,9728.0,0.0,0
2026-06-26T13:19:44.955,timeseries,3,Weather Report Extended v2,mlx-community/Llama-3.2-1B-Instruct-4bit,1941.0,9524.0,0.0,0
2026-06-26T13:19:45.020,timeseries,3,Weather Report Extended v2,mlx-community/Llama-3.2-1B-Instruct-4bit,733.0,9662.0,0.0,0
2026-06-26T13:19:45.084,timeseries,3,Weather Report Extended v2,mlx-community/Llama-3.2-1B-Instruct-4bit,626.0,8456.0,0.0,0
2026-06-26T13:19:45.148,timeseries,3,Weather Report Extended v2,mlx-community/Llama-3.2-1B-Instruct-4bit,778.0,9623.0,0.0,0
2026-06-26T13:19:45.213,timeseries,3,Weather Report Extended v2,mlx-community/Llama-3.2-1B-Instruct-4bit,593.0,9863.0,0.0,0
2026-06-26T13:19:45.275,timeseries,3,Weather Report Extended v2,mlx-community/Llama-3.2-1B-Instruct-4bit,440.0,8774.0,0.0,0
2026-06-26T13:19:45.340,timeseries,3,Weather Report Extended v2,mlx-community/Llama-3.2-1B-Instruct-4bit,508.0,9632.0,0.0,0
2026-06-26T13:19:45.405,timeseries,3,Weather Report Extended v2,mlx-community/Llama-3.2-1B-Instruct-4bit,339.0,10265.0,0.0,0
2026-06-26T13:19:45.472,timeseries,3,Weather Report Extended v2,mlx-community/Llama-3.2-1B-Instruct-4bit,306.0,9600.0,0.0,0
2026-06-26T13:19:45.535,timeseries,3,Weather Report Extended v2,mlx-community/Llama-3.2-1B-Instruct-4bit,261.0,9829.0,0.0,0
2026-06-26T13:19:45.600,timeseries,3,Weather Report Extended v2,mlx-community/Llama-3.2-1B-Instruct-4bit,360.0,8336.0,0.0,0
2026-06-26T13:19:45.662,timeseries,3,Weather Report Extended v2,mlx-community/Llama-3.2-1B-Instruct-4bit,809.0,9855.0,0.0,0
2026-06-26T13:19:45.729,timeseries,3,Weather Report Extended v2,mlx-community/Llama-3.2-1B-Instruct-4bit,428.0,8450.0,0.0,0
2026-06-26T13:19:45.795,timeseries,3,Weather Report Extended v2,mlx-community/Llama-3.2-1B-Instruct-4bit,400.0,10178.0,0.0,0
2026-06-26T13:19:45.858,timeseries,3,Weather Report Extended v2,mlx-community/Llama-3.2-1B-Instruct-4bit,241.0,9727.0,0.0,0
2026-06-26T13:19:45.923,timeseries,3,Weather Report Extended v2,mlx-community/Llama-3.2-1B-Instruct-4bit,530.0,9667.0,0.0,0
2026-06-26T13:19:45.990,timeseries,3,Weather Report Extended v2,mlx-community/Llama-3.2-1B-Instruct-4bit,2188.0,10099.0,0.0,0
2026-06-26T13:19:46.054,timeseries,3,Weather Report Extended v2,mlx-community/Llama-3.2-1B-Instruct-4bit,1260.0,9724.0,0.0,0
2026-06-26T13:19:46.120,timeseries,3,Weather Report Extended v2,mlx-community/Llama-3.2-1B-Instruct-4bit,845.0,9587.0,0.0,0
2026-06-26T13:19:46.187,timeseries,3,Weather Report Extended v2,mlx-community/Llama-3.2-1B-Instruct-4bit,507.0,8580.0,0.0,0
2026-06-26T13:19:46.252,timeseries,3,Weather Report Extended v2,mlx-community/Llama-3.2-1B-Instruct-4bit,536.0,9703.0,0.0,0
2026-06-26T13:19:46.316,timeseries,3,Weather Report Extended v2,mlx-community/Llama-3.2-1B-Instruct-4bit,418.0,9525.0,0.0,0
2026-06-26T13:19:46.381,timeseries,3,Weather Report Extended v2,mlx-community/Llama-3.2-1B-Instruct-4bit,491.0,9813.0,0.0,0
2026-06-26T13:19:46.446,timeseries,3,Weather Report Extended v2,mlx-community/Llama-3.2-1B-Instruct-4bit,328.0,9972.0,0.0,0
2026-06-26T13:19:46.512,timeseries,3,Weather Report Extended v2,mlx-community/Llama-3.2-1B-Instruct-4bit,266.0,10057.0,0.0,0
2026-06-26T13:19:46.580,timeseries,3,Weather Report Extended v2,mlx-community/Llama-3.2-1B-Instruct-4bit,647.0,8386.0,0.0,0
2026-06-26T13:19:46.642,timeseries,3,Weather Report Extended v2,mlx-community/Llama-3.2-1B-Instruct-4bit,850.0,9634.0,0.0,0
2026-06-26T13:19:46.706,timeseries,3,Weather Report Extended v2,mlx-community/Llama-3.2-1B-Instruct-4bit,464.0,9546.0,0.0,0
2026-06-26T13:19:46.773,timeseries,3,Weather Report Extended v2,mlx-community/Llama-3.2-1B-Instruct-4bit,362.0,10041.0,0.0,0
2026-06-26T13:19:46.837,timeseries,3,Weather Report Extended v2,mlx-community/Llama-3.2-1B-Instruct-4bit,410.0,9977.0,0.0,0
2026-06-26T13:19:46.903,timeseries,3,Weather Report Extended v2,mlx-community/Llama-3.2-1B-Instruct-4bit,423.0,8340.0,0.0,0
2026-06-26T13:19:46.968,timeseries,3,Weather Report Extended v2,mlx-community/Llama-3.2-1B-Instruct-4bit,293.0,9905.0,0.0,0
2026-06-26T13:19:47.031,timeseries,3,Weather Report Extended v2,mlx-community/Llama-3.2-1B-Instruct-4bit,303.0,9744.0,0.0,0
2026-06-26T13:19:47.095,timeseries,3,Weather Report Extended v2,mlx-community/Llama-3.2-1B-Instruct-4bit,339.0,9863.0,0.0,0
2026-06-26T13:19:47.159,timeseries,3,Weather Report Extended v2,mlx-community/Llama-3.2-1B-Instruct-4bit,506.0,8815.0,0.0,0
2026-06-26T13:19:47.226,timeseries,3,Weather Report Extended v2,mlx-community/Llama-3.2-1B-Instruct-4bit,500.0,10002.0,0.0,0
2026-06-26T13:19:47.292,timeseries,3,Weather Report Extended v2,mlx-community/Llama-3.2-1B-Instruct-4bit,1489.0,10059.0,0.0,0
2026-06-26T13:19:47.357,timeseries,3,Weather Report Extended v2,mlx-community/Llama-3.2-1B-Instruct-4bit,812.0,9372.0,0.0,0
2026-06-26T13:19:47.420,timeseries,3,Weather Report Extended v2,mlx-community/Llama-3.2-1B-Instruct-4bit,456.0,9706.0,0.0,0
2026-06-26T13:19:47.486,timeseries,3,Weather Report Extended v2,mlx-community/Llama-3.2-1B-Instruct-4bit,450.0,8619.0,0.0,0
2026-06-26T13:19:47.547,timeseries,3,Weather Report Extended v2,mlx-community/Llama-3.2-1B-Instruct-4bit,284.0,10178.0,0.0,0
2026-06-26T13:19:47.612,timeseries,3,Weather Report Extended v2,mlx-community/Llama-3.2-1B-Instruct-4bit,499.0,9699.0,0.0,0
2026-06-26T13:19:47.678,timeseries,3,Weather Report Extended v2,mlx-community/Llama-3.2-1B-Instruct-4bit,363.0,9267.0,0.0,0
2026-06-26T13:19:47.745,timeseries,3,Weather Report Extended v2,mlx-community/Llama-3.2-1B-Instruct-4bit,288.0,9695.0,0.0,0
2026-06-26T13:19:47.811,timeseries,3,Weather Report Extended v2,mlx-community/Llama-3.2-1B-Instruct-4bit,303.0,9730.0,0.0,0
2026-06-26T13:19:47.878,timeseries,3,Weather Report Extended v2,mlx-community/Llama-3.2-1B-Instruct-4bit,285.0,9683.0,0.0,0
2026-06-26T13:19:47.943,timeseries,3,Weather Report Extended v2,mlx-community/Llama-3.2-1B-Instruct-4bit,301.0,9780.0,0.0,0
2026-06-26T13:19:48.009,timeseries,3,Weather Report Extended v2,mlx-community/Llama-3.2-1B-Instruct-4bit,274.0,9756.0,0.0,0
2026-06-26T13:19:48.073,timeseries,3,Weather Report Extended v2,mlx-community/Llama-3.2-1B-Instruct-4bit,290.0,9868.0,0.0,0
2026-06-26T13:19:48.137,timeseries,3,Weather Report Extended v2,mlx-community/Llama-3.2-1B-Instruct-4bit,483.0,9707.0,0.0,0
2026-06-26T13:19:48.204,timeseries,3,Weather Report Extended v2,mlx-community/Llama-3.2-1B-Instruct-4bit,332.0,8934.0,0.0,0
2026-06-26T13:19:48.267,timeseries,3,Weather Report Extended v2,mlx-community/Llama-3.2-1B-Instruct-4bit,278.0,11147.0,0.0,0
2026-06-26T13:19:48.329,timeseries,3,Weather Report Extended v2,mlx-community/Llama-3.2-1B-Instruct-4bit,414.0,8300.0,0.0,0
2026-06-26T13:19:48.392,timeseries,3,Weather Report Extended v2,mlx-community/Llama-3.2-1B-Instruct-4bit,592.0,9018.0,0.0,0
2026-06-26T13:19:48.457,timeseries,3,Weather Report Extended v2,mlx-community/Llama-3.2-1B-Instruct-4bit,343.0,10392.0,0.0,0
2026-06-26T13:19:48.523,timeseries,3,Weather Report Extended v2,mlx-community/Llama-3.2-1B-Instruct-4bit,315.0,10215.0,0.0,0
2026-06-26T13:19:48.588,timeseries,3,Weather Report Extended v2,mlx-community/Llama-3.2-1B-Instruct-4bit,307.0,9870.0,0.0,0
2026-06-26T13:19:48.653,timeseries,3,Weather Report Extended v2,mlx-community/Llama-3.2-1B-Instruct-4bit,472.0,9831.0,0.0,0
2026-06-26T13:19:48.718,timeseries,3,Weather Report Extended v2,mlx-community/Llama-3.2-1B-Instruct-4bit,519.0,8393.0,0.0,0
2026-06-26T13:19:48.785,timeseries,3,Weather Report Extended v2,mlx-community/Llama-3.2-1B-Instruct-4bit,309.0,9910.0,0.0,0
2026-06-26T13:19:48.851,timeseries,3,Weather Report Extended v2,mlx-community/Llama-3.2-1B-Instruct-4bit,291.0,9895.0,0.0,0
2026-06-26T13:19:48.919,timeseries,3,Weather Report Extended v2,mlx-community/Llama-3.2-1B-Instruct-4bit,344.0,9742.0,0.0,0
2026-06-26T13:19:48.984,timeseries,3,Weather Report Extended v2,mlx-community/Llama-3.2-1B-Instruct-4bit,271.0,9751.0,0.0,0
2026-06-26T13:19:49.049,timeseries,3,Weather Report Extended v2,mlx-community/Llama-3.2-1B-Instruct-4bit,281.0,9508.0,0.0,0
2026-06-26T13:19:49.114,timeseries,3,Weather Report Extended v2,mlx-community/Llama-3.2-1B-Instruct-4bit,385.0,9892.0,0.0,0
2026-06-26T13:19:49.180,timeseries,3,Weather Report Extended v2,mlx-community/Llama-3.2-1B-Instruct-4bit,448.0,10002.0,0.0,0
2026-06-26T13:19:49.245,timeseries,3,Weather Report Extended v2,mlx-community/Llama-3.2-1B-Instruct-4bit,386.0,9625.0,0.0,0
2026-06-26T13:19:49.309,timeseries,3,Weather Report Extended v2,mlx-community/Llama-3.2-1B-Instruct-4bit,3073.0,8462.0,0.0,0
2026-06-26T13:19:49.375,timeseries,3,Weather Report Extended v2,mlx-community/Llama-3.2-1B-Instruct-4bit,6843.0,9763.0,0.0,0
2026-06-26T13:19:49.440,timeseries,3,Weather Report Extended v2,mlx-community/Llama-3.2-1B-Instruct-4bit,6828.0,10100.0,0.0,0
2026-06-26T13:19:49.505,timeseries,3,Weather Report Extended v2,mlx-community/Llama-3.2-1B-Instruct-4bit,6494.0,9681.0,0.0,0
2026-06-26T13:19:49.571,timeseries,3,Weather Report Extended v2,mlx-community/Llama-3.2-1B-Instruct-4bit,6734.0,10024.0,0.0,0
2026-06-26T13:19:49.637,timeseries,3,Weather Report Extended v2,mlx-community/Llama-3.2-1B-Instruct-4bit,3112.0,8571.0,0.0,0
2026-06-26T13:19:49.702,timeseries,3,Weather Report Extended v2,mlx-community/Llama-3.2-1B-Instruct-4bit,716.0,9762.0,0.0,0
2026-06-26T13:19:49.766,timeseries,3,Weather Report Extended v2,mlx-community/Llama-3.2-1B-Instruct-4bit,513.0,9618.0,0.0,0
2026-06-26T13:19:49.829,timeseries,3,Weather Report Extended v2,mlx-community/Llama-3.2-1B-Instruct-4bit,478.0,9891.0,0.0,0
2026-06-26T13:19:49.893,timeseries,3,Weather Report Extended v2,mlx-community/Llama-3.2-1B-Instruct-4bit,390.0,8683.0,0.0,0
2026-06-26T13:19:49.960,timeseries,3,Weather Report Extended v2,mlx-community/Llama-3.2-1B-Instruct-4bit,366.0,10230.0,0.0,0
2026-06-26T13:19:50.026,timeseries,3,Weather Report Extended v2,mlx-community/Llama-3.2-1B-Instruct-4bit,328.0,9983.0,0.0,0
2026-06-26T13:19:50.091,timeseries,3,Weather Report Extended v2,mlx-community/Llama-3.2-1B-Instruct-4bit,2545.0,9460.0,0.0,0
2026-06-26T13:19:50.156,timeseries,3,Weather Report Extended v2,mlx-community/Llama-3.2-1B-Instruct-4bit,868.0,9746.0,0.0,0
2026-06-26T13:19:50.219,timeseries,3,Weather Report Extended v2,mlx-community/Llama-3.2-1B-Instruct-4bit,583.0,9762.0,0.0,0
2026-06-26T13:19:50.282,timeseries,3,Weather Report Extended v2,mlx-community/Llama-3.2-1B-Instruct-4bit,428.0,8510.0,0.0,0
2026-06-26T13:19:50.346,timeseries,3,Weather Report Extended v2,mlx-community/Llama-3.2-1B-Instruct-4bit,586.0,10122.0,0.0,0
2026-06-26T13:19:50.410,timeseries,3,Weather Report Extended v2,mlx-community/Llama-3.2-1B-Instruct-4bit,353.0,9025.0,0.0,0
2026-06-26T13:19:50.474,timeseries,3,Weather Report Extended v2,mlx-community/Llama-3.2-1B-Instruct-4bit,437.0,10004.0,0.0,0
2026-06-26T13:19:50.536,timeseries,3,Weather Report Extended v2,mlx-community/Llama-3.2-1B-Instruct-4bit,359.0,9962.0,0.0,0
2026-06-26T13:19:50.600,timeseries,3,Weather Report Extended v2,mlx-community/Llama-3.2-1B-Instruct-4bit,405.0,8748.0,0.0,0
2026-06-26T13:19:50.665,timeseries,3,Weather Report Extended v2,mlx-community/Llama-3.2-1B-Instruct-4bit,403.0,10386.0,0.0,0
2026-06-26T13:19:50.731,timeseries,3,Weather Report Extended v2,mlx-community/Llama-3.2-1B-Instruct-4bit,282.0,10090.0,0.0,0
2026-06-26T13:19:50.798,timeseries,3,Weather Report Extended v2,mlx-community/Llama-3.2-1B-Instruct-4bit,307.0,9841.0,0.0,0
2026-06-26T13:19:50.864,timeseries,3,Weather Report Extended v2,mlx-community/Llama-3.2-1B-Instruct-4bit,289.0,9868.0,0.0,0
2026-06-26T13:19:50.929,timeseries,3,Weather Report Extended v2,mlx-community/Llama-3.2-1B-Instruct-4bit,257.0,9852.0,0.0,0
2026-06-26T13:19:50.996,timeseries,3,Weather Report Extended v2,mlx-community/Llama-3.2-1B-Instruct-4bit,316.0,8479.0,0.0,0
2026-06-26T13:19:51.060,timeseries,3,Weather Report Extended v2,mlx-community/Llama-3.2-1B-Instruct-4bit,274.0,9886.0,0.0,0
2026-06-26T13:19:51.124,timeseries,3,Weather Report Extended v2,mlx-community/Llama-3.2-1B-Instruct-4bit,403.0,9498.0,0.0,0
2026-06-26T13:19:51.188,timeseries,3,Weather Report Extended v2,mlx-community/Llama-3.2-1B-Instruct-4bit,297.0,10072.0,0.0,0
2026-06-26T13:19:51.255,timeseries,3,Weather Report Extended v2,mlx-community/Llama-3.2-1B-Instruct-4bit,357.0,9926.0,0.0,0
2026-06-26T13:19:51.318,timeseries,3,Weather Report Extended v2,mlx-community/Llama-3.2-1B-Instruct-4bit,327.0,9911.0,0.0,0
2026-06-26T13:19:51.384,timeseries,3,Weather Report Extended v2,mlx-community/Llama-3.2-1B-Instruct-4bit,424.0,8568.0,0.0,0
2026-06-26T13:19:51.446,timeseries,3,Weather Report Extended v2,mlx-community/Llama-3.2-1B-Instruct-4bit,298.0,10069.0,0.0,0
2026-06-26T13:19:51.512,timeseries,3,Weather Report Extended v2,mlx-community/Llama-3.2-1B-Instruct-4bit,393.0,9675.0,0.0,0
2026-06-26T13:19:51.576,timeseries,3,Weather Report Extended v2,mlx-community/Llama-3.2-1B-Instruct-4bit,356.0,9072.0,0.0,0
2026-06-26T13:19:51.641,timeseries,3,Weather Report Extended v2,mlx-community/Llama-3.2-1B-Instruct-4bit,500.0,9676.0,0.0,0
2026-06-26T13:19:51.707,timeseries,3,Weather Report Extended v2,mlx-community/Llama-3.2-1B-Instruct-4bit,334.0,10261.0,0.0,0
2026-06-26T13:19:51.774,timeseries,3,Weather Report Extended v2,mlx-community/Llama-3.2-1B-Instruct-4bit,274.0,9835.0,0.0,0
2026-06-26T13:19:51.840,timeseries,3,Weather Report Extended v2,mlx-community/Llama-3.2-1B-Instruct-4bit,287.0,9768.0,0.0,0
2026-06-26T13:19:51.904,timeseries,3,Weather Report Extended v2,mlx-community/Llama-3.2-1B-Instruct-4bit,287.0,9805.0,0.0,0
2026-06-26T13:19:51.970,timeseries,3,Weather Report Extended v2,mlx-community/Llama-3.2-1B-Instruct-4bit,275.0,8683.0,0.0,0
2026-06-26T13:19:52.032,timeseries,3,Weather Report Extended v2,mlx-community/Llama-3.2-1B-Instruct-4bit,305.0,9768.0,0.0,0
2026-06-26T13:19:52.097,timeseries,3,Weather Report Extended v2,mlx-community/Llama-3.2-1B-Instruct-4bit,353.0,9922.0,0.0,0
2026-06-26T13:19:52.162,timeseries,3,Weather Report Extended v2,mlx-community/Llama-3.2-1B-Instruct-4bit,383.0,10256.0,0.0,0
2026-06-26T13:19:52.227,timeseries,3,Weather Report Extended v2,mlx-community/Llama-3.2-1B-Instruct-4bit,264.0,8759.0,0.0,0
2026-06-26T13:19:52.291,timeseries,3,Weather Report Extended v2,mlx-community/Llama-3.2-1B-Instruct-4bit,335.0,9732.0,0.0,0
2026-06-26T13:19:52.357,timeseries,3,Weather Report Extended v2,mlx-community/Llama-3.2-1B-Instruct-4bit,416.0,9883.0,0.0,0
2026-06-26T13:19:52.422,timeseries,3,Weather Report Extended v2,mlx-community/Llama-3.2-1B-Instruct-4bit,312.0,10056.0,0.0,0
2026-06-26T13:19:52.485,timeseries,3,Weather Report Extended v2,mlx-community/Llama-3.2-1B-Instruct-4bit,304.0,9780.0,0.0,0
2026-06-26T13:19:52.548,timeseries,3,Weather Report Extended v2,mlx-community/Llama-3.2-1B-Instruct-4bit,416.0,8742.0,0.0,0
2026-06-26T13:19:52.612,timeseries,3,Weather Report Extended v2,mlx-community/Llama-3.2-1B-Instruct-4bit,587.0,10119.0,0.0,0
2026-06-26T13:19:52.679,timeseries,3,Weather Report Extended v2,mlx-community/Llama-3.2-1B-Instruct-4bit,416.0,9110.0,0.0,0
2026-06-26T13:19:52.743,timeseries,3,Weather Report Extended v2,mlx-community/Llama-3.2-1B-Instruct-4bit,296.0,10077.0,0.0,0
2026-06-26T13:19:52.809,timeseries,3,Weather Report Extended v2,mlx-community/Llama-3.2-1B-Instruct-4bit,269.0,9650.0,0.0,0
2026-06-26T13:19:52.873,timeseries,3,Weather Report Extended v2,mlx-community/Llama-3.2-1B-Instruct-4bit,278.0,10056.0,0.0,0
2026-06-26T13:19:52.937,timeseries,3,Weather Report Extended v2,mlx-community/Llama-3.2-1B-Instruct-4bit,363.0,9412.0,0.0,0
2026-06-26T13:19:53.002,timeseries,3,Weather Report Extended v2,mlx-community/Llama-3.2-1B-Instruct-4bit,443.0,8895.0,0.0,0
2026-06-26T13:19:53.064,timeseries,3,Weather Report Extended v2,mlx-community/Llama-3.2-1B-Instruct-4bit,314.0,10050.0,0.0,0
2026-06-26T13:19:53.130,timeseries,3,Weather Report Extended v2,mlx-community/Llama-3.2-1B-Instruct-4bit,477.0,9840.0,0.0,0
2026-06-26T13:19:53.196,timeseries,3,Weather Report Extended v2,mlx-community/Llama-3.2-1B-Instruct-4bit,349.0,10226.0,0.0,0
2026-06-26T13:19:53.258,timeseries,3,Weather Report Extended v2,mlx-community/Llama-3.2-1B-Instruct-4bit,304.0,8526.0,0.0,0
2026-06-26T13:19:53.324,timeseries,3,Weather Report Extended v2,mlx-community/Llama-3.2-1B-Instruct-4bit,354.0,9879.0,0.0,0
2026-06-26T13:19:53.388,timeseries,3,Weather Report Extended v2,mlx-community/Llama-3.2-1B-Instruct-4bit,363.0,10082.0,0.0,0
2026-06-26T13:19:53.455,timeseries,3,Weather Report Extended v2,mlx-community/Llama-3.2-1B-Instruct-4bit,308.0,9924.0,0.0,0
2026-06-26T13:19:53.515,timeseries,3,Weather Report Extended v2,mlx-community/Llama-3.2-1B-Instruct-4bit,309.0,9890.0,0.0,0
2026-06-26T13:19:53.580,timeseries,3,Weather Report Extended v2,mlx-community/Llama-3.2-1B-Instruct-4bit,333.0,8527.0,0.0,0
2026-06-26T13:19:53.649,timeseries,3,Weather Report Extended v2,mlx-community/Llama-3.2-1B-Instruct-4bit,653.0,10410.0,0.0,0
2026-06-26T13:19:53.713,timeseries,3,Weather Report Extended v2,mlx-community/Llama-3.2-1B-Instruct-4bit,589.0,9847.0,0.0,0
2026-06-26T13:19:53.778,timeseries,3,Weather Report Extended v2,mlx-community/Llama-3.2-1B-Instruct-4bit,538.0,9232.0,0.0,0
2026-06-26T13:19:53.842,timeseries,3,Weather Report Extended v2,mlx-community/Llama-3.2-1B-Instruct-4bit,326.0,8719.0,0.0,0
2026-06-26T13:19:53.908,timeseries,3,Weather Report Extended v2,mlx-community/Llama-3.2-1B-Instruct-4bit,311.0,9981.0,0.0,0
2026-06-26T13:19:53.973,timeseries,3,Weather Report Extended v2,mlx-community/Llama-3.2-1B-Instruct-4bit,294.0,10000.0,0.0,0
2026-06-26T13:19:54.035,timeseries,3,Weather Report Extended v2,mlx-community/Llama-3.2-1B-Instruct-4bit,319.0,9716.0,0.0,0
2026-06-26T13:19:54.100,timeseries,3,Weather Report Extended v2,mlx-community/Llama-3.2-1B-Instruct-4bit,436.0,8794.0,0.0,0
2026-06-26T13:19:54.165,timeseries,3,Weather Report Extended v2,mlx-community/Llama-3.2-1B-Instruct-4bit,398.0,10226.0,0.0,0
2026-06-26T13:19:54.232,timeseries,3,Weather Report Extended v2,mlx-community/Llama-3.2-1B-Instruct-4bit,282.0,10075.0,0.0,0
2026-06-26T13:19:54.294,timeseries,3,Weather Report Extended v2,mlx-community/Llama-3.2-1B-Instruct-4bit,290.0,9811.0,0.0,0
2026-06-26T13:19:54.360,timeseries,3,Weather Report Extended v2,mlx-community/Llama-3.2-1B-Instruct-4bit,402.0,8407.0,0.0,0
2026-06-26T13:19:54.426,timeseries,3,Weather Report Extended v2,mlx-community/Llama-3.2-1B-Instruct-4bit,303.0,10231.0,0.0,0
2026-06-26T13:19:54.493,timeseries,3,Weather Report Extended v2,mlx-community/Llama-3.2-1B-Instruct-4bit,275.0,9872.0,0.0,0
2026-06-26T13:19:54.555,timeseries,3,Weather Report Extended v2,mlx-community/Llama-3.2-1B-Instruct-4bit,319.0,9797.0,0.0,0
2026-06-26T13:19:54.618,timeseries,3,Weather Report Extended v2,mlx-community/Llama-3.2-1B-Instruct-4bit,448.0,9714.0,0.0,0
2026-06-26T13:19:54.682,timeseries,3,Weather Report Extended v2,mlx-community/Llama-3.2-1B-Instruct-4bit,515.0,9069.0,0.0,0
2026-06-26T13:19:54.749,timeseries,3,Weather Report Extended v2,mlx-community/Llama-3.2-1B-Instruct-4bit,349.0,10138.0,0.0,0
2026-06-26T13:19:54.814,timeseries,3,Weather Report Extended v2,mlx-community/Llama-3.2-1B-Instruct-4bit,250.0,10190.0,0.0,0
2026-06-26T13:19:54.880,timeseries,3,Weather Report Extended v2,mlx-community/Llama-3.2-1B-Instruct-4bit,299.0,9648.0,0.0,0
2026-06-26T13:19:54.947,timeseries,3,Weather Report Extended v2,mlx-community/Llama-3.2-1B-Instruct-4bit,292.0,9899.0,0.0,0
2026-06-26T13:19:55.014,timeseries,3,Weather Report Extended v2,mlx-community/Llama-3.2-1B-Instruct-4bit,287.0,9786.0,0.0,0
2026-06-26T13:19:55.077,timeseries,3,Weather Report Extended v2,mlx-community/Llama-3.2-1B-Instruct-4bit,270.0,9657.0,0.0,0
2026-06-26T13:19:55.142,timeseries,3,Weather Report Extended v2,mlx-community/Llama-3.2-1B-Instruct-4bit,716.0,8366.0,0.0,0
2026-06-26T13:19:55.206,timeseries,3,Weather Report Extended v2,mlx-community/Llama-3.2-1B-Instruct-4bit,2374.0,10116.0,0.0,0
2026-06-26T13:19:55.271,timeseries,3,Weather Report Extended v2,mlx-community/Llama-3.2-1B-Instruct-4bit,712.0,9910.0,0.0,0
2026-06-26T13:19:55.333,timeseries,3,Weather Report Extended v2,mlx-community/Llama-3.2-1B-Instruct-4bit,807.0,8691.0,0.0,0
2026-06-26T13:19:55.397,timeseries,3,Weather Report Extended v2,mlx-community/Llama-3.2-1B-Instruct-4bit,457.0,9743.0,0.0,0
2026-06-26T13:19:55.464,timeseries,3,Weather Report Extended v2,mlx-community/Llama-3.2-1B-Instruct-4bit,387.0,10326.0,0.0,0
2026-06-26T13:19:55.529,timeseries,3,Weather Report Extended v2,mlx-community/Llama-3.2-1B-Instruct-4bit,313.0,10123.0,0.0,0
2026-06-26T13:19:55.595,timeseries,3,Weather Report Extended v2,mlx-community/Llama-3.2-1B-Instruct-4bit,300.0,8530.0,0.0,0
2026-06-26T13:19:55.658,timeseries,3,Weather Report Extended v2,mlx-community/Llama-3.2-1B-Instruct-4bit,477.0,9790.0,0.0,0
2026-06-26T13:19:55.724,timeseries,3,Weather Report Extended v2,mlx-community/Llama-3.2-1B-Instruct-4bit,578.0,9754.0,0.0,0
2026-06-26T13:19:55.791,timeseries,3,Weather Report Extended v2,mlx-community/Llama-3.2-1B-Instruct-4bit,405.0,9980.0,0.0,0
2026-06-26T13:19:55.856,timeseries,3,Weather Report Extended v2,mlx-community/Llama-3.2-1B-Instruct-4bit,291.0,9923.0,0.0,0
2026-06-26T13:19:55.922,timeseries,3,Weather Report Extended v2,mlx-community/Llama-3.2-1B-Instruct-4bit,285.0,9649.0,0.0,0
2026-06-26T13:19:55.986,timeseries,3,Weather Report Extended v2,mlx-community/Llama-3.2-1B-Instruct-4bit,322.0,9905.0,0.0,0
2026-06-26T13:19:56.050,timeseries,3,Weather Report Extended v2,mlx-community/Llama-3.2-1B-Instruct-4bit,323.0,8785.0,0.0,0
2026-06-26T13:19:56.115,timeseries,3,Weather Report Extended v2,mlx-community/Llama-3.2-1B-Instruct-4bit,399.0,9857.0,0.0,0
2026-06-26T13:19:56.178,timeseries,3,Weather Report Extended v2,mlx-community/Llama-3.2-1B-Instruct-4bit,361.0,10072.0,0.0,0
2026-06-26T13:19:56.245,timeseries,3,Weather Report Extended v2,mlx-community/Llama-3.2-1B-Instruct-4bit,311.0,8825.0,0.0,0
2026-06-26T13:19:56.309,timeseries,3,Weather Report Extended v2,mlx-community/Llama-3.2-1B-Instruct-4bit,359.0,10115.0,0.0,0
2026-06-26T13:19:56.375,timeseries,3,Weather Report Extended v2,mlx-community/Llama-3.2-1B-Instruct-4bit,525.0,9653.0,0.0,0
2026-06-26T13:19:56.441,timeseries,3,Weather Report Extended v2,mlx-community/Llama-3.2-1B-Instruct-4bit,313.0,10100.0,0.0,0
2026-06-26T13:19:56.506,timeseries,3,Weather Report Extended v2,mlx-community/Llama-3.2-1B-Instruct-4bit,302.0,9775.0,0.0,0
2026-06-26T13:19:56.570,timeseries,3,Weather Report Extended v2,mlx-community/Llama-3.2-1B-Instruct-4bit,262.0,9930.0,0.0,0
2026-06-26T13:19:56.636,timeseries,3,Weather Report Extended v2,mlx-community/Llama-3.2-1B-Instruct-4bit,801.0,8358.0,0.0,0
2026-06-26T13:19:56.697,timeseries,3,Weather Report Extended v2,mlx-community/Llama-3.2-1B-Instruct-4bit,719.0,9815.0,0.0,0
2026-06-26T13:19:56.763,timeseries,3,Weather Report Extended v2,mlx-community/Llama-3.2-1B-Instruct-4bit,570.0,9880.0,0.0,0
2026-06-26T13:19:56.829,timeseries,3,Weather Report Extended v2,mlx-community/Llama-3.2-1B-Instruct-4bit,338.0,9163.0,0.0,0
2026-06-26T13:19:56.895,timeseries,3,Weather Report Extended v2,mlx-community/Llama-3.2-1B-Instruct-4bit,306.0,9842.0,0.0,0
2026-06-26T13:19:56.961,timeseries,3,Weather Report Extended v2,mlx-community/Llama-3.2-1B-Instruct-4bit,289.0,9956.0,0.0,0
2026-06-26T13:19:57.027,timeseries,3,Weather Report Extended v2,mlx-community/Llama-3.2-1B-Instruct-4bit,273.0,9889.0,0.0,0
2026-06-26T13:19:57.091,timeseries,3,Weather Report Extended v2,mlx-community/Llama-3.2-1B-Instruct-4bit,318.0,9753.0,0.0,0
2026-06-26T13:19:57.156,timeseries,3,Weather Report Extended v2,mlx-community/Llama-3.2-1B-Instruct-4bit,408.0,9788.0,0.0,0
2026-06-26T13:19:57.217,timeseries,3,Weather Report Extended v2,mlx-community/Llama-3.2-1B-Instruct-4bit,280.0,10032.0,0.0,0
2026-06-26T13:19:57.283,timeseries,3,Weather Report Extended v2,mlx-community/Llama-3.2-1B-Instruct-4bit,554.0,8673.0,0.0,0
2026-06-26T13:19:57.348,timeseries,3,Weather Report Extended v2,mlx-community/Llama-3.2-1B-Instruct-4bit,1710.0,10502.0,0.0,0
2026-06-26T13:19:57.412,timeseries,3,Weather Report Extended v2,mlx-community/Llama-3.2-1B-Instruct-4bit,554.0,10095.0,0.0,0
2026-06-26T13:19:57.476,timeseries,3,Weather Report Extended v2,mlx-community/Llama-3.2-1B-Instruct-4bit,427.0,8731.0,0.0,0
2026-06-26T13:19:57.541,timeseries,3,Weather Report Extended v2,mlx-community/Llama-3.2-1B-Instruct-4bit,427.0,10319.0,0.0,0
2026-06-26T13:19:57.605,timeseries,3,Weather Report Extended v2,mlx-community/Llama-3.2-1B-Instruct-4bit,368.0,9872.0,0.0,0
2026-06-26T13:19:57.672,timeseries,3,Weather Report Extended v2,mlx-community/Llama-3.2-1B-Instruct-4bit,372.0,10115.0,0.0,0
2026-06-26T13:19:57.738,timeseries,3,Weather Report Extended v2,mlx-community/Llama-3.2-1B-Instruct-4bit,264.0,10184.0,0.0,0
2026-06-26T13:19:57.804,timeseries,3,Weather Report Extended v2,mlx-community/Llama-3.2-1B-Instruct-4bit,344.0,8552.0,0.0,0
2026-06-26T13:19:57.871,timeseries,3,Weather Report Extended v2,mlx-community/Llama-3.2-1B-Instruct-4bit,320.0,9828.0,0.0,0
2026-06-26T13:19:57.937,timeseries,3,Weather Report Extended v2,mlx-community/Llama-3.2-1B-Instruct-4bit,302.0,9820.0,0.0,0
2026-06-26T13:19:58.004,timeseries,3,Weather Report Extended v2,mlx-community/Llama-3.2-1B-Instruct-4bit,312.0,9693.0,0.0,0
2026-06-26T13:19:58.066,timeseries,3,Weather Report Extended v2,mlx-community/Llama-3.2-1B-Instruct-4bit,287.0,9820.0,0.0,0
2026-06-26T13:19:58.131,timeseries,3,Weather Report Extended v2,mlx-community/Llama-3.2-1B-Instruct-4bit,483.0,9781.0,0.0,0
2026-06-26T13:19:58.196,timeseries,3,Weather Report Extended v2,mlx-community/Llama-3.2-1B-Instruct-4bit,356.0,10557.0,0.0,0
2026-06-26T13:19:58.258,timeseries,3,Weather Report Extended v2,mlx-community/Llama-3.2-1B-Instruct-4bit,290.0,8681.0,0.0,0
2026-06-26T13:19:58.323,timeseries,3,Weather Report Extended v2,mlx-community/Llama-3.2-1B-Instruct-4bit,370.0,9867.0,0.0,0
2026-06-26T13:19:58.388,timeseries,3,Weather Report Extended v2,mlx-community/Llama-3.2-1B-Instruct-4bit,338.0,10549.0,0.0,0
2026-06-26T13:19:58.456,timeseries,3,Weather Report Extended v2,mlx-community/Llama-3.2-1B-Instruct-4bit,326.0,10016.0,0.0,0
2026-06-26T13:19:58.522,timeseries,3,Weather Report Extended v2,mlx-community/Llama-3.2-1B-Instruct-4bit,304.0,9868.0,0.0,0
2026-06-26T13:19:58.587,timeseries,3,Weather Report Extended v2,mlx-community/Llama-3.2-1B-Instruct-4bit,311.0,9738.0,0.0,0
2026-06-26T13:19:58.652,timeseries,3,Weather Report Extended v2,mlx-community/Llama-3.2-1B-Instruct-4bit,439.0,8653.0,0.0,0
2026-06-26T13:19:58.718,timeseries,3,Weather Report Extended v2,mlx-community/Llama-3.2-1B-Instruct-4bit,306.0,9961.0,0.0,0
2026-06-26T13:19:58.781,timeseries,3,Weather Report Extended v2,mlx-community/Llama-3.2-1B-Instruct-4bit,354.0,9962.0,0.0,0
2026-06-26T13:19:58.846,timeseries,3,Weather Report Extended v2,mlx-community/Llama-3.2-1B-Instruct-4bit,351.0,9871.0,0.0,0
2026-06-26T13:19:58.912,timeseries,3,Weather Report Extended v2,mlx-community/Llama-3.2-1B-Instruct-4bit,316.0,9011.0,0.0,0
2026-06-26T13:19:58.978,timeseries,3,Weather Report Extended v2,mlx-community/Llama-3.2-1B-Instruct-4bit,305.0,9897.0,0.0,0
2026-06-26T13:19:59.040,timeseries,3,Weather Report Extended v2,mlx-community/Llama-3.2-1B-Instruct-4bit,291.0,10028.0,0.0,0
2026-06-26T13:19:59.104,timeseries,3,Weather Report Extended v2,mlx-community/Llama-3.2-1B-Instruct-4bit,408.0,9682.0,0.0,0
2026-06-26T13:19:59.171,timeseries,3,Weather Report Extended v2,mlx-community/Llama-3.2-1B-Instruct-4bit,352.0,9099.0,0.0,0
2026-06-26T13:19:59.237,timeseries,3,Weather Report Extended v2,mlx-community/Llama-3.2-1B-Instruct-4bit,281.0,10248.0,0.0,0
2026-06-26T13:19:59.301,timeseries,3,Weather Report Extended v2,mlx-community/Llama-3.2-1B-Instruct-4bit,316.0,9760.0,0.0,0
2026-06-26T13:19:59.365,timeseries,3,Weather Report Extended v2,mlx-community/Llama-3.2-1B-Instruct-4bit,469.0,9754.0,0.0,0
2026-06-26T13:19:59.431,timeseries,3,Weather Report Extended v2,mlx-community/Llama-3.2-1B-Instruct-4bit,312.0,10120.0,0.0,0
2026-06-26T13:19:59.498,timeseries,3,Weather Report Extended v2,mlx-community/Llama-3.2-1B-Instruct-4bit,282.0,10283.0,0.0,0
2026-06-26T13:19:59.561,timeseries,3,Weather Report Extended v2,mlx-community/Llama-3.2-1B-Instruct-4bit,272.0,9903.0,0.0,0
2026-06-26T13:19:59.625,timeseries,3,Weather Report Extended v2,mlx-community/Llama-3.2-1B-Instruct-4bit,419.0,8469.0,0.0,0
2026-06-26T13:19:59.692,timeseries,3,Weather Report Extended v2,mlx-community/Llama-3.2-1B-Instruct-4bit,366.0,10225.0,0.0,0
2026-06-26T13:19:59.757,timeseries,3,Weather Report Extended v2,mlx-community/Llama-3.2-1B-Instruct-4bit,267.0,10336.0,0.0,0
2026-06-26T13:19:59.822,timeseries,3,Weather Report Extended v2,mlx-community/Llama-3.2-1B-Instruct-4bit,296.0,9615.0,0.0,0
2026-06-26T13:19:59.888,timeseries,3,Weather Report Extended v2,mlx-community/Llama-3.2-1B-Instruct-4bit,292.0,9952.0,0.0,0
2026-06-26T13:19:59.953,timeseries,3,Weather Report Extended v2,mlx-community/Llama-3.2-1B-Instruct-4bit,321.0,10045.0,0.0,0
2026-06-26T13:20:00.015,timeseries,3,Weather Report Extended v2,mlx-community/Llama-3.2-1B-Instruct-4bit,333.0,8681.0,0.0,0
2026-06-26T13:20:00.077,timeseries,3,Weather Report Extended v2,mlx-community/Llama-3.2-1B-Instruct-4bit,312.0,10084.0,0.0,0
2026-06-26T13:20:00.142,timeseries,3,Weather Report Extended v2,mlx-community/Llama-3.2-1B-Instruct-4bit,555.0,8958.0,0.0,0
2026-06-26T13:20:00.210,timeseries,3,Weather Report Extended v2,mlx-community/Llama-3.2-1B-Instruct-4bit,357.0,10610.0,0.0,0
2026-06-26T13:20:00.273,timeseries,3,Weather Report Extended v2,mlx-community/Llama-3.2-1B-Instruct-4bit,305.0,9906.0,0.0,0
2026-06-26T13:20:00.340,timeseries,3,Weather Report Extended v2,mlx-community/Llama-3.2-1B-Instruct-4bit,1465.0,9488.0,0.0,0
2026-06-26T13:20:00.404,timeseries,3,Weather Report Extended v2,mlx-community/Llama-3.2-1B-Instruct-4bit,2049.0,10057.0,0.0,0
2026-06-26T13:20:00.470,timeseries,3,Weather Report Extended v2,mlx-community/Llama-3.2-1B-Instruct-4bit,733.0,8671.0,0.0,0
2026-06-26T13:20:00.536,timeseries,3,Weather Report Extended v2,mlx-community/Llama-3.2-1B-Instruct-4bit,473.0,10172.0,0.0,0
2026-06-26T13:20:00.598,timeseries,3,Weather Report Extended v2,mlx-community/Llama-3.2-1B-Instruct-4bit,637.0,9975.0,0.0,0
2026-06-26T13:20:00.663,timeseries,3,Weather Report Extended v2,mlx-community/Llama-3.2-1B-Instruct-4bit,488.0,10191.0,0.0,0
2026-06-26T13:20:00.729,timeseries,3,Weather Report Extended v2,mlx-community/Llama-3.2-1B-Instruct-4bit,341.0,10766.0,0.0,0
2026-06-26T13:20:00.795,timeseries,3,Weather Report Extended v2,mlx-community/Llama-3.2-1B-Instruct-4bit,275.0,8754.0,0.0,0
2026-06-26T13:20:00.861,timeseries,3,Weather Report Extended v2,mlx-community/Llama-3.2-1B-Instruct-4bit,272.0,10135.0,0.0,0
2026-06-26T13:20:00.925,timeseries,3,Weather Report Extended v2,mlx-community/Llama-3.2-1B-Instruct-4bit,321.0,10182.0,0.0,0
2026-06-26T13:20:00.989,timeseries,3,Weather Report Extended v2,mlx-community/Llama-3.2-1B-Instruct-4bit,322.0,10177.0,0.0,0
2026-06-26T13:20:01.051,timeseries,3,Weather Report Extended v2,mlx-community/Llama-3.2-1B-Instruct-4bit,281.0,10315.0,0.0,0
2026-06-26T13:20:01.116,timeseries,3,Weather Report Extended v2,mlx-community/Llama-3.2-1B-Instruct-4bit,434.0,8933.0,0.0,0
2026-06-26T13:20:01.182,timeseries,3,Weather Report Extended v2,mlx-community/Llama-3.2-1B-Instruct-4bit,414.0,10517.0,0.0,0
2026-06-26T13:20:01.247,timeseries,3,Weather Report Extended v2,mlx-community/Llama-3.2-1B-Instruct-4bit,308.0,10218.0,0.0,0
2026-06-26T13:20:01.311,timeseries,3,Weather Report Extended v2,mlx-community/Llama-3.2-1B-Instruct-4bit,278.0,10223.0,0.0,0
2026-06-26T13:20:01.379,timeseries,3,Weather Report Extended v2,mlx-community/Llama-3.2-1B-Instruct-4bit,423.0,8717.0,0.0,0
2026-06-26T13:20:01.444,timeseries,3,Weather Report Extended v2,mlx-community/Llama-3.2-1B-Instruct-4bit,313.0,10338.0,0.0,0
2026-06-26T13:20:01.512,timeseries,3,Weather Report Extended v2,mlx-community/Llama-3.2-1B-Instruct-4bit,270.0,9950.0,0.0,0
2026-06-26T13:20:01.576,timeseries,3,Weather Report Extended v2,mlx-community/Llama-3.2-1B-Instruct-4bit,245.0,10161.0,0.0,0
2026-06-26T13:20:01.640,timeseries,3,Weather Report Extended v2,mlx-community/Llama-3.2-1B-Instruct-4bit,422.0,9640.0,0.0,0
2026-06-26T13:20:01.706,timeseries,3,Weather Report Extended v2,mlx-community/Llama-3.2-1B-Instruct-4bit,344.0,10294.0,0.0,0
2026-06-26T13:20:01.772,timeseries,3,Weather Report Extended v2,mlx-community/Llama-3.2-1B-Instruct-4bit,279.0,10232.0,0.0,0
2026-06-26T13:20:01.838,timeseries,3,Weather Report Extended v2,mlx-community/Llama-3.2-1B-Instruct-4bit,277.0,10267.0,0.0,0
2026-06-26T13:20:01.904,timeseries,3,Weather Report Extended v2,mlx-community/Llama-3.2-1B-Instruct-4bit,284.0,9996.0,0.0,0
2026-06-26T13:20:01.969,timeseries,3,Weather Report Extended v2,mlx-community/Llama-3.2-1B-Instruct-4bit,288.0,8821.0,0.0,0
2026-06-26T13:20:02.032,timeseries,3,Weather Report Extended v2,mlx-community/Llama-3.2-1B-Instruct-4bit,320.0,10167.0,0.0,0
2026-06-26T13:20:02.097,timeseries,3,Weather Report Extended v2,mlx-community/Llama-3.2-1B-Instruct-4bit,366.0,9978.0,0.0,0
2026-06-26T13:20:02.164,timeseries,3,Weather Report Extended v2,mlx-community/Llama-3.2-1B-Instruct-4bit,383.0,10628.0,0.0,0
2026-06-26T13:20:02.230,timeseries,3,Weather Report Extended v2,mlx-community/Llama-3.2-1B-Instruct-4bit,309.0,10222.0,0.0,0
2026-06-26T13:20:02.295,timeseries,3,Weather Report Extended v2,mlx-community/Llama-3.2-1B-Instruct-4bit,285.0,8730.0,0.0,0
2026-06-26T13:20:02.358,timeseries,3,Weather Report Extended v2,mlx-community/Llama-3.2-1B-Instruct-4bit,379.0,10049.0,0.0,0
2026-06-26T13:20:02.424,timeseries,3,Weather Report Extended v2,mlx-community/Llama-3.2-1B-Instruct-4bit,325.0,10317.0,0.0,0
2026-06-26T13:20:02.489,timeseries,3,Weather Report Extended v2,mlx-community/Llama-3.2-1B-Instruct-4bit,300.0,10403.0,0.0,0
2026-06-26T13:20:02.552,timeseries,3,Weather Report Extended v2,mlx-community/Llama-3.2-1B-Instruct-4bit,286.0,10057.0,0.0,0
2026-06-26T13:20:02.617,timeseries,3,Weather Report Extended v2,mlx-community/Llama-3.2-1B-Instruct-4bit,399.0,8915.0,0.0,0
2026-06-26T13:20:02.682,timeseries,3,Weather Report Extended v2,mlx-community/Llama-3.2-1B-Instruct-4bit,366.0,10586.0,0.0,0
2026-06-26T13:20:02.748,timeseries,3,Weather Report Extended v2,mlx-community/Llama-3.2-1B-Instruct-4bit,307.0,10176.0,0.0,0
2026-06-26T13:20:02.813,timeseries,3,Weather Report Extended v2,mlx-community/Llama-3.2-1B-Instruct-4bit,323.0,10189.0,0.0,0
2026-06-26T13:20:02.878,timeseries,3,Weather Report Extended v2,mlx-community/Llama-3.2-1B-Instruct-4bit,275.0,10164.0,0.0,0
2026-06-26T13:20:02.946,timeseries,3,Weather Report Extended v2,mlx-community/Llama-3.2-1B-Instruct-4bit,276.0,8947.0,0.0,0
2026-06-26T13:20:03.012,timeseries,3,Weather Report Extended v2,mlx-community/Llama-3.2-1B-Instruct-4bit,307.0,10163.0,0.0,0
2026-06-26T13:20:03.076,timeseries,3,Weather Report Extended v2,mlx-community/Llama-3.2-1B-Instruct-4bit,307.0,9752.0,0.0,0
2026-06-26T13:20:03.141,timeseries,3,Weather Report Extended v2,mlx-community/Llama-3.2-1B-Instruct-4bit,532.0,10081.0,0.0,0
2026-06-26T13:20:03.207,timeseries,3,Weather Report Extended v2,mlx-community/Llama-3.2-1B-Instruct-4bit,345.0,10356.0,0.0,0
2026-06-26T13:20:03.271,timeseries,3,Weather Report Extended v2,mlx-community/Llama-3.2-1B-Instruct-4bit,263.0,10367.0,0.0,0
2026-06-26T13:20:03.336,timeseries,3,Weather Report Extended v2,mlx-community/Llama-3.2-1B-Instruct-4bit,538.0,9883.0,0.0,0
2026-06-26T13:20:03.403,timeseries,3,Weather Report Extended v2,mlx-community/Llama-3.2-1B-Instruct-4bit,328.0,9085.0,0.0,0
2026-06-26T13:20:03.470,timeseries,3,Weather Report Extended v2,mlx-community/Llama-3.2-1B-Instruct-4bit,292.0,10250.0,0.0,0
2026-06-26T13:20:03.532,timeseries,3,Weather Report Extended v2,mlx-community/Llama-3.2-1B-Instruct-4bit,300.0,9946.0,0.0,0
2026-06-26T13:20:03.596,timeseries,3,Weather Report Extended v2,mlx-community/Llama-3.2-1B-Instruct-4bit,363.0,10059.0,0.0,0
2026-06-26T13:20:03.661,timeseries,3,Weather Report Extended v2,mlx-community/Llama-3.2-1B-Instruct-4bit,541.0,9386.0,0.0,0
2026-06-26T13:20:03.728,timeseries,3,Weather Report Extended v2,mlx-community/Llama-3.2-1B-Instruct-4bit,329.0,10399.0,0.0,0
2026-06-26T13:20:03.793,timeseries,3,Weather Report Extended v2,mlx-community/Llama-3.2-1B-Instruct-4bit,370.0,10265.0,0.0,0
2026-06-26T13:20:03.859,timeseries,3,Weather Report Extended v2,mlx-community/Llama-3.2-1B-Instruct-4bit,343.0,9921.0,0.0,0
2026-06-26T13:20:03.927,timeseries,3,Weather Report Extended v2,mlx-community/Llama-3.2-1B-Instruct-4bit,321.0,10235.0,0.0,0
2026-06-26T13:20:03.989,timeseries,3,Weather Report Extended v2,mlx-community/Llama-3.2-1B-Instruct-4bit,303.0,10089.0,0.0,0
2026-06-26T13:20:04.055,timeseries,3,Weather Report Extended v2,mlx-community/Llama-3.2-1B-Instruct-4bit,504.0,9490.0,0.0,0
2026-06-26T13:20:04.119,timeseries,3,Weather Report Extended v2,mlx-community/Llama-3.2-1B-Instruct-4bit,643.0,9271.0,0.0,0
2026-06-26T13:20:04.184,timeseries,3,Weather Report Extended v2,mlx-community/Llama-3.2-1B-Instruct-4bit,396.0,10070.0,0.0,0
2026-06-26T13:20:04.249,timeseries,3,Weather Report Extended v2,mlx-community/Llama-3.2-1B-Instruct-4bit,325.0,10310.0,0.0,0
2026-06-26T13:20:04.314,timeseries,3,Weather Report Extended v2,mlx-community/Llama-3.2-1B-Instruct-4bit,308.0,10122.0,0.0,0
2026-06-26T13:20:04.381,timeseries,3,Weather Report Extended v2,mlx-community/Llama-3.2-1B-Instruct-4bit,400.0,10195.0,0.0,0
2026-06-26T13:20:04.448,timeseries,3,Weather Report Extended v2,mlx-community/Llama-3.2-1B-Instruct-4bit,353.0,10135.0,0.0,0
2026-06-26T13:20:04.514,timeseries,3,Weather Report Extended v2,mlx-community/Llama-3.2-1B-Instruct-4bit,272.0,10078.0,0.0,0
2026-06-26T13:20:04.576,timeseries,3,Weather Report Extended v2,mlx-community/Llama-3.2-1B-Instruct-4bit,284.0,9947.0,0.0,0
2026-06-26T13:20:04.641,timeseries,3,Weather Report Extended v2,mlx-community/Llama-3.2-1B-Instruct-4bit,454.0,8780.0,0.0,0
2026-06-26T13:20:04.707,timeseries,3,Weather Report Extended v2,mlx-community/Llama-3.2-1B-Instruct-4bit,286.0,10592.0,0.0,0
2026-06-26T13:20:04.773,timeseries,3,Weather Report Extended v2,mlx-community/Llama-3.2-1B-Instruct-4bit,341.0,10233.0,0.0,0
2026-06-26T13:20:04.838,timeseries,3,Weather Report Extended v2,mlx-community/Llama-3.2-1B-Instruct-4bit,288.0,10147.0,0.0,0
2026-06-26T13:20:04.905,timeseries,3,Weather Report Extended v2,mlx-community/Llama-3.2-1B-Instruct-4bit,289.0,10214.0,0.0,0
2026-06-26T13:20:04.971,timeseries,3,Weather Report Extended v2,mlx-community/Llama-3.2-1B-Instruct-4bit,289.0,10201.0,0.0,0
2026-06-26T13:20:05.033,timeseries,3,Weather Report Extended v2,mlx-community/Llama-3.2-1B-Instruct-4bit,256.0,8820.0,0.0,0
2026-06-26T13:20:05.095,timeseries,3,Weather Report Extended v2,mlx-community/Llama-3.2-1B-Instruct-4bit,379.0,10021.0,0.0,0
2026-06-26T13:20:05.159,timeseries,3,Weather Report Extended v2,mlx-community/Llama-3.2-1B-Instruct-4bit,565.0,9448.0,0.0,0
2026-06-26T13:20:05.225,timeseries,3,Weather Report Extended v2,mlx-community/Llama-3.2-1B-Instruct-4bit,384.0,10600.0,0.0,0
2026-06-26T13:20:05.288,timeseries,3,Weather Report Extended v2,mlx-community/Llama-3.2-1B-Instruct-4bit,297.0,10392.0,0.0,0
2026-06-26T13:20:05.352,timeseries,3,Weather Report Extended v2,mlx-community/Llama-3.2-1B-Instruct-4bit,427.0,8827.0,0.0,0
2026-06-26T13:20:05.418,timeseries,3,Weather Report Extended v2,mlx-community/Llama-3.2-1B-Instruct-4bit,764.0,10540.0,0.0,0
2026-06-26T13:20:05.484,timeseries,3,Weather Report Extended v2,mlx-community/Llama-3.2-1B-Instruct-4bit,2170.0,10113.0,0.0,0
2026-06-26T13:20:05.551,timeseries,3,Weather Report Extended v2,mlx-community/Llama-3.2-1B-Instruct-4bit,652.0,10123.0,0.0,0
2026-06-26T13:20:05.616,timeseries,3,Weather Report Extended v2,mlx-community/Llama-3.2-1B-Instruct-4bit,743.0,10081.0,0.0,0
2026-06-26T13:20:05.678,timeseries,3,Weather Report Extended v2,mlx-community/Llama-3.2-1B-Instruct-4bit,639.0,10145.0,0.0,0
2026-06-26T13:20:05.742,timeseries,3,Weather Report Extended v2,mlx-community/Llama-3.2-1B-Instruct-4bit,443.0,8929.0,0.0,0
2026-06-26T13:20:05.805,timeseries,3,Weather Report Extended v2,mlx-community/Llama-3.2-1B-Instruct-4bit,370.0,10732.0,0.0,0
2026-06-26T13:20:05.871,timeseries,3,Weather Report Extended v2,mlx-community/Llama-3.2-1B-Instruct-4bit,317.0,10593.0,0.0,0
2026-06-26T13:20:05.938,timeseries,3,Weather Report Extended v2,mlx-community/Llama-3.2-1B-Instruct-4bit,297.0,9107.0,0.0,0
2026-06-26T13:20:06.003,timeseries,3,Weather Report Extended v2,mlx-community/Llama-3.2-1B-Instruct-4bit,303.0,11371.0,0.0,0
2026-06-26T13:20:06.066,timeseries,3,Weather Report Extended v2,mlx-community/Llama-3.2-1B-Instruct-4bit,332.0,8795.0,0.0,0
2026-06-26T13:20:06.129,timeseries,3,Weather Report Extended v2,mlx-community/Llama-3.2-1B-Instruct-4bit,638.0,10027.0,0.0,0
2026-06-26T13:20:06.195,timeseries,3,Weather Report Extended v2,mlx-community/Llama-3.2-1B-Instruct-4bit,410.0,9152.0,0.0,0
2026-06-26T13:20:06.257,timeseries,3,Weather Report Extended v2,mlx-community/Llama-3.2-1B-Instruct-4bit,320.0,10696.0,0.0,0
2026-06-26T13:20:06.322,timeseries,3,Weather Report Extended v2,mlx-community/Llama-3.2-1B-Instruct-4bit,360.0,9960.0,0.0,0
2026-06-26T13:20:06.388,timeseries,3,Weather Report Extended v2,mlx-community/Llama-3.2-1B-Instruct-4bit,419.0,10717.0,0.0,0
2026-06-26T13:20:06.455,timeseries,3,Weather Report Extended v2,mlx-community/Llama-3.2-1B-Instruct-4bit,294.0,10229.0,0.0,0
2026-06-26T13:20:06.523,timeseries,3,Weather Report Extended v2,mlx-community/Llama-3.2-1B-Instruct-4bit,286.0,10078.0,0.0,0
2026-06-26T13:20:06.587,timeseries,3,Weather Report Extended v2,mlx-community/Llama-3.2-1B-Instruct-4bit,299.0,10062.0,0.0,0
2026-06-26T13:20:06.652,timeseries,3,Weather Report Extended v2,mlx-community/Llama-3.2-1B-Instruct-4bit,831.0,8624.0,0.0,0
2026-06-26T13:20:06.714,timeseries,3,Weather Report Extended v2,mlx-community/Llama-3.2-1B-Instruct-4bit,656.0,10438.0,0.0,0
2026-06-26T13:20:06.779,timeseries,3,Weather Report Extended v2,mlx-community/Llama-3.2-1B-Instruct-4bit,448.0,10297.0,0.0,0
2026-06-26T13:20:06.844,timeseries,3,Weather Report Extended v2,mlx-community/Llama-3.2-1B-Instruct-4bit,354.0,9464.0,0.0,0
2026-06-26T13:20:06.909,timeseries,3,Weather Report Extended v2,mlx-community/Llama-3.2-1B-Instruct-4bit,336.0,10128.0,0.0,0
2026-06-26T13:20:06.977,timeseries,3,Weather Report Extended v2,mlx-community/Llama-3.2-1B-Instruct-4bit,278.0,10388.0,0.0,0
2026-06-26T13:20:07.040,timeseries,3,Weather Report Extended v2,mlx-community/Llama-3.2-1B-Instruct-4bit,274.0,10225.0,0.0,0
2026-06-26T13:20:07.102,timeseries,3,Weather Report Extended v2,mlx-community/Llama-3.2-1B-Instruct-4bit,369.0,9802.0,0.0,0
2026-06-26T13:20:07.165,timeseries,3,Weather Report Extended v2,mlx-community/Llama-3.2-1B-Instruct-4bit,356.0,9373.0,0.0,0
2026-06-26T13:20:07.228,timeseries,3,Weather Report Extended v2,mlx-community/Llama-3.2-1B-Instruct-4bit,364.0,10533.0,0.0,0
2026-06-26T13:20:07.294,timeseries,3,Weather Report Extended v2,mlx-community/Llama-3.2-1B-Instruct-4bit,614.0,9353.0,0.0,0
2026-06-26T13:20:07.362,timeseries,3,Weather Report Extended v2,mlx-community/Llama-3.2-1B-Instruct-4bit,1274.0,10361.0,0.0,0
2026-06-26T13:20:07.426,timeseries,3,Weather Report Extended v2,mlx-community/Llama-3.2-1B-Instruct-4bit,1116.0,10025.0,0.0,0
2026-06-26T13:20:07.488,timeseries,3,Weather Report Extended v2,mlx-community/Llama-3.2-1B-Instruct-4bit,577.0,9985.0,0.0,0
2026-06-26T13:20:07.552,timeseries,3,Weather Report Extended v2,mlx-community/Llama-3.2-1B-Instruct-4bit,448.0,10267.0,0.0,0
2026-06-26T13:20:07.615,timeseries,3,Weather Report Extended v2,mlx-community/Llama-3.2-1B-Instruct-4bit,565.0,9441.0,0.0,0
2026-06-26T13:20:07.678,timeseries,3,Weather Report Extended v2,mlx-community/Llama-3.2-1B-Instruct-4bit,629.0,10080.0,0.0,0
2026-06-26T13:20:07.741,timeseries,3,Weather Report Extended v2,mlx-community/Llama-3.2-1B-Instruct-4bit,599.0,9175.0,0.0,0
2026-06-26T13:20:07.806,timeseries,3,Weather Report Extended v2,mlx-community/Llama-3.2-1B-Instruct-4bit,450.0,10650.0,0.0,0
2026-06-26T13:20:07.872,timeseries,3,Weather Report Extended v2,mlx-community/Llama-3.2-1B-Instruct-4bit,395.0,10523.0,0.0,0
2026-06-26T13:20:07.935,timeseries,3,Weather Report Extended v2,mlx-community/Llama-3.2-1B-Instruct-4bit,525.0,10408.0,0.0,0
2026-06-26T13:20:07.999,timeseries,3,Weather Report Extended v2,mlx-community/Llama-3.2-1B-Instruct-4bit,519.0,8949.0,0.0,0
2026-06-26T13:20:08.063,timeseries,3,Weather Report Extended v2,mlx-community/Llama-3.2-1B-Instruct-4bit,515.0,10396.0,0.0,0
2026-06-26T13:20:08.131,timeseries,3,Weather Report Extended v2,mlx-community/Llama-3.2-1B-Instruct-4bit,618.0,9252.0,0.0,0
2026-06-26T13:20:08.196,timeseries,3,Weather Report Extended v2,mlx-community/Llama-3.2-1B-Instruct-4bit,530.0,11825.0,0.0,0
2026-06-26T13:20:08.262,timeseries,3,Weather Report Extended v2,mlx-community/Llama-3.2-1B-Instruct-4bit,540.0,8664.0,0.0,0
2026-06-26T13:20:08.325,timeseries,3,Weather Report Extended v2,mlx-community/Llama-3.2-1B-Instruct-4bit,723.0,10293.0,0.0,0
2026-06-26T13:20:08.389,timeseries,3,Weather Report Extended v2,mlx-community/Llama-3.2-1B-Instruct-4bit,636.0,10106.0,0.0,0
2026-06-26T13:20:08.454,timeseries,3,Weather Report Extended v2,mlx-community/Llama-3.2-1B-Instruct-4bit,473.0,10598.0,0.0,0
2026-06-26T13:20:08.522,timeseries,3,Weather Report Extended v2,mlx-community/Llama-3.2-1B-Instruct-4bit,571.0,9326.0,0.0,0
2026-06-26T13:20:08.585,timeseries,3,Weather Report Extended v2,mlx-community/Llama-3.2-1B-Instruct-4bit,575.0,11343.0,0.0,0
2026-06-26T13:20:08.648,timeseries,3,Weather Report Extended v2,mlx-community/Llama-3.2-1B-Instruct-4bit,1634.0,8601.0,0.0,0
2026-06-26T13:20:08.712,timeseries,3,Weather Report Extended v2,mlx-community/Llama-3.2-1B-Instruct-4bit,2145.0,10379.0,0.0,0
2026-06-26T13:20:08.776,timeseries,3,Weather Report Extended v2,mlx-community/Llama-3.2-1B-Instruct-4bit,854.0,9168.0,0.0,0
2026-06-26T13:20:08.838,timeseries,3,Weather Report Extended v2,mlx-community/Llama-3.2-1B-Instruct-4bit,753.0,10559.0,0.0,0
2026-06-26T13:20:08.900,timeseries,3,Weather Report Extended v2,mlx-community/Llama-3.2-1B-Instruct-4bit,521.0,10460.0,0.0,0
2026-06-26T13:20:08.968,timeseries,3,Weather Report Extended v2,mlx-community/Llama-3.2-1B-Instruct-4bit,547.0,9323.0,0.0,0
2026-06-26T13:20:09.032,timeseries,3,Weather Report Extended v2,mlx-community/Llama-3.2-1B-Instruct-4bit,495.0,10741.0,0.0,0
2026-06-26T13:20:09.097,timeseries,3,Weather Report Extended v2,mlx-community/Llama-3.2-1B-Instruct-4bit,636.0,9866.0,0.0,0
2026-06-26T13:20:09.165,timeseries,3,Weather Report Extended v2,mlx-community/Llama-3.2-1B-Instruct-4bit,691.0,10484.0,0.0,0
2026-06-26T13:20:09.231,timeseries,3,Weather Report Extended v2,mlx-community/Llama-3.2-1B-Instruct-4bit,649.0,10533.0,0.0,0
2026-06-26T13:20:09.295,timeseries,3,Weather Report Extended v2,mlx-community/Llama-3.2-1B-Instruct-4bit,393.0,9792.0,0.0,0
2026-06-26T13:20:09.360,timeseries,3,Weather Report Extended v2,mlx-community/Llama-3.2-1B-Instruct-4bit,488.0,8823.0,0.0,0
2026-06-26T13:20:09.426,timeseries,3,Weather Report Extended v2,mlx-community/Llama-3.2-1B-Instruct-4bit,325.0,10416.0,0.0,0
2026-06-26T13:20:09.490,timeseries,3,Weather Report Extended v2,mlx-community/Llama-3.2-1B-Instruct-4bit,309.0,10478.0,0.0,0
2026-06-26T13:20:09.553,timeseries,3,Weather Report Extended v2,mlx-community/Llama-3.2-1B-Instruct-4bit,348.0,9999.0,0.0,0
2026-06-26T13:20:09.617,timeseries,3,Weather Report Extended v2,mlx-community/Llama-3.2-1B-Instruct-4bit,632.0,9312.0,0.0,0
2026-06-26T13:20:09.682,timeseries,3,Weather Report Extended v2,mlx-community/Llama-3.2-1B-Instruct-4bit,503.0,10681.0,0.0,0
2026-06-26T13:20:09.746,timeseries,3,Weather Report Extended v2,mlx-community/Llama-3.2-1B-Instruct-4bit,419.0,10420.0,0.0,0
2026-06-26T13:20:09.804,timeseries,3,Weather Report Extended v2,mlx-community/Llama-3.2-1B-Instruct-4bit,398.0,9003.0,0.0,0
2026-06-26T13:20:09.864,timeseries,3,Weather Report Extended v2,mlx-community/Llama-3.2-1B-Instruct-4bit,1669.0,8915.0,0.0,0
2026-06-26T13:20:09.923,timeseries,3,Weather Report Extended v2,mlx-community/Llama-3.2-1B-Instruct-4bit,1358.0,11269.0,0.0,0
2026-06-26T13:20:09.984,timeseries,3,Weather Report Extended v2,mlx-community/Llama-3.2-1B-Instruct-4bit,791.0,10008.0,0.0,0
2026-06-26T13:20:10.044,timeseries,3,Weather Report Extended v2,mlx-community/Llama-3.2-1B-Instruct-4bit,812.0,9967.0,0.0,0
2026-06-26T13:20:10.104,timeseries,3,Weather Report Extended v2,mlx-community/Llama-3.2-1B-Instruct-4bit,846.0,9536.0,0.0,0
2026-06-26T13:20:10.166,timeseries,3,Weather Report Extended v2,mlx-community/Llama-3.2-1B-Instruct-4bit,620.0,9951.0,0.0,0
2026-06-26T13:20:10.226,timeseries,3,Weather Report Extended v2,mlx-community/Llama-3.2-1B-Instruct-4bit,677.0,11234.0,0.0,0
2026-06-26T13:20:10.288,timeseries,3,Weather Report Extended v2,mlx-community/Llama-3.2-1B-Instruct-4bit,616.0,9613.0,0.0,0
2026-06-26T13:20:10.352,timeseries,3,Weather Report Extended v2,mlx-community/Llama-3.2-1B-Instruct-4bit,850.0,11327.0,0.0,0
2026-06-26T13:20:10.414,timeseries,3,Weather Report Extended v2,mlx-community/Llama-3.2-1B-Instruct-4bit,612.0,9432.0,0.0,0
2026-06-26T13:20:10.477,timeseries,3,Weather Report Extended v2,mlx-community/Llama-3.2-1B-Instruct-4bit,425.0,10580.0,0.0,0
2026-06-26T13:20:10.540,timeseries,3,Weather Report Extended v2,mlx-community/Llama-3.2-1B-Instruct-4bit,1333.0,9318.0,0.0,0
2026-06-26T13:20:10.602,timeseries,3,Weather Report Extended v2,mlx-community/Llama-3.2-1B-Instruct-4bit,2481.0,10660.0,0.0,0
2026-06-26T13:20:10.666,timeseries,3,Weather Report Extended v2,mlx-community/Llama-3.2-1B-Instruct-4bit,710.0,9279.0,0.0,0
2026-06-26T13:20:10.728,timeseries,3,Weather Report Extended v2,mlx-community/Llama-3.2-1B-Instruct-4bit,466.0,10732.0,0.0,0
2026-06-26T13:20:10.791,timeseries,3,Weather Report Extended v2,mlx-community/Llama-3.2-1B-Instruct-4bit,456.0,9171.0,0.0,0
2026-06-26T13:20:10.853,timeseries,3,Weather Report Extended v2,mlx-community/Llama-3.2-1B-Instruct-4bit,352.0,10718.0,0.0,0
2026-06-26T13:20:10.916,timeseries,3,Weather Report Extended v2,mlx-community/Llama-3.2-1B-Instruct-4bit,399.0,9353.0,0.0,0
2026-06-26T13:20:10.978,timeseries,3,Weather Report Extended v2,mlx-community/Llama-3.2-1B-Instruct-4bit,531.0,10876.0,0.0,0
2026-06-26T13:20:11.042,timeseries,3,Weather Report Extended v2,mlx-community/Llama-3.2-1B-Instruct-4bit,258.0,9503.0,0.0,0
2026-06-26T13:20:11.105,timeseries,3,Weather Report Extended v2,mlx-community/Llama-3.2-1B-Instruct-4bit,347.0,10607.0,0.0,0
2026-06-26T13:20:11.170,timeseries,3,Weather Report Extended v2,mlx-community/Llama-3.2-1B-Instruct-4bit,396.0,10625.0,0.0,0
2026-06-26T13:20:11.232,timeseries,3,Weather Report Extended v2,mlx-community/Llama-3.2-1B-Instruct-4bit,268.0,9324.0,0.0,0
2026-06-26T13:20:11.296,timeseries,3,Weather Report Extended v2,mlx-community/Llama-3.2-1B-Instruct-4bit,233.0,10521.0,0.0,0
2026-06-26T13:20:11.356,timeseries,3,Weather Report Extended v2,mlx-community/Llama-3.2-1B-Instruct-4bit,572.0,8982.0,0.0,0
2026-06-26T13:20:11.420,timeseries,3,Weather Report Extended v2,mlx-community/Llama-3.2-1B-Instruct-4bit,544.0,10748.0,0.0,0
2026-06-26T13:20:11.483,timeseries,3,Weather Report Extended v2,mlx-community/Llama-3.2-1B-Instruct-4bit,411.0,9576.0,0.0,0
2026-06-26T13:20:11.545,timeseries,3,Weather Report Extended v2,mlx-community/Llama-3.2-1B-Instruct-4bit,250.0,10653.0,0.0,0
2026-06-26T13:20:11.606,timeseries,3,Weather Report Extended v2,mlx-community/Llama-3.2-1B-Instruct-4bit,395.0,9333.0,0.0,0
2026-06-26T13:20:11.669,timeseries,3,Weather Report Extended v2,mlx-community/Llama-3.2-1B-Instruct-4bit,358.0,11065.0,0.0,0
2026-06-26T13:20:11.733,timeseries,3,Weather Report Extended v2,mlx-community/Llama-3.2-1B-Instruct-4bit,309.0,9500.0,0.0,0
2026-06-26T13:20:11.797,timeseries,3,Weather Report Extended v2,mlx-community/Llama-3.2-1B-Instruct-4bit,252.0,10674.0,0.0,0
2026-06-26T13:20:11.860,timeseries,3,Weather Report Extended v2,mlx-community/Llama-3.2-1B-Instruct-4bit,221.0,10742.0,0.0,0
2026-06-26T13:20:11.924,timeseries,3,Weather Report Extended v2,mlx-community/Llama-3.2-1B-Instruct-4bit,331.0,9318.0,0.0,0
2026-06-26T13:20:11.987,timeseries,3,Weather Report Extended v2,mlx-community/Llama-3.2-1B-Instruct-4bit,235.0,10674.0,0.0,0
2026-06-26T13:20:12.050,timeseries,3,Weather Report Extended v2,mlx-community/Llama-3.2-1B-Instruct-4bit,299.0,9296.0,0.0,0
2026-06-26T13:20:12.112,timeseries,3,Weather Report Extended v2,mlx-community/Llama-3.2-1B-Instruct-4bit,332.0,10689.0,0.0,0
2026-06-26T13:20:12.176,timeseries,3,Weather Report Extended v2,mlx-community/Llama-3.2-1B-Instruct-4bit,349.0,9390.0,0.0,0
2026-06-26T13:20:12.241,timeseries,3,Weather Report Extended v2,mlx-community/Llama-3.2-1B-Instruct-4bit,256.0,10808.0,0.0,0
2026-06-26T13:20:12.305,timeseries,3,Weather Report Extended v2,mlx-community/Llama-3.2-1B-Instruct-4bit,250.0,10604.0,0.0,0
2026-06-26T13:20:12.367,timeseries,3,Weather Report Extended v2,mlx-community/Llama-3.2-1B-Instruct-4bit,402.0,9159.0,0.0,0
2026-06-26T13:20:12.431,timeseries,3,Weather Report Extended v2,mlx-community/Llama-3.2-1B-Instruct-4bit,267.0,10678.0,0.0,0
2026-06-26T13:20:12.495,timeseries,3,Weather Report Extended v2,mlx-community/Llama-3.2-1B-Instruct-4bit,318.0,10775.0,0.0,0
2026-06-26T13:20:12.558,timeseries,3,Weather Report Extended v2,mlx-community/Llama-3.2-1B-Instruct-4bit,283.0,9326.0,0.0,0
2026-06-26T13:20:12.622,timeseries,3,Weather Report Extended v2,mlx-community/Llama-3.2-1B-Instruct-4bit,436.0,10566.0,0.0,0
2026-06-26T13:20:12.686,timeseries,3,Weather Report Extended v2,mlx-community/Llama-3.2-1B-Instruct-4bit,316.0,10698.0,0.0,0
2026-06-26T13:20:12.748,timeseries,3,Weather Report Extended v2,mlx-community/Llama-3.2-1B-Instruct-4bit,251.0,9368.0,0.0,0
2026-06-26T13:20:12.811,timeseries,3,Weather Report Extended v2,mlx-community/Llama-3.2-1B-Instruct-4bit,271.0,10851.0,0.0,0
2026-06-26T13:20:12.874,timeseries,3,Weather Report Extended v2,mlx-community/Llama-3.2-1B-Instruct-4bit,223.0,9594.0,0.0,0
2026-06-26T13:20:12.938,timeseries,3,Weather Report Extended v2,mlx-community/Llama-3.2-1B-Instruct-4bit,238.0,10830.0,0.0,0
2026-06-26T13:20:13.006,timeseries,3,Weather Report Extended v2,mlx-community/Llama-3.2-1B-Instruct-4bit,254.0,10858.0,0.0,0
2026-06-26T13:20:13.070,timeseries,3,Weather Report Extended v2,mlx-community/Llama-3.2-1B-Instruct-4bit,310.0,10361.0,0.0,0
2026-06-26T13:20:13.132,timeseries,3,Weather Report Extended v2,mlx-community/Llama-3.2-1B-Instruct-4bit,498.0,8735.0,0.0,0
2026-06-26T13:20:13.196,timeseries,3,Weather Report Extended v2,mlx-community/Llama-3.2-1B-Instruct-4bit,332.0,10717.0,0.0,0
2026-06-26T13:20:13.259,timeseries,3,Weather Report Extended v2,mlx-community/Llama-3.2-1B-Instruct-4bit,288.0,10866.0,0.0,0
2026-06-26T13:20:13.323,timeseries,3,Weather Report Extended v2,mlx-community/Llama-3.2-1B-Instruct-4bit,343.0,9182.0,0.0,0
2026-06-26T13:20:13.387,timeseries,3,Weather Report Extended v2,mlx-community/Llama-3.2-1B-Instruct-4bit,318.0,10817.0,0.0,0
2026-06-26T13:20:13.449,timeseries,3,Weather Report Extended v2,mlx-community/Llama-3.2-1B-Instruct-4bit,266.0,9262.0,0.0,0
2026-06-26T13:20:13.513,timeseries,3,Weather Report Extended v2,mlx-community/Llama-3.2-1B-Instruct-4bit,359.0,10676.0,0.0,0
2026-06-26T13:20:13.577,timeseries,3,Weather Report Extended v2,mlx-community/Llama-3.2-1B-Instruct-4bit,306.0,9528.0,0.0,0
2026-06-26T13:20:13.640,timeseries,3,Weather Report Extended v2,mlx-community/Llama-3.2-1B-Instruct-4bit,474.0,10705.0,0.0,0
2026-06-26T13:20:13.703,timeseries,3,Weather Report Extended v2,mlx-community/Llama-3.2-1B-Instruct-4bit,329.0,10627.0,0.0,0
2026-06-26T13:20:13.766,timeseries,3,Weather Report Extended v2,mlx-community/Llama-3.2-1B-Instruct-4bit,257.0,9604.0,0.0,0
2026-06-26T13:20:13.830,timeseries,3,Weather Report Extended v2,mlx-community/Llama-3.2-1B-Instruct-4bit,269.0,10754.0,0.0,0
2026-06-26T13:20:13.894,timeseries,3,Weather Report Extended v2,mlx-community/Llama-3.2-1B-Instruct-4bit,251.0,9376.0,0.0,0
2026-06-26T13:20:13.957,timeseries,3,Weather Report Extended v2,mlx-community/Llama-3.2-1B-Instruct-4bit,252.0,10778.0,0.0,0
2026-06-26T13:20:14.023,timeseries,3,Weather Report Extended v2,mlx-community/Llama-3.2-1B-Instruct-4bit,249.0,10608.0,0.0,0
2026-06-26T13:20:14.086,timeseries,3,Weather Report Extended v2,mlx-community/Llama-3.2-1B-Instruct-4bit,283.0,10581.0,0.0,0
2026-06-26T13:20:14.149,timeseries,3,Weather Report Extended v2,mlx-community/Llama-3.2-1B-Instruct-4bit,427.0,9069.0,0.0,0
2026-06-26T13:20:14.213,timeseries,3,Weather Report Extended v2,mlx-community/Llama-3.2-1B-Instruct-4bit,284.0,10687.0,0.0,0
2026-06-26T13:20:14.275,timeseries,3,Weather Report Extended v2,mlx-community/Llama-3.2-1B-Instruct-4bit,287.0,9479.0,0.0,0
2026-06-26T13:20:14.338,timeseries,3,Weather Report Extended v2,mlx-community/Llama-3.2-1B-Instruct-4bit,362.0,10664.0,0.0,0
2026-06-26T13:20:14.402,timeseries,3,Weather Report Extended v2,mlx-community/Llama-3.2-1B-Instruct-4bit,270.0,9427.0,0.0,0
2026-06-26T13:20:14.464,timeseries,3,Weather Report Extended v2,mlx-community/Llama-3.2-1B-Instruct-4bit,256.0,10944.0,0.0,0
2026-06-26T13:20:14.526,timeseries,3,Weather Report Extended v2,mlx-community/Llama-3.2-1B-Instruct-4bit,269.0,10700.0,0.0,0
2026-06-26T13:20:14.589,timeseries,3,Weather Report Extended v2,mlx-community/Llama-3.2-1B-Instruct-4bit,524.0,9480.0,0.0,0
2026-06-26T13:20:14.653,timeseries,3,Weather Report Extended v2,mlx-community/Llama-3.2-1B-Instruct-4bit,419.0,10949.0,0.0,0
2026-06-26T13:20:14.716,timeseries,3,Weather Report Extended v2,mlx-community/Llama-3.2-1B-Instruct-4bit,333.0,9412.0,0.0,0
2026-06-26T13:20:14.779,timeseries,3,Weather Report Extended v2,mlx-community/Llama-3.2-1B-Instruct-4bit,267.0,10791.0,0.0,0
2026-06-26T13:20:14.843,timeseries,3,Weather Report Extended v2,mlx-community/Llama-3.2-1B-Instruct-4bit,272.0,9479.0,0.0,0
2026-06-26T13:20:14.907,timeseries,3,Weather Report Extended v2,mlx-community/Llama-3.2-1B-Instruct-4bit,266.0,10681.0,0.0,0
2026-06-26T13:20:14.969,timeseries,3,Weather Report Extended v2,mlx-community/Llama-3.2-1B-Instruct-4bit,221.0,10537.0,0.0,0
2026-06-26T13:20:15.032,timeseries,3,Weather Report Extended v2,mlx-community/Llama-3.2-1B-Instruct-4bit,592.0,8842.0,0.0,0
2026-06-26T13:20:15.095,timeseries,3,Weather Report Extended v2,mlx-community/Llama-3.2-1B-Instruct-4bit,451.0,10831.0,0.0,0
2026-06-26T13:20:15.157,timeseries,3,Weather Report Extended v2,mlx-community/Llama-3.2-1B-Instruct-4bit,416.0,9494.0,0.0,0
2026-06-26T13:20:15.221,timeseries,3,Weather Report Extended v2,mlx-community/Llama-3.2-1B-Instruct-4bit,238.0,10752.0,0.0,0
2026-06-26T13:20:15.288,timeseries,3,Weather Report Extended v2,mlx-community/Llama-3.2-1B-Instruct-4bit,271.0,10803.0,0.0,0
2026-06-26T13:20:15.352,timeseries,3,Weather Report Extended v2,mlx-community/Llama-3.2-1B-Instruct-4bit,407.0,9179.0,0.0,0
2026-06-26T13:20:15.414,timeseries,3,Weather Report Extended v2,mlx-community/Llama-3.2-1B-Instruct-4bit,452.0,10131.0,0.0,0
2026-06-26T13:20:15.478,timeseries,3,Weather Report Extended v2,mlx-community/Llama-3.2-1B-Instruct-4bit,250.0,10535.0,0.0,0
2026-06-26T13:20:15.541,timeseries,3,Weather Report Extended v2,mlx-community/Llama-3.2-1B-Instruct-4bit,240.0,9607.0,0.0,0
2026-06-26T13:20:15.604,timeseries,3,Weather Report Extended v2,mlx-community/Llama-3.2-1B-Instruct-4bit,730.0,10332.0,0.0,0
2026-06-26T13:20:15.667,timeseries,3,Weather Report Extended v2,mlx-community/Llama-3.2-1B-Instruct-4bit,2544.0,9428.0,0.0,0
2026-06-26T13:20:15.729,timeseries,3,Weather Report Extended v2,mlx-community/Llama-3.2-1B-Instruct-4bit,1236.0,10629.0,0.0,0
2026-06-26T13:20:15.793,timeseries,3,Weather Report Extended v2,mlx-community/Llama-3.2-1B-Instruct-4bit,495.0,9421.0,0.0,0
2026-06-26T13:20:15.856,timeseries,3,Weather Report Extended v2,mlx-community/Llama-3.2-1B-Instruct-4bit,465.0,10877.0,0.0,0
2026-06-26T13:20:15.918,timeseries,3,Weather Report Extended v2,mlx-community/Llama-3.2-1B-Instruct-4bit,364.0,10725.0,0.0,0
2026-06-26T13:20:15.981,timeseries,3,Weather Report Extended v2,mlx-community/Llama-3.2-1B-Instruct-4bit,317.0,9354.0,0.0,0
2026-06-26T13:20:16.043,timeseries,3,Weather Report Extended v2,mlx-community/Llama-3.2-1B-Instruct-4bit,274.0,10942.0,0.0,0
2026-06-26T13:20:16.105,timeseries,3,Weather Report Extended v2,mlx-community/Llama-3.2-1B-Instruct-4bit,474.0,9340.0,0.0,0
2026-06-26T13:20:16.169,timeseries,3,Weather Report Extended v2,mlx-community/Llama-3.2-1B-Instruct-4bit,376.0,11093.0,0.0,0
2026-06-26T13:20:16.232,timeseries,3,Weather Report Extended v2,mlx-community/Llama-3.2-1B-Instruct-4bit,269.0,9573.0,0.0,0
2026-06-26T13:20:16.296,timeseries,3,Weather Report Extended v2,mlx-community/Llama-3.2-1B-Instruct-4bit,265.0,10527.0,0.0,0
2026-06-26T13:20:16.360,timeseries,3,Weather Report Extended v2,mlx-community/Llama-3.2-1B-Instruct-4bit,398.0,9369.0,0.0,0
2026-06-26T13:20:16.422,timeseries,3,Weather Report Extended v2,mlx-community/Llama-3.2-1B-Instruct-4bit,301.0,10744.0,0.0,0
2026-06-26T13:20:16.486,timeseries,3,Weather Report Extended v2,mlx-community/Llama-3.2-1B-Instruct-4bit,221.0,10830.0,0.0,0
2026-06-26T13:20:16.548,timeseries,3,Weather Report Extended v2,mlx-community/Llama-3.2-1B-Instruct-4bit,254.0,9368.0,0.0,0
2026-06-26T13:20:16.611,timeseries,3,Weather Report Extended v2,mlx-community/Llama-3.2-1B-Instruct-4bit,390.0,10562.0,0.0,0
2026-06-26T13:20:16.674,timeseries,3,Weather Report Extended v2,mlx-community/Llama-3.2-1B-Instruct-4bit,693.0,9633.0,0.0,0
2026-06-26T13:20:16.736,timeseries,3,Weather Report Extended v2,mlx-community/Llama-3.2-1B-Instruct-4bit,697.0,10715.0,0.0,0
2026-06-26T13:20:16.801,timeseries,3,Weather Report Extended v2,mlx-community/Llama-3.2-1B-Instruct-4bit,434.0,9564.0,0.0,0
2026-06-26T13:20:16.864,timeseries,3,Weather Report Extended v2,mlx-community/Llama-3.2-1B-Instruct-4bit,508.0,10416.0,0.0,0
2026-06-26T13:20:16.927,timeseries,3,Weather Report Extended v2,mlx-community/Llama-3.2-1B-Instruct-4bit,324.0,10500.0,0.0,0
2026-06-26T13:20:16.990,timeseries,3,Weather Report Extended v2,mlx-community/Llama-3.2-1B-Instruct-4bit,270.0,9368.0,0.0,0
2026-06-26T13:20:17.051,timeseries,3,Weather Report Extended v2,mlx-community/Llama-3.2-1B-Instruct-4bit,238.0,10889.0,0.0,0
2026-06-26T13:20:17.116,timeseries,3,Weather Report Extended v2,mlx-community/Llama-3.2-1B-Instruct-4bit,412.0,9385.0,0.0,0
2026-06-26T13:20:17.180,timeseries,3,Weather Report Extended v2,mlx-community/Llama-3.2-1B-Instruct-4bit,327.0,11162.0,0.0,0
2026-06-26T13:20:17.244,timeseries,3,Weather Report Extended v2,mlx-community/Llama-3.2-1B-Instruct-4bit,234.0,9315.0,0.0,0
2026-06-26T13:20:17.309,timeseries,3,Weather Report Extended v2,mlx-community/Llama-3.2-1B-Instruct-4bit,249.0,10685.0,0.0,0
2026-06-26T13:20:17.371,timeseries,3,Weather Report Extended v2,mlx-community/Llama-3.2-1B-Instruct-4bit,373.0,10476.0,0.0,0
2026-06-26T13:20:17.434,timeseries,3,Weather Report Extended v2,mlx-community/Llama-3.2-1B-Instruct-4bit,1434.0,10317.0,0.0,0
2026-06-26T13:20:17.497,timeseries,3,Weather Report Extended v2,mlx-community/Llama-3.2-1B-Instruct-4bit,559.0,9461.0,0.0,0
2026-06-26T13:20:17.561,timeseries,3,Weather Report Extended v2,mlx-community/Llama-3.2-1B-Instruct-4bit,385.0,10919.0,0.0,0
2026-06-26T13:20:17.623,timeseries,3,Weather Report Extended v2,mlx-community/Llama-3.2-1B-Instruct-4bit,652.0,9348.0,0.0,0
2026-06-26T13:20:17.685,timeseries,3,Weather Report Extended v2,mlx-community/Llama-3.2-1B-Instruct-4bit,532.0,10718.0,0.0,0
2026-06-26T13:20:17.749,timeseries,3,Weather Report Extended v2,mlx-community/Llama-3.2-1B-Instruct-4bit,372.0,9548.0,0.0,0
2026-06-26T13:20:17.813,timeseries,3,Weather Report Extended v2,mlx-community/Llama-3.2-1B-Instruct-4bit,288.0,10902.0,0.0,0
2026-06-26T13:20:17.877,timeseries,3,Weather Report Extended v2,mlx-community/Llama-3.2-1B-Instruct-4bit,249.0,9325.0,0.0,0
2026-06-26T13:20:17.939,timeseries,3,Weather Report Extended v2,mlx-community/Llama-3.2-1B-Instruct-4bit,284.0,10817.0,0.0,0
2026-06-26T13:20:18.004,timeseries,3,Weather Report Extended v2,mlx-community/Llama-3.2-1B-Instruct-4bit,249.0,10564.0,0.0,0
2026-06-26T13:20:18.066,timeseries,3,Weather Report Extended v2,mlx-community/Llama-3.2-1B-Instruct-4bit,224.0,9584.0,0.0,0
2026-06-26T13:20:18.129,timeseries,3,Weather Report Extended v2,mlx-community/Llama-3.2-1B-Instruct-4bit,464.0,10495.0,0.0,0
2026-06-26T13:20:18.193,timeseries,3,Weather Report Extended v2,mlx-community/Llama-3.2-1B-Instruct-4bit,322.0,9597.0,0.0,0
2026-06-26T13:20:18.261,timeseries,3,Weather Report Extended v2,mlx-community/Llama-3.2-1B-Instruct-4bit,257.0,10991.0,0.0,0
2026-06-26T13:20:18.322,timeseries,3,Weather Report Extended v2,mlx-community/Llama-3.2-1B-Instruct-4bit,515.0,10476.0,0.0,0
2026-06-26T13:20:18.385,timeseries,3,Weather Report Extended v2,mlx-community/Llama-3.2-1B-Instruct-4bit,911.0,9671.0,0.0,0
2026-06-26T13:20:18.448,timeseries,3,Weather Report Extended v2,mlx-community/Llama-3.2-1B-Instruct-4bit,376.0,9714.0,0.0,0
2026-06-26T13:20:18.512,timeseries,3,Weather Report Extended v2,mlx-community/Llama-3.2-1B-Instruct-4bit,287.0,10791.0,0.0,0
2026-06-26T13:20:18.576,timeseries,3,Weather Report Extended v2,mlx-community/Llama-3.2-1B-Instruct-4bit,268.0,9374.0,0.0,0
2026-06-26T13:20:18.639,timeseries,3,Weather Report Extended v2,mlx-community/Llama-3.2-1B-Instruct-4bit,388.0,10550.0,0.0,0
2026-06-26T13:20:18.701,timeseries,3,Weather Report Extended v2,mlx-community/Llama-3.2-1B-Instruct-4bit,459.0,10251.0,0.0,0
2026-06-26T13:20:18.764,timeseries,3,Weather Report Extended v2,mlx-community/Llama-3.2-1B-Instruct-4bit,490.0,9369.0,0.0,0
2026-06-26T13:20:18.829,timeseries,3,Weather Report Extended v2,mlx-community/Llama-3.2-1B-Instruct-4bit,257.0,10892.0,0.0,0
2026-06-26T13:20:18.891,timeseries,3,Weather Report Extended v2,mlx-community/Llama-3.2-1B-Instruct-4bit,237.0,9512.0,0.0,0
2026-06-26T13:20:18.955,timeseries,3,Weather Report Extended v2,mlx-community/Llama-3.2-1B-Instruct-4bit,249.0,10530.0,0.0,0
2026-06-26T13:20:19.020,timeseries,3,Weather Report Extended v2,mlx-community/Llama-3.2-1B-Instruct-4bit,223.0,10848.0,0.0,0
2026-06-26T13:20:19.087,timeseries,3,Weather Report Extended v2,mlx-community/Llama-3.2-1B-Instruct-4bit,280.0,9277.0,0.0,0
2026-06-26T13:20:19.152,timeseries,3,Weather Report Extended v2,mlx-community/Llama-3.2-1B-Instruct-4bit,465.0,10425.0,0.0,0
2026-06-26T13:20:19.216,timeseries,3,Weather Report Extended v2,mlx-community/Llama-3.2-1B-Instruct-4bit,689.0,9975.0,0.0,0
2026-06-26T13:20:19.280,timeseries,3,Weather Report Extended v2,mlx-community/Llama-3.2-1B-Instruct-4bit,593.0,10028.0,0.0,0
2026-06-26T13:20:19.344,timeseries,3,Weather Report Extended v2,mlx-community/Llama-3.2-1B-Instruct-4bit,648.0,10610.0,0.0,0
2026-06-26T13:20:19.407,timeseries,3,Weather Report Extended v2,mlx-community/Llama-3.2-1B-Instruct-4bit,514.0,9144.0,0.0,0
2026-06-26T13:20:19.469,timeseries,3,Weather Report Extended v2,mlx-community/Llama-3.2-1B-Instruct-4bit,420.0,10479.0,0.0,0
2026-06-26T13:20:19.530,timeseries,3,Weather Report Extended v2,mlx-community/Llama-3.2-1B-Instruct-4bit,243.0,9638.0,0.0,0
2026-06-26T13:20:19.595,timeseries,3,Weather Report Extended v2,mlx-community/Llama-3.2-1B-Instruct-4bit,379.0,10744.0,0.0,0
2026-06-26T13:20:19.658,timeseries,3,Weather Report Extended v2,mlx-community/Llama-3.2-1B-Instruct-4bit,392.0,9735.0,0.0,0
2026-06-26T13:20:19.721,timeseries,3,Weather Report Extended v2,mlx-community/Llama-3.2-1B-Instruct-4bit,234.0,10667.0,0.0,0
2026-06-26T13:20:19.783,timeseries,3,Weather Report Extended v2,mlx-community/Llama-3.2-1B-Instruct-4bit,332.0,9268.0,0.0,0
2026-06-26T13:20:19.847,timeseries,3,Weather Report Extended v2,mlx-community/Llama-3.2-1B-Instruct-4bit,257.0,10913.0,0.0,0
2026-06-26T13:20:19.910,timeseries,3,Weather Report Extended v2,mlx-community/Llama-3.2-1B-Instruct-4bit,222.0,10874.0,0.0,0
2026-06-26T13:20:19.975,timeseries,3,Weather Report Extended v2,mlx-community/Llama-3.2-1B-Instruct-4bit,219.0,9405.0,0.0,0
2026-06-26T13:20:20.037,timeseries,3,Weather Report Extended v2,mlx-community/Llama-3.2-1B-Instruct-4bit,252.0,10839.0,0.0,0
2026-06-26T13:20:20.100,timeseries,3,Weather Report Extended v2,mlx-community/Llama-3.2-1B-Instruct-4bit,374.0,9223.0,0.0,0
2026-06-26T13:20:20.163,timeseries,3,Weather Report Extended v2,mlx-community/Llama-3.2-1B-Instruct-4bit,337.0,10955.0,0.0,0
2026-06-26T13:20:20.226,timeseries,3,Weather Report Extended v2,mlx-community/Llama-3.2-1B-Instruct-4bit,258.0,9582.0,0.0,0
2026-06-26T13:20:20.289,timeseries,3,Weather Report Extended v2,mlx-community/Llama-3.2-1B-Instruct-4bit,235.0,10759.0,0.0,0
2026-06-26T13:20:20.352,timeseries,3,Weather Report Extended v2,mlx-community/Llama-3.2-1B-Instruct-4bit,410.0,10642.0,0.0,0
2026-06-26T13:20:20.415,timeseries,3,Weather Report Extended v2,mlx-community/Llama-3.2-1B-Instruct-4bit,289.0,9612.0,0.0,0
2026-06-26T13:20:20.481,timeseries,3,Weather Report Extended v2,mlx-community/Llama-3.2-1B-Instruct-4bit,235.0,10628.0,0.0,0
2026-06-26T13:20:20.543,timeseries,3,Weather Report Extended v2,mlx-community/Llama-3.2-1B-Instruct-4bit,238.0,10935.0,0.0,0
2026-06-26T13:20:20.606,timeseries,3,Weather Report Extended v2,mlx-community/Llama-3.2-1B-Instruct-4bit,385.0,9130.0,0.0,0
2026-06-26T13:20:20.667,timeseries,3,Weather Report Extended v2,mlx-community/Llama-3.2-1B-Instruct-4bit,325.0,11066.0,0.0,0
2026-06-26T13:20:20.730,timeseries,3,Weather Report Extended v2,mlx-community/Llama-3.2-1B-Instruct-4bit,1015.0,9322.0,0.0,0
2026-06-26T13:20:20.793,timeseries,3,Weather Report Extended v2,mlx-community/Llama-3.2-1B-Instruct-4bit,2012.0,9528.0,0.0,0
2026-06-26T13:20:20.855,timeseries,3,Weather Report Extended v2,mlx-community/Llama-3.2-1B-Instruct-4bit,831.0,10805.0,0.0,0
2026-06-26T13:20:20.918,timeseries,3,Weather Report Extended v2,mlx-community/Llama-3.2-1B-Instruct-4bit,443.0,9455.0,0.0,0
2026-06-26T13:20:20.980,timeseries,3,Weather Report Extended v2,mlx-community/Llama-3.2-1B-Instruct-4bit,436.0,10961.0,0.0,0
2026-06-26T13:20:21.042,timeseries,3,Weather Report Extended v2,mlx-community/Llama-3.2-1B-Instruct-4bit,353.0,10856.0,0.0,0
2026-06-26T13:20:21.104,timeseries,3,Weather Report Extended v2,mlx-community/Llama-3.2-1B-Instruct-4bit,430.0,9455.0,0.0,0
2026-06-26T13:20:21.168,timeseries,3,Weather Report Extended v2,mlx-community/Llama-3.2-1B-Instruct-4bit,323.0,9612.0,0.0,0
2026-06-26T13:20:21.232,timeseries,3,Weather Report Extended v2,mlx-community/Llama-3.2-1B-Instruct-4bit,272.0,10930.0,0.0,0
2026-06-26T13:20:21.293,timeseries,3,Weather Report Extended v2,mlx-community/Llama-3.2-1B-Instruct-4bit,265.0,10627.0,0.0,0
2026-06-26T13:20:21.356,timeseries,3,Weather Report Extended v2,mlx-community/Llama-3.2-1B-Instruct-4bit,412.0,9444.0,0.0,0
2026-06-26T13:20:21.420,timeseries,3,Weather Report Extended v2,mlx-community/Llama-3.2-1B-Instruct-4bit,279.0,11199.0,0.0,0
2026-06-26T13:20:21.483,timeseries,3,Weather Report Extended v2,mlx-community/Llama-3.2-1B-Instruct-4bit,268.0,9394.0,0.0,0
2026-06-26T13:20:21.547,timeseries,3,Weather Report Extended v2,mlx-community/Llama-3.2-1B-Instruct-4bit,251.0,10726.0,0.0,0
2026-06-26T13:20:21.610,timeseries,3,Weather Report Extended v2,mlx-community/Llama-3.2-1B-Instruct-4bit,329.0,10649.0,0.0,0
2026-06-26T13:20:21.675,timeseries,3,Weather Report Extended v2,mlx-community/Llama-3.2-1B-Instruct-4bit,331.0,9464.0,0.0,0
2026-06-26T13:20:21.738,timeseries,3,Weather Report Extended v2,mlx-community/Llama-3.2-1B-Instruct-4bit,236.0,10799.0,0.0,0
2026-06-26T13:20:21.801,timeseries,3,Weather Report Extended v2,mlx-community/Llama-3.2-1B-Instruct-4bit,248.0,10543.0,0.0,0
2026-06-26T13:20:21.864,timeseries,3,Weather Report Extended v2,mlx-community/Llama-3.2-1B-Instruct-4bit,253.0,9534.0,0.0,0
2026-06-26T13:20:21.929,timeseries,3,Weather Report Extended v2,mlx-community/Llama-3.2-1B-Instruct-4bit,299.0,10773.0,0.0,0
2026-06-26T13:20:21.993,timeseries,3,Weather Report Extended v2,mlx-community/Llama-3.2-1B-Instruct-4bit,239.0,9495.0,0.0,0
2026-06-26T13:20:22.055,timeseries,3,Weather Report Extended v2,mlx-community/Llama-3.2-1B-Instruct-4bit,354.0,10414.0,0.0,0
2026-06-26T13:20:22.117,timeseries,3,Weather Report Extended v2,mlx-community/Llama-3.2-1B-Instruct-4bit,482.0,10568.0,0.0,0
2026-06-26T13:20:22.181,timeseries,3,Weather Report Extended v2,mlx-community/Llama-3.2-1B-Instruct-4bit,359.0,9706.0,0.0,0
2026-06-26T13:20:22.246,timeseries,3,Weather Report Extended v2,mlx-community/Llama-3.2-1B-Instruct-4bit,240.0,10956.0,0.0,0
2026-06-26T13:20:22.309,timeseries,3,Weather Report Extended v2,mlx-community/Llama-3.2-1B-Instruct-4bit,281.0,9302.0,0.0,0
2026-06-26T13:20:22.371,timeseries,3,Weather Report Extended v2,mlx-community/Llama-3.2-1B-Instruct-4bit,357.0,10583.0,0.0,0
2026-06-26T13:20:22.432,timeseries,3,Weather Report Extended v2,mlx-community/Llama-3.2-1B-Instruct-4bit,486.0,8790.0,0.0,0
2026-06-26T13:20:22.494,timeseries,3,Weather Report Extended v2,mlx-community/Llama-3.2-1B-Instruct-4bit,346.0,11185.0,0.0,0
2026-06-26T13:20:22.558,timeseries,3,Weather Report Extended v2,mlx-community/Llama-3.2-1B-Instruct-4bit,263.0,9758.0,0.0,0
2026-06-26T13:20:22.621,timeseries,3,Weather Report Extended v2,mlx-community/Llama-3.2-1B-Instruct-4bit,365.0,10758.0,0.0,0
2026-06-26T13:20:22.684,timeseries,3,Weather Report Extended v2,mlx-community/Llama-3.2-1B-Instruct-4bit,362.0,9404.0,0.0,0
2026-06-26T13:20:22.748,timeseries,3,Weather Report Extended v2,mlx-community/Llama-3.2-1B-Instruct-4bit,283.0,10662.0,0.0,0
2026-06-26T13:20:22.812,timeseries,3,Weather Report Extended v2,mlx-community/Llama-3.2-1B-Instruct-4bit,222.0,10808.0,0.0,0
2026-06-26T13:20:22.875,timeseries,3,Weather Report Extended v2,mlx-community/Llama-3.2-1B-Instruct-4bit,236.0,9445.0,0.0,0
2026-06-26T13:20:22.939,timeseries,3,Weather Report Extended v2,mlx-community/Llama-3.2-1B-Instruct-4bit,325.0,10579.0,0.0,0
2026-06-26T13:20:23.001,timeseries,3,Weather Report Extended v2,mlx-community/Llama-3.2-1B-Instruct-4bit,301.0,10702.0,0.0,0
2026-06-26T13:20:23.063,timeseries,3,Weather Report Extended v2,mlx-community/Llama-3.2-1B-Instruct-4bit,255.0,9531.0,0.0,0
2026-06-26T13:20:23.129,timeseries,3,Weather Report Extended v2,mlx-community/Llama-3.2-1B-Instruct-4bit,449.0,9569.0,0.0,0
2026-06-26T13:20:23.190,timeseries,3,Weather Report Extended v2,mlx-community/Llama-3.2-1B-Instruct-4bit,322.0,11013.0,0.0,0
2026-06-26T13:20:23.255,timeseries,3,Weather Report Extended v2,mlx-community/Llama-3.2-1B-Instruct-4bit,262.0,10454.0,0.0,0
2026-06-26T13:20:23.320,timeseries,3,Weather Report Extended v2,mlx-community/Llama-3.2-1B-Instruct-4bit,256.0,10937.0,0.0,0
2026-06-26T13:20:23.383,timeseries,3,Weather Report Extended v2,mlx-community/Llama-3.2-1B-Instruct-4bit,414.0,9116.0,0.0,0
2026-06-26T13:20:23.446,timeseries,3,Weather Report Extended v2,mlx-community/Llama-3.2-1B-Instruct-4bit,292.0,10438.0,0.0,0
2026-06-26T13:20:23.511,timeseries,3,Weather Report Extended v2,mlx-community/Llama-3.2-1B-Instruct-4bit,256.0,9590.0,0.0,0
2026-06-26T13:20:23.573,timeseries,3,Weather Report Extended v2,mlx-community/Llama-3.2-1B-Instruct-4bit,252.0,10853.0,0.0,0
2026-06-26T13:20:23.636,timeseries,3,Weather Report Extended v2,mlx-community/Llama-3.2-1B-Instruct-4bit,391.0,10650.0,0.0,0
2026-06-26T13:20:23.701,timeseries,3,Weather Report Extended v2,mlx-community/Llama-3.2-1B-Instruct-4bit,255.0,9441.0,0.0,0
2026-06-26T13:20:23.764,timeseries,3,Weather Report Extended v2,mlx-community/Llama-3.2-1B-Instruct-4bit,286.0,10845.0,0.0,0
2026-06-26T13:20:23.828,timeseries,3,Weather Report Extended v2,mlx-community/Llama-3.2-1B-Instruct-4bit,263.0,10500.0,0.0,0
2026-06-26T13:20:23.891,timeseries,3,Weather Report Extended v2,mlx-community/Llama-3.2-1B-Instruct-4bit,221.0,9548.0,0.0,0
2026-06-26T13:20:23.954,timeseries,3,Weather Report Extended v2,mlx-community/Llama-3.2-1B-Instruct-4bit,237.0,10833.0,0.0,0
2026-06-26T13:20:24.017,timeseries,3,Weather Report Extended v2,mlx-community/Llama-3.2-1B-Instruct-4bit,267.0,9419.0,0.0,0
2026-06-26T13:20:24.080,timeseries,3,Weather Report Extended v2,mlx-community/Llama-3.2-1B-Instruct-4bit,271.0,10843.0,0.0,0
2026-06-26T13:20:24.143,timeseries,3,Weather Report Extended v2,mlx-community/Llama-3.2-1B-Instruct-4bit,426.0,10755.0,0.0,0
2026-06-26T13:20:24.207,timeseries,3,Weather Report Extended v2,mlx-community/Llama-3.2-1B-Instruct-4bit,286.0,9444.0,0.0,0
2026-06-26T13:20:24.271,timeseries,3,Weather Report Extended v2,mlx-community/Llama-3.2-1B-Instruct-4bit,270.0,10865.0,0.0,0
2026-06-26T13:20:24.333,timeseries,3,Weather Report Extended v2,mlx-community/Llama-3.2-1B-Instruct-4bit,407.0,9224.0,0.0,0
2026-06-26T13:20:24.397,timeseries,3,Weather Report Extended v2,mlx-community/Llama-3.2-1B-Instruct-4bit,299.0,10747.0,0.0,0
2026-06-26T13:20:24.461,timeseries,3,Weather Report Extended v2,mlx-community/Llama-3.2-1B-Instruct-4bit,356.0,10916.0,0.0,0
2026-06-26T13:20:24.526,timeseries,3,Weather Report Extended v2,mlx-community/Llama-3.2-1B-Instruct-4bit,324.0,9313.0,0.0,0
2026-06-26T13:20:24.590,timeseries,3,Weather Report Extended v2,mlx-community/Llama-3.2-1B-Instruct-4bit,280.0,10544.0,0.0,0
2026-06-26T13:20:24.654,timeseries,3,Weather Report Extended v2,mlx-community/Llama-3.2-1B-Instruct-4bit,369.0,10438.0,0.0,0
2026-06-26T13:20:24.716,timeseries,3,Weather Report Extended v2,mlx-community/Llama-3.2-1B-Instruct-4bit,254.0,9542.0,0.0,0
2026-06-26T13:20:24.779,timeseries,3,Weather Report Extended v2,mlx-community/Llama-3.2-1B-Instruct-4bit,280.0,10608.0,0.0,0
2026-06-26T13:20:24.843,timeseries,3,Weather Report Extended v2,mlx-community/Llama-3.2-1B-Instruct-4bit,223.0,9591.0,0.0,0
2026-06-26T13:20:24.906,timeseries,3,Weather Report Extended v2,mlx-community/Llama-3.2-1B-Instruct-4bit,238.0,10913.0,0.0,0
2026-06-26T13:20:24.970,timeseries,3,Weather Report Extended v2,mlx-community/Llama-3.2-1B-Instruct-4bit,236.0,10739.0,0.0,0
2026-06-26T13:20:25.031,timeseries,3,Weather Report Extended v2,mlx-community/Llama-3.2-1B-Instruct-4bit,316.0,9479.0,0.0,0
2026-06-26T13:20:25.094,timeseries,3,Weather Report Extended v2,mlx-community/Llama-3.2-1B-Instruct-4bit,431.0,10847.0,0.0,0
2026-06-26T13:20:25.157,timeseries,3,Weather Report Extended v2,mlx-community/Llama-3.2-1B-Instruct-4bit,420.0,9652.0,0.0,0
2026-06-26T13:20:25.221,timeseries,3,Weather Report Extended v2,mlx-community/Llama-3.2-1B-Instruct-4bit,331.0,10720.0,0.0,0
2026-06-26T13:20:25.284,timeseries,3,Weather Report Extended v2,mlx-community/Llama-3.2-1B-Instruct-4bit,286.0,9533.0,0.0,0
2026-06-26T13:20:25.348,timeseries,3,Weather Report Extended v2,mlx-community/Llama-3.2-1B-Instruct-4bit,439.0,10675.0,0.0,0
2026-06-26T13:20:25.410,timeseries,3,Weather Report Extended v2,mlx-community/Llama-3.2-1B-Instruct-4bit,300.0,10693.0,0.0,0
2026-06-26T13:20:25.474,timeseries,3,Weather Report Extended v2,mlx-community/Llama-3.2-1B-Instruct-4bit,271.0,9585.0,0.0,0
2026-06-26T13:20:25.536,timeseries,3,Weather Report Extended v2,mlx-community/Llama-3.2-1B-Instruct-4bit,206.0,10917.0,0.0,0
2026-06-26T13:20:25.599,timeseries,3,Weather Report Extended v2,mlx-community/Llama-3.2-1B-Instruct-4bit,392.0,9320.0,0.0,0
2026-06-26T13:20:25.662,timeseries,3,Weather Report Extended v2,mlx-community/Llama-3.2-1B-Instruct-4bit,338.0,10953.0,0.0,0
2026-06-26T13:20:25.726,timeseries,3,Weather Report Extended v2,mlx-community/Llama-3.2-1B-Instruct-4bit,352.0,9543.0,0.0,0
2026-06-26T13:20:25.790,timeseries,3,Weather Report Extended v2,mlx-community/Llama-3.2-1B-Instruct-4bit,346.0,10690.0,0.0,0
2026-06-26T13:20:25.851,timeseries,3,Weather Report Extended v2,mlx-community/Llama-3.2-1B-Instruct-4bit,345.0,10624.0,0.0,0
2026-06-26T13:20:25.914,timeseries,3,Weather Report Extended v2,mlx-community/Llama-3.2-1B-Instruct-4bit,2046.0,9220.0,0.0,0
2026-06-26T13:20:25.978,timeseries,3,Weather Report Extended v2,mlx-community/Llama-3.2-1B-Instruct-4bit,1068.0,11111.0,0.0,0
2026-06-26T13:20:26.040,timeseries,3,Weather Report Extended v2,mlx-community/Llama-3.2-1B-Instruct-4bit,649.0,9336.0,0.0,0
2026-06-26T13:20:26.103,timeseries,3,Weather Report Extended v2,mlx-community/Llama-3.2-1B-Instruct-4bit,847.0,10727.0,0.0,0
2026-06-26T13:20:26.167,timeseries,3,Weather Report Extended v2,mlx-community/Llama-3.2-1B-Instruct-4bit,574.0,9459.0,0.0,0
2026-06-26T13:20:26.230,timeseries,3,Weather Report Extended v2,mlx-community/Llama-3.2-1B-Instruct-4bit,565.0,10418.0,0.0,0
2026-06-26T13:20:26.293,timeseries,3,Weather Report Extended v2,mlx-community/Llama-3.2-1B-Instruct-4bit,363.0,10670.0,0.0,0
2026-06-26T13:20:26.355,timeseries,3,Weather Report Extended v2,mlx-community/Llama-3.2-1B-Instruct-4bit,382.0,9454.0,0.0,0
2026-06-26T13:20:26.420,timeseries,3,Weather Report Extended v2,mlx-community/Llama-3.2-1B-Instruct-4bit,268.0,10732.0,0.0,0
2026-06-26T13:20:26.484,timeseries,3,Weather Report Extended v2,mlx-community/Llama-3.2-1B-Instruct-4bit,255.0,9504.0,0.0,0
2026-06-26T13:20:26.546,timeseries,3,Weather Report Extended v2,mlx-community/Llama-3.2-1B-Instruct-4bit,326.0,10566.0,0.0,0
2026-06-26T13:20:26.609,timeseries,3,Weather Report Extended v2,mlx-community/Llama-3.2-1B-Instruct-4bit,424.0,9302.0,0.0,0
2026-06-26T13:20:26.672,timeseries,3,Weather Report Extended v2,mlx-community/Llama-3.2-1B-Instruct-4bit,391.0,11065.0,0.0,0
2026-06-26T13:20:26.736,timeseries,3,Weather Report Extended v2,mlx-community/Llama-3.2-1B-Instruct-4bit,908.0,10531.0,0.0,0
2026-06-26T13:20:26.800,timeseries,3,Weather Report Extended v2,mlx-community/Llama-3.2-1B-Instruct-4bit,506.0,9432.0,0.0,0
2026-06-26T13:20:26.863,timeseries,3,Weather Report Extended v2,mlx-community/Llama-3.2-1B-Instruct-4bit,456.0,10610.0,0.0,0
2026-06-26T13:20:26.926,timeseries,3,Weather Report Extended v2,mlx-community/Llama-3.2-1B-Instruct-4bit,406.0,10609.0,0.0,0
2026-06-26T13:20:26.991,timeseries,3,Weather Report Extended v2,mlx-community/Llama-3.2-1B-Instruct-4bit,283.0,9382.0,0.0,0
2026-06-26T13:20:27.054,timeseries,3,Weather Report Extended v2,mlx-community/Llama-3.2-1B-Instruct-4bit,222.0,10947.0,0.0,0
2026-06-26T13:20:27.117,timeseries,3,Weather Report Extended v2,mlx-community/Llama-3.2-1B-Instruct-4bit,436.0,9249.0,0.0,0
2026-06-26T13:20:27.180,timeseries,3,Weather Report Extended v2,mlx-community/Llama-3.2-1B-Instruct-4bit,517.0,10625.0,0.0,0
2026-06-26T13:20:27.245,timeseries,3,Weather Report Extended v2,mlx-community/Llama-3.2-1B-Instruct-4bit,303.0,10906.0,0.0,0
2026-06-26T13:20:27.308,timeseries,3,Weather Report Extended v2,mlx-community/Llama-3.2-1B-Instruct-4bit,253.0,9455.0,0.0,0
2026-06-26T13:20:27.373,timeseries,3,Weather Report Extended v2,mlx-community/Llama-3.2-1B-Instruct-4bit,357.0,10539.0,0.0,0
2026-06-26T13:20:27.436,timeseries,3,Weather Report Extended v2,mlx-community/Llama-3.2-1B-Instruct-4bit,238.0,10847.0,0.0,0
2026-06-26T13:20:27.498,timeseries,3,Weather Report Extended v2,mlx-community/Llama-3.2-1B-Instruct-4bit,1479.0,9165.0,0.0,0
2026-06-26T13:20:27.562,timeseries,3,Weather Report Extended v2,mlx-community/Llama-3.2-1B-Instruct-4bit,554.0,10791.0,0.0,0
2026-06-26T13:20:27.624,timeseries,3,Weather Report Extended v2,mlx-community/Llama-3.2-1B-Instruct-4bit,662.0,9678.0,0.0,0
2026-06-26T13:20:27.688,timeseries,3,Weather Report Extended v2,mlx-community/Llama-3.2-1B-Instruct-4bit,468.0,10671.0,0.0,0
2026-06-26T13:20:27.750,timeseries,3,Weather Report Extended v2,mlx-community/Llama-3.2-1B-Instruct-4bit,310.0,9745.0,0.0,0
2026-06-26T13:20:27.812,timeseries,3,Weather Report Extended v2,mlx-community/Llama-3.2-1B-Instruct-4bit,310.0,10566.0,0.0,0
2026-06-26T13:20:27.876,timeseries,3,Weather Report Extended v2,mlx-community/Llama-3.2-1B-Instruct-4bit,244.0,9745.0,0.0,0
2026-06-26T13:20:27.940,timeseries,3,Weather Report Extended v2,mlx-community/Llama-3.2-1B-Instruct-4bit,269.0,10899.0,0.0,0
2026-06-26T13:20:28.003,timeseries,3,Weather Report Extended v2,mlx-community/Llama-3.2-1B-Instruct-4bit,265.0,10692.0,0.0,0
2026-06-26T13:20:28.065,timeseries,3,Weather Report Extended v2,mlx-community/Llama-3.2-1B-Instruct-4bit,237.0,9560.0,0.0,0
2026-06-26T13:20:28.128,timeseries,3,Weather Report Extended v2,mlx-community/Llama-3.2-1B-Instruct-4bit,427.0,10797.0,0.0,0
2026-06-26T13:20:28.192,timeseries,3,Weather Report Extended v2,mlx-community/Llama-3.2-1B-Instruct-4bit,369.0,9776.0,0.0,0
2026-06-26T13:20:28.256,timeseries,3,Weather Report Extended v2,mlx-community/Llama-3.2-1B-Instruct-4bit,335.0,10896.0,0.0,0
2026-06-26T13:20:28.319,timeseries,3,Weather Report Extended v2,mlx-community/Llama-3.2-1B-Instruct-4bit,297.0,10705.0,0.0,0
2026-06-26T13:20:28.386,timeseries,3,Weather Report Extended v2,mlx-community/Llama-3.2-1B-Instruct-4bit,405.0,9238.0,0.0,0
2026-06-26T13:20:28.450,timeseries,3,Weather Report Extended v2,mlx-community/Llama-3.2-1B-Instruct-4bit,336.0,10957.0,0.0,0
2026-06-26T13:20:28.514,timeseries,3,Weather Report Extended v2,mlx-community/Llama-3.2-1B-Instruct-4bit,297.0,10221.0,0.0,0
2026-06-26T13:20:28.577,timeseries,3,Weather Report Extended v2,mlx-community/Llama-3.2-1B-Instruct-4bit,248.0,10715.0,0.0,0
2026-06-26T13:20:28.640,timeseries,3,Weather Report Extended v2,mlx-community/Llama-3.2-1B-Instruct-4bit,408.0,9355.0,0.0,0
2026-06-26T13:20:28.704,timeseries,3,Weather Report Extended v2,mlx-community/Llama-3.2-1B-Instruct-4bit,269.0,10934.0,0.0,0
2026-06-26T13:20:28.767,timeseries,3,Weather Report Extended v2,mlx-community/Llama-3.2-1B-Instruct-4bit,269.0,9538.0,0.0,0
2026-06-26T13:20:28.831,timeseries,3,Weather Report Extended v2,mlx-community/Llama-3.2-1B-Instruct-4bit,235.0,10786.0,0.0,0
2026-06-26T13:20:28.895,timeseries,3,Weather Report Extended v2,mlx-community/Llama-3.2-1B-Instruct-4bit,223.0,11000.0,0.0,0
2026-06-26T13:20:28.957,timeseries,3,Weather Report Extended v2,mlx-community/Llama-3.2-1B-Instruct-4bit,312.0,9381.0,0.0,0
2026-06-26T13:20:29.022,timeseries,3,Weather Report Extended v2,mlx-community/Llama-3.2-1B-Instruct-4bit,252.0,10758.0,0.0,0
2026-06-26T13:20:29.086,timeseries,3,Weather Report Extended v2,mlx-community/Llama-3.2-1B-Instruct-4bit,226.0,9695.0,0.0,0
2026-06-26T13:20:29.151,timeseries,3,Weather Report Extended v2,mlx-community/Llama-3.2-1B-Instruct-4bit,339.0,10600.0,0.0,0
2026-06-26T13:20:29.214,timeseries,3,Weather Report Extended v2,mlx-community/Llama-3.2-1B-Instruct-4bit,280.0,10596.0,0.0,0
2026-06-26T13:20:29.276,timeseries,3,Weather Report Extended v2,mlx-community/Llama-3.2-1B-Instruct-4bit,352.0,10507.0,0.0,0
2026-06-26T13:20:29.341,timeseries,3,Weather Report Extended v2,mlx-community/Llama-3.2-1B-Instruct-4bit,417.0,9400.0,0.0,0
2026-06-26T13:20:29.405,timeseries,3,Weather Report Extended v2,mlx-community/Llama-3.2-1B-Instruct-4bit,254.0,10954.0,0.0,0
2026-06-26T13:20:29.468,timeseries,3,Weather Report Extended v2,mlx-community/Llama-3.2-1B-Instruct-4bit,233.0,9375.0,0.0,0
2026-06-26T13:20:29.532,timeseries,3,Weather Report Extended v2,mlx-community/Llama-3.2-1B-Instruct-4bit,251.0,10787.0,0.0,0
2026-06-26T13:20:29.596,timeseries,3,Weather Report Extended v2,mlx-community/Llama-3.2-1B-Instruct-4bit,300.0,10832.0,0.0,0
2026-06-26T13:20:29.658,timeseries,3,Weather Report Extended v2,mlx-community/Llama-3.2-1B-Instruct-4bit,486.0,9366.0,0.0,0
2026-06-26T13:20:29.721,timeseries,3,Weather Report Extended v2,mlx-community/Llama-3.2-1B-Instruct-4bit,251.0,10806.0,0.0,0
2026-06-26T13:20:29.785,timeseries,3,Weather Report Extended v2,mlx-community/Llama-3.2-1B-Instruct-4bit,240.0,9583.0,0.0,0
2026-06-26T13:20:29.847,timeseries,3,Weather Report Extended v2,mlx-community/Llama-3.2-1B-Instruct-4bit,222.0,10993.0,0.0,0
2026-06-26T13:20:29.910,timeseries,3,Weather Report Extended v2,mlx-community/Llama-3.2-1B-Instruct-4bit,282.0,10722.0,0.0,0
2026-06-26T13:20:29.972,timeseries,3,Weather Report Extended v2,mlx-community/Llama-3.2-1B-Instruct-4bit,242.0,9735.0,0.0,0
2026-06-26T13:20:30.033,timeseries,3,Weather Report Extended v2,mlx-community/Llama-3.2-1B-Instruct-4bit,491.0,10338.0,0.0,0
2026-06-26T13:20:30.096,timeseries,3,Weather Report Extended v2,mlx-community/Llama-3.2-1B-Instruct-4bit,425.0,9862.0,0.0,0
2026-06-26T13:20:30.159,timeseries,3,Weather Report Extended v2,mlx-community/Llama-3.2-1B-Instruct-4bit,388.0,9870.0,0.0,0
2026-06-26T13:20:30.222,timeseries,3,Weather Report Extended v2,mlx-community/Llama-3.2-1B-Instruct-4bit,242.0,11191.0,0.0,0
2026-06-26T13:20:30.283,timeseries,3,Weather Report Extended v2,mlx-community/Llama-3.2-1B-Instruct-4bit,371.0,10828.0,0.0,0
2026-06-26T13:20:30.347,timeseries,3,Weather Report Extended v2,mlx-community/Llama-3.2-1B-Instruct-4bit,616.0,9790.0,0.0,0
2026-06-26T13:20:30.410,timeseries,3,Weather Report Extended v2,mlx-community/Llama-3.2-1B-Instruct-4bit,325.0,11260.0,0.0,0
2026-06-26T13:20:30.474,timeseries,3,Weather Report Extended v2,mlx-community/Llama-3.2-1B-Instruct-4bit,251.0,9515.0,0.0,0
2026-06-26T13:20:30.536,timeseries,3,Weather Report Extended v2,mlx-community/Llama-3.2-1B-Instruct-4bit,269.0,11071.0,0.0,0
2026-06-26T13:20:30.598,timeseries,3,Weather Report Extended v2,mlx-community/Llama-3.2-1B-Instruct-4bit,360.0,9527.0,0.0,0
2026-06-26T13:20:30.661,timeseries,3,Weather Report Extended v2,mlx-community/Llama-3.2-1B-Instruct-4bit,325.0,11294.0,0.0,0
2026-06-26T13:20:30.725,timeseries,3,Weather Report Extended v2,mlx-community/Llama-3.2-1B-Instruct-4bit,256.0,9773.0,0.0,0
2026-06-26T13:20:30.789,timeseries,3,Weather Report Extended v2,mlx-community/Llama-3.2-1B-Instruct-4bit,235.0,10922.0,0.0,0
2026-06-26T13:20:30.852,timeseries,3,Weather Report Extended v2,mlx-community/Llama-3.2-1B-Instruct-4bit,273.0,11296.0,0.0,0
2026-06-26T13:20:30.915,timeseries,3,Weather Report Extended v2,mlx-community/Llama-3.2-1B-Instruct-4bit,265.0,9472.0,0.0,0
2026-06-26T13:20:30.979,timeseries,3,Weather Report Extended v2,mlx-community/Llama-3.2-1B-Instruct-4bit,234.0,10913.0,0.0,0
2026-06-26T13:20:31.043,timeseries,3,Weather Report Extended v2,mlx-community/Llama-3.2-1B-Instruct-4bit,652.0,9679.0,0.0,0
2026-06-26T13:20:31.105,timeseries,3,Weather Report Extended v2,mlx-community/Llama-3.2-1B-Instruct-4bit,2543.0,10786.0,0.0,0
2026-06-26T13:20:31.168,timeseries,3,Weather Report Extended v2,mlx-community/Llama-3.2-1B-Instruct-4bit,654.0,10812.0,0.0,0
2026-06-26T13:20:31.231,timeseries,3,Weather Report Extended v2,mlx-community/Llama-3.2-1B-Instruct-4bit,450.0,9765.0,0.0,0
2026-06-26T13:20:31.292,timeseries,3,Weather Report Extended v2,mlx-community/Llama-3.2-1B-Instruct-4bit,397.0,11027.0,0.0,0
2026-06-26T13:20:31.354,timeseries,3,Weather Report Extended v2,mlx-community/Llama-3.2-1B-Instruct-4bit,848.0,9627.0,0.0,0
2026-06-26T13:20:31.418,timeseries,3,Weather Report Extended v2,mlx-community/Llama-3.2-1B-Instruct-4bit,310.0,9952.0,0.0,0
2026-06-26T13:20:31.481,timeseries,3,Weather Report Extended v2,mlx-community/Llama-3.2-1B-Instruct-4bit,239.0,11148.0,0.0,0
2026-06-26T13:20:31.545,timeseries,3,Weather Report Extended v2,mlx-community/Llama-3.2-1B-Instruct-4bit,235.0,10983.0,0.0,0
2026-06-26T13:20:31.608,timeseries,3,Weather Report Extended v2,mlx-community/Llama-3.2-1B-Instruct-4bit,414.0,9723.0,0.0,0
2026-06-26T13:20:31.671,timeseries,3,Weather Report Extended v2,mlx-community/Llama-3.2-1B-Instruct-4bit,373.0,10804.0,0.0,0
2026-06-26T13:20:31.736,timeseries,3,Weather Report Extended v2,mlx-community/Llama-3.2-1B-Instruct-4bit,288.0,9750.0,0.0,0
2026-06-26T13:20:31.798,timeseries,3,Weather Report Extended v2,mlx-community/Llama-3.2-1B-Instruct-4bit,237.0,11066.0,0.0,0
2026-06-26T13:20:31.861,timeseries,3,Weather Report Extended v2,mlx-community/Llama-3.2-1B-Instruct-4bit,248.0,10815.0,0.0,0
2026-06-26T13:20:31.924,timeseries,3,Weather Report Extended v2,mlx-community/Llama-3.2-1B-Instruct-4bit,228.0,9928.0,0.0,0
2026-06-26T13:20:31.988,timeseries,3,Weather Report Extended v2,mlx-community/Llama-3.2-1B-Instruct-4bit,250.0,10940.0,0.0,0
2026-06-26T13:20:32.051,timeseries,3,Weather Report Extended v2,mlx-community/Llama-3.2-1B-Instruct-4bit,238.0,9696.0,0.0,0
2026-06-26T13:20:32.114,timeseries,3,Weather Report Extended v2,mlx-community/Llama-3.2-1B-Instruct-4bit,407.0,10902.0,0.0,0
2026-06-26T13:20:32.177,timeseries,3,Weather Report Extended v2,mlx-community/Llama-3.2-1B-Instruct-4bit,322.0,11227.0,0.0,0
2026-06-26T13:20:32.242,timeseries,3,Weather Report Extended v2,mlx-community/Llama-3.2-1B-Instruct-4bit,269.0,9661.0,0.0,0
2026-06-26T13:20:32.304,timeseries,3,Weather Report Extended v2,mlx-community/Llama-3.2-1B-Instruct-4bit,222.0,11033.0,0.0,0
2026-06-26T13:20:32.367,timeseries,3,Weather Report Extended v2,mlx-community/Llama-3.2-1B-Instruct-4bit,442.0,9277.0,0.0,0
2026-06-26T13:20:32.430,timeseries,3,Weather Report Extended v2,mlx-community/Llama-3.2-1B-Instruct-4bit,388.0,11230.0,0.0,0
2026-06-26T13:20:32.493,timeseries,3,Weather Report Extended v2,mlx-community/Llama-3.2-1B-Instruct-4bit,256.0,9752.0,0.0,0
2026-06-26T13:20:32.557,timeseries,3,Weather Report Extended v2,mlx-community/Llama-3.2-1B-Instruct-4bit,269.0,11122.0,0.0,0
2026-06-26T13:20:32.620,timeseries,3,Weather Report Extended v2,mlx-community/Llama-3.2-1B-Instruct-4bit,333.0,11051.0,0.0,0
2026-06-26T13:20:32.683,timeseries,3,Weather Report Extended v2,mlx-community/Llama-3.2-1B-Instruct-4bit,360.0,9572.0,0.0,0
2026-06-26T13:20:32.747,timeseries,3,Weather Report Extended v2,mlx-community/Llama-3.2-1B-Instruct-4bit,238.0,11073.0,0.0,0
2026-06-26T13:20:32.810,timeseries,3,Weather Report Extended v2,mlx-community/Llama-3.2-1B-Instruct-4bit,222.0,11084.0,0.0,0
2026-06-26T13:20:32.872,timeseries,3,Weather Report Extended v2,mlx-community/Llama-3.2-1B-Instruct-4bit,265.0,9582.0,0.0,0
2026-06-26T13:20:32.936,timeseries,3,Weather Report Extended v2,mlx-community/Llama-3.2-1B-Instruct-4bit,240.0,11227.0,0.0,0
2026-06-26T13:20:32.998,timeseries,3,Weather Report Extended v2,mlx-community/Llama-3.2-1B-Instruct-4bit,238.0,9699.0,0.0,0
2026-06-26T13:20:33.061,timeseries,3,Weather Report Extended v2,mlx-community/Llama-3.2-1B-Instruct-4bit,239.0,11130.0,0.0,0
2026-06-26T13:20:33.124,timeseries,3,Weather Report Extended v2,mlx-community/Llama-3.2-1B-Instruct-4bit,432.0,9702.0,0.0,0
2026-06-26T13:20:33.188,timeseries,3,Weather Report Extended v2,mlx-community/Llama-3.2-1B-Instruct-4bit,330.0,10986.0,0.0,0
2026-06-26T13:20:33.252,timeseries,3,Weather Report Extended v2,mlx-community/Llama-3.2-1B-Instruct-4bit,238.0,9671.0,0.0,0
2026-06-26T13:20:33.314,timeseries,3,Weather Report Extended v2,mlx-community/Llama-3.2-1B-Instruct-4bit,337.0,11158.0,0.0,0
2026-06-26T13:20:33.377,timeseries,3,Weather Report Extended v2,mlx-community/Llama-3.2-1B-Instruct-4bit,492.0,10760.0,0.0,0
2026-06-26T13:20:33.438,timeseries,3,Weather Report Extended v2,mlx-community/Llama-3.2-1B-Instruct-4bit,417.0,9771.0,0.0,0
2026-06-26T13:20:33.502,timeseries,3,Weather Report Extended v2,mlx-community/Llama-3.2-1B-Instruct-4bit,259.0,11258.0,0.0,0
2026-06-26T13:20:33.564,timeseries,3,Weather Report Extended v2,mlx-community/Llama-3.2-1B-Instruct-4bit,272.0,9761.0,0.0,0
2026-06-26T13:20:33.627,timeseries,3,Weather Report Extended v2,mlx-community/Llama-3.2-1B-Instruct-4bit,439.0,10903.0,0.0,0
2026-06-26T13:20:33.689,timeseries,3,Weather Report Extended v2,mlx-community/Llama-3.2-1B-Instruct-4bit,292.0,9889.0,0.0,0
2026-06-26T13:20:33.751,timeseries,3,Weather Report Extended v2,mlx-community/Llama-3.2-1B-Instruct-4bit,462.0,10536.0,0.0,0
2026-06-26T13:20:33.815,timeseries,3,Weather Report Extended v2,mlx-community/Llama-3.2-1B-Instruct-4bit,325.0,9886.0,0.0,0
2026-06-26T13:20:33.878,timeseries,3,Weather Report Extended v2,mlx-community/Llama-3.2-1B-Instruct-4bit,254.0,10955.0,0.0,0
2026-06-26T13:20:33.940,timeseries,3,Weather Report Extended v2,mlx-community/Llama-3.2-1B-Instruct-4bit,239.0,9792.0,0.0,0
2026-06-26T13:20:34.003,timeseries,3,Weather Report Extended v2,mlx-community/Llama-3.2-1B-Instruct-4bit,253.0,10953.0,0.0,0
2026-06-26T13:20:34.066,timeseries,3,Weather Report Extended v2,mlx-community/Llama-3.2-1B-Instruct-4bit,225.0,9881.0,0.0,0
2026-06-26T13:20:34.129,timeseries,3,Weather Report Extended v2,mlx-community/Llama-3.2-1B-Instruct-4bit,437.0,10823.0,0.0,0
2026-06-26T13:20:34.192,timeseries,3,Weather Report Extended v2,mlx-community/Llama-3.2-1B-Instruct-4bit,302.0,9717.0,0.0,0
2026-06-26T13:20:34.256,timeseries,3,Weather Report Extended v2,mlx-community/Llama-3.2-1B-Instruct-4bit,256.0,11126.0,0.0,0
2026-06-26T13:20:34.319,timeseries,3,Weather Report Extended v2,mlx-community/Llama-3.2-1B-Instruct-4bit,239.0,11154.0,0.0,0
2026-06-26T13:20:34.382,timeseries,3,Weather Report Extended v2,mlx-community/Llama-3.2-1B-Instruct-4bit,388.0,9452.0,0.0,0
2026-06-26T13:20:34.446,timeseries,3,Weather Report Extended v2,mlx-community/Llama-3.2-1B-Instruct-4bit,270.0,11044.0,0.0,0
2026-06-26T13:20:34.510,timeseries,3,Weather Report Extended v2,mlx-community/Llama-3.2-1B-Instruct-4bit,398.0,9717.0,0.0,0
2026-06-26T13:20:34.573,timeseries,3,Weather Report Extended v2,mlx-community/Llama-3.2-1B-Instruct-4bit,267.0,10966.0,0.0,0
2026-06-26T13:20:34.637,timeseries,3,Weather Report Extended v2,mlx-community/Llama-3.2-1B-Instruct-4bit,402.0,10679.0,0.0,0
2026-06-26T13:20:34.701,timeseries,3,Weather Report Extended v2,mlx-community/Llama-3.2-1B-Instruct-4bit,238.0,9676.0,0.0,0
2026-06-26T13:20:34.765,timeseries,3,Weather Report Extended v2,mlx-community/Llama-3.2-1B-Instruct-4bit,266.0,11049.0,0.0,0
2026-06-26T13:20:34.829,timeseries,3,Weather Report Extended v2,mlx-community/Llama-3.2-1B-Instruct-4bit,265.0,10853.0,0.0,0
2026-06-26T13:20:34.892,timeseries,3,Weather Report Extended v2,mlx-community/Llama-3.2-1B-Instruct-4bit,252.0,9698.0,0.0,0
2026-06-26T13:20:34.955,timeseries,3,Weather Report Extended v2,mlx-community/Llama-3.2-1B-Instruct-4bit,233.0,10844.0,0.0,0
2026-06-26T13:20:35.021,timeseries,3,Weather Report Extended v2,mlx-community/Llama-3.2-1B-Instruct-4bit,223.0,11214.0,0.0,0
2026-06-26T13:20:35.083,timeseries,3,Weather Report Extended v2,mlx-community/Llama-3.2-1B-Instruct-4bit,267.0,9557.0,0.0,0
2026-06-26T13:20:35.146,timeseries,3,Weather Report Extended v2,mlx-community/Llama-3.2-1B-Instruct-4bit,415.0,10665.0,0.0,0
2026-06-26T13:20:35.210,timeseries,3,Weather Report Extended v2,mlx-community/Llama-3.2-1B-Instruct-4bit,259.0,9920.0,0.0,0
2026-06-26T13:20:35.272,timeseries,3,Weather Report Extended v2,mlx-community/Llama-3.2-1B-Instruct-4bit,299.0,11051.0,0.0,0
2026-06-26T13:20:35.337,timeseries,3,Weather Report Extended v2,mlx-community/Llama-3.2-1B-Instruct-4bit,327.0,10821.0,0.0,0
2026-06-26T13:20:35.399,timeseries,3,Weather Report Extended v2,mlx-community/Llama-3.2-1B-Instruct-4bit,272.0,9800.0,0.0,0
2026-06-26T13:20:35.462,timeseries,3,Weather Report Extended v2,mlx-community/Llama-3.2-1B-Instruct-4bit,249.0,10930.0,0.0,0
2026-06-26T13:20:35.526,timeseries,3,Weather Report Extended v2,mlx-community/Llama-3.2-1B-Instruct-4bit,271.0,9785.0,0.0,0
2026-06-26T13:20:35.589,timeseries,3,Weather Report Extended v2,mlx-community/Llama-3.2-1B-Instruct-4bit,339.0,11187.0,0.0,0
2026-06-26T13:20:35.650,timeseries,3,Weather Report Extended v2,mlx-community/Llama-3.2-1B-Instruct-4bit,416.0,10764.0,0.0,0
2026-06-26T13:20:35.713,timeseries,3,Weather Report Extended v2,mlx-community/Llama-3.2-1B-Instruct-4bit,323.0,9818.0,0.0,0
2026-06-26T13:20:35.777,timeseries,3,Weather Report Extended v2,mlx-community/Llama-3.2-1B-Instruct-4bit,275.0,9905.0,0.0,0
2026-06-26T13:20:35.840,timeseries,3,Weather Report Extended v2,mlx-community/Llama-3.2-1B-Instruct-4bit,271.0,11100.0,0.0,0
2026-06-26T13:20:35.903,timeseries,3,Weather Report Extended v2,mlx-community/Llama-3.2-1B-Instruct-4bit,234.0,10941.0,0.0,0
2026-06-26T13:20:35.966,timeseries,3,Weather Report Extended v2,mlx-community/Llama-3.2-1B-Instruct-4bit,223.0,9807.0,0.0,0
2026-06-26T13:20:36.029,timeseries,3,Weather Report Extended v2,mlx-community/Llama-3.2-1B-Instruct-4bit,253.0,11091.0,0.0,0
2026-06-26T13:20:36.090,timeseries,3,Weather Report Extended v2,mlx-community/Llama-3.2-1B-Instruct-4bit,414.0,9660.0,0.0,0
2026-06-26T13:20:36.154,timeseries,3,Weather Report Extended v2,mlx-community/Llama-3.2-1B-Instruct-4bit,1344.0,10924.0,0.0,0
2026-06-26T13:20:36.216,timeseries,3,Weather Report Extended v2,mlx-community/Llama-3.2-1B-Instruct-4bit,1848.0,9889.0,0.0,0
2026-06-26T13:20:36.279,timeseries,3,Weather Report Extended v2,mlx-community/Llama-3.2-1B-Instruct-4bit,709.0,10941.0,0.0,0
2026-06-26T13:20:36.340,timeseries,3,Weather Report Extended v2,mlx-community/Llama-3.2-1B-Instruct-4bit,688.0,9757.0,0.0,0
2026-06-26T13:20:36.401,timeseries,3,Weather Report Extended v2,mlx-community/Llama-3.2-1B-Instruct-4bit,391.0,11436.0,0.0,0
2026-06-26T13:20:36.465,timeseries,3,Weather Report Extended v2,mlx-community/Llama-3.2-1B-Instruct-4bit,360.0,10023.0,0.0,0
2026-06-26T13:20:36.526,timeseries,3,Weather Report Extended v2,mlx-community/Llama-3.2-1B-Instruct-4bit,258.0,11212.0,0.0,0
2026-06-26T13:20:36.589,timeseries,3,Weather Report Extended v2,mlx-community/Llama-3.2-1B-Instruct-4bit,455.0,9526.0,0.0,0
2026-06-26T13:20:36.652,timeseries,3,Weather Report Extended v2,mlx-community/Llama-3.2-1B-Instruct-4bit,439.0,11439.0,0.0,0
2026-06-26T13:20:36.713,timeseries,3,Weather Report Extended v2,mlx-community/Llama-3.2-1B-Instruct-4bit,270.0,9694.0,0.0,0
2026-06-26T13:20:36.776,timeseries,3,Weather Report Extended v2,mlx-community/Llama-3.2-1B-Instruct-4bit,782.0,11091.0,0.0,0
2026-06-26T13:20:36.839,timeseries,3,Weather Report Extended v2,mlx-community/Llama-3.2-1B-Instruct-4bit,421.0,9858.0,0.0,0
2026-06-26T13:20:36.901,timeseries,3,Weather Report Extended v2,mlx-community/Llama-3.2-1B-Instruct-4bit,352.0,11159.0,0.0,0
2026-06-26T13:20:36.965,timeseries,3,Weather Report Extended v2,mlx-community/Llama-3.2-1B-Instruct-4bit,258.0,9906.0,0.0,0
2026-06-26T13:20:37.026,timeseries,3,Weather Report Extended v2,mlx-community/Llama-3.2-1B-Instruct-4bit,206.0,11117.0,0.0,0
2026-06-26T13:20:37.090,timeseries,3,Weather Report Extended v2,mlx-community/Llama-3.2-1B-Instruct-4bit,454.0,9587.0,0.0,0
2026-06-26T13:20:37.153,timeseries,3,Weather Report Extended v2,mlx-community/Llama-3.2-1B-Instruct-4bit,438.0,11391.0,0.0,0
2026-06-26T13:20:37.216,timeseries,3,Weather Report Extended v2,mlx-community/Llama-3.2-1B-Instruct-4bit,284.0,9701.0,0.0,0
2026-06-26T13:20:37.279,timeseries,3,Weather Report Extended v2,mlx-community/Llama-3.2-1B-Instruct-4bit,239.0,11147.0,0.0,0
2026-06-26T13:20:37.341,timeseries,3,Weather Report Extended v2,mlx-community/Llama-3.2-1B-Instruct-4bit,377.0,9633.0,0.0,0
2026-06-26T13:20:37.405,timeseries,3,Weather Report Extended v2,mlx-community/Llama-3.2-1B-Instruct-4bit,274.0,11301.0,0.0,0
2026-06-26T13:20:37.467,timeseries,3,Weather Report Extended v2,mlx-community/Llama-3.2-1B-Instruct-4bit,242.0,9758.0,0.0,0
2026-06-26T13:20:37.529,timeseries,3,Weather Report Extended v2,mlx-community/Llama-3.2-1B-Instruct-4bit,1184.0,10623.0,0.0,0
2026-06-26T13:20:37.591,timeseries,3,Weather Report Extended v2,mlx-community/Llama-3.2-1B-Instruct-4bit,1451.0,10335.0,0.0,0
2026-06-26T13:20:37.652,timeseries,3,Weather Report Extended v2,mlx-community/Llama-3.2-1B-Instruct-4bit,725.0,11850.0,0.0,0
2026-06-26T13:20:37.719,timeseries,3,Weather Report Extended v2,mlx-community/Llama-3.2-1B-Instruct-4bit,490.0,10577.0,0.0,0
2026-06-26T13:20:37.781,timeseries,3,Weather Report Extended v2,mlx-community/Llama-3.2-1B-Instruct-4bit,500.0,11763.0,0.0,0
2026-06-26T13:20:37.845,timeseries,3,Weather Report Extended v2,mlx-community/Llama-3.2-1B-Instruct-4bit,453.0,11050.0,0.0,0
2026-06-26T13:20:37.907,timeseries,3,Weather Report Extended v2,mlx-community/Llama-3.2-1B-Instruct-4bit,287.0,10170.0,0.0,0
2026-06-26T13:20:37.971,timeseries,3,Weather Report Extended v2,mlx-community/Llama-3.2-1B-Instruct-4bit,253.0,11641.0,0.0,0
2026-06-26T13:20:38.033,timeseries,3,Weather Report Extended v2,mlx-community/Llama-3.2-1B-Instruct-4bit,269.0,10237.0,0.0,0
2026-06-26T13:20:38.096,timeseries,3,Weather Report Extended v2,mlx-community/Llama-3.2-1B-Instruct-4bit,346.0,11513.0,0.0,0
2026-06-26T13:20:38.158,timeseries,3,Weather Report Extended v2,mlx-community/Llama-3.2-1B-Instruct-4bit,386.0,10406.0,0.0,0
2026-06-26T13:20:38.222,timeseries,3,Weather Report Extended v2,mlx-community/Llama-3.2-1B-Instruct-4bit,274.0,11861.0,0.0,0
2026-06-26T13:20:38.284,timeseries,3,Weather Report Extended v2,mlx-community/Llama-3.2-1B-Instruct-4bit,268.0,11561.0,0.0,0
2026-06-26T13:20:38.346,timeseries,3,Weather Report Extended v2,mlx-community/Llama-3.2-1B-Instruct-4bit,449.0,10168.0,0.0,0
2026-06-26T13:20:38.409,timeseries,3,Weather Report Extended v2,mlx-community/Llama-3.2-1B-Instruct-4bit,366.0,10301.0,0.0,0
2026-06-26T13:20:38.472,timeseries,3,Weather Report Extended v2,mlx-community/Llama-3.2-1B-Instruct-4bit,288.0,11799.0,0.0,0
2026-06-26T13:20:38.534,timeseries,3,Weather Report Extended v2,mlx-community/Llama-3.2-1B-Instruct-4bit,242.0,11885.0,0.0,0
2026-06-26T13:20:38.597,timeseries,3,Weather Report Extended v2,mlx-community/Llama-3.2-1B-Instruct-4bit,422.0,9952.0,0.0,0
2026-06-26T13:20:38.660,timeseries,3,Weather Report Extended v2,mlx-community/Llama-3.2-1B-Instruct-4bit,2631.0,11742.0,0.0,0
2026-06-26T13:20:38.722,timeseries,3,Weather Report Extended v2,mlx-community/Llama-3.2-1B-Instruct-4bit,1106.0,10287.0,0.0,0
2026-06-26T13:20:38.785,timeseries,3,Weather Report Extended v2,mlx-community/Llama-3.2-1B-Instruct-4bit,601.0,11656.0,0.0,0
2026-06-26T13:20:38.848,timeseries,3,Weather Report Extended v2,mlx-community/Llama-3.2-1B-Instruct-4bit,483.0,10314.0,0.0,0
2026-06-26T13:20:38.910,timeseries,3,Weather Report Extended v2,mlx-community/Llama-3.2-1B-Instruct-4bit,399.0,11769.0,0.0,0
2026-06-26T13:20:38.972,timeseries,3,Weather Report Extended v2,mlx-community/Llama-3.2-1B-Instruct-4bit,399.0,10301.0,0.0,0
2026-06-26T13:20:39.035,timeseries,3,Weather Report Extended v2,mlx-community/Llama-3.2-1B-Instruct-4bit,310.0,12026.0,0.0,0
2026-06-26T13:20:39.098,timeseries,3,Weather Report Extended v2,mlx-community/Llama-3.2-1B-Instruct-4bit,394.0,10193.0,0.0,0
2026-06-26T13:20:39.160,timeseries,3,Weather Report Extended v2,mlx-community/Llama-3.2-1B-Instruct-4bit,426.0,11687.0,0.0,0
2026-06-26T13:20:39.223,timeseries,3,Weather Report Extended v2,mlx-community/Llama-3.2-1B-Instruct-4bit,308.0,10402.0,0.0,0
2026-06-26T13:20:39.286,timeseries,3,Weather Report Extended v2,mlx-community/Llama-3.2-1B-Instruct-4bit,286.0,11649.0,0.0,0
2026-06-26T13:20:39.348,timeseries,3,Weather Report Extended v2,mlx-community/Llama-3.2-1B-Instruct-4bit,414.0,10215.0,0.0,0
2026-06-26T13:20:39.412,timeseries,3,Weather Report Extended v2,mlx-community/Llama-3.2-1B-Instruct-4bit,304.0,11843.0,0.0,0
2026-06-26T13:20:39.476,timeseries,3,Weather Report Extended v2,mlx-community/Llama-3.2-1B-Instruct-4bit,271.0,10273.0,0.0,0
2026-06-26T13:20:39.538,timeseries,3,Weather Report Extended v2,mlx-community/Llama-3.2-1B-Instruct-4bit,252.0,11640.0,0.0,0
2026-06-26T13:20:39.600,timeseries,3,Weather Report Extended v2,mlx-community/Llama-3.2-1B-Instruct-4bit,388.0,9963.0,0.0,0
2026-06-26T13:20:39.664,timeseries,3,Weather Report Extended v2,mlx-community/Llama-3.2-1B-Instruct-4bit,390.0,12015.0,0.0,0
2026-06-26T13:20:39.727,timeseries,3,Weather Report Extended v2,mlx-community/Llama-3.2-1B-Instruct-4bit,303.0,11763.0,0.0,0
2026-06-26T13:20:39.790,timeseries,3,Weather Report Extended v2,mlx-community/Llama-3.2-1B-Instruct-4bit,300.0,10204.0,0.0,0
2026-06-26T13:20:39.853,timeseries,3,Weather Report Extended v2,mlx-community/Llama-3.2-1B-Instruct-4bit,237.0,11601.0,0.0,0
2026-06-26T13:20:39.916,timeseries,3,Weather Report Extended v2,mlx-community/Llama-3.2-1B-Instruct-4bit,224.0,10405.0,0.0,0
2026-06-26T13:20:39.980,timeseries,3,Weather Report Extended v2,mlx-community/Llama-3.2-1B-Instruct-4bit,268.0,11609.0,0.0,0
2026-06-26T13:20:40.041,timeseries,3,Weather Report Extended v2,mlx-community/Llama-3.2-1B-Instruct-4bit,269.0,10163.0,0.0,0
2026-06-26T13:20:40.105,timeseries,3,Weather Report Extended v2,mlx-community/Llama-3.2-1B-Instruct-4bit,378.0,11563.0,0.0,0
2026-06-26T13:20:40.166,timeseries,3,Weather Report Extended v2,mlx-community/Llama-3.2-1B-Instruct-4bit,327.0,10607.0,0.0,0
2026-06-26T13:20:40.229,timeseries,3,Weather Report Extended v2,mlx-community/Llama-3.2-1B-Instruct-4bit,304.0,11790.0,0.0,0
2026-06-26T13:20:40.292,timeseries,3,Weather Report Extended v2,mlx-community/Llama-3.2-1B-Instruct-4bit,257.0,10422.0,0.0,0
2026-06-26T13:20:40.355,timeseries,3,Weather Report Extended v2,mlx-community/Llama-3.2-1B-Instruct-4bit,412.0,11598.0,0.0,0
2026-06-26T13:20:40.416,timeseries,3,Weather Report Extended v2,mlx-community/Llama-3.2-1B-Instruct-4bit,303.0,10297.0,0.0,0
2026-06-26T13:20:40.479,timeseries,3,Weather Report Extended v2,mlx-community/Llama-3.2-1B-Instruct-4bit,302.0,11728.0,0.0,0
2026-06-26T13:20:40.541,timeseries,3,Weather Report Extended v2,mlx-community/Llama-3.2-1B-Instruct-4bit,344.0,10560.0,0.0,0
2026-06-26T13:20:40.604,timeseries,3,Weather Report Extended v2,mlx-community/Llama-3.2-1B-Instruct-4bit,410.0,11542.0,0.0,0
2026-06-26T13:20:40.669,timeseries,3,Weather Report Extended v2,mlx-community/Llama-3.2-1B-Instruct-4bit,307.0,10501.0,0.0,0
2026-06-26T13:20:40.732,timeseries,3,Weather Report Extended v2,mlx-community/Llama-3.2-1B-Instruct-4bit,267.0,11607.0,0.0,0
2026-06-26T13:20:40.794,timeseries,3,Weather Report Extended v2,mlx-community/Llama-3.2-1B-Instruct-4bit,340.0,11390.0,0.0,0
2026-06-26T13:20:40.856,timeseries,3,Weather Report Extended v2,mlx-community/Llama-3.2-1B-Instruct-4bit,258.0,10507.0,0.0,0
2026-06-26T13:20:40.920,timeseries,3,Weather Report Extended v2,mlx-community/Llama-3.2-1B-Instruct-4bit,365.0,10827.0,0.0,0
2026-06-26T13:20:40.981,timeseries,3,Weather Report Extended v2,mlx-community/Llama-3.2-1B-Instruct-4bit,388.0,10356.0,0.0,0
2026-06-26T13:20:41.042,timeseries,3,Weather Report Extended v2,mlx-community/Llama-3.2-1B-Instruct-4bit,285.0,11673.0,0.0,0
2026-06-26T13:20:41.106,timeseries,3,Weather Report Extended v2,mlx-community/Llama-3.2-1B-Instruct-4bit,455.0,10513.0,0.0,0
2026-06-26T13:20:41.168,timeseries,3,Weather Report Extended v2,mlx-community/Llama-3.2-1B-Instruct-4bit,388.0,12018.0,0.0,0
2026-06-26T13:20:41.230,timeseries,3,Weather Report Extended v2,mlx-community/Llama-3.2-1B-Instruct-4bit,303.0,10274.0,0.0,0
2026-06-26T13:20:41.293,timeseries,3,Weather Report Extended v2,mlx-community/Llama-3.2-1B-Instruct-4bit,464.0,11751.0,0.0,0
2026-06-26T13:20:41.356,timeseries,3,Weather Report Extended v2,mlx-community/Llama-3.2-1B-Instruct-4bit,2490.0,10088.0,0.0,0
2026-06-26T13:20:41.419,timeseries,3,Weather Report Extended v2,mlx-community/Llama-3.2-1B-Instruct-4bit,746.0,11713.0,0.0,0
2026-06-26T13:20:41.482,timeseries,3,Weather Report Extended v2,mlx-community/Llama-3.2-1B-Instruct-4bit,479.0,10248.0,0.0,0
2026-06-26T13:20:41.545,timeseries,3,Weather Report Extended v2,mlx-community/Llama-3.2-1B-Instruct-4bit,505.0,11656.0,0.0,0
2026-06-26T13:20:41.608,timeseries,3,Weather Report Extended v2,mlx-community/Llama-3.2-1B-Instruct-4bit,545.0,10458.0,0.0,0
2026-06-26T13:20:41.671,timeseries,3,Weather Report Extended v2,mlx-community/Llama-3.2-1B-Instruct-4bit,408.0,11619.0,0.0,0
2026-06-26T13:20:41.733,timeseries,3,Weather Report Extended v2,mlx-community/Llama-3.2-1B-Instruct-4bit,289.0,10436.0,0.0,0
2026-06-26T13:20:41.795,timeseries,3,Weather Report Extended v2,mlx-community/Llama-3.2-1B-Instruct-4bit,300.0,11658.0,0.0,0
2026-06-26T13:20:41.859,timeseries,3,Weather Report Extended v2,mlx-community/Llama-3.2-1B-Instruct-4bit,436.0,10396.0,0.0,0
2026-06-26T13:20:41.922,timeseries,3,Weather Report Extended v2,mlx-community/Llama-3.2-1B-Instruct-4bit,274.0,11918.0,0.0,0
2026-06-26T13:20:41.986,timeseries,3,Weather Report Extended v2,mlx-community/Llama-3.2-1B-Instruct-4bit,248.0,11441.0,0.0,0
2026-06-26T13:20:42.048,timeseries,3,Weather Report Extended v2,mlx-community/Llama-3.2-1B-Instruct-4bit,270.0,10333.0,0.0,0
2026-06-26T13:20:42.110,timeseries,3,Weather Report Extended v2,mlx-community/Llama-3.2-1B-Instruct-4bit,427.0,11597.0,0.0,0
2026-06-26T13:20:42.174,timeseries,3,Weather Report Extended v2,mlx-community/Llama-3.2-1B-Instruct-4bit,339.0,10556.0,0.0,0
2026-06-26T13:20:42.238,timeseries,3,Weather Report Extended v2,mlx-community/Llama-3.2-1B-Instruct-4bit,271.0,11741.0,0.0,0
2026-06-26T13:20:42.301,timeseries,3,Weather Report Extended v2,mlx-community/Llama-3.2-1B-Instruct-4bit,252.0,11574.0,0.0,0
2026-06-26T13:20:42.364,timeseries,3,Weather Report Extended v2,mlx-community/Llama-3.2-1B-Instruct-4bit,418.0,9947.0,0.0,0
2026-06-26T13:20:42.428,timeseries,3,Weather Report Extended v2,mlx-community/Llama-3.2-1B-Instruct-4bit,242.0,11947.0,0.0,0
2026-06-26T13:20:42.491,timeseries,3,Weather Report Extended v2,mlx-community/Llama-3.2-1B-Instruct-4bit,238.0,10221.0,0.0,0
2026-06-26T13:20:42.553,timeseries,3,Weather Report Extended v2,mlx-community/Llama-3.2-1B-Instruct-4bit,233.0,11451.0,0.0,0
2026-06-26T13:20:42.617,timeseries,3,Weather Report Extended v2,mlx-community/Llama-3.2-1B-Instruct-4bit,412.0,10261.0,0.0,0
2026-06-26T13:20:42.680,timeseries,3,Weather Report Extended v2,mlx-community/Llama-3.2-1B-Instruct-4bit,289.0,11921.0,0.0,0
2026-06-26T13:20:42.744,timeseries,3,Weather Report Extended v2,mlx-community/Llama-3.2-1B-Instruct-4bit,251.0,11551.0,0.0,0
2026-06-26T13:20:42.806,timeseries,3,Weather Report Extended v2,mlx-community/Llama-3.2-1B-Instruct-4bit,285.0,10311.0,0.0,0
2026-06-26T13:20:42.870,timeseries,3,Weather Report Extended v2,mlx-community/Llama-3.2-1B-Instruct-4bit,347.0,11623.0,0.0,0
2026-06-26T13:20:42.934,timeseries,3,Weather Report Extended v2,mlx-community/Llama-3.2-1B-Instruct-4bit,319.0,10311.0,0.0,0
2026-06-26T13:20:43.000,timeseries,3,Weather Report Extended v2,mlx-community/Llama-3.2-1B-Instruct-4bit,601.0,11509.0,0.0,0
2026-06-26T13:20:43.062,timeseries,3,Weather Report Extended v2,mlx-community/Llama-3.2-1B-Instruct-4bit,531.0,11235.0,0.0,0
2026-06-26T13:20:43.124,timeseries,3,Weather Report Extended v2,mlx-community/Llama-3.2-1B-Instruct-4bit,455.0,9857.0,0.0,0
2026-06-26T13:20:43.187,timeseries,3,Weather Report Extended v2,mlx-community/Llama-3.2-1B-Instruct-4bit,342.0,12074.0,0.0,0
2026-06-26T13:20:43.253,timeseries,3,Weather Report Extended v2,mlx-community/Llama-3.2-1B-Instruct-4bit,286.0,10243.0,0.0,0
2026-06-26T13:20:43.315,timeseries,3,Weather Report Extended v2,mlx-community/Llama-3.2-1B-Instruct-4bit,268.0,11643.0,0.0,0
2026-06-26T13:20:43.379,timeseries,3,Weather Report Extended v2,mlx-community/Llama-3.2-1B-Instruct-4bit,398.0,11332.0,0.0,0
2026-06-26T13:20:43.442,timeseries,3,Weather Report Extended v2,mlx-community/Llama-3.2-1B-Instruct-4bit,288.0,10291.0,0.0,0
2026-06-26T13:20:43.506,timeseries,3,Weather Report Extended v2,mlx-community/Llama-3.2-1B-Instruct-4bit,252.0,11703.0,0.0,0
2026-06-26T13:20:43.570,timeseries,3,Weather Report Extended v2,mlx-community/Llama-3.2-1B-Instruct-4bit,281.0,11532.0,0.0,0
2026-06-26T13:20:43.631,timeseries,3,Weather Report Extended v2,mlx-community/Llama-3.2-1B-Instruct-4bit,408.0,10113.0,0.0,0
2026-06-26T13:20:43.694,timeseries,3,Weather Report Extended v2,mlx-community/Llama-3.2-1B-Instruct-4bit,288.0,11832.0,0.0,0
2026-06-26T13:20:43.758,timeseries,3,Weather Report Extended v2,mlx-community/Llama-3.2-1B-Instruct-4bit,275.0,10498.0,0.0,0
2026-06-26T13:20:43.821,timeseries,3,Weather Report Extended v2,mlx-community/Llama-3.2-1B-Instruct-4bit,236.0,11641.0,0.0,0
2026-06-26T13:20:43.884,timeseries,3,Weather Report Extended v2,mlx-community/Llama-3.2-1B-Instruct-4bit,282.0,10227.0,0.0,0
2026-06-26T13:20:43.947,timeseries,3,Weather Report Extended v2,mlx-community/Llama-3.2-1B-Instruct-4bit,317.0,11723.0,0.0,0
2026-06-26T13:20:44.012,timeseries,3,Weather Report Extended v2,mlx-community/Llama-3.2-1B-Instruct-4bit,272.0,11803.0,0.0,0
2026-06-26T13:20:44.074,timeseries,3,Weather Report Extended v2,mlx-community/Llama-3.2-1B-Instruct-4bit,284.0,10158.0,0.0,0
2026-06-26T13:20:44.137,timeseries,3,Weather Report Extended v2,mlx-community/Llama-3.2-1B-Instruct-4bit,461.0,11419.0,0.0,0
2026-06-26T13:20:44.199,timeseries,3,Weather Report Extended v2,mlx-community/Llama-3.2-1B-Instruct-4bit,291.0,10429.0,0.0,0
2026-06-26T13:20:44.263,timeseries,3,Weather Report Extended v2,mlx-community/Llama-3.2-1B-Instruct-4bit,289.0,11861.0,0.0,0
2026-06-26T13:20:44.327,timeseries,3,Weather Report Extended v2,mlx-community/Llama-3.2-1B-Instruct-4bit,319.0,10379.0,0.0,0
2026-06-26T13:20:44.388,timeseries,3,Weather Report Extended v2,mlx-community/Llama-3.2-1B-Instruct-4bit,468.0,10817.0,0.0,0
2026-06-26T13:20:44.452,timeseries,3,Weather Report Extended v2,mlx-community/Llama-3.2-1B-Instruct-4bit,423.0,10033.0,0.0,0
2026-06-26T13:20:44.515,timeseries,3,Weather Report Extended v2,mlx-community/Llama-3.2-1B-Instruct-4bit,292.0,12006.0,0.0,0
2026-06-26T13:20:44.578,timeseries,3,Weather Report Extended v2,mlx-community/Llama-3.2-1B-Instruct-4bit,300.0,11633.0,0.0,0
2026-06-26T13:20:44.641,timeseries,3,Weather Report Extended v2,mlx-community/Llama-3.2-1B-Instruct-4bit,365.0,10246.0,0.0,0
2026-06-26T13:20:44.704,timeseries,3,Weather Report Extended v2,mlx-community/Llama-3.2-1B-Instruct-4bit,284.0,11742.0,0.0,0
2026-06-26T13:20:44.766,timeseries,3,Weather Report Extended v2,mlx-community/Llama-3.2-1B-Instruct-4bit,273.0,10326.0,0.0,0
2026-06-26T13:20:44.829,timeseries,3,Weather Report Extended v2,mlx-community/Llama-3.2-1B-Instruct-4bit,284.0,11699.0,0.0,0
2026-06-26T13:20:44.893,timeseries,3,Weather Report Extended v2,mlx-community/Llama-3.2-1B-Instruct-4bit,239.0,10397.0,0.0,0
2026-06-26T13:20:44.956,timeseries,3,Weather Report Extended v2,mlx-community/Llama-3.2-1B-Instruct-4bit,303.0,11766.0,0.0,0
2026-06-26T13:20:45.020,timeseries,3,Weather Report Extended v2,mlx-community/Llama-3.2-1B-Instruct-4bit,327.0,11482.0,0.0,0
2026-06-26T13:20:45.082,timeseries,3,Weather Report Extended v2,mlx-community/Llama-3.2-1B-Instruct-4bit,353.0,10393.0,0.0,0
2026-06-26T13:20:45.144,timeseries,3,Weather Report Extended v2,mlx-community/Llama-3.2-1B-Instruct-4bit,743.0,11339.0,0.0,0
2026-06-26T13:20:45.207,timeseries,3,Weather Report Extended v2,mlx-community/Llama-3.2-1B-Instruct-4bit,453.0,10582.0,0.0,0
2026-06-26T13:20:45.269,timeseries,3,Weather Report Extended v2,mlx-community/Llama-3.2-1B-Instruct-4bit,305.0,11841.0,0.0,0
2026-06-26T13:20:45.332,timeseries,3,Weather Report Extended v2,mlx-community/Llama-3.2-1B-Instruct-4bit,413.0,10297.0,0.0,0
2026-06-26T13:20:45.397,timeseries,3,Weather Report Extended v2,mlx-community/Llama-3.2-1B-Instruct-4bit,355.0,11912.0,0.0,0
2026-06-26T13:20:45.460,timeseries,3,Weather Report Extended v2,mlx-community/Llama-3.2-1B-Instruct-4bit,254.0,11717.0,0.0,0
2026-06-26T13:20:45.525,timeseries,3,Weather Report Extended v2,mlx-community/Llama-3.2-1B-Instruct-4bit,248.0,10089.0,0.0,0
2026-06-26T13:20:45.589,timeseries,3,Weather Report Extended v2,mlx-community/Llama-3.2-1B-Instruct-4bit,253.0,11719.0,0.0,0
2026-06-26T13:20:45.654,timeseries,3,Weather Report Extended v2,mlx-community/Llama-3.2-1B-Instruct-4bit,387.0,11464.0,0.0,0
2026-06-26T13:20:45.716,timeseries,3,Weather Report Extended v2,mlx-community/Llama-3.2-1B-Instruct-4bit,282.0,10145.0,0.0,0
2026-06-26T13:20:45.779,timeseries,3,Weather Report Extended v2,mlx-community/Llama-3.2-1B-Instruct-4bit,490.0,11260.0,0.0,0
2026-06-26T13:20:45.840,timeseries,3,Weather Report Extended v2,mlx-community/Llama-3.2-1B-Instruct-4bit,263.0,10660.0,0.0,0
2026-06-26T13:20:45.904,timeseries,3,Weather Report Extended v2,mlx-community/Llama-3.2-1B-Instruct-4bit,270.0,11768.0,0.0,0
2026-06-26T13:20:45.965,timeseries,3,Weather Report Extended v2,mlx-community/Llama-3.2-1B-Instruct-4bit,241.0,10429.0,0.0,0
2026-06-26T13:20:46.028,timeseries,3,Weather Report Extended v2,mlx-community/Llama-3.2-1B-Instruct-4bit,595.0,11438.0,0.0,0
2026-06-26T13:20:46.090,timeseries,3,Weather Report Extended v2,mlx-community/Llama-3.2-1B-Instruct-4bit,2165.0,10551.0,0.0,0
2026-06-26T13:20:46.154,timeseries,3,Weather Report Extended v2,mlx-community/Llama-3.2-1B-Instruct-4bit,1946.0,11834.0,0.0,0
2026-06-26T13:20:46.216,timeseries,3,Weather Report Extended v2,mlx-community/Llama-3.2-1B-Instruct-4bit,624.0,10404.0,0.0,0
2026-06-26T13:20:46.279,timeseries,3,Weather Report Extended v2,mlx-community/Llama-3.2-1B-Instruct-4bit,565.0,11666.0,0.0,0
2026-06-26T13:20:46.341,timeseries,3,Weather Report Extended v2,mlx-community/Llama-3.2-1B-Instruct-4bit,617.0,10534.0,0.0,0
2026-06-26T13:20:46.404,timeseries,3,Weather Report Extended v2,mlx-community/Llama-3.2-1B-Instruct-4bit,1092.0,11618.0,0.0,0
2026-06-26T13:20:46.466,timeseries,3,Weather Report Extended v2,mlx-community/Llama-3.2-1B-Instruct-4bit,2151.0,10433.0,0.0,0
2026-06-26T13:20:46.529,timeseries,3,Weather Report Extended v2,mlx-community/Llama-3.2-1B-Instruct-4bit,722.0,11838.0,0.0,0
2026-06-26T13:20:46.591,timeseries,3,Weather Report Extended v2,mlx-community/Llama-3.2-1B-Instruct-4bit,724.0,10455.0,0.0,0
2026-06-26T13:20:46.654,timeseries,3,Weather Report Extended v2,mlx-community/Llama-3.2-1B-Instruct-4bit,492.0,11851.0,0.0,0
2026-06-26T13:20:46.714,timeseries,3,Weather Report Extended v2,mlx-community/Llama-3.2-1B-Instruct-4bit,361.0,10658.0,0.0,0
2026-06-26T13:20:46.779,timeseries,3,Weather Report Extended v2,mlx-community/Llama-3.2-1B-Instruct-4bit,442.0,11641.0,0.0,0
2026-06-26T13:20:46.840,timeseries,3,Weather Report Extended v2,mlx-community/Llama-3.2-1B-Instruct-4bit,825.0,10521.0,0.0,0
2026-06-26T13:20:46.903,timeseries,3,Weather Report Extended v2,mlx-community/Llama-3.2-1B-Instruct-4bit,536.0,11248.0,0.0,0
2026-06-26T13:20:46.965,timeseries,3,Weather Report Extended v2,mlx-community/Llama-3.2-1B-Instruct-4bit,264.0,10693.0,0.0,0
2026-06-26T13:20:47.026,timeseries,3,Weather Report Extended v2,mlx-community/Llama-3.2-1B-Instruct-4bit,303.0,11805.0,0.0,0
2026-06-26T13:20:47.089,timeseries,3,Weather Report Extended v2,mlx-community/Llama-3.2-1B-Instruct-4bit,463.0,10419.0,0.0,0
2026-06-26T13:20:47.152,timeseries,3,Weather Report Extended v2,mlx-community/Llama-3.2-1B-Instruct-4bit,439.0,12118.0,0.0,0
2026-06-26T13:20:47.215,timeseries,3,Weather Report Extended v2,mlx-community/Llama-3.2-1B-Instruct-4bit,303.0,10413.0,0.0,0
2026-06-26T13:20:47.277,timeseries,3,Weather Report Extended v2,mlx-community/Llama-3.2-1B-Instruct-4bit,286.0,11831.0,0.0,0
2026-06-26T13:20:47.340,timeseries,3,Weather Report Extended v2,mlx-community/Llama-3.2-1B-Instruct-4bit,412.0,10193.0,0.0,0
2026-06-26T13:20:47.403,timeseries,3,Weather Report Extended v2,mlx-community/Llama-3.2-1B-Instruct-4bit,307.0,11985.0,0.0,0
2026-06-26T13:20:47.466,timeseries,3,Weather Report Extended v2,mlx-community/Llama-3.2-1B-Instruct-4bit,287.0,10415.0,0.0,0
2026-06-26T13:20:47.528,timeseries,3,Weather Report Extended v2,mlx-community/Llama-3.2-1B-Instruct-4bit,269.0,11678.0,0.0,0
2026-06-26T13:20:47.591,timeseries,3,Weather Report Extended v2,mlx-community/Llama-3.2-1B-Instruct-4bit,1253.0,10185.0,0.0,0
2026-06-26T13:20:47.652,timeseries,3,Weather Report Extended v2,mlx-community/Llama-3.2-1B-Instruct-4bit,1105.0,11904.0,0.0,0
2026-06-26T13:20:47.714,timeseries,3,Weather Report Extended v2,mlx-community/Llama-3.2-1B-Instruct-4bit,489.0,10623.0,0.0,0
2026-06-26T13:20:47.777,timeseries,3,Weather Report Extended v2,mlx-community/Llama-3.2-1B-Instruct-4bit,467.0,11923.0,0.0,0
2026-06-26T13:20:47.838,timeseries,3,Weather Report Extended v2,mlx-community/Llama-3.2-1B-Instruct-4bit,373.0,10609.0,0.0,0
2026-06-26T13:20:47.902,timeseries,3,Weather Report Extended v2,mlx-community/Llama-3.2-1B-Instruct-4bit,399.0,9635.0,0.0,0
2026-06-26T13:20:47.967,timeseries,3,Weather Report Extended v2,mlx-community/Llama-3.2-1B-Instruct-4bit,337.0,11722.0,0.0,0
2026-06-26T13:20:48.029,timeseries,3,Weather Report Extended v2,mlx-community/Llama-3.2-1B-Instruct-4bit,253.0,11703.0,0.0,0
2026-06-26T13:20:48.091,timeseries,3,Weather Report Extended v2,mlx-community/Llama-3.2-1B-Instruct-4bit,538.0,9964.0,0.0,0
2026-06-26T13:20:48.154,timeseries,3,Weather Report Extended v2,mlx-community/Llama-3.2-1B-Instruct-4bit,420.0,12032.0,0.0,0
2026-06-26T13:20:48.218,timeseries,3,Weather Report Extended v2,mlx-community/Llama-3.2-1B-Instruct-4bit,302.0,10411.0,0.0,0
2026-06-26T13:20:48.279,timeseries,3,Weather Report Extended v2,mlx-community/Llama-3.2-1B-Instruct-4bit,287.0,11826.0,0.0,0
2026-06-26T13:20:48.342,timeseries,3,Weather Report Extended v2,mlx-community/Llama-3.2-1B-Instruct-4bit,426.0,10237.0,0.0,0
2026-06-26T13:20:48.406,timeseries,3,Weather Report Extended v2,mlx-community/Llama-3.2-1B-Instruct-4bit,342.0,12078.0,0.0,0
2026-06-26T13:20:48.469,timeseries,3,Weather Report Extended v2,mlx-community/Llama-3.2-1B-Instruct-4bit,255.0,11845.0,0.0,0
2026-06-26T13:20:48.531,timeseries,3,Weather Report Extended v2,mlx-community/Llama-3.2-1B-Instruct-4bit,265.0,10165.0,0.0,0
2026-06-26T13:20:48.594,timeseries,3,Weather Report Extended v2,mlx-community/Llama-3.2-1B-Instruct-4bit,349.0,11783.0,0.0,0
2026-06-26T13:20:48.657,timeseries,3,Weather Report Extended v2,mlx-community/Llama-3.2-1B-Instruct-4bit,418.0,10507.0,0.0,0
2026-06-26T13:20:48.721,timeseries,3,Weather Report Extended v2,mlx-community/Llama-3.2-1B-Instruct-4bit,270.0,11844.0,0.0,0
2026-06-26T13:20:48.783,timeseries,3,Weather Report Extended v2,mlx-community/Llama-3.2-1B-Instruct-4bit,271.0,10319.0,0.0,0
2026-06-26T13:20:48.847,timeseries,3,Weather Report Extended v2,mlx-community/Llama-3.2-1B-Instruct-4bit,247.0,11480.0,0.0,0
2026-06-26T13:20:48.910,timeseries,3,Weather Report Extended v2,mlx-community/Llama-3.2-1B-Instruct-4bit,258.0,10575.0,0.0,0
2026-06-26T13:20:48.973,timeseries,3,Weather Report Extended v2,mlx-community/Llama-3.2-1B-Instruct-4bit,252.0,11701.0,0.0,0
2026-06-26T13:20:49.036,timeseries,3,Weather Report Extended v2,mlx-community/Llama-3.2-1B-Instruct-4bit,236.0,11679.0,0.0,0
2026-06-26T13:20:49.098,timeseries,3,Weather Report Extended v2,mlx-community/Llama-3.2-1B-Instruct-4bit,431.0,10205.0,0.0,0
2026-06-26T13:20:49.162,timeseries,3,Weather Report Extended v2,mlx-community/Llama-3.2-1B-Instruct-4bit,618.0,11765.0,0.0,0
2026-06-26T13:20:49.225,timeseries,3,Weather Report Extended v2,mlx-community/Llama-3.2-1B-Instruct-4bit,372.0,10489.0,0.0,0
2026-06-26T13:20:49.288,timeseries,3,Weather Report Extended v2,mlx-community/Llama-3.2-1B-Instruct-4bit,376.0,11572.0,0.0,0
2026-06-26T13:20:49.351,timeseries,3,Weather Report Extended v2,mlx-community/Llama-3.2-1B-Instruct-4bit,383.0,10281.0,0.0,0
2026-06-26T13:20:49.414,timeseries,3,Weather Report Extended v2,mlx-community/Llama-3.2-1B-Instruct-4bit,360.0,11579.0,0.0,0
2026-06-26T13:20:49.478,timeseries,3,Weather Report Extended v2,mlx-community/Llama-3.2-1B-Instruct-4bit,301.0,11801.0,0.0,0
2026-06-26T13:20:49.541,timeseries,3,Weather Report Extended v2,mlx-community/Llama-3.2-1B-Instruct-4bit,369.0,10368.0,0.0,0
2026-06-26T13:20:49.604,timeseries,3,Weather Report Extended v2,mlx-community/Llama-3.2-1B-Instruct-4bit,437.0,11520.0,0.0,0
2026-06-26T13:20:49.666,timeseries,3,Weather Report Extended v2,mlx-community/Llama-3.2-1B-Instruct-4bit,3210.0,10406.0,0.0,0
2026-06-26T13:20:49.728,timeseries,3,Weather Report Extended v2,mlx-community/Llama-3.2-1B-Instruct-4bit,5889.0,11905.0,0.0,0
2026-06-26T13:20:49.790,timeseries,3,Weather Report Extended v2,mlx-community/Llama-3.2-1B-Instruct-4bit,5821.0,10772.0,0.0,0
2026-06-26T13:20:49.852,timeseries,3,Weather Report Extended v2,mlx-community/Llama-3.2-1B-Instruct-4bit,5800.0,11934.0,0.0,0
2026-06-26T13:20:49.914,timeseries,3,Weather Report Extended v2,mlx-community/Llama-3.2-1B-Instruct-4bit,6134.0,10703.0,0.0,0
2026-06-26T13:20:49.978,timeseries,3,Weather Report Extended v2,mlx-community/Llama-3.2-1B-Instruct-4bit,3321.0,12118.0,0.0,0
2026-06-26T13:20:50.041,timeseries,3,Weather Report Extended v2,mlx-community/Llama-3.2-1B-Instruct-4bit,705.0,10399.0,0.0,0
2026-06-26T13:20:50.102,timeseries,3,Weather Report Extended v2,mlx-community/Llama-3.2-1B-Instruct-4bit,780.0,11642.0,0.0,0
2026-06-26T13:20:50.164,timeseries,3,Weather Report Extended v2,mlx-community/Llama-3.2-1B-Instruct-4bit,615.0,10544.0,0.0,0
2026-06-26T13:20:50.227,timeseries,3,Weather Report Extended v2,mlx-community/Llama-3.2-1B-Instruct-4bit,420.0,12159.0,0.0,0
2026-06-26T13:20:50.290,timeseries,3,Weather Report Extended v2,mlx-community/Llama-3.2-1B-Instruct-4bit,417.0,10397.0,0.0,0
2026-06-26T13:20:50.352,timeseries,3,Weather Report Extended v2,mlx-community/Llama-3.2-1B-Instruct-4bit,462.0,11789.0,0.0,0
2026-06-26T13:20:50.415,timeseries,3,Weather Report Extended v2,mlx-community/Llama-3.2-1B-Instruct-4bit,273.0,10480.0,0.0,0
2026-06-26T13:20:50.479,timeseries,3,Weather Report Extended v2,mlx-community/Llama-3.2-1B-Instruct-4bit,299.0,11741.0,0.0,0
2026-06-26T13:20:50.541,timeseries,3,Weather Report Extended v2,mlx-community/Llama-3.2-1B-Instruct-4bit,239.0,10444.0,0.0,0
2026-06-26T13:20:50.604,timeseries,3,Weather Report Extended v2,mlx-community/Llama-3.2-1B-Instruct-4bit,409.0,11666.0,0.0,0
2026-06-26T13:20:50.667,timeseries,3,Weather Report Extended v2,mlx-community/Llama-3.2-1B-Instruct-4bit,322.0,10511.0,0.0,0
2026-06-26T13:20:50.730,timeseries,3,Weather Report Extended v2,mlx-community/Llama-3.2-1B-Instruct-4bit,302.0,11862.0,0.0,0
2026-06-26T13:20:50.792,timeseries,3,Weather Report Extended v2,mlx-community/Llama-3.2-1B-Instruct-4bit,223.0,10402.0,0.0,0
2026-06-26T13:20:50.855,timeseries,3,Weather Report Extended v2,mlx-community/Llama-3.2-1B-Instruct-4bit,254.0,11848.0,0.0,0
2026-06-26T13:20:50.918,timeseries,3,Weather Report Extended v2,mlx-community/Llama-3.2-1B-Instruct-4bit,223.0,11870.0,0.0,0
2026-06-26T13:20:50.981,timeseries,3,Weather Report Extended v2,mlx-community/Llama-3.2-1B-Instruct-4bit,253.0,10319.0,0.0,0
2026-06-26T13:20:51.042,timeseries,3,Weather Report Extended v2,mlx-community/Llama-3.2-1B-Instruct-4bit,303.0,11866.0,0.0,0
2026-06-26T13:20:51.106,timeseries,3,Weather Report Extended v2,mlx-community/Llama-3.2-1B-Instruct-4bit,387.0,10418.0,0.0,0
2026-06-26T13:20:51.167,timeseries,3,Weather Report Extended v2,mlx-community/Llama-3.2-1B-Instruct-4bit,307.0,12175.0,0.0,0
2026-06-26T13:20:51.230,timeseries,3,Weather Report Extended v2,mlx-community/Llama-3.2-1B-Instruct-4bit,304.0,10337.0,0.0,0
2026-06-26T13:20:51.294,timeseries,3,Weather Report Extended v2,mlx-community/Llama-3.2-1B-Instruct-4bit,305.0,10482.0,0.0,0
2026-06-26T13:20:51.356,timeseries,3,Weather Report Extended v2,mlx-community/Llama-3.2-1B-Instruct-4bit,382.0,11799.0,0.0,0
2026-06-26T13:20:51.417,timeseries,3,Weather Report Extended v2,mlx-community/Llama-3.2-1B-Instruct-4bit,298.0,11078.0,0.0,0
2026-06-26T13:20:51.480,timeseries,3,Weather Report Extended v2,mlx-community/Llama-3.2-1B-Instruct-4bit,562.0,10002.0,0.0,0
2026-06-26T13:20:51.543,timeseries,3,Weather Report Extended v2,mlx-community/Llama-3.2-1B-Instruct-4bit,2414.0,10489.0,0.0,0
2026-06-26T13:20:51.606,timeseries,3,Weather Report Extended v2,mlx-community/Llama-3.2-1B-Instruct-4bit,1049.0,11797.0,0.0,0
2026-06-26T13:20:51.671,timeseries,3,Weather Report Extended v2,mlx-community/Llama-3.2-1B-Instruct-4bit,682.0,11898.0,0.0,0
2026-06-26T13:20:51.731,timeseries,3,Weather Report Extended v2,mlx-community/Llama-3.2-1B-Instruct-4bit,478.0,10333.0,0.0,0
2026-06-26T13:20:51.795,timeseries,3,Weather Report Extended v2,mlx-community/Llama-3.2-1B-Instruct-4bit,482.0,11603.0,0.0,0
2026-06-26T13:20:51.857,timeseries,3,Weather Report Extended v2,mlx-community/Llama-3.2-1B-Instruct-4bit,329.0,10716.0,0.0,0
2026-06-26T13:20:51.921,timeseries,3,Weather Report Extended v2,mlx-community/Llama-3.2-1B-Instruct-4bit,251.0,11728.0,0.0,0
2026-06-26T13:20:51.983,timeseries,3,Weather Report Extended v2,mlx-community/Llama-3.2-1B-Instruct-4bit,239.0,10408.0,0.0,0
2026-06-26T13:20:52.046,timeseries,3,Weather Report Extended v2,mlx-community/Llama-3.2-1B-Instruct-4bit,270.0,11790.0,0.0,0
2026-06-26T13:20:52.109,timeseries,3,Weather Report Extended v2,mlx-community/Llama-3.2-1B-Instruct-4bit,349.0,10325.0,0.0,0
2026-06-26T13:20:52.172,timeseries,3,Weather Report Extended v2,mlx-community/Llama-3.2-1B-Instruct-4bit,336.0,11955.0,0.0,0
2026-06-26T13:20:52.235,timeseries,3,Weather Report Extended v2,mlx-community/Llama-3.2-1B-Instruct-4bit,271.0,10461.0,0.0,0
2026-06-26T13:20:52.297,timeseries,3,Weather Report Extended v2,mlx-community/Llama-3.2-1B-Instruct-4bit,302.0,11801.0,0.0,0
2026-06-26T13:20:52.362,timeseries,3,Weather Report Extended v2,mlx-community/Llama-3.2-1B-Instruct-4bit,410.0,11774.0,0.0,0
2026-06-26T13:20:52.425,timeseries,3,Weather Report Extended v2,mlx-community/Llama-3.2-1B-Instruct-4bit,274.0,10446.0,0.0,0
2026-06-26T13:20:52.488,timeseries,3,Weather Report Extended v2,mlx-community/Llama-3.2-1B-Instruct-4bit,324.0,11474.0,0.0,0
2026-06-26T13:20:52.550,timeseries,3,Weather Report Extended v2,mlx-community/Llama-3.2-1B-Instruct-4bit,287.0,10338.0,0.0,0
2026-06-26T13:20:52.613,timeseries,3,Weather Report Extended v2,mlx-community/Llama-3.2-1B-Instruct-4bit,380.0,11774.0,0.0,0
2026-06-26T13:20:52.676,timeseries,3,Weather Report Extended v2,mlx-community/Llama-3.2-1B-Instruct-4bit,289.0,10476.0,0.0,0
2026-06-26T13:20:52.740,timeseries,3,Weather Report Extended v2,mlx-community/Llama-3.2-1B-Instruct-4bit,286.0,11901.0,0.0,0
2026-06-26T13:20:52.803,timeseries,3,Weather Report Extended v2,mlx-community/Llama-3.2-1B-Instruct-4bit,254.0,11875.0,0.0,0
2026-06-26T13:20:52.865,timeseries,3,Weather Report Extended v2,mlx-community/Llama-3.2-1B-Instruct-4bit,252.0,10191.0,0.0,0
2026-06-26T13:20:52.929,timeseries,3,Weather Report Extended v2,mlx-community/Llama-3.2-1B-Instruct-4bit,253.0,11891.0,0.0,0
2026-06-26T13:20:52.994,timeseries,3,Weather Report Extended v2,mlx-community/Llama-3.2-1B-Instruct-4bit,226.0,10447.0,0.0,0
2026-06-26T13:20:53.056,timeseries,3,Weather Report Extended v2,mlx-community/Llama-3.2-1B-Instruct-4bit,279.0,11584.0,0.0,0
2026-06-26T13:20:53.119,timeseries,3,Weather Report Extended v2,mlx-community/Llama-3.2-1B-Instruct-4bit,563.0,11469.0,0.0,0
2026-06-26T13:20:53.182,timeseries,3,Weather Report Extended v2,mlx-community/Llama-3.2-1B-Instruct-4bit,349.0,10437.0,0.0,0
2026-06-26T13:20:53.245,timeseries,3,Weather Report Extended v2,mlx-community/Llama-3.2-1B-Instruct-4bit,269.0,11799.0,0.0,0
2026-06-26T13:20:53.308,timeseries,3,Weather Report Extended v2,mlx-community/Llama-3.2-1B-Instruct-4bit,303.0,10368.0,0.0,0
2026-06-26T13:20:53.371,timeseries,3,Weather Report Extended v2,mlx-community/Llama-3.2-1B-Instruct-4bit,521.0,11721.0,0.0,0
2026-06-26T13:20:53.435,timeseries,3,Weather Report Extended v2,mlx-community/Llama-3.2-1B-Instruct-4bit,336.0,10472.0,0.0,0
2026-06-26T13:20:53.497,timeseries,3,Weather Report Extended v2,mlx-community/Llama-3.2-1B-Instruct-4bit,238.0,11826.0,0.0,0
2026-06-26T13:20:53.560,timeseries,3,Weather Report Extended v2,mlx-community/Llama-3.2-1B-Instruct-4bit,251.0,11739.0,0.0,0
2026-06-26T13:20:53.622,timeseries,3,Weather Report Extended v2,mlx-community/Llama-3.2-1B-Instruct-4bit,417.0,10466.0,0.0,0
2026-06-26T13:20:53.685,timeseries,3,Weather Report Extended v2,mlx-community/Llama-3.2-1B-Instruct-4bit,304.0,10577.0,0.0,0
2026-06-26T13:20:53.749,timeseries,3,Weather Report Extended v2,mlx-community/Llama-3.2-1B-Instruct-4bit,257.0,11948.0,0.0,0
2026-06-26T13:20:53.813,timeseries,3,Weather Report Extended v2,mlx-community/Llama-3.2-1B-Instruct-4bit,220.0,11682.0,0.0,0
2026-06-26T13:20:53.877,timeseries,3,Weather Report Extended v2,mlx-community/Llama-3.2-1B-Instruct-4bit,282.0,10269.0,0.0,0
2026-06-26T13:20:53.940,timeseries,3,Weather Report Extended v2,mlx-community/Llama-3.2-1B-Instruct-4bit,251.0,11633.0,0.0,0
2026-06-26T13:20:54.003,timeseries,3,Weather Report Extended v2,mlx-community/Llama-3.2-1B-Instruct-4bit,234.0,11626.0,0.0,0
2026-06-26T13:20:54.065,timeseries,3,Weather Report Extended v2,mlx-community/Llama-3.2-1B-Instruct-4bit,287.0,10472.0,0.0,0
2026-06-26T13:20:54.129,timeseries,3,Weather Report Extended v2,mlx-community/Llama-3.2-1B-Instruct-4bit,456.0,11632.0,0.0,0
2026-06-26T13:20:54.191,timeseries,3,Weather Report Extended v2,mlx-community/Llama-3.2-1B-Instruct-4bit,292.0,10675.0,0.0,0
2026-06-26T13:20:54.255,timeseries,3,Weather Report Extended v2,mlx-community/Llama-3.2-1B-Instruct-4bit,237.0,11842.0,0.0,0
2026-06-26T13:20:54.317,timeseries,3,Weather Report Extended v2,mlx-community/Llama-3.2-1B-Instruct-4bit,272.0,10482.0,0.0,0
2026-06-26T13:20:54.380,timeseries,3,Weather Report Extended v2,mlx-community/Llama-3.2-1B-Instruct-4bit,481.0,11497.0,0.0,0
2026-06-26T13:20:54.443,timeseries,3,Weather Report Extended v2,mlx-community/Llama-3.2-1B-Instruct-4bit,276.0,10605.0,0.0,0
2026-06-26T13:20:54.507,timeseries,3,Weather Report Extended v2,mlx-community/Llama-3.2-1B-Instruct-4bit,240.0,11908.0,0.0,0
2026-06-26T13:20:54.569,timeseries,3,Weather Report Extended v2,mlx-community/Llama-3.2-1B-Instruct-4bit,234.0,11717.0,0.0,0
2026-06-26T13:20:54.631,timeseries,3,Weather Report Extended v2,mlx-community/Llama-3.2-1B-Instruct-4bit,535.0,10204.0,0.0,0
2026-06-26T13:20:54.694,timeseries,3,Weather Report Extended v2,mlx-community/Llama-3.2-1B-Instruct-4bit,357.0,12266.0,0.0,0
2026-06-26T13:20:54.756,timeseries,3,Weather Report Extended v2,mlx-community/Llama-3.2-1B-Instruct-4bit,304.0,10400.0,0.0,0
2026-06-26T13:20:54.820,timeseries,3,Weather Report Extended v2,mlx-community/Llama-3.2-1B-Instruct-4bit,301.0,11932.0,0.0,0
2026-06-26T13:20:54.883,timeseries,3,Weather Report Extended v2,mlx-community/Llama-3.2-1B-Instruct-4bit,273.0,10411.0,0.0,0
2026-06-26T13:20:54.945,timeseries,3,Weather Report Extended v2,mlx-community/Llama-3.2-1B-Instruct-4bit,267.0,11853.0,0.0,0
2026-06-26T13:20:55.008,timeseries,3,Weather Report Extended v2,mlx-community/Llama-3.2-1B-Instruct-4bit,382.0,9416.0,0.0,0
2026-06-26T13:20:55.070,timeseries,3,Weather Report Extended v2,mlx-community/Llama-3.2-1B-Instruct-4bit,384.0,12054.0,0.0,0
2026-06-26T13:20:55.132,timeseries,3,Weather Report Extended v2,mlx-community/Llama-3.2-1B-Instruct-4bit,602.0,10317.0,0.0,0
2026-06-26T13:20:55.195,timeseries,3,Weather Report Extended v2,mlx-community/Llama-3.2-1B-Instruct-4bit,441.0,12339.0,0.0,0
2026-06-26T13:20:55.260,timeseries,3,Weather Report Extended v2,mlx-community/Llama-3.2-1B-Instruct-4bit,291.0,10710.0,0.0,0
2026-06-26T13:20:55.323,timeseries,3,Weather Report Extended v2,mlx-community/Llama-3.2-1B-Instruct-4bit,284.0,11811.0,0.0,0
2026-06-26T13:20:55.386,timeseries,3,Weather Report Extended v2,mlx-community/Llama-3.2-1B-Instruct-4bit,357.0,11704.0,0.0,0
2026-06-26T13:20:55.449,timeseries,3,Weather Report Extended v2,mlx-community/Llama-3.2-1B-Instruct-4bit,349.0,10415.0,0.0,0
2026-06-26T13:20:55.513,timeseries,3,Weather Report Extended v2,mlx-community/Llama-3.2-1B-Instruct-4bit,251.0,11799.0,0.0,0
2026-06-26T13:20:55.576,timeseries,3,Weather Report Extended v2,mlx-community/Llama-3.2-1B-Instruct-4bit,253.0,10515.0,0.0,0
2026-06-26T13:20:55.639,timeseries,3,Weather Report Extended v2,mlx-community/Llama-3.2-1B-Instruct-4bit,413.0,11892.0,0.0,0
2026-06-26T13:20:55.702,timeseries,3,Weather Report Extended v2,mlx-community/Llama-3.2-1B-Instruct-4bit,284.0,11946.0,0.0,0
2026-06-26T13:20:55.763,timeseries,3,Weather Report Extended v2,mlx-community/Llama-3.2-1B-Instruct-4bit,363.0,10373.0,0.0,0
2026-06-26T13:20:55.827,timeseries,3,Weather Report Extended v2,mlx-community/Llama-3.2-1B-Instruct-4bit,307.0,10708.0,0.0,0
2026-06-26T13:20:55.890,timeseries,3,Weather Report Extended v2,mlx-community/Llama-3.2-1B-Instruct-4bit,290.0,12139.0,0.0,0
2026-06-26T13:20:55.953,timeseries,3,Weather Report Extended v2,mlx-community/Llama-3.2-1B-Instruct-4bit,251.0,11812.0,0.0,0
2026-06-26T13:20:56.017,timeseries,3,Weather Report Extended v2,mlx-community/Llama-3.2-1B-Instruct-4bit,271.0,10507.0,0.0,0
2026-06-26T13:20:56.079,timeseries,3,Weather Report Extended v2,mlx-community/Llama-3.2-1B-Instruct-4bit,268.0,11831.0,0.0,0
2026-06-26T13:20:56.143,timeseries,3,Weather Report Extended v2,mlx-community/Llama-3.2-1B-Instruct-4bit,414.0,10519.0,0.0,0
2026-06-26T13:20:56.206,timeseries,3,Weather Report Extended v2,mlx-community/Llama-3.2-1B-Instruct-4bit,286.0,11973.0,0.0,0
2026-06-26T13:20:56.268,timeseries,3,Weather Report Extended v2,mlx-community/Llama-3.2-1B-Instruct-4bit,268.0,11842.0,0.0,0
2026-06-26T13:20:56.331,timeseries,3,Weather Report Extended v2,mlx-community/Llama-3.2-1B-Instruct-4bit,396.0,10415.0,0.0,0
2026-06-26T13:20:56.394,timeseries,3,Weather Report Extended v2,mlx-community/Llama-3.2-1B-Instruct-4bit,304.0,12083.0,0.0,0
2026-06-26T13:20:56.456,timeseries,3,Weather Report Extended v2,mlx-community/Llama-3.2-1B-Instruct-4bit,333.0,10465.0,0.0,0
2026-06-26T13:20:56.522,timeseries,3,Weather Report Extended v2,mlx-community/Llama-3.2-1B-Instruct-4bit,243.0,12238.0,0.0,0
2026-06-26T13:20:56.584,timeseries,3,Weather Report Extended v2,mlx-community/Llama-3.2-1B-Instruct-4bit,284.0,10371.0,0.0,0
2026-06-26T13:20:56.646,timeseries,3,Weather Report Extended v2,mlx-community/Llama-3.2-1B-Instruct-4bit,673.0,11472.0,0.0,0
2026-06-26T13:20:56.709,timeseries,3,Weather Report Extended v2,mlx-community/Llama-3.2-1B-Instruct-4bit,2378.0,10462.0,0.0,0
2026-06-26T13:20:56.771,timeseries,3,Weather Report Extended v2,mlx-community/Llama-3.2-1B-Instruct-4bit,786.0,12094.0,0.0,0
2026-06-26T13:20:56.833,timeseries,3,Weather Report Extended v2,mlx-community/Llama-3.2-1B-Instruct-4bit,1249.0,10486.0,0.0,0
2026-06-26T13:20:56.896,timeseries,3,Weather Report Extended v2,mlx-community/Llama-3.2-1B-Instruct-4bit,561.0,12078.0,0.0,0
2026-06-26T13:20:56.958,timeseries,3,Weather Report Extended v2,mlx-community/Llama-3.2-1B-Instruct-4bit,435.0,10704.0,0.0,0
2026-06-26T13:20:57.020,timeseries,3,Weather Report Extended v2,mlx-community/Llama-3.2-1B-Instruct-4bit,445.0,11943.0,0.0,0
2026-06-26T13:20:57.082,timeseries,3,Weather Report Extended v2,mlx-community/Llama-3.2-1B-Instruct-4bit,343.0,10839.0,0.0,0
2026-06-26T13:20:57.144,timeseries,3,Weather Report Extended v2,mlx-community/Llama-3.2-1B-Instruct-4bit,543.0,12036.0,0.0,0
2026-06-26T13:20:57.207,timeseries,3,Weather Report Extended v2,mlx-community/Llama-3.2-1B-Instruct-4bit,326.0,10825.0,0.0,0
2026-06-26T13:20:57.269,timeseries,3,Weather Report Extended v2,mlx-community/Llama-3.2-1B-Instruct-4bit,335.0,11854.0,0.0,0
2026-06-26T13:20:57.332,timeseries,3,Weather Report Extended v2,mlx-community/Llama-3.2-1B-Instruct-4bit,402.0,10479.0,0.0,0
2026-06-26T13:20:57.395,timeseries,3,Weather Report Extended v2,mlx-community/Llama-3.2-1B-Instruct-4bit,339.0,12125.0,0.0,0
2026-06-26T13:20:57.458,timeseries,3,Weather Report Extended v2,mlx-community/Llama-3.2-1B-Instruct-4bit,284.0,10336.0,0.0,0
2026-06-26T13:20:57.522,timeseries,3,Weather Report Extended v2,mlx-community/Llama-3.2-1B-Instruct-4bit,334.0,11958.0,0.0,0
2026-06-26T13:20:57.583,timeseries,3,Weather Report Extended v2,mlx-community/Llama-3.2-1B-Instruct-4bit,349.0,10399.0,0.0,0
2026-06-26T13:20:57.646,timeseries,3,Weather Report Extended v2,mlx-community/Llama-3.2-1B-Instruct-4bit,1313.0,11676.0,0.0,0
2026-06-26T13:20:57.708,timeseries,3,Weather Report Extended v2,mlx-community/Llama-3.2-1B-Instruct-4bit,1069.0,10662.0,0.0,0
2026-06-26T13:20:57.771,timeseries,3,Weather Report Extended v2,mlx-community/Llama-3.2-1B-Instruct-4bit,542.0,11948.0,0.0,0
2026-06-26T13:20:57.833,timeseries,3,Weather Report Extended v2,mlx-community/Llama-3.2-1B-Instruct-4bit,402.0,10504.0,0.0,0
2026-06-26T13:20:57.897,timeseries,3,Weather Report Extended v2,mlx-community/Llama-3.2-1B-Instruct-4bit,368.0,12019.0,0.0,0
2026-06-26T13:20:57.960,timeseries,3,Weather Report Extended v2,mlx-community/Llama-3.2-1B-Instruct-4bit,273.0,10578.0,0.0,0
2026-06-26T13:20:58.026,timeseries,3,Weather Report Extended v2,mlx-community/Llama-3.2-1B-Instruct-4bit,282.0,11643.0,0.0,0
2026-06-26T13:20:58.088,timeseries,3,Weather Report Extended v2,mlx-community/Llama-3.2-1B-Instruct-4bit,253.0,11909.0,0.0,0
2026-06-26T13:20:58.151,timeseries,3,Weather Report Extended v2,mlx-community/Llama-3.2-1B-Instruct-4bit,491.0,10075.0,0.0,0
2026-06-26T13:20:58.214,timeseries,3,Weather Report Extended v2,mlx-community/Llama-3.2-1B-Instruct-4bit,366.0,11905.0,0.0,0
2026-06-26T13:20:58.275,timeseries,3,Weather Report Extended v2,mlx-community/Llama-3.2-1B-Instruct-4bit,286.0,11928.0,0.0,0
2026-06-26T13:20:58.339,timeseries,3,Weather Report Extended v2,mlx-community/Llama-3.2-1B-Instruct-4bit,367.0,10463.0,0.0,0
2026-06-26T13:20:58.403,timeseries,3,Weather Report Extended v2,mlx-community/Llama-3.2-1B-Instruct-4bit,292.0,12159.0,0.0,0
2026-06-26T13:20:58.466,timeseries,3,Weather Report Extended v2,mlx-community/Llama-3.2-1B-Instruct-4bit,236.0,10362.0,0.0,0
2026-06-26T13:20:58.529,timeseries,3,Weather Report Extended v2,mlx-community/Llama-3.2-1B-Instruct-4bit,251.0,11777.0,0.0,0
2026-06-26T13:20:58.590,timeseries,3,Weather Report Extended v2,mlx-community/Llama-3.2-1B-Instruct-4bit,649.0,9475.0,0.0,0
2026-06-26T13:20:58.653,timeseries,3,Weather Report Extended v2,mlx-community/Llama-3.2-1B-Instruct-4bit,462.0,12071.0,0.0,0
2026-06-26T13:20:58.716,timeseries,3,Weather Report Extended v2,mlx-community/Llama-3.2-1B-Instruct-4bit,292.0,10776.0,0.0,0
2026-06-26T13:20:58.779,timeseries,3,Weather Report Extended v2,mlx-community/Llama-3.2-1B-Instruct-4bit,285.0,11975.0,0.0,0
2026-06-26T13:20:58.842,timeseries,3,Weather Report Extended v2,mlx-community/Llama-3.2-1B-Instruct-4bit,256.0,10595.0,0.0,0
2026-06-26T13:20:58.906,timeseries,3,Weather Report Extended v2,mlx-community/Llama-3.2-1B-Instruct-4bit,252.0,11975.0,0.0,0
2026-06-26T13:20:58.969,timeseries,3,Weather Report Extended v2,mlx-community/Llama-3.2-1B-Instruct-4bit,207.0,12013.0,0.0,0
2026-06-26T13:20:59.031,timeseries,3,Weather Report Extended v2,mlx-community/Llama-3.2-1B-Instruct-4bit,251.0,10397.0,0.0,0
2026-06-26T13:20:59.094,timeseries,3,Weather Report Extended v2,mlx-community/Llama-3.2-1B-Instruct-4bit,351.0,11994.0,0.0,0
2026-06-26T13:20:59.157,timeseries,3,Weather Report Extended v2,mlx-community/Llama-3.2-1B-Instruct-4bit,352.0,10634.0,0.0,0
2026-06-26T13:20:59.221,timeseries,3,Weather Report Extended v2,mlx-community/Llama-3.2-1B-Instruct-4bit,238.0,11966.0,0.0,0
2026-06-26T13:20:59.285,timeseries,3,Weather Report Extended v2,mlx-community/Llama-3.2-1B-Instruct-4bit,254.0,10529.0,0.0,0
2026-06-26T13:20:59.347,timeseries,3,Weather Report Extended v2,mlx-community/Llama-3.2-1B-Instruct-4bit,390.0,11680.0,0.0,0
2026-06-26T13:20:59.411,timeseries,3,Weather Report Extended v2,mlx-community/Llama-3.2-1B-Instruct-4bit,320.0,10611.0,0.0,0
2026-06-26T13:20:59.474,timeseries,3,Weather Report Extended v2,mlx-community/Llama-3.2-1B-Instruct-4bit,238.0,12018.0,0.0,0
2026-06-26T13:20:59.537,timeseries,3,Weather Report Extended v2,mlx-community/Llama-3.2-1B-Instruct-4bit,233.0,11739.0,0.0,0
2026-06-26T13:20:59.601,timeseries,3,Weather Report Extended v2,mlx-community/Llama-3.2-1B-Instruct-4bit,490.0,10407.0,0.0,0
2026-06-26T13:20:59.664,timeseries,3,Weather Report Extended v2,mlx-community/Llama-3.2-1B-Instruct-4bit,410.0,11934.0,0.0,0
2026-06-26T13:20:59.727,timeseries,3,Weather Report Extended v2,mlx-community/Llama-3.2-1B-Instruct-4bit,252.0,10493.0,0.0,0
2026-06-26T13:20:59.789,timeseries,3,Weather Report Extended v2,mlx-community/Llama-3.2-1B-Instruct-4bit,271.0,12023.0,0.0,0
2026-06-26T13:20:59.853,timeseries,3,Weather Report Extended v2,mlx-community/Llama-3.2-1B-Instruct-4bit,254.0,11927.0,0.0,0
2026-06-26T13:20:59.916,timeseries,3,Weather Report Extended v2,mlx-community/Llama-3.2-1B-Instruct-4bit,240.0,10627.0,0.0,0
2026-06-26T13:20:59.980,timeseries,3,Weather Report Extended v2,mlx-community/Llama-3.2-1B-Instruct-4bit,236.0,11834.0,0.0,0
2026-06-26T13:21:00.043,timeseries,3,Weather Report Extended v2,mlx-community/Llama-3.2-1B-Instruct-4bit,253.0,10508.0,0.0,0
2026-06-26T13:21:00.106,timeseries,3,Weather Report Extended v2,mlx-community/Llama-3.2-1B-Instruct-4bit,360.0,11785.0,0.0,0
2026-06-26T13:21:00.168,timeseries,3,Weather Report Extended v2,mlx-community/Llama-3.2-1B-Instruct-4bit,367.0,12160.0,0.0,0
2026-06-26T13:21:00.230,timeseries,3,Weather Report Extended v2,mlx-community/Llama-3.2-1B-Instruct-4bit,242.0,10686.0,0.0,0
2026-06-26T13:21:00.293,timeseries,3,Weather Report Extended v2,mlx-community/Llama-3.2-1B-Instruct-4bit,254.0,11995.0,0.0,0
2026-06-26T13:21:00.356,timeseries,3,Weather Report Extended v2,mlx-community/Llama-3.2-1B-Instruct-4bit,638.0,10443.0,0.0,0
2026-06-26T13:21:00.420,timeseries,3,Weather Report Extended v2,mlx-community/Llama-3.2-1B-Instruct-4bit,302.0,12095.0,0.0,0
2026-06-26T13:21:00.482,timeseries,3,Weather Report Extended v2,mlx-community/Llama-3.2-1B-Instruct-4bit,255.0,10544.0,0.0,0
2026-06-26T13:21:00.545,timeseries,3,Weather Report Extended v2,mlx-community/Llama-3.2-1B-Instruct-4bit,252.0,11921.0,0.0,0
2026-06-26T13:21:00.607,timeseries,3,Weather Report Extended v2,mlx-community/Llama-3.2-1B-Instruct-4bit,383.0,10536.0,0.0,0
2026-06-26T13:21:00.671,timeseries,3,Weather Report Extended v2,mlx-community/Llama-3.2-1B-Instruct-4bit,443.0,12014.0,0.0,0
2026-06-26T13:21:00.733,timeseries,3,Weather Report Extended v2,mlx-community/Llama-3.2-1B-Instruct-4bit,290.0,10616.0,0.0,0
2026-06-26T13:21:00.797,timeseries,3,Weather Report Extended v2,mlx-community/Llama-3.2-1B-Instruct-4bit,287.0,12145.0,0.0,0
2026-06-26T13:21:00.860,timeseries,3,Weather Report Extended v2,mlx-community/Llama-3.2-1B-Instruct-4bit,238.0,10510.0,0.0,0
2026-06-26T13:21:00.924,timeseries,3,Weather Report Extended v2,mlx-community/Llama-3.2-1B-Instruct-4bit,268.0,11958.0,0.0,0
2026-06-26T13:21:00.987,timeseries,3,Weather Report Extended v2,mlx-community/Llama-3.2-1B-Instruct-4bit,236.0,11976.0,0.0,0
2026-06-26T13:21:01.048,timeseries,3,Weather Report Extended v2,mlx-community/Llama-3.2-1B-Instruct-4bit,240.0,10516.0,0.0,0
2026-06-26T13:21:01.109,timeseries,3,Weather Report Extended v2,mlx-community/Llama-3.2-1B-Instruct-4bit,465.0,11570.0,0.0,0
2026-06-26T13:21:01.173,timeseries,3,Weather Report Extended v2,mlx-community/Llama-3.2-1B-Instruct-4bit,416.0,10969.0,0.0,0
2026-06-26T13:21:01.238,timeseries,3,Weather Report Extended v2,mlx-community/Llama-3.2-1B-Instruct-4bit,258.0,12158.0,0.0,0
2026-06-26T13:21:01.301,timeseries,3,Weather Report Extended v2,mlx-community/Llama-3.2-1B-Instruct-4bit,299.0,10336.0,0.0,0
2026-06-26T13:21:01.364,timeseries,3,Weather Report Extended v2,mlx-community/Llama-3.2-1B-Instruct-4bit,370.0,11535.0,0.0,0
2026-06-26T13:21:01.428,timeseries,3,Weather Report Extended v2,mlx-community/Llama-3.2-1B-Instruct-4bit,316.0,10367.0,0.0,0
2026-06-26T13:21:01.491,timeseries,3,Weather Report Extended v2,mlx-community/Llama-3.2-1B-Instruct-4bit,256.0,12062.0,0.0,0
2026-06-26T13:21:01.554,timeseries,3,Weather Report Extended v2,mlx-community/Llama-3.2-1B-Instruct-4bit,262.0,11605.0,0.0,0
2026-06-26T13:21:01.617,timeseries,3,Weather Report Extended v2,mlx-community/Llama-3.2-1B-Instruct-4bit,382.0,10450.0,0.0,0
2026-06-26T13:21:01.678,timeseries,3,Weather Report Extended v2,mlx-community/Llama-3.2-1B-Instruct-4bit,350.0,11953.0,0.0,0
2026-06-26T13:21:01.741,timeseries,3,Weather Report Extended v2,mlx-community/Llama-3.2-1B-Instruct-4bit,484.0,10592.0,0.0,0
2026-06-26T13:21:01.802,timeseries,3,Weather Report Extended v2,mlx-community/Llama-3.2-1B-Instruct-4bit,2419.0,11948.0,0.0,0
2026-06-26T13:21:01.864,timeseries,3,Weather Report Extended v2,mlx-community/Llama-3.2-1B-Instruct-4bit,689.0,10444.0,0.0,0
2026-06-26T13:21:01.928,timeseries,3,Weather Report Extended v2,mlx-community/Llama-3.2-1B-Instruct-4bit,599.0,12183.0,0.0,0
2026-06-26T13:21:01.990,timeseries,3,Weather Report Extended v2,mlx-community/Llama-3.2-1B-Instruct-4bit,434.0,10584.0,0.0,0
2026-06-26T13:21:02.054,timeseries,3,Weather Report Extended v2,mlx-community/Llama-3.2-1B-Instruct-4bit,395.0,11835.0,0.0,0
2026-06-26T13:21:02.114,timeseries,3,Weather Report Extended v2,mlx-community/Llama-3.2-1B-Instruct-4bit,496.0,10491.0,0.0,0
2026-06-26T13:21:02.178,timeseries,3,Weather Report Extended v2,mlx-community/Llama-3.2-1B-Instruct-4bit,629.0,11056.0,0.0,0
2026-06-26T13:21:02.241,timeseries,3,Weather Report Extended v2,mlx-community/Llama-3.2-1B-Instruct-4bit,362.0,11121.0,0.0,0
2026-06-26T13:21:02.304,timeseries,3,Weather Report Extended v2,mlx-community/Llama-3.2-1B-Instruct-4bit,302.0,12261.0,0.0,0
2026-06-26T13:21:02.367,timeseries,3,Weather Report Extended v2,mlx-community/Llama-3.2-1B-Instruct-4bit,407.0,10578.0,0.0,0
2026-06-26T13:21:02.431,timeseries,3,Weather Report Extended v2,mlx-community/Llama-3.2-1B-Instruct-4bit,287.0,12344.0,0.0,0
2026-06-26T13:21:02.495,timeseries,3,Weather Report Extended v2,mlx-community/Llama-3.2-1B-Instruct-4bit,300.0,12227.0,0.0,0
2026-06-26T13:21:02.557,timeseries,3,Weather Report Extended v2,mlx-community/Llama-3.2-1B-Instruct-4bit,235.0,10674.0,0.0,0
2026-06-26T13:21:02.621,timeseries,3,Weather Report Extended v2,mlx-community/Llama-3.2-1B-Instruct-4bit,437.0,11969.0,0.0,0
2026-06-26T13:21:02.684,timeseries,3,Weather Report Extended v2,mlx-community/Llama-3.2-1B-Instruct-4bit,305.0,10891.0,0.0,0
2026-06-26T13:21:02.747,timeseries,3,Weather Report Extended v2,mlx-community/Llama-3.2-1B-Instruct-4bit,314.0,12132.0,0.0,0
2026-06-26T13:21:02.810,timeseries,3,Weather Report Extended v2,mlx-community/Llama-3.2-1B-Instruct-4bit,286.0,10769.0,0.0,0
2026-06-26T13:21:02.873,timeseries,3,Weather Report Extended v2,mlx-community/Llama-3.2-1B-Instruct-4bit,239.0,12369.0,0.0,0
2026-06-26T13:21:02.935,timeseries,3,Weather Report Extended v2,mlx-community/Llama-3.2-1B-Instruct-4bit,237.0,12259.0,0.0,0
2026-06-26T13:21:02.998,timeseries,3,Weather Report Extended v2,mlx-community/Llama-3.2-1B-Instruct-4bit,284.0,10718.0,0.0,0
2026-06-26T13:21:03.061,timeseries,3,Weather Report Extended v2,mlx-community/Llama-3.2-1B-Instruct-4bit,257.0,12441.0,0.0,0
2026-06-26T13:21:03.124,timeseries,3,Weather Report Extended v2,mlx-community/Llama-3.2-1B-Instruct-4bit,494.0,10748.0,0.0,0
2026-06-26T13:21:03.187,timeseries,3,Weather Report Extended v2,mlx-community/Llama-3.2-1B-Instruct-4bit,317.0,12350.0,0.0,0
2026-06-26T13:21:03.252,timeseries,3,Weather Report Extended v2,mlx-community/Llama-3.2-1B-Instruct-4bit,271.0,10851.0,0.0,0
2026-06-26T13:21:03.314,timeseries,3,Weather Report Extended v2,mlx-community/Llama-3.2-1B-Instruct-4bit,286.0,12216.0,0.0,0
2026-06-26T13:21:03.382,timeseries,3,Weather Report Extended v2,mlx-community/Llama-3.2-1B-Instruct-4bit,343.0,12021.0,0.0,0
2026-06-26T13:21:03.444,timeseries,3,Weather Report Extended v2,mlx-community/Llama-3.2-1B-Instruct-4bit,426.0,12068.0,0.0,0
2026-06-26T13:21:03.508,timeseries,3,Weather Report Extended v2,mlx-community/Llama-3.2-1B-Instruct-4bit,285.0,10141.0,0.0,0
2026-06-26T13:21:03.571,timeseries,3,Weather Report Extended v2,mlx-community/Llama-3.2-1B-Instruct-4bit,271.0,12301.0,0.0,0
2026-06-26T13:21:03.634,timeseries,3,Weather Report Extended v2,mlx-community/Llama-3.2-1B-Instruct-4bit,421.0,10537.0,0.0,0
2026-06-26T13:21:03.696,timeseries,3,Weather Report Extended v2,mlx-community/Llama-3.2-1B-Instruct-4bit,315.0,12234.0,0.0,0
2026-06-26T13:21:03.760,timeseries,3,Weather Report Extended v2,mlx-community/Llama-3.2-1B-Instruct-4bit,243.0,10980.0,0.0,0
2026-06-26T13:21:03.822,timeseries,3,Weather Report Extended v2,mlx-community/Llama-3.2-1B-Instruct-4bit,348.0,12255.0,0.0,0
2026-06-26T13:21:03.885,timeseries,3,Weather Report Extended v2,mlx-community/Llama-3.2-1B-Instruct-4bit,255.0,10788.0,0.0,0
2026-06-26T13:21:03.948,timeseries,3,Weather Report Extended v2,mlx-community/Llama-3.2-1B-Instruct-4bit,256.0,12403.0,0.0,0
2026-06-26T13:21:04.012,timeseries,3,Weather Report Extended v2,mlx-community/Llama-3.2-1B-Instruct-4bit,252.0,12124.0,0.0,0
2026-06-26T13:21:04.074,timeseries,3,Weather Report Extended v2,mlx-community/Llama-3.2-1B-Instruct-4bit,303.0,10804.0,0.0,0
2026-06-26T13:21:04.138,timeseries,3,Weather Report Extended v2,mlx-community/Llama-3.2-1B-Instruct-4bit,426.0,12160.0,0.0,0
2026-06-26T13:21:04.201,timeseries,3,Weather Report Extended v2,mlx-community/Llama-3.2-1B-Instruct-4bit,272.0,10853.0,0.0,0
2026-06-26T13:21:04.264,timeseries,3,Weather Report Extended v2,mlx-community/Llama-3.2-1B-Instruct-4bit,282.0,12114.0,0.0,0
2026-06-26T13:21:04.328,timeseries,3,Weather Report Extended v2,mlx-community/Llama-3.2-1B-Instruct-4bit,395.0,12195.0,0.0,0
2026-06-26T13:21:04.391,timeseries,3,Weather Report Extended v2,mlx-community/Llama-3.2-1B-Instruct-4bit,285.0,10762.0,0.0,0
2026-06-26T13:21:04.455,timeseries,3,Weather Report Extended v2,mlx-community/Llama-3.2-1B-Instruct-4bit,266.0,12090.0,0.0,0
2026-06-26T13:21:04.519,timeseries,3,Weather Report Extended v2,mlx-community/Llama-3.2-1B-Instruct-4bit,239.0,10877.0,0.0,0
2026-06-26T13:21:04.582,timeseries,3,Weather Report Extended v2,mlx-community/Llama-3.2-1B-Instruct-4bit,266.0,12117.0,0.0,0
2026-06-26T13:21:04.645,timeseries,3,Weather Report Extended v2,mlx-community/Llama-3.2-1B-Instruct-4bit,418.0,11961.0,0.0,0
2026-06-26T13:21:04.708,timeseries,3,Weather Report Extended v2,mlx-community/Llama-3.2-1B-Instruct-4bit,285.0,10833.0,0.0,0
2026-06-26T13:21:04.771,timeseries,3,Weather Report Extended v2,mlx-community/Llama-3.2-1B-Instruct-4bit,301.0,12240.0,0.0,0
2026-06-26T13:21:04.835,timeseries,3,Weather Report Extended v2,mlx-community/Llama-3.2-1B-Instruct-4bit,288.0,10883.0,0.0,0
2026-06-26T13:21:04.897,timeseries,3,Weather Report Extended v2,mlx-community/Llama-3.2-1B-Instruct-4bit,267.0,12213.0,0.0,0
2026-06-26T13:21:04.961,timeseries,3,Weather Report Extended v2,mlx-community/Llama-3.2-1B-Instruct-4bit,252.0,12208.0,0.0,0
2026-06-26T13:21:05.026,timeseries,3,Weather Report Extended v2,mlx-community/Llama-3.2-1B-Instruct-4bit,274.0,10896.0,0.0,0
2026-06-26T13:21:05.087,timeseries,3,Weather Report Extended v2,mlx-community/Llama-3.2-1B-Instruct-4bit,252.0,12158.0,0.0,0
2026-06-26T13:21:05.150,timeseries,3,Weather Report Extended v2,mlx-community/Llama-3.2-1B-Instruct-4bit,540.0,10452.0,0.0,0
2026-06-26T13:21:05.213,timeseries,3,Weather Report Extended v2,mlx-community/Llama-3.2-1B-Instruct-4bit,325.0,12623.0,0.0,0
2026-06-26T13:21:05.275,timeseries,3,Weather Report Extended v2,mlx-community/Llama-3.2-1B-Instruct-4bit,288.0,10955.0,0.0,0
2026-06-26T13:21:05.338,timeseries,3,Weather Report Extended v2,mlx-community/Llama-3.2-1B-Instruct-4bit,409.0,12093.0,0.0,0
2026-06-26T13:21:05.401,timeseries,3,Weather Report Extended v2,mlx-community/Llama-3.2-1B-Instruct-4bit,276.0,11050.0,0.0,0
2026-06-26T13:21:05.464,timeseries,3,Weather Report Extended v2,mlx-community/Llama-3.2-1B-Instruct-4bit,284.0,12249.0,0.0,0
2026-06-26T13:21:05.530,timeseries,3,Weather Report Extended v2,mlx-community/Llama-3.2-1B-Instruct-4bit,253.0,12309.0,0.0,0
2026-06-26T13:21:05.593,timeseries,3,Weather Report Extended v2,mlx-community/Llama-3.2-1B-Instruct-4bit,273.0,10836.0,0.0,0
2026-06-26T13:21:05.655,timeseries,3,Weather Report Extended v2,mlx-community/Llama-3.2-1B-Instruct-4bit,709.0,10706.0,0.0,0
2026-06-26T13:21:05.717,timeseries,3,Weather Report Extended v2,mlx-community/Llama-3.2-1B-Instruct-4bit,380.0,10804.0,0.0,0
2026-06-26T13:21:05.780,timeseries,3,Weather Report Extended v2,mlx-community/Llama-3.2-1B-Instruct-4bit,451.0,12462.0,0.0,0
2026-06-26T13:21:05.842,timeseries,3,Weather Report Extended v2,mlx-community/Llama-3.2-1B-Instruct-4bit,339.0,10905.0,0.0,0
2026-06-26T13:21:05.904,timeseries,3,Weather Report Extended v2,mlx-community/Llama-3.2-1B-Instruct-4bit,398.0,12320.0,0.0,0
2026-06-26T13:21:05.966,timeseries,3,Weather Report Extended v2,mlx-community/Llama-3.2-1B-Instruct-4bit,260.0,11043.0,0.0,0
2026-06-26T13:21:06.030,timeseries,3,Weather Report Extended v2,mlx-community/Llama-3.2-1B-Instruct-4bit,290.0,12438.0,0.0,0
2026-06-26T13:21:06.093,timeseries,3,Weather Report Extended v2,mlx-community/Llama-3.2-1B-Instruct-4bit,320.0,10818.0,0.0,0
2026-06-26T13:21:06.157,timeseries,3,Weather Report Extended v2,mlx-community/Llama-3.2-1B-Instruct-4bit,424.0,12175.0,0.0,0
2026-06-26T13:21:06.220,timeseries,3,Weather Report Extended v2,mlx-community/Llama-3.2-1B-Instruct-4bit,267.0,12140.0,0.0,0
2026-06-26T13:21:06.281,timeseries,3,Weather Report Extended v2,mlx-community/Llama-3.2-1B-Instruct-4bit,269.0,10775.0,0.0,0
2026-06-26T13:21:06.344,timeseries,3,Weather Report Extended v2,mlx-community/Llama-3.2-1B-Instruct-4bit,367.0,12330.0,0.0,0
2026-06-26T13:21:06.407,timeseries,3,Weather Report Extended v2,mlx-community/Llama-3.2-1B-Instruct-4bit,338.0,10871.0,0.0,0
2026-06-26T13:21:06.470,timeseries,3,Weather Report Extended v2,mlx-community/Llama-3.2-1B-Instruct-4bit,240.0,12479.0,0.0,0
2026-06-26T13:21:06.531,timeseries,3,Weather Report Extended v2,mlx-community/Llama-3.2-1B-Instruct-4bit,272.0,10866.0,0.0,0
2026-06-26T13:21:06.594,timeseries,3,Weather Report Extended v2,mlx-community/Llama-3.2-1B-Instruct-4bit,363.0,12172.0,0.0,0
2026-06-26T13:21:06.656,timeseries,3,Weather Report Extended v2,mlx-community/Llama-3.2-1B-Instruct-4bit,412.0,11191.0,0.0,0
2026-06-26T13:21:06.721,timeseries,3,Weather Report Extended v2,mlx-community/Llama-3.2-1B-Instruct-4bit,252.0,12271.0,0.0,0
2026-06-26T13:21:06.781,timeseries,3,Weather Report Extended v2,mlx-community/Llama-3.2-1B-Instruct-4bit,272.0,10841.0,0.0,0
2026-06-26T13:21:06.843,timeseries,3,Weather Report Extended v2,mlx-community/Llama-3.2-1B-Instruct-4bit,433.0,11902.0,0.0,0
2026-06-26T13:21:06.905,timeseries,3,Weather Report Extended v2,mlx-community/Llama-3.2-1B-Instruct-4bit,994.0,11186.0,0.0,0
2026-06-26T13:21:06.968,timeseries,3,Weather Report Extended v2,mlx-community/Llama-3.2-1B-Instruct-4bit,2606.0,10896.0,0.0,0
2026-06-26T13:21:07.030,timeseries,3,Weather Report Extended v2,mlx-community/Llama-3.2-1B-Instruct-4bit,819.0,12417.0,0.0,0
2026-06-26T13:21:07.093,timeseries,3,Weather Report Extended v2,mlx-community/Llama-3.2-1B-Instruct-4bit,783.0,10824.0,0.0,0
2026-06-26T13:21:07.155,timeseries,3,Weather Report Extended v2,mlx-community/Llama-3.2-1B-Instruct-4bit,499.0,12455.0,0.0,0
2026-06-26T13:21:07.218,timeseries,3,Weather Report Extended v2,mlx-community/Llama-3.2-1B-Instruct-4bit,429.0,12316.0,0.0,0
2026-06-26T13:21:07.280,timeseries,3,Weather Report Extended v2,mlx-community/Llama-3.2-1B-Instruct-4bit,335.0,10883.0,0.0,0
2026-06-26T13:21:07.344,timeseries,3,Weather Report Extended v2,mlx-community/Llama-3.2-1B-Instruct-4bit,398.0,12298.0,0.0,0
2026-06-26T13:21:07.406,timeseries,3,Weather Report Extended v2,mlx-community/Llama-3.2-1B-Instruct-4bit,337.0,10922.0,0.0,0
2026-06-26T13:21:07.470,timeseries,3,Weather Report Extended v2,mlx-community/Llama-3.2-1B-Instruct-4bit,268.0,12259.0,0.0,0
2026-06-26T13:21:07.533,timeseries,3,Weather Report Extended v2,mlx-community/Llama-3.2-1B-Instruct-4bit,240.0,10906.0,0.0,0
2026-06-26T13:21:07.597,timeseries,3,Weather Report Extended v2,mlx-community/Llama-3.2-1B-Instruct-4bit,330.0,12148.0,0.0,0
2026-06-26T13:21:07.660,timeseries,3,Weather Report Extended v2,mlx-community/Llama-3.2-1B-Instruct-4bit,352.0,10971.0,0.0,0
2026-06-26T13:21:07.722,timeseries,3,Weather Report Extended v2,mlx-community/Llama-3.2-1B-Instruct-4bit,1593.0,11962.0,0.0,0
2026-06-26T13:21:07.784,timeseries,3,Weather Report Extended v2,mlx-community/Llama-3.2-1B-Instruct-4bit,570.0,12233.0,0.0,0
2026-06-26T13:21:07.847,timeseries,3,Weather Report Extended v2,mlx-community/Llama-3.2-1B-Instruct-4bit,496.0,10873.0,0.0,0
2026-06-26T13:21:07.910,timeseries,3,Weather Report Extended v2,mlx-community/Llama-3.2-1B-Instruct-4bit,408.0,12620.0,0.0,0
2026-06-26T13:21:07.973,timeseries,3,Weather Report Extended v2,mlx-community/Llama-3.2-1B-Instruct-4bit,410.0,10796.0,0.0,0
2026-06-26T13:21:08.036,timeseries,3,Weather Report Extended v2,mlx-community/Llama-3.2-1B-Instruct-4bit,367.0,12418.0,0.0,0
2026-06-26T13:21:08.098,timeseries,3,Weather Report Extended v2,mlx-community/Llama-3.2-1B-Instruct-4bit,364.0,10718.0,0.0,0
2026-06-26T13:21:08.161,timeseries,3,Weather Report Extended v2,mlx-community/Llama-3.2-1B-Instruct-4bit,457.0,12307.0,0.0,0
2026-06-26T13:21:08.223,timeseries,3,Weather Report Extended v2,mlx-community/Llama-3.2-1B-Instruct-4bit,278.0,11178.0,0.0,0
2026-06-26T13:21:08.286,timeseries,3,Weather Report Extended v2,mlx-community/Llama-3.2-1B-Instruct-4bit,284.0,12256.0,0.0,0
2026-06-26T13:21:08.349,timeseries,3,Weather Report Extended v2,mlx-community/Llama-3.2-1B-Instruct-4bit,466.0,10869.0,0.0,0
2026-06-26T13:21:08.413,timeseries,3,Weather Report Extended v2,mlx-community/Llama-3.2-1B-Instruct-4bit,270.0,12359.0,0.0,0
2026-06-26T13:21:08.475,timeseries,3,Weather Report Extended v2,mlx-community/Llama-3.2-1B-Instruct-4bit,269.0,10751.0,0.0,0
2026-06-26T13:21:08.537,timeseries,3,Weather Report Extended v2,mlx-community/Llama-3.2-1B-Instruct-4bit,255.0,12413.0,0.0,0
2026-06-26T13:21:08.604,timeseries,3,Weather Report Extended v2,mlx-community/Llama-3.2-1B-Instruct-4bit,460.0,10715.0,0.0,0
2026-06-26T13:21:08.670,timeseries,3,Weather Report Extended v2,mlx-community/Llama-3.2-1B-Instruct-4bit,2543.0,12248.0,0.0,0
2026-06-26T13:21:08.732,timeseries,3,Weather Report Extended v2,mlx-community/Llama-3.2-1B-Instruct-4bit,1331.0,11485.0,0.0,0
2026-06-26T13:21:08.795,timeseries,3,Weather Report Extended v2,mlx-community/Llama-3.2-1B-Instruct-4bit,677.0,11677.0,0.0,0
2026-06-26T13:21:08.856,timeseries,3,Weather Report Extended v2,mlx-community/Llama-3.2-1B-Instruct-4bit,436.0,10974.0,0.0,0
2026-06-26T13:21:08.919,timeseries,3,Weather Report Extended v2,mlx-community/Llama-3.2-1B-Instruct-4bit,388.0,12578.0,0.0,0
2026-06-26T13:21:08.982,timeseries,3,Weather Report Extended v2,mlx-community/Llama-3.2-1B-Instruct-4bit,288.0,10891.0,0.0,0
2026-06-26T13:21:09.047,timeseries,3,Weather Report Extended v2,mlx-community/Llama-3.2-1B-Instruct-4bit,318.0,12361.0,0.0,0
2026-06-26T13:21:09.110,timeseries,3,Weather Report Extended v2,mlx-community/Llama-3.2-1B-Instruct-4bit,509.0,10248.0,0.0,0
2026-06-26T13:21:09.172,timeseries,3,Weather Report Extended v2,mlx-community/Llama-3.2-1B-Instruct-4bit,465.0,11462.0,0.0,0
2026-06-26T13:21:09.236,timeseries,3,Weather Report Extended v2,mlx-community/Llama-3.2-1B-Instruct-4bit,269.0,12267.0,0.0,0
2026-06-26T13:21:09.297,timeseries,3,Weather Report Extended v2,mlx-community/Llama-3.2-1B-Instruct-4bit,304.0,10838.0,0.0,0
2026-06-26T13:21:09.360,timeseries,3,Weather Report Extended v2,mlx-community/Llama-3.2-1B-Instruct-4bit,476.0,12192.0,0.0,0
2026-06-26T13:21:09.423,timeseries,3,Weather Report Extended v2,mlx-community/Llama-3.2-1B-Instruct-4bit,338.0,10889.0,0.0,0
2026-06-26T13:21:09.486,timeseries,3,Weather Report Extended v2,mlx-community/Llama-3.2-1B-Instruct-4bit,254.0,12317.0,0.0,0
2026-06-26T13:21:09.548,timeseries,3,Weather Report Extended v2,mlx-community/Llama-3.2-1B-Instruct-4bit,302.0,10815.0,0.0,0
2026-06-26T13:21:09.611,timeseries,3,Weather Report Extended v2,mlx-community/Llama-3.2-1B-Instruct-4bit,431.0,12353.0,0.0,0
2026-06-26T13:21:09.674,timeseries,3,Weather Report Extended v2,mlx-community/Llama-3.2-1B-Instruct-4bit,324.0,11090.0,0.0,0
2026-06-26T13:21:09.737,timeseries,3,Weather Report Extended v2,mlx-community/Llama-3.2-1B-Instruct-4bit,254.0,12336.0,0.0,0
2026-06-26T13:21:09.799,timeseries,3,Weather Report Extended v2,mlx-community/Llama-3.2-1B-Instruct-4bit,256.0,10873.0,0.0,0
2026-06-26T13:21:09.863,timeseries,3,Weather Report Extended v2,mlx-community/Llama-3.2-1B-Instruct-4bit,252.0,12219.0,0.0,0
2026-06-26T13:21:09.924,timeseries,3,Weather Report Extended v2,mlx-community/Llama-3.2-1B-Instruct-4bit,288.0,10861.0,0.0,0
2026-06-26T13:21:09.988,timeseries,3,Weather Report Extended v2,mlx-community/Llama-3.2-1B-Instruct-4bit,254.0,12354.0,0.0,0
2026-06-26T13:21:10.051,timeseries,3,Weather Report Extended v2,mlx-community/Llama-3.2-1B-Instruct-4bit,274.0,10951.0,0.0,0
2026-06-26T13:21:10.113,timeseries,3,Weather Report Extended v2,mlx-community/Llama-3.2-1B-Instruct-4bit,514.0,12043.0,0.0,0
2026-06-26T13:21:10.177,timeseries,3,Weather Report Extended v2,mlx-community/Llama-3.2-1B-Instruct-4bit,368.0,10955.0,0.0,0
2026-06-26T13:21:10.241,timeseries,3,Weather Report Extended v2,mlx-community/Llama-3.2-1B-Instruct-4bit,289.0,12530.0,0.0,0
2026-06-26T13:21:10.303,timeseries,3,Weather Report Extended v2,mlx-community/Llama-3.2-1B-Instruct-4bit,270.0,12388.0,0.0,0
2026-06-26T13:21:10.366,timeseries,3,Weather Report Extended v2,mlx-community/Llama-3.2-1B-Instruct-4bit,408.0,10549.0,0.0,0
2026-06-26T13:21:10.429,timeseries,3,Weather Report Extended v2,mlx-community/Llama-3.2-1B-Instruct-4bit,254.0,12327.0,0.0,0
2026-06-26T13:21:10.492,timeseries,3,Weather Report Extended v2,mlx-community/Llama-3.2-1B-Instruct-4bit,269.0,10832.0,0.0,0
2026-06-26T13:21:10.553,timeseries,3,Weather Report Extended v2,mlx-community/Llama-3.2-1B-Instruct-4bit,237.0,12263.0,0.0,0
2026-06-26T13:21:10.616,timeseries,3,Weather Report Extended v2,mlx-community/Llama-3.2-1B-Instruct-4bit,470.0,10932.0,0.0,0
2026-06-26T13:21:10.680,timeseries,3,Weather Report Extended v2,mlx-community/Llama-3.2-1B-Instruct-4bit,307.0,12683.0,0.0,0
2026-06-26T13:21:10.743,timeseries,3,Weather Report Extended v2,mlx-community/Llama-3.2-1B-Instruct-4bit,238.0,10806.0,0.0,0
2026-06-26T13:21:10.806,timeseries,3,Weather Report Extended v2,mlx-community/Llama-3.2-1B-Instruct-4bit,283.0,12201.0,0.0,0
2026-06-26T13:21:10.868,timeseries,3,Weather Report Extended v2,mlx-community/Llama-3.2-1B-Instruct-4bit,286.0,12286.0,0.0,0
2026-06-26T13:21:10.931,timeseries,3,Weather Report Extended v2,mlx-community/Llama-3.2-1B-Instruct-4bit,271.0,10872.0,0.0,0
2026-06-26T13:21:10.994,timeseries,3,Weather Report Extended v2,mlx-community/Llama-3.2-1B-Instruct-4bit,224.0,12453.0,0.0,0
2026-06-26T13:21:11.056,timeseries,3,Weather Report Extended v2,mlx-community/Llama-3.2-1B-Instruct-4bit,241.0,10978.0,0.0,0
2026-06-26T13:21:11.118,timeseries,3,Weather Report Extended v2,mlx-community/Llama-3.2-1B-Instruct-4bit,476.0,12272.0,0.0,0
2026-06-26T13:21:11.181,timeseries,3,Weather Report Extended v2,mlx-community/Llama-3.2-1B-Instruct-4bit,399.0,10824.0,0.0,0
2026-06-26T13:21:11.245,timeseries,3,Weather Report Extended v2,mlx-community/Llama-3.2-1B-Instruct-4bit,273.0,12508.0,0.0,0
2026-06-26T13:21:11.307,timeseries,3,Weather Report Extended v2,mlx-community/Llama-3.2-1B-Instruct-4bit,254.0,10812.0,0.0,0
2026-06-26T13:21:11.370,timeseries,3,Weather Report Extended v2,mlx-community/Llama-3.2-1B-Instruct-4bit,407.0,12101.0,0.0,0
2026-06-26T13:21:11.433,timeseries,3,Weather Report Extended v2,mlx-community/Llama-3.2-1B-Instruct-4bit,258.0,10983.0,0.0,0
2026-06-26T13:21:11.496,timeseries,3,Weather Report Extended v2,mlx-community/Llama-3.2-1B-Instruct-4bit,285.0,12324.0,0.0,0
2026-06-26T13:21:11.557,timeseries,3,Weather Report Extended v2,mlx-community/Llama-3.2-1B-Instruct-4bit,225.0,10939.0,0.0,0
2026-06-26T13:21:11.620,timeseries,3,Weather Report Extended v2,mlx-community/Llama-3.2-1B-Instruct-4bit,457.0,12186.0,0.0,0
2026-06-26T13:21:11.683,timeseries,3,Weather Report Extended v2,mlx-community/Llama-3.2-1B-Instruct-4bit,361.0,11224.0,0.0,0
2026-06-26T13:21:11.746,timeseries,3,Weather Report Extended v2,mlx-community/Llama-3.2-1B-Instruct-4bit,284.0,12290.0,0.0,0
2026-06-26T13:21:11.811,timeseries,3,Weather Report Extended v2,mlx-community/Llama-3.2-1B-Instruct-4bit,253.0,10776.0,0.0,0
2026-06-26T13:21:11.873,timeseries,3,Weather Report Extended v2,mlx-community/Llama-3.2-1B-Instruct-4bit,254.0,12337.0,0.0,0
2026-06-26T13:21:11.938,timeseries,3,Weather Report Extended v2,mlx-community/Llama-3.2-1B-Instruct-4bit,235.0,12224.0,0.0,0
2026-06-26T13:21:12.000,timeseries,3,Weather Report Extended v2,mlx-community/Llama-3.2-1B-Instruct-4bit,301.0,10756.0,0.0,0
2026-06-26T13:21:12.062,timeseries,3,Weather Report Extended v2,mlx-community/Llama-3.2-1B-Instruct-4bit,2019.0,11956.0,0.0,0
2026-06-26T13:21:12.125,timeseries,3,Weather Report Extended v2,mlx-community/Llama-3.2-1B-Instruct-4bit,1395.0,10857.0,0.0,0
2026-06-26T13:21:12.188,timeseries,3,Weather Report Extended v2,mlx-community/Llama-3.2-1B-Instruct-4bit,736.0,12508.0,0.0,0
2026-06-26T13:21:12.251,timeseries,3,Weather Report Extended v2,mlx-community/Llama-3.2-1B-Instruct-4bit,547.0,10922.0,0.0,0
2026-06-26T13:21:12.313,timeseries,3,Weather Report Extended v2,mlx-community/Llama-3.2-1B-Instruct-4bit,491.0,12283.0,0.0,0
2026-06-26T13:21:12.378,timeseries,3,Weather Report Extended v2,mlx-community/Llama-3.2-1B-Instruct-4bit,477.0,10740.0,0.0,0
2026-06-26T13:21:12.440,timeseries,3,Weather Report Extended v2,mlx-community/Llama-3.2-1B-Instruct-4bit,304.0,12485.0,0.0,0
2026-06-26T13:21:12.503,timeseries,3,Weather Report Extended v2,mlx-community/Llama-3.2-1B-Instruct-4bit,233.0,12155.0,0.0,0
2026-06-26T13:21:12.565,timeseries,3,Weather Report Extended v2,mlx-community/Llama-3.2-1B-Instruct-4bit,256.0,11029.0,0.0,0
2026-06-26T13:21:12.628,timeseries,3,Weather Report Extended v2,mlx-community/Llama-3.2-1B-Instruct-4bit,426.0,11974.0,0.0,0
2026-06-26T13:21:12.690,timeseries,3,Weather Report Extended v2,mlx-community/Llama-3.2-1B-Instruct-4bit,526.0,10339.0,0.0,0
2026-06-26T13:21:12.754,timeseries,3,Weather Report Extended v2,mlx-community/Llama-3.2-1B-Instruct-4bit,304.0,12538.0,0.0,0
2026-06-26T13:21:12.817,timeseries,3,Weather Report Extended v2,mlx-community/Llama-3.2-1B-Instruct-4bit,223.0,10954.0,0.0,0
2026-06-26T13:21:12.880,timeseries,3,Weather Report Extended v2,mlx-community/Llama-3.2-1B-Instruct-4bit,249.0,12164.0,0.0,0
2026-06-26T13:21:12.945,timeseries,3,Weather Report Extended v2,mlx-community/Llama-3.2-1B-Instruct-4bit,285.0,10838.0,0.0,0
2026-06-26T13:21:13.008,timeseries,3,Weather Report Extended v2,mlx-community/Llama-3.2-1B-Instruct-4bit,237.0,12304.0,0.0,0
2026-06-26T13:21:13.071,timeseries,3,Weather Report Extended v2,mlx-community/Llama-3.2-1B-Instruct-4bit,232.0,12089.0,0.0,0
2026-06-26T13:21:13.133,timeseries,3,Weather Report Extended v2,mlx-community/Llama-3.2-1B-Instruct-4bit,539.0,10743.0,0.0,0
2026-06-26T13:21:13.196,timeseries,3,Weather Report Extended v2,mlx-community/Llama-3.2-1B-Instruct-4bit,381.0,12485.0,0.0,0
2026-06-26T13:21:13.258,timeseries,3,Weather Report Extended v2,mlx-community/Llama-3.2-1B-Instruct-4bit,386.0,11012.0,0.0,0
2026-06-26T13:21:13.321,timeseries,3,Weather Report Extended v2,mlx-community/Llama-3.2-1B-Instruct-4bit,382.0,12450.0,0.0,0
2026-06-26T13:21:13.384,timeseries,3,Weather Report Extended v2,mlx-community/Llama-3.2-1B-Instruct-4bit,403.0,10981.0,0.0,0
2026-06-26T13:21:13.448,timeseries,3,Weather Report Extended v2,mlx-community/Llama-3.2-1B-Instruct-4bit,254.0,12447.0,0.0,0
2026-06-26T13:21:13.511,timeseries,3,Weather Report Extended v2,mlx-community/Llama-3.2-1B-Instruct-4bit,237.0,12374.0,0.0,0
2026-06-26T13:21:13.573,timeseries,3,Weather Report Extended v2,mlx-community/Llama-3.2-1B-Instruct-4bit,238.0,10858.0,0.0,0
2026-06-26T13:21:13.639,timeseries,3,Weather Report Extended v2,mlx-community/Llama-3.2-1B-Instruct-4bit,483.0,12133.0,0.0,0
2026-06-26T13:21:13.702,timeseries,3,Weather Report Extended v2,mlx-community/Llama-3.2-1B-Instruct-4bit,274.0,11082.0,0.0,0
2026-06-26T13:21:13.765,timeseries,3,Weather Report Extended v2,mlx-community/Llama-3.2-1B-Instruct-4bit,307.0,11943.0,0.0,0
2026-06-26T13:21:13.828,timeseries,3,Weather Report Extended v2,mlx-community/Llama-3.2-1B-Instruct-4bit,253.0,12377.0,0.0,0
2026-06-26T13:21:13.891,timeseries,3,Weather Report Extended v2,mlx-community/Llama-3.2-1B-Instruct-4bit,252.0,10782.0,0.0,0
2026-06-26T13:21:13.954,timeseries,3,Weather Report Extended v2,mlx-community/Llama-3.2-1B-Instruct-4bit,255.0,12399.0,0.0,0
2026-06-26T13:21:14.017,timeseries,3,Weather Report Extended v2,mlx-community/Llama-3.2-1B-Instruct-4bit,270.0,10896.0,0.0,0
2026-06-26T13:21:14.080,timeseries,3,Weather Report Extended v2,mlx-community/Llama-3.2-1B-Instruct-4bit,271.0,12382.0,0.0,0
2026-06-26T13:21:14.143,timeseries,3,Weather Report Extended v2,mlx-community/Llama-3.2-1B-Instruct-4bit,412.0,12354.0,0.0,0
2026-06-26T13:21:14.206,timeseries,3,Weather Report Extended v2,mlx-community/Llama-3.2-1B-Instruct-4bit,300.0,10807.0,0.0,0
2026-06-26T13:21:14.268,timeseries,3,Weather Report Extended v2,mlx-community/Llama-3.2-1B-Instruct-4bit,350.0,12412.0,0.0,0
2026-06-26T13:21:14.331,timeseries,3,Weather Report Extended v2,mlx-community/Llama-3.2-1B-Instruct-4bit,461.0,10766.0,0.0,0
2026-06-26T13:21:14.394,timeseries,3,Weather Report Extended v2,mlx-community/Llama-3.2-1B-Instruct-4bit,308.0,12692.0,0.0,0
2026-06-26T13:21:14.457,timeseries,3,Weather Report Extended v2,mlx-community/Llama-3.2-1B-Instruct-4bit,254.0,10870.0,0.0,0
2026-06-26T13:21:14.520,timeseries,3,Weather Report Extended v2,mlx-community/Llama-3.2-1B-Instruct-4bit,284.0,12320.0,0.0,0
2026-06-26T13:21:14.582,timeseries,3,Weather Report Extended v2,mlx-community/Llama-3.2-1B-Instruct-4bit,271.0,10881.0,0.0,0
2026-06-26T13:21:14.645,timeseries,3,Weather Report Extended v2,mlx-community/Llama-3.2-1B-Instruct-4bit,443.0,12320.0,0.0,0
2026-06-26T13:21:14.707,timeseries,3,Weather Report Extended v2,mlx-community/Llama-3.2-1B-Instruct-4bit,274.0,11078.0,0.0,0
2026-06-26T13:21:14.771,timeseries,3,Weather Report Extended v2,mlx-community/Llama-3.2-1B-Instruct-4bit,259.0,12585.0,0.0,0
2026-06-26T13:21:14.834,timeseries,3,Weather Report Extended v2,mlx-community/Llama-3.2-1B-Instruct-4bit,236.0,10769.0,0.0,0
2026-06-26T13:21:14.898,timeseries,3,Weather Report Extended v2,mlx-community/Llama-3.2-1B-Instruct-4bit,266.0,12211.0,0.0,0
2026-06-26T13:21:14.959,timeseries,3,Weather Report Extended v2,mlx-community/Llama-3.2-1B-Instruct-4bit,207.0,12465.0,0.0,0
2026-06-26T13:21:15.020,timeseries,3,Weather Report Extended v2,mlx-community/Llama-3.2-1B-Instruct-4bit,363.0,10804.0,0.0,0
2026-06-26T13:21:15.082,timeseries,3,Weather Report Extended v2,mlx-community/Llama-3.2-1B-Instruct-4bit,374.0,11116.0,0.0,0
2026-06-26T13:21:15.146,timeseries,3,Weather Report Extended v2,mlx-community/Llama-3.2-1B-Instruct-4bit,620.0,12768.0,0.0,0
2026-06-26T13:21:15.210,timeseries,3,Weather Report Extended v2,mlx-community/Llama-3.2-1B-Instruct-4bit,293.0,11184.0,0.0,0
2026-06-26T13:21:15.274,timeseries,3,Weather Report Extended v2,mlx-community/Llama-3.2-1B-Instruct-4bit,248.0,12197.0,0.0,0
2026-06-26T13:21:15.337,timeseries,3,Weather Report Extended v2,mlx-community/Llama-3.2-1B-Instruct-4bit,515.0,12069.0,0.0,0
2026-06-26T13:21:15.400,timeseries,3,Weather Report Extended v2,mlx-community/Llama-3.2-1B-Instruct-4bit,315.0,10828.0,0.0,0
2026-06-26T13:21:15.463,timeseries,3,Weather Report Extended v2,mlx-community/Llama-3.2-1B-Instruct-4bit,283.0,12284.0,0.0,0
2026-06-26T13:21:15.526,timeseries,3,Weather Report Extended v2,mlx-community/Llama-3.2-1B-Instruct-4bit,240.0,11001.0,0.0,0
2026-06-26T13:21:15.589,timeseries,3,Weather Report Extended v2,mlx-community/Llama-3.2-1B-Instruct-4bit,332.0,12317.0,0.0,0
2026-06-26T13:21:15.651,timeseries,3,Weather Report Extended v2,mlx-community/Llama-3.2-1B-Instruct-4bit,415.0,12549.0,0.0,0
2026-06-26T13:21:15.713,timeseries,3,Weather Report Extended v2,mlx-community/Llama-3.2-1B-Instruct-4bit,285.0,10861.0,0.0,0
2026-06-26T13:21:15.775,timeseries,3,Weather Report Extended v2,mlx-community/Llama-3.2-1B-Instruct-4bit,305.0,10932.0,0.0,0
2026-06-26T13:21:15.838,timeseries,3,Weather Report Extended v2,mlx-community/Llama-3.2-1B-Instruct-4bit,451.0,12636.0,0.0,0
2026-06-26T13:21:15.901,timeseries,3,Weather Report Extended v2,mlx-community/Llama-3.2-1B-Instruct-4bit,277.0,11123.0,0.0,0
2026-06-26T13:21:15.964,timeseries,3,Weather Report Extended v2,mlx-community/Llama-3.2-1B-Instruct-4bit,298.0,12277.0,0.0,0
2026-06-26T13:21:16.027,timeseries,3,Weather Report Extended v2,mlx-community/Llama-3.2-1B-Instruct-4bit,256.0,12476.0,0.0,0
2026-06-26T13:21:16.090,timeseries,3,Weather Report Extended v2,mlx-community/Llama-3.2-1B-Instruct-4bit,317.0,10873.0,0.0,0
2026-06-26T13:21:16.152,timeseries,3,Weather Report Extended v2,mlx-community/Llama-3.2-1B-Instruct-4bit,474.0,12299.0,0.0,0
2026-06-26T13:21:16.215,timeseries,3,Weather Report Extended v2,mlx-community/Llama-3.2-1B-Instruct-4bit,463.0,9822.0,0.0,0
2026-06-26T13:21:16.278,timeseries,3,Weather Report Extended v2,mlx-community/Llama-3.2-1B-Instruct-4bit,385.0,12513.0,0.0,0
2026-06-26T13:21:16.340,timeseries,3,Weather Report Extended v2,mlx-community/Llama-3.2-1B-Instruct-4bit,543.0,10929.0,0.0,0
2026-06-26T13:21:16.403,timeseries,3,Weather Report Extended v2,mlx-community/Llama-3.2-1B-Instruct-4bit,411.0,12296.0,0.0,0
2026-06-26T13:21:16.465,timeseries,3,Weather Report Extended v2,mlx-community/Llama-3.2-1B-Instruct-4bit,307.0,11127.0,0.0,0
2026-06-26T13:21:16.529,timeseries,3,Weather Report Extended v2,mlx-community/Llama-3.2-1B-Instruct-4bit,270.0,12433.0,0.0,0
2026-06-26T13:21:16.590,timeseries,3,Weather Report Extended v2,mlx-community/Llama-3.2-1B-Instruct-4bit,290.0,10995.0,0.0,0
2026-06-26T13:21:16.654,timeseries,3,Weather Report Extended v2,mlx-community/Llama-3.2-1B-Instruct-4bit,553.0,12444.0,0.0,0
2026-06-26T13:21:16.717,timeseries,3,Weather Report Extended v2,mlx-community/Llama-3.2-1B-Instruct-4bit,308.0,11119.0,0.0,0
2026-06-26T13:21:16.782,timeseries,3,Weather Report Extended v2,mlx-community/Llama-3.2-1B-Instruct-4bit,265.0,12204.0,0.0,0
2026-06-26T13:21:16.845,timeseries,3,Weather Report Extended v2,mlx-community/Llama-3.2-1B-Instruct-4bit,333.0,12129.0,0.0,0
2026-06-26T13:21:16.906,timeseries,3,Weather Report Extended v2,mlx-community/Llama-3.2-1B-Instruct-4bit,870.0,10405.0,0.0,0
2026-06-26T13:21:16.968,timeseries,3,Weather Report Extended v2,mlx-community/Llama-3.2-1B-Instruct-4bit,428.0,12367.0,0.0,0
2026-06-26T13:21:17.034,timeseries,3,Weather Report Extended v2,mlx-community/Llama-3.2-1B-Instruct-4bit,541.0,11247.0,0.0,0
2026-06-26T13:21:17.097,timeseries,3,Weather Report Extended v2,mlx-community/Llama-3.2-1B-Instruct-4bit,447.0,12418.0,0.0,0
2026-06-26T13:21:17.160,timeseries,3,Weather Report Extended v2,mlx-community/Llama-3.2-1B-Instruct-4bit,2700.0,11772.0,0.0,0
2026-06-26T13:21:17.222,timeseries,3,Weather Report Extended v2,mlx-community/Llama-3.2-1B-Instruct-4bit,698.0,10812.0,0.0,0
2026-06-26T13:21:17.285,timeseries,3,Weather Report Extended v2,mlx-community/Llama-3.2-1B-Instruct-4bit,653.0,12496.0,0.0,0
2026-06-26T13:21:17.347,timeseries,3,Weather Report Extended v2,mlx-community/Llama-3.2-1B-Instruct-4bit,658.0,10892.0,0.0,0
2026-06-26T13:21:17.411,timeseries,3,Weather Report Extended v2,mlx-community/Llama-3.2-1B-Instruct-4bit,530.0,12535.0,0.0,0
2026-06-26T13:21:17.474,timeseries,3,Weather Report Extended v2,mlx-community/Llama-3.2-1B-Instruct-4bit,382.0,10936.0,0.0,0
2026-06-26T13:21:17.537,timeseries,3,Weather Report Extended v2,mlx-community/Llama-3.2-1B-Instruct-4bit,253.0,12417.0,0.0,0
2026-06-26T13:21:17.599,timeseries,3,Weather Report Extended v2,mlx-community/Llama-3.2-1B-Instruct-4bit,334.0,10873.0,0.0,0
2026-06-26T13:21:17.664,timeseries,3,Weather Report Extended v2,mlx-community/Llama-3.2-1B-Instruct-4bit,459.0,12406.0,0.0,0
2026-06-26T13:21:17.727,timeseries,3,Weather Report Extended v2,mlx-community/Llama-3.2-1B-Instruct-4bit,291.0,11190.0,0.0,0
2026-06-26T13:21:17.788,timeseries,3,Weather Report Extended v2,mlx-community/Llama-3.2-1B-Instruct-4bit,1489.0,11867.0,0.0,0
2026-06-26T13:21:17.851,timeseries,3,Weather Report Extended v2,mlx-community/Llama-3.2-1B-Instruct-4bit,513.0,10971.0,0.0,0
2026-06-26T13:21:17.913,timeseries,3,Weather Report Extended v2,mlx-community/Llama-3.2-1B-Instruct-4bit,466.0,12554.0,0.0,0
2026-06-26T13:21:17.977,timeseries,3,Weather Report Extended v2,mlx-community/Llama-3.2-1B-Instruct-4bit,385.0,11050.0,0.0,0
2026-06-26T13:21:18.040,timeseries,3,Weather Report Extended v2,mlx-community/Llama-3.2-1B-Instruct-4bit,304.0,12518.0,0.0,0
2026-06-26T13:21:18.103,timeseries,3,Weather Report Extended v2,mlx-community/Llama-3.2-1B-Instruct-4bit,353.0,12547.0,0.0,0
2026-06-26T13:21:18.165,timeseries,3,Weather Report Extended v2,mlx-community/Llama-3.2-1B-Instruct-4bit,793.0,10391.0,0.0,0
2026-06-26T13:21:18.229,timeseries,3,Weather Report Extended v2,mlx-community/Llama-3.2-1B-Instruct-4bit,366.0,12463.0,0.0,0
2026-06-26T13:21:18.291,timeseries,3,Weather Report Extended v2,mlx-community/Llama-3.2-1B-Instruct-4bit,273.0,11057.0,0.0,0
2026-06-26T13:21:18.355,timeseries,3,Weather Report Extended v2,mlx-community/Llama-3.2-1B-Instruct-4bit,423.0,12262.0,0.0,0
2026-06-26T13:21:18.418,timeseries,3,Weather Report Extended v2,mlx-community/Llama-3.2-1B-Instruct-4bit,322.0,11029.0,0.0,0
2026-06-26T13:21:18.481,timeseries,3,Weather Report Extended v2,mlx-community/Llama-3.2-1B-Instruct-4bit,329.0,12300.0,0.0,0
2026-06-26T13:21:18.543,timeseries,3,Weather Report Extended v2,mlx-community/Llama-3.2-1B-Instruct-4bit,253.0,10861.0,0.0,0
2026-06-26T13:21:18.606,timeseries,3,Weather Report Extended v2,mlx-community/Llama-3.2-1B-Instruct-4bit,384.0,12489.0,0.0,0
2026-06-26T13:21:18.671,timeseries,3,Weather Report Extended v2,mlx-community/Llama-3.2-1B-Instruct-4bit,416.0,12641.0,0.0,0
2026-06-26T13:21:18.733,timeseries,3,Weather Report Extended v2,mlx-community/Llama-3.2-1B-Instruct-4bit,287.0,10933.0,0.0,0
2026-06-26T13:21:18.797,timeseries,3,Weather Report Extended v2,mlx-community/Llama-3.2-1B-Instruct-4bit,341.0,12173.0,0.0,0
2026-06-26T13:21:18.860,timeseries,3,Weather Report Extended v2,mlx-community/Llama-3.2-1B-Instruct-4bit,238.0,10869.0,0.0,0
2026-06-26T13:21:18.923,timeseries,3,Weather Report Extended v2,mlx-community/Llama-3.2-1B-Instruct-4bit,270.0,12468.0,0.0,0
2026-06-26T13:21:18.987,timeseries,3,Weather Report Extended v2,mlx-community/Llama-3.2-1B-Instruct-4bit,268.0,12340.0,0.0,0
2026-06-26T13:21:19.048,timeseries,3,Weather Report Extended v2,mlx-community/Llama-3.2-1B-Instruct-4bit,237.0,10900.0,0.0,0
2026-06-26T13:21:19.111,timeseries,3,Weather Report Extended v2,mlx-community/Llama-3.2-1B-Instruct-4bit,376.0,12250.0,0.0,0
2026-06-26T13:21:19.174,timeseries,3,Weather Report Extended v2,mlx-community/Llama-3.2-1B-Instruct-4bit,361.0,11369.0,0.0,0
2026-06-26T13:21:19.238,timeseries,3,Weather Report Extended v2,mlx-community/Llama-3.2-1B-Instruct-4bit,270.0,12462.0,0.0,0
2026-06-26T13:21:19.300,timeseries,3,Weather Report Extended v2,mlx-community/Llama-3.2-1B-Instruct-4bit,270.0,10974.0,0.0,0
2026-06-26T13:21:19.363,timeseries,3,Weather Report Extended v2,mlx-community/Llama-3.2-1B-Instruct-4bit,499.0,12170.0,0.0,0
2026-06-26T13:21:19.424,timeseries,3,Weather Report Extended v2,mlx-community/Llama-3.2-1B-Instruct-4bit,323.0,11093.0,0.0,0
2026-06-26T13:21:19.487,timeseries,3,Weather Report Extended v2,mlx-community/Llama-3.2-1B-Instruct-4bit,365.0,12476.0,0.0,0
2026-06-26T13:21:19.549,timeseries,3,Weather Report Extended v2,mlx-community/Llama-3.2-1B-Instruct-4bit,309.0,11221.0,0.0,0
2026-06-26T13:21:19.611,timeseries,3,Weather Report Extended v2,mlx-community/Llama-3.2-1B-Instruct-4bit,366.0,12445.0,0.0,0
2026-06-26T13:21:19.674,timeseries,3,Weather Report Extended v2,mlx-community/Llama-3.2-1B-Instruct-4bit,323.0,11147.0,0.0,0
2026-06-26T13:21:19.737,timeseries,3,Weather Report Extended v2,mlx-community/Llama-3.2-1B-Instruct-4bit,272.0,12613.0,0.0,0
2026-06-26T13:21:19.799,timeseries,3,Weather Report Extended v2,mlx-community/Llama-3.2-1B-Instruct-4bit,397.0,9803.0,0.0,0
2026-06-26T13:21:19.863,timeseries,3,Weather Report Extended v2,mlx-community/Llama-3.2-1B-Instruct-4bit,414.0,12859.0,0.0,0
2026-06-26T13:21:19.925,timeseries,3,Weather Report Extended v2,mlx-community/Llama-3.2-1B-Instruct-4bit,290.0,11486.0,0.0,0
2026-06-26T13:21:19.989,timeseries,3,Weather Report Extended v2,mlx-community/Llama-3.2-1B-Instruct-4bit,316.0,12837.0,0.0,0
2026-06-26T13:21:20.051,timeseries,3,Weather Report Extended v2,mlx-community/Llama-3.2-1B-Instruct-4bit,239.0,12983.0,0.0,0
2026-06-26T13:21:20.113,timeseries,3,Weather Report Extended v2,mlx-community/Llama-3.2-1B-Instruct-4bit,409.0,11119.0,0.0,0
2026-06-26T13:21:20.177,timeseries,3,Weather Report Extended v2,mlx-community/Llama-3.2-1B-Instruct-4bit,386.0,11510.0,0.0,0
2026-06-26T13:21:20.241,timeseries,3,Weather Report Extended v2,mlx-community/Llama-3.2-1B-Instruct-4bit,289.0,13120.0,0.0,0
2026-06-26T13:21:20.304,timeseries,3,Weather Report Extended v2,mlx-community/Llama-3.2-1B-Instruct-4bit,265.0,12639.0,0.0,0
2026-06-26T13:21:20.368,timeseries,3,Weather Report Extended v2,mlx-community/Llama-3.2-1B-Instruct-4bit,457.0,11119.0,0.0,0
2026-06-26T13:21:20.432,timeseries,3,Weather Report Extended v2,mlx-community/Llama-3.2-1B-Instruct-4bit,285.0,12882.0,0.0,0
2026-06-26T13:21:20.494,timeseries,3,Weather Report Extended v2,mlx-community/Llama-3.2-1B-Instruct-4bit,282.0,12717.0,0.0,0
2026-06-26T13:21:20.557,timeseries,3,Weather Report Extended v2,mlx-community/Llama-3.2-1B-Instruct-4bit,346.0,11241.0,0.0,0
2026-06-26T13:21:20.620,timeseries,3,Weather Report Extended v2,mlx-community/Llama-3.2-1B-Instruct-4bit,369.0,12991.0,0.0,0
2026-06-26T13:21:20.684,timeseries,3,Weather Report Extended v2,mlx-community/Llama-3.2-1B-Instruct-4bit,287.0,11425.0,0.0,0
2026-06-26T13:21:20.747,timeseries,3,Weather Report Extended v2,mlx-community/Llama-3.2-1B-Instruct-4bit,282.0,12721.0,0.0,0
2026-06-26T13:21:20.810,timeseries,3,Weather Report Extended v2,mlx-community/Llama-3.2-1B-Instruct-4bit,282.0,12775.0,0.0,0
2026-06-26T13:21:20.873,timeseries,3,Weather Report Extended v2,mlx-community/Llama-3.2-1B-Instruct-4bit,253.0,11331.0,0.0,0
2026-06-26T13:21:20.936,timeseries,3,Weather Report Extended v2,mlx-community/Llama-3.2-1B-Instruct-4bit,239.0,12991.0,0.0,0
2026-06-26T13:21:20.998,timeseries,3,Weather Report Extended v2,mlx-community/Llama-3.2-1B-Instruct-4bit,271.0,11377.0,0.0,0
2026-06-26T13:21:21.061,timeseries,3,Weather Report Extended v2,mlx-community/Llama-3.2-1B-Instruct-4bit,287.0,12974.0,0.0,0
2026-06-26T13:21:21.123,timeseries,3,Weather Report Extended v2,mlx-community/Llama-3.2-1B-Instruct-4bit,450.0,11400.0,0.0,0
2026-06-26T13:21:21.187,timeseries,3,Weather Report Extended v2,mlx-community/Llama-3.2-1B-Instruct-4bit,337.0,13127.0,0.0,0
2026-06-26T13:21:21.251,timeseries,3,Weather Report Extended v2,mlx-community/Llama-3.2-1B-Instruct-4bit,254.0,11335.0,0.0,0
2026-06-26T13:21:21.314,timeseries,3,Weather Report Extended v2,mlx-community/Llama-3.2-1B-Instruct-4bit,297.0,12685.0,0.0,0
2026-06-26T13:21:21.377,timeseries,3,Weather Report Extended v2,mlx-community/Llama-3.2-1B-Instruct-4bit,404.0,11045.0,0.0,0
2026-06-26T13:21:21.440,timeseries,3,Weather Report Extended v2,mlx-community/Llama-3.2-1B-Instruct-4bit,292.0,13224.0,0.0,0
2026-06-26T13:21:21.503,timeseries,3,Weather Report Extended v2,mlx-community/Llama-3.2-1B-Instruct-4bit,236.0,12760.0,0.0,0
2026-06-26T13:21:21.563,timeseries,3,Weather Report Extended v2,mlx-community/Llama-3.2-1B-Instruct-4bit,349.0,11243.0,0.0,0
2026-06-26T13:21:21.626,timeseries,3,Weather Report Extended v2,mlx-community/Llama-3.2-1B-Instruct-4bit,514.0,11527.0,0.0,0
2026-06-26T13:21:21.690,timeseries,3,Weather Report Extended v2,mlx-community/Llama-3.2-1B-Instruct-4bit,358.0,13324.0,0.0,0
2026-06-26T13:21:21.754,timeseries,3,Weather Report Extended v2,mlx-community/Llama-3.2-1B-Instruct-4bit,238.0,12925.0,0.0,0
2026-06-26T13:21:21.817,timeseries,3,Weather Report Extended v2,mlx-community/Llama-3.2-1B-Instruct-4bit,252.0,11276.0,0.0,0
2026-06-26T13:21:21.881,timeseries,3,Weather Report Extended v2,mlx-community/Llama-3.2-1B-Instruct-4bit,279.0,12628.0,0.0,0
2026-06-26T13:21:21.943,timeseries,3,Weather Report Extended v2,mlx-community/Llama-3.2-1B-Instruct-4bit,254.0,12961.0,0.0,0
2026-06-26T13:21:22.006,timeseries,3,Weather Report Extended v2,mlx-community/Llama-3.2-1B-Instruct-4bit,256.0,11437.0,0.0,0
2026-06-26T13:21:22.069,timeseries,3,Weather Report Extended v2,mlx-community/Llama-3.2-1B-Instruct-4bit,255.0,12934.0,0.0,0
2026-06-26T13:21:22.131,timeseries,3,Weather Report Extended v2,mlx-community/Llama-3.2-1B-Instruct-4bit,444.0,11301.0,0.0,0
2026-06-26T13:21:22.193,timeseries,3,Weather Report Extended v2,mlx-community/Llama-3.2-1B-Instruct-4bit,269.0,12934.0,0.0,0
2026-06-26T13:21:22.256,timeseries,3,Weather Report Extended v2,mlx-community/Llama-3.2-1B-Instruct-4bit,322.0,11442.0,0.0,0
2026-06-26T13:21:22.317,timeseries,3,Weather Report Extended v2,mlx-community/Llama-3.2-1B-Instruct-4bit,2456.0,12886.0,0.0,0
2026-06-26T13:21:22.380,timeseries,3,Weather Report Extended v2,mlx-community/Llama-3.2-1B-Instruct-4bit,858.0,11668.0,0.0,0
2026-06-26T13:21:22.441,timeseries,3,Weather Report Extended v2,mlx-community/Llama-3.2-1B-Instruct-4bit,585.0,11702.0,0.0,0
2026-06-26T13:21:22.503,timeseries,3,Weather Report Extended v2,mlx-community/Llama-3.2-1B-Instruct-4bit,477.0,13048.0,0.0,0
2026-06-26T13:21:22.564,timeseries,3,Weather Report Extended v2,mlx-community/Llama-3.2-1B-Instruct-4bit,360.0,11802.0,0.0,0
2026-06-26T13:21:22.627,timeseries,3,Weather Report Extended v2,mlx-community/Llama-3.2-1B-Instruct-4bit,614.0,11546.0,0.0,0
2026-06-26T13:21:22.689,timeseries,3,Weather Report Extended v2,mlx-community/Llama-3.2-1B-Instruct-4bit,410.0,13454.0,0.0,0
2026-06-26T13:21:22.751,timeseries,3,Weather Report Extended v2,mlx-community/Llama-3.2-1B-Instruct-4bit,271.0,13024.0,0.0,0
2026-06-26T13:21:22.814,timeseries,3,Weather Report Extended v2,mlx-community/Llama-3.2-1B-Instruct-4bit,335.0,11444.0,0.0,0
2026-06-26T13:21:22.877,timeseries,3,Weather Report Extended v2,mlx-community/Llama-3.2-1B-Instruct-4bit,289.0,11455.0,0.0,0
2026-06-26T13:21:22.939,timeseries,3,Weather Report Extended v2,mlx-community/Llama-3.2-1B-Instruct-4bit,273.0,13151.0,0.0,0
2026-06-26T13:21:23.002,timeseries,3,Weather Report Extended v2,mlx-community/Llama-3.2-1B-Instruct-4bit,239.0,13097.0,0.0,0
2026-06-26T13:21:23.064,timeseries,3,Weather Report Extended v2,mlx-community/Llama-3.2-1B-Instruct-4bit,287.0,11339.0,0.0,0
2026-06-26T13:21:23.127,timeseries,3,Weather Report Extended v2,mlx-community/Llama-3.2-1B-Instruct-4bit,475.0,12612.0,0.0,0
2026-06-26T13:21:23.190,timeseries,3,Weather Report Extended v2,mlx-community/Llama-3.2-1B-Instruct-4bit,579.0,10377.0,0.0,0
2026-06-26T13:21:23.255,timeseries,3,Weather Report Extended v2,mlx-community/Llama-3.2-1B-Instruct-4bit,336.0,13094.0,0.0,0
2026-06-26T13:21:23.317,timeseries,3,Weather Report Extended v2,mlx-community/Llama-3.2-1B-Instruct-4bit,300.0,11345.0,0.0,0
2026-06-26T13:21:23.380,timeseries,3,Weather Report Extended v2,mlx-community/Llama-3.2-1B-Instruct-4bit,429.0,12485.0,0.0,0
2026-06-26T13:21:23.444,timeseries,3,Weather Report Extended v2,mlx-community/Llama-3.2-1B-Instruct-4bit,258.0,11519.0,0.0,0
2026-06-26T13:21:23.508,timeseries,3,Weather Report Extended v2,mlx-community/Llama-3.2-1B-Instruct-4bit,270.0,13003.0,0.0,0
2026-06-26T13:21:23.570,timeseries,3,Weather Report Extended v2,mlx-community/Llama-3.2-1B-Instruct-4bit,270.0,13023.0,0.0,0
2026-06-26T13:21:23.631,timeseries,3,Weather Report Extended v2,mlx-community/Llama-3.2-1B-Instruct-4bit,437.0,11049.0,0.0,0
2026-06-26T13:21:23.694,timeseries,3,Weather Report Extended v2,mlx-community/Llama-3.2-1B-Instruct-4bit,468.0,13214.0,0.0,0
2026-06-26T13:21:23.757,timeseries,3,Weather Report Extended v2,mlx-community/Llama-3.2-1B-Instruct-4bit,298.0,11859.0,0.0,0
2026-06-26T13:21:23.821,timeseries,3,Weather Report Extended v2,mlx-community/Llama-3.2-1B-Instruct-4bit,283.0,12871.0,0.0,0
2026-06-26T13:21:23.883,timeseries,3,Weather Report Extended v2,mlx-community/Llama-3.2-1B-Instruct-4bit,267.0,11272.0,0.0,0
2026-06-26T13:21:23.946,timeseries,3,Weather Report Extended v2,mlx-community/Llama-3.2-1B-Instruct-4bit,254.0,12981.0,0.0,0
2026-06-26T13:21:24.010,timeseries,3,Weather Report Extended v2,mlx-community/Llama-3.2-1B-Instruct-4bit,271.0,11430.0,0.0,0
2026-06-26T13:21:24.073,timeseries,3,Weather Report Extended v2,mlx-community/Llama-3.2-1B-Instruct-4bit,287.0,13103.0,0.0,0
2026-06-26T13:21:24.136,timeseries,3,Weather Report Extended v2,mlx-community/Llama-3.2-1B-Instruct-4bit,376.0,12761.0,0.0,0
2026-06-26T13:21:24.200,timeseries,3,Weather Report Extended v2,mlx-community/Llama-3.2-1B-Instruct-4bit,317.0,11328.0,0.0,0
2026-06-26T13:21:24.263,timeseries,3,Weather Report Extended v2,mlx-community/Llama-3.2-1B-Instruct-4bit,286.0,12979.0,0.0,0
2026-06-26T13:21:24.325,timeseries,3,Weather Report Extended v2,mlx-community/Llama-3.2-1B-Instruct-4bit,361.0,11203.0,0.0,0
2026-06-26T13:21:24.388,timeseries,3,Weather Report Extended v2,mlx-community/Llama-3.2-1B-Instruct-4bit,364.0,12944.0,0.0,0
2026-06-26T13:21:24.451,timeseries,3,Weather Report Extended v2,mlx-community/Llama-3.2-1B-Instruct-4bit,307.0,11593.0,0.0,0
2026-06-26T13:21:24.515,timeseries,3,Weather Report Extended v2,mlx-community/Llama-3.2-1B-Instruct-4bit,253.0,12973.0,0.0,0
2026-06-26T13:21:24.577,timeseries,3,Weather Report Extended v2,mlx-community/Llama-3.2-1B-Instruct-4bit,315.0,12838.0,0.0,0
2026-06-26T13:21:24.639,timeseries,3,Weather Report Extended v2,mlx-community/Llama-3.2-1B-Instruct-4bit,396.0,11341.0,0.0,0
2026-06-26T13:21:24.703,timeseries,3,Weather Report Extended v2,mlx-community/Llama-3.2-1B-Instruct-4bit,366.0,13027.0,0.0,0
2026-06-26T13:21:24.766,timeseries,3,Weather Report Extended v2,mlx-community/Llama-3.2-1B-Instruct-4bit,312.0,11752.0,0.0,0
2026-06-26T13:21:24.830,timeseries,3,Weather Report Extended v2,mlx-community/Llama-3.2-1B-Instruct-4bit,264.0,12721.0,0.0,0
2026-06-26T13:21:24.894,timeseries,3,Weather Report Extended v2,mlx-community/Llama-3.2-1B-Instruct-4bit,253.0,11360.0,0.0,0
2026-06-26T13:21:24.956,timeseries,3,Weather Report Extended v2,mlx-community/Llama-3.2-1B-Instruct-4bit,266.0,12823.0,0.0,0
2026-06-26T13:21:25.021,timeseries,3,Weather Report Extended v2,mlx-community/Llama-3.2-1B-Instruct-4bit,266.0,12758.0,0.0,0
2026-06-26T13:21:25.083,timeseries,3,Weather Report Extended v2,mlx-community/Llama-3.2-1B-Instruct-4bit,272.0,11431.0,0.0,0
2026-06-26T13:21:25.147,timeseries,3,Weather Report Extended v2,mlx-community/Llama-3.2-1B-Instruct-4bit,542.0,12631.0,0.0,0
2026-06-26T13:21:25.210,timeseries,3,Weather Report Extended v2,mlx-community/Llama-3.2-1B-Instruct-4bit,322.0,11628.0,0.0,0
2026-06-26T13:21:25.272,timeseries,3,Weather Report Extended v2,mlx-community/Llama-3.2-1B-Instruct-4bit,266.0,12850.0,0.0,0
2026-06-26T13:21:25.334,timeseries,3,Weather Report Extended v2,mlx-community/Llama-3.2-1B-Instruct-4bit,409.0,12650.0,0.0,0
2026-06-26T13:21:25.397,timeseries,3,Weather Report Extended v2,mlx-community/Llama-3.2-1B-Instruct-4bit,341.0,11683.0,0.0,0
2026-06-26T13:21:25.461,timeseries,3,Weather Report Extended v2,mlx-community/Llama-3.2-1B-Instruct-4bit,257.0,13116.0,0.0,0
2026-06-26T13:21:25.527,timeseries,3,Weather Report Extended v2,mlx-community/Llama-3.2-1B-Instruct-4bit,300.0,11344.0,0.0,0
2026-06-26T13:21:25.589,timeseries,3,Weather Report Extended v2,mlx-community/Llama-3.2-1B-Instruct-4bit,266.0,12833.0,0.0,0
2026-06-26T13:21:25.652,timeseries,3,Weather Report Extended v2,mlx-community/Llama-3.2-1B-Instruct-4bit,430.0,12626.0,0.0,0
2026-06-26T13:21:25.716,timeseries,3,Weather Report Extended v2,mlx-community/Llama-3.2-1B-Instruct-4bit,319.0,11460.0,0.0,0
2026-06-26T13:21:25.779,timeseries,3,Weather Report Extended v2,mlx-community/Llama-3.2-1B-Instruct-4bit,379.0,12911.0,0.0,0
2026-06-26T13:21:25.841,timeseries,3,Weather Report Extended v2,mlx-community/Llama-3.2-1B-Instruct-4bit,487.0,11303.0,0.0,0
2026-06-26T13:21:25.905,timeseries,3,Weather Report Extended v2,mlx-community/Llama-3.2-1B-Instruct-4bit,273.0,13161.0,0.0,0
2026-06-26T13:21:25.967,timeseries,3,Weather Report Extended v2,mlx-community/Llama-3.2-1B-Instruct-4bit,270.0,11380.0,0.0,0
2026-06-26T13:21:26.029,timeseries,3,Weather Report Extended v2,mlx-community/Llama-3.2-1B-Instruct-4bit,288.0,13119.0,0.0,0
2026-06-26T13:21:26.090,timeseries,3,Weather Report Extended v2,mlx-community/Llama-3.2-1B-Instruct-4bit,378.0,11184.0,0.0,0
2026-06-26T13:21:26.154,timeseries,3,Weather Report Extended v2,mlx-community/Llama-3.2-1B-Instruct-4bit,523.0,13377.0,0.0,0
2026-06-26T13:21:26.216,timeseries,3,Weather Report Extended v2,mlx-community/Llama-3.2-1B-Instruct-4bit,355.0,11601.0,0.0,0
2026-06-26T13:21:26.278,timeseries,3,Weather Report Extended v2,mlx-community/Llama-3.2-1B-Instruct-4bit,285.0,13014.0,0.0,0
2026-06-26T13:21:26.339,timeseries,3,Weather Report Extended v2,mlx-community/Llama-3.2-1B-Instruct-4bit,479.0,11419.0,0.0,0
2026-06-26T13:21:26.403,timeseries,3,Weather Report Extended v2,mlx-community/Llama-3.2-1B-Instruct-4bit,343.0,13393.0,0.0,0
2026-06-26T13:21:26.465,timeseries,3,Weather Report Extended v2,mlx-community/Llama-3.2-1B-Instruct-4bit,273.0,11513.0,0.0,0
2026-06-26T13:21:26.527,timeseries,3,Weather Report Extended v2,mlx-community/Llama-3.2-1B-Instruct-4bit,392.0,11721.0,0.0,0
2026-06-26T13:21:26.589,timeseries,3,Weather Report Extended v2,mlx-community/Llama-3.2-1B-Instruct-4bit,667.0,11335.0,0.0,0
2026-06-26T13:21:26.653,timeseries,3,Weather Report Extended v2,mlx-community/Llama-3.2-1B-Instruct-4bit,468.0,13391.0,0.0,0
2026-06-26T13:21:26.719,timeseries,3,Weather Report Extended v2,mlx-community/Llama-3.2-1B-Instruct-4bit,320.0,11447.0,0.0,0
2026-06-26T13:21:26.781,timeseries,3,Weather Report Extended v2,mlx-community/Llama-3.2-1B-Instruct-4bit,362.0,12807.0,0.0,0
2026-06-26T13:21:26.845,timeseries,3,Weather Report Extended v2,mlx-community/Llama-3.2-1B-Instruct-4bit,675.0,12277.0,0.0,0
2026-06-26T13:21:26.907,timeseries,3,Weather Report Extended v2,mlx-community/Llama-3.2-1B-Instruct-4bit,357.0,11616.0,0.0,0
2026-06-26T13:21:26.969,timeseries,3,Weather Report Extended v2,mlx-community/Llama-3.2-1B-Instruct-4bit,850.0,12982.0,0.0,0
2026-06-26T13:21:27.030,timeseries,3,Weather Report Extended v2,mlx-community/Llama-3.2-1B-Instruct-4bit,452.0,11613.0,0.0,0
2026-06-26T13:21:27.093,timeseries,3,Weather Report Extended v2,mlx-community/Llama-3.2-1B-Instruct-4bit,514.0,11542.0,0.0,0
2026-06-26T13:21:27.156,timeseries,3,Weather Report Extended v2,mlx-community/Llama-3.2-1B-Instruct-4bit,422.0,13431.0,0.0,0
2026-06-26T13:21:27.219,timeseries,3,Weather Report Extended v2,mlx-community/Llama-3.2-1B-Instruct-4bit,303.0,13125.0,0.0,0
2026-06-26T13:21:27.280,timeseries,3,Weather Report Extended v2,mlx-community/Llama-3.2-1B-Instruct-4bit,240.0,11528.0,0.0,0
2026-06-26T13:21:27.344,timeseries,3,Weather Report Extended v2,mlx-community/Llama-3.2-1B-Instruct-4bit,431.0,11375.0,0.0,0
2026-06-26T13:21:27.406,timeseries,3,Weather Report Extended v2,mlx-community/Llama-3.2-1B-Instruct-4bit,307.0,13240.0,0.0,0
2026-06-26T13:21:27.468,timeseries,3,Weather Report Extended v2,mlx-community/Llama-3.2-1B-Instruct-4bit,1449.0,11200.0,0.0,0
2026-06-26T13:21:27.529,timeseries,3,Weather Report Extended v2,mlx-community/Llama-3.2-1B-Instruct-4bit,1433.0,13360.0,0.0,0
2026-06-26T13:21:27.592,timeseries,3,Weather Report Extended v2,mlx-community/Llama-3.2-1B-Instruct-4bit,1004.0,11728.0,0.0,0
2026-06-26T13:21:27.655,timeseries,3,Weather Report Extended v2,mlx-community/Llama-3.2-1B-Instruct-4bit,516.0,13368.0,0.0,0
2026-06-26T13:21:27.719,timeseries,3,Weather Report Extended v2,mlx-community/Llama-3.2-1B-Instruct-4bit,418.0,11643.0,0.0,0
2026-06-26T13:21:27.780,timeseries,3,Weather Report Extended v2,mlx-community/Llama-3.2-1B-Instruct-4bit,381.0,13068.0,0.0,0
2026-06-26T13:21:27.842,timeseries,3,Weather Report Extended v2,mlx-community/Llama-3.2-1B-Instruct-4bit,1669.0,11149.0,0.0,0
2026-06-26T13:21:27.905,timeseries,3,Weather Report Extended v2,mlx-community/Llama-3.2-1B-Instruct-4bit,584.0,13520.0,0.0,0
2026-06-26T13:21:27.968,timeseries,3,Weather Report Extended v2,mlx-community/Llama-3.2-1B-Instruct-4bit,467.0,11671.0,0.0,0
2026-06-26T13:21:28.029,timeseries,3,Weather Report Extended v2,mlx-community/Llama-3.2-1B-Instruct-4bit,398.0,13130.0,0.0,0
2026-06-26T13:21:28.092,timeseries,3,Weather Report Extended v2,mlx-community/Llama-3.2-1B-Instruct-4bit,397.0,11350.0,0.0,0
2026-06-26T13:21:28.156,timeseries,3,Weather Report Extended v2,mlx-community/Llama-3.2-1B-Instruct-4bit,471.0,13379.0,0.0,0
2026-06-26T13:21:28.219,timeseries,3,Weather Report Extended v2,mlx-community/Llama-3.2-1B-Instruct-4bit,269.0,13061.0,0.0,0
2026-06-26T13:21:28.282,timeseries,3,Weather Report Extended v2,mlx-community/Llama-3.2-1B-Instruct-4bit,300.0,11320.0,0.0,0
2026-06-26T13:21:28.345,timeseries,3,Weather Report Extended v2,mlx-community/Llama-3.2-1B-Instruct-4bit,364.0,12959.0,0.0,0
2026-06-26T13:21:28.408,timeseries,3,Weather Report Extended v2,mlx-community/Llama-3.2-1B-Instruct-4bit,302.0,11492.0,0.0,0
2026-06-26T13:21:28.471,timeseries,3,Weather Report Extended v2,mlx-community/Llama-3.2-1B-Instruct-4bit,254.0,13056.0,0.0,0
2026-06-26T13:21:28.532,timeseries,3,Weather Report Extended v2,mlx-community/Llama-3.2-1B-Instruct-4bit,238.0,11421.0,0.0,0
2026-06-26T13:21:28.595,timeseries,3,Weather Report Extended v2,mlx-community/Llama-3.2-1B-Instruct-4bit,364.0,12983.0,0.0,0
2026-06-26T13:21:28.658,timeseries,3,Weather Report Extended v2,mlx-community/Llama-3.2-1B-Instruct-4bit,366.0,12013.0,0.0,0
2026-06-26T13:21:28.722,timeseries,3,Weather Report Extended v2,mlx-community/Llama-3.2-1B-Instruct-4bit,282.0,12890.0,0.0,0
2026-06-26T13:21:28.784,timeseries,3,Weather Report Extended v2,mlx-community/Llama-3.2-1B-Instruct-4bit,274.0,11508.0,0.0,0
2026-06-26T13:21:28.847,timeseries,3,Weather Report Extended v2,mlx-community/Llama-3.2-1B-Instruct-4bit,265.0,12801.0,0.0,0
2026-06-26T13:21:28.911,timeseries,3,Weather Report Extended v2,mlx-community/Llama-3.2-1B-Instruct-4bit,367.0,11405.0,0.0,0
2026-06-26T13:21:28.973,timeseries,3,Weather Report Extended v2,mlx-community/Llama-3.2-1B-Instruct-4bit,256.0,13178.0,0.0,0
2026-06-26T13:21:29.034,timeseries,3,Weather Report Extended v2,mlx-community/Llama-3.2-1B-Instruct-4bit,238.0,13053.0,0.0,0
2026-06-26T13:21:29.097,timeseries,3,Weather Report Extended v2,mlx-community/Llama-3.2-1B-Instruct-4bit,381.0,11350.0,0.0,0
2026-06-26T13:21:29.161,timeseries,3,Weather Report Extended v2,mlx-community/Llama-3.2-1B-Instruct-4bit,415.0,11994.0,0.0,0
2026-06-26T13:21:29.223,timeseries,3,Weather Report Extended v2,mlx-community/Llama-3.2-1B-Instruct-4bit,300.0,12989.0,0.0,0
2026-06-26T13:21:29.285,timeseries,3,Weather Report Extended v2,mlx-community/Llama-3.2-1B-Instruct-4bit,266.0,12881.0,0.0,0
2026-06-26T13:21:29.348,timeseries,3,Weather Report Extended v2,mlx-community/Llama-3.2-1B-Instruct-4bit,580.0,11501.0,0.0,0
2026-06-26T13:21:29.410,timeseries,3,Weather Report Extended v2,mlx-community/Llama-3.2-1B-Instruct-4bit,354.0,13225.0,0.0,0
2026-06-26T13:21:29.472,timeseries,3,Weather Report Extended v2,mlx-community/Llama-3.2-1B-Instruct-4bit,290.0,11626.0,0.0,0
2026-06-26T13:21:29.534,timeseries,3,Weather Report Extended v2,mlx-community/Llama-3.2-1B-Instruct-4bit,255.0,13137.0,0.0,0
2026-06-26T13:21:29.596,timeseries,3,Weather Report Extended v2,mlx-community/Llama-3.2-1B-Instruct-4bit,478.0,11365.0,0.0,0
2026-06-26T13:21:29.659,timeseries,3,Weather Report Extended v2,mlx-community/Llama-3.2-1B-Instruct-4bit,438.0,11742.0,0.0,0
2026-06-26T13:21:29.722,timeseries,3,Weather Report Extended v2,mlx-community/Llama-3.2-1B-Instruct-4bit,304.0,13178.0,0.0,0
2026-06-26T13:21:29.785,timeseries,3,Weather Report Extended v2,mlx-community/Llama-3.2-1B-Instruct-4bit,260.0,11695.0,0.0,0
2026-06-26T13:21:29.850,timeseries,3,Weather Report Extended v2,mlx-community/Llama-3.2-1B-Instruct-4bit,283.0,12888.0,0.0,0
2026-06-26T13:21:29.912,timeseries,3,Weather Report Extended v2,mlx-community/Llama-3.2-1B-Instruct-4bit,268.0,12746.0,0.0,0
2026-06-26T13:21:29.975,timeseries,3,Weather Report Extended v2,mlx-community/Llama-3.2-1B-Instruct-4bit,558.0,9938.0,0.0,0
2026-06-26T13:21:30.036,timeseries,3,Weather Report Extended v2,mlx-community/Llama-3.2-1B-Instruct-4bit,433.0,13228.0,0.0,0
2026-06-26T13:21:30.098,timeseries,3,Weather Report Extended v2,mlx-community/Llama-3.2-1B-Instruct-4bit,382.0,11472.0,0.0,0
2026-06-26T13:21:30.162,timeseries,3,Weather Report Extended v2,mlx-community/Llama-3.2-1B-Instruct-4bit,377.0,13584.0,0.0,0
2026-06-26T13:21:30.225,timeseries,3,Weather Report Extended v2,mlx-community/Llama-3.2-1B-Instruct-4bit,274.0,11622.0,0.0,0
2026-06-26T13:21:30.287,timeseries,3,Weather Report Extended v2,mlx-community/Llama-3.2-1B-Instruct-4bit,235.0,12874.0,0.0,0
2026-06-26T13:21:30.350,timeseries,3,Weather Report Extended v2,mlx-community/Llama-3.2-1B-Instruct-4bit,477.0,11389.0,0.0,0
2026-06-26T13:21:30.413,timeseries,3,Weather Report Extended v2,mlx-community/Llama-3.2-1B-Instruct-4bit,304.0,13237.0,0.0,0
2026-06-26T13:21:30.476,timeseries,3,Weather Report Extended v2,mlx-community/Llama-3.2-1B-Instruct-4bit,270.0,11458.0,0.0,0
2026-06-26T13:21:30.537,timeseries,3,Weather Report Extended v2,mlx-community/Llama-3.2-1B-Instruct-4bit,270.0,13111.0,0.0,0
2026-06-26T13:21:30.600,timeseries,3,Weather Report Extended v2,mlx-community/Llama-3.2-1B-Instruct-4bit,414.0,11419.0,0.0,0
2026-06-26T13:21:30.663,timeseries,3,Weather Report Extended v2,mlx-community/Llama-3.2-1B-Instruct-4bit,376.0,13472.0,0.0,0
2026-06-26T13:21:30.725,timeseries,3,Weather Report Extended v2,mlx-community/Llama-3.2-1B-Instruct-4bit,273.0,11668.0,0.0,0
2026-06-26T13:21:30.788,timeseries,3,Weather Report Extended v2,mlx-community/Llama-3.2-1B-Instruct-4bit,268.0,12987.0,0.0,0
2026-06-26T13:21:30.852,timeseries,3,Weather Report Extended v2,mlx-community/Llama-3.2-1B-Instruct-4bit,241.0,11580.0,0.0,0
2026-06-26T13:21:30.914,timeseries,3,Weather Report Extended v2,mlx-community/Llama-3.2-1B-Instruct-4bit,269.0,13085.0,0.0,0
2026-06-26T13:21:30.977,timeseries,3,Weather Report Extended v2,mlx-community/Llama-3.2-1B-Instruct-4bit,269.0,11420.0,0.0,0
2026-06-26T13:21:31.039,timeseries,3,Weather Report Extended v2,mlx-community/Llama-3.2-1B-Instruct-4bit,368.0,13217.0,0.0,0
2026-06-26T13:21:31.101,timeseries,3,Weather Report Extended v2,mlx-community/Llama-3.2-1B-Instruct-4bit,432.0,11423.0,0.0,0
2026-06-26T13:21:31.164,timeseries,3,Weather Report Extended v2,mlx-community/Llama-3.2-1B-Instruct-4bit,339.0,13396.0,0.0,0
2026-06-26T13:21:31.227,timeseries,3,Weather Report Extended v2,mlx-community/Llama-3.2-1B-Instruct-4bit,286.0,11482.0,0.0,0
2026-06-26T13:21:31.290,timeseries,3,Weather Report Extended v2,mlx-community/Llama-3.2-1B-Instruct-4bit,273.0,13286.0,0.0,0
2026-06-26T13:21:31.353,timeseries,3,Weather Report Extended v2,mlx-community/Llama-3.2-1B-Instruct-4bit,424.0,12849.0,0.0,0
2026-06-26T13:21:31.415,timeseries,3,Weather Report Extended v2,mlx-community/Llama-3.2-1B-Instruct-4bit,302.0,11496.0,0.0,0
2026-06-26T13:21:31.479,timeseries,3,Weather Report Extended v2,mlx-community/Llama-3.2-1B-Instruct-4bit,272.0,13243.0,0.0,0
2026-06-26T13:21:31.541,timeseries,3,Weather Report Extended v2,mlx-community/Llama-3.2-1B-Instruct-4bit,259.0,11649.0,0.0,0
2026-06-26T13:21:31.602,timeseries,3,Weather Report Extended v2,mlx-community/Llama-3.2-1B-Instruct-4bit,359.0,12812.0,0.0,0
2026-06-26T13:21:31.669,timeseries,3,Weather Report Extended v2,mlx-community/Llama-3.2-1B-Instruct-4bit,389.0,11827.0,0.0,0
2026-06-26T13:21:31.732,timeseries,3,Weather Report Extended v2,mlx-community/Llama-3.2-1B-Instruct-4bit,499.0,13079.0,0.0,0
2026-06-26T13:21:31.794,timeseries,3,Weather Report Extended v2,mlx-community/Llama-3.2-1B-Instruct-4bit,746.0,12031.0,0.0,0
2026-06-26T13:21:31.857,timeseries,3,Weather Report Extended v2,mlx-community/Llama-3.2-1B-Instruct-4bit,372.0,11619.0,0.0,0
2026-06-26T13:21:31.921,timeseries,3,Weather Report Extended v2,mlx-community/Llama-3.2-1B-Instruct-4bit,271.0,13174.0,0.0,0
2026-06-26T13:21:31.981,timeseries,3,Weather Report Extended v2,mlx-community/Llama-3.2-1B-Instruct-4bit,271.0,11494.0,0.0,0
2026-06-26T13:21:32.043,timeseries,3,Weather Report Extended v2,mlx-community/Llama-3.2-1B-Instruct-4bit,313.0,12945.0,0.0,0
2026-06-26T13:21:32.107,timeseries,3,Weather Report Extended v2,mlx-community/Llama-3.2-1B-Instruct-4bit,543.0,11870.0,0.0,0
2026-06-26T13:21:32.169,timeseries,3,Weather Report Extended v2,mlx-community/Llama-3.2-1B-Instruct-4bit,386.0,13319.0,0.0,0
2026-06-26T13:21:32.231,timeseries,3,Weather Report Extended v2,mlx-community/Llama-3.2-1B-Instruct-4bit,304.0,11524.0,0.0,0
2026-06-26T13:21:32.295,timeseries,3,Weather Report Extended v2,mlx-community/Llama-3.2-1B-Instruct-4bit,254.0,13070.0,0.0,0
2026-06-26T13:21:32.357,timeseries,3,Weather Report Extended v2,mlx-community/Llama-3.2-1B-Instruct-4bit,418.0,11522.0,0.0,0
2026-06-26T13:21:32.420,timeseries,3,Weather Report Extended v2,mlx-community/Llama-3.2-1B-Instruct-4bit,283.0,12972.0,0.0,0
2026-06-26T13:21:32.483,timeseries,3,Weather Report Extended v2,mlx-community/Llama-3.2-1B-Instruct-4bit,256.0,11576.0,0.0,0
2026-06-26T13:21:32.546,timeseries,3,Weather Report Extended v2,mlx-community/Llama-3.2-1B-Instruct-4bit,269.0,13161.0,0.0,0
2026-06-26T13:21:32.609,timeseries,3,Weather Report Extended v2,mlx-community/Llama-3.2-1B-Instruct-4bit,783.0,11441.0,0.0,0
2026-06-26T13:21:32.671,timeseries,3,Weather Report Extended v2,mlx-community/Llama-3.2-1B-Instruct-4bit,2311.0,13213.0,0.0,0
2026-06-26T13:21:32.734,timeseries,3,Weather Report Extended v2,mlx-community/Llama-3.2-1B-Instruct-4bit,765.0,11566.0,0.0,0
2026-06-26T13:21:32.795,timeseries,3,Weather Report Extended v2,mlx-community/Llama-3.2-1B-Instruct-4bit,526.0,13248.0,0.0,0
2026-06-26T13:21:32.857,timeseries,3,Weather Report Extended v2,mlx-community/Llama-3.2-1B-Instruct-4bit,470.0,11868.0,0.0,0
2026-06-26T13:21:32.920,timeseries,3,Weather Report Extended v2,mlx-community/Llama-3.2-1B-Instruct-4bit,388.0,13370.0,0.0,0
2026-06-26T13:21:32.984,timeseries,3,Weather Report Extended v2,mlx-community/Llama-3.2-1B-Instruct-4bit,322.0,11633.0,0.0,0
2026-06-26T13:21:33.046,timeseries,3,Weather Report Extended v2,mlx-community/Llama-3.2-1B-Instruct-4bit,268.0,13062.0,0.0,0
2026-06-26T13:21:33.109,timeseries,3,Weather Report Extended v2,mlx-community/Llama-3.2-1B-Instruct-4bit,533.0,11294.0,0.0,0
2026-06-26T13:21:33.172,timeseries,3,Weather Report Extended v2,mlx-community/Llama-3.2-1B-Instruct-4bit,385.0,13353.0,0.0,0
2026-06-26T13:21:33.233,timeseries,3,Weather Report Extended v2,mlx-community/Llama-3.2-1B-Instruct-4bit,241.0,11573.0,0.0,0
2026-06-26T13:21:33.297,timeseries,3,Weather Report Extended v2,mlx-community/Llama-3.2-1B-Instruct-4bit,272.0,13206.0,0.0,0
2026-06-26T13:21:33.361,timeseries,3,Weather Report Extended v2,mlx-community/Llama-3.2-1B-Instruct-4bit,612.0,10455.0,0.0,0
2026-06-26T13:21:33.423,timeseries,3,Weather Report Extended v2,mlx-community/Llama-3.2-1B-Instruct-4bit,406.0,12461.0,0.0,0
2026-06-26T13:21:33.487,timeseries,3,Weather Report Extended v2,mlx-community/Llama-3.2-1B-Instruct-4bit,300.0,13027.0,0.0,0
2026-06-26T13:21:33.548,timeseries,3,Weather Report Extended v2,mlx-community/Llama-3.2-1B-Instruct-4bit,255.0,11594.0,0.0,0
2026-06-26T13:21:33.610,timeseries,3,Weather Report Extended v2,mlx-community/Llama-3.2-1B-Instruct-4bit,491.0,13011.0,0.0,0
2026-06-26T13:21:33.673,timeseries,3,Weather Report Extended v2,mlx-community/Llama-3.2-1B-Instruct-4bit,377.0,11905.0,0.0,0
2026-06-26T13:21:33.736,timeseries,3,Weather Report Extended v2,mlx-community/Llama-3.2-1B-Instruct-4bit,272.0,13207.0,0.0,0
2026-06-26T13:21:33.797,timeseries,3,Weather Report Extended v2,mlx-community/Llama-3.2-1B-Instruct-4bit,255.0,11496.0,0.0,0
2026-06-26T13:21:33.860,timeseries,3,Weather Report Extended v2,mlx-community/Llama-3.2-1B-Instruct-4bit,257.0,11675.0,0.0,0
2026-06-26T13:21:33.923,timeseries,3,Weather Report Extended v2,mlx-community/Llama-3.2-1B-Instruct-4bit,242.0,13379.0,0.0,0
2026-06-26T13:21:33.986,timeseries,3,Weather Report Extended v2,mlx-community/Llama-3.2-1B-Instruct-4bit,254.0,13150.0,0.0,0
2026-06-26T13:21:34.047,timeseries,3,Weather Report Extended v2,mlx-community/Llama-3.2-1B-Instruct-4bit,237.0,11443.0,0.0,0
2026-06-26T13:21:34.110,timeseries,3,Weather Report Extended v2,mlx-community/Llama-3.2-1B-Instruct-4bit,464.0,11500.0,0.0,0
2026-06-26T13:21:34.173,timeseries,3,Weather Report Extended v2,mlx-community/Llama-3.2-1B-Instruct-4bit,540.0,13567.0,0.0,0
2026-06-26T13:21:34.236,timeseries,3,Weather Report Extended v2,mlx-community/Llama-3.2-1B-Instruct-4bit,316.0,13074.0,0.0,0
2026-06-26T13:21:34.298,timeseries,3,Weather Report Extended v2,mlx-community/Llama-3.2-1B-Instruct-4bit,271.0,11610.0,0.0,0
2026-06-26T13:21:34.360,timeseries,3,Weather Report Extended v2,mlx-community/Llama-3.2-1B-Instruct-4bit,458.0,12961.0,0.0,0
2026-06-26T13:21:34.423,timeseries,3,Weather Report Extended v2,mlx-community/Llama-3.2-1B-Instruct-4bit,309.0,11820.0,0.0,0
2026-06-26T13:21:34.487,timeseries,3,Weather Report Extended v2,mlx-community/Llama-3.2-1B-Instruct-4bit,254.0,13176.0,0.0,0
2026-06-26T13:21:34.548,timeseries,3,Weather Report Extended v2,mlx-community/Llama-3.2-1B-Instruct-4bit,270.0,11501.0,0.0,0
2026-06-26T13:21:34.611,timeseries,3,Weather Report Extended v2,mlx-community/Llama-3.2-1B-Instruct-4bit,378.0,12958.0,0.0,0
2026-06-26T13:21:34.675,timeseries,3,Weather Report Extended v2,mlx-community/Llama-3.2-1B-Instruct-4bit,342.0,11911.0,0.0,0
2026-06-26T13:21:34.738,timeseries,3,Weather Report Extended v2,mlx-community/Llama-3.2-1B-Instruct-4bit,255.0,13201.0,0.0,0
2026-06-26T13:21:34.799,timeseries,3,Weather Report Extended v2,mlx-community/Llama-3.2-1B-Instruct-4bit,267.0,11448.0,0.0,0
2026-06-26T13:21:34.862,timeseries,3,Weather Report Extended v2,mlx-community/Llama-3.2-1B-Instruct-4bit,256.0,13310.0,0.0,0
2026-06-26T13:21:34.925,timeseries,3,Weather Report Extended v2,mlx-community/Llama-3.2-1B-Instruct-4bit,278.0,11824.0,0.0,0
2026-06-26T13:21:34.989,timeseries,3,Weather Report Extended v2,mlx-community/Llama-3.2-1B-Instruct-4bit,285.0,13088.0,0.0,0
2026-06-26T13:21:35.049,timeseries,3,Weather Report Extended v2,mlx-community/Llama-3.2-1B-Instruct-4bit,238.0,11542.0,0.0,0
2026-06-26T13:21:35.112,timeseries,3,Weather Report Extended v2,mlx-community/Llama-3.2-1B-Instruct-4bit,501.0,12823.0,0.0,0
2026-06-26T13:21:35.173,timeseries,3,Weather Report Extended v2,mlx-community/Llama-3.2-1B-Instruct-4bit,477.0,12002.0,0.0,0
2026-06-26T13:21:35.237,timeseries,3,Weather Report Extended v2,mlx-community/Llama-3.2-1B-Instruct-4bit,469.0,13424.0,0.0,0
2026-06-26T13:21:35.300,timeseries,3,Weather Report Extended v2,mlx-community/Llama-3.2-1B-Instruct-4bit,277.0,11769.0,0.0,0
2026-06-26T13:21:35.363,timeseries,3,Weather Report Extended v2,mlx-community/Llama-3.2-1B-Instruct-4bit,437.0,12889.0,0.0,0
2026-06-26T13:21:35.427,timeseries,3,Weather Report Extended v2,mlx-community/Llama-3.2-1B-Instruct-4bit,282.0,11341.0,0.0,0
2026-06-26T13:21:35.491,timeseries,3,Weather Report Extended v2,mlx-community/Llama-3.2-1B-Instruct-4bit,255.0,13139.0,0.0,0
2026-06-26T13:21:35.551,timeseries,3,Weather Report Extended v2,mlx-community/Llama-3.2-1B-Instruct-4bit,265.0,12987.0,0.0,0
2026-06-26T13:21:35.614,timeseries,3,Weather Report Extended v2,mlx-community/Llama-3.2-1B-Instruct-4bit,461.0,11502.0,0.0,0
2026-06-26T13:21:35.678,timeseries,3,Weather Report Extended v2,mlx-community/Llama-3.2-1B-Instruct-4bit,379.0,13719.0,0.0,0
2026-06-26T13:21:35.739,timeseries,3,Weather Report Extended v2,mlx-community/Llama-3.2-1B-Instruct-4bit,299.0,11458.0,0.0,0
2026-06-26T13:21:35.803,timeseries,3,Weather Report Extended v2,mlx-community/Llama-3.2-1B-Instruct-4bit,315.0,12929.0,0.0,0
2026-06-26T13:21:35.866,timeseries,3,Weather Report Extended v2,mlx-community/Llama-3.2-1B-Instruct-4bit,373.0,11768.0,0.0,0
2026-06-26T13:21:35.927,timeseries,3,Weather Report Extended v2,mlx-community/Llama-3.2-1B-Instruct-4bit,237.0,13118.0,0.0,0
2026-06-26T13:21:35.990,timeseries,3,Weather Report Extended v2,mlx-community/Llama-3.2-1B-Instruct-4bit,290.0,11697.0,0.0,0
2026-06-26T13:21:36.052,timeseries,3,Weather Report Extended v2,mlx-community/Llama-3.2-1B-Instruct-4bit,286.0,13158.0,0.0,0
2026-06-26T13:21:36.114,timeseries,3,Weather Report Extended v2,mlx-community/Llama-3.2-1B-Instruct-4bit,460.0,11479.0,0.0,0
2026-06-26T13:21:36.177,timeseries,3,Weather Report Extended v2,mlx-community/Llama-3.2-1B-Instruct-4bit,374.0,13616.0,0.0,0
2026-06-26T13:21:36.240,timeseries,3,Weather Report Extended v2,mlx-community/Llama-3.2-1B-Instruct-4bit,322.0,11690.0,0.0,0
2026-06-26T13:21:36.303,timeseries,3,Weather Report Extended v2,mlx-community/Llama-3.2-1B-Instruct-4bit,365.0,13095.0,0.0,0
2026-06-26T13:21:36.366,timeseries,3,Weather Report Extended v2,mlx-community/Llama-3.2-1B-Instruct-4bit,429.0,11426.0,0.0,0
2026-06-26T13:21:36.429,timeseries,3,Weather Report Extended v2,mlx-community/Llama-3.2-1B-Instruct-4bit,302.0,13193.0,0.0,0
2026-06-26T13:21:36.492,timeseries,3,Weather Report Extended v2,mlx-community/Llama-3.2-1B-Instruct-4bit,303.0,11570.0,0.0,0
2026-06-26T13:21:36.554,timeseries,3,Weather Report Extended v2,mlx-community/Llama-3.2-1B-Instruct-4bit,254.0,13162.0,0.0,0
2026-06-26T13:21:36.617,timeseries,3,Weather Report Extended v2,mlx-community/Llama-3.2-1B-Instruct-4bit,414.0,11440.0,0.0,0
2026-06-26T13:21:36.680,timeseries,3,Weather Report Extended v2,mlx-community/Llama-3.2-1B-Instruct-4bit,334.0,13292.0,0.0,0
2026-06-26T13:21:36.742,timeseries,3,Weather Report Extended v2,mlx-community/Llama-3.2-1B-Instruct-4bit,256.0,11634.0,0.0,0
2026-06-26T13:21:36.804,timeseries,3,Weather Report Extended v2,mlx-community/Llama-3.2-1B-Instruct-4bit,398.0,12012.0,0.0,0
2026-06-26T13:21:36.867,timeseries,3,Weather Report Extended v2,mlx-community/Llama-3.2-1B-Instruct-4bit,467.0,11355.0,0.0,0
2026-06-26T13:21:36.931,timeseries,3,Weather Report Extended v2,mlx-community/Llama-3.2-1B-Instruct-4bit,306.0,13358.0,0.0,0
2026-06-26T13:21:36.991,timeseries,3,Weather Report Extended v2,mlx-community/Llama-3.2-1B-Instruct-4bit,775.0,11483.0,0.0,0
2026-06-26T13:21:37.053,timeseries,3,Weather Report Extended v2,mlx-community/Llama-3.2-1B-Instruct-4bit,535.0,13177.0,0.0,0
2026-06-26T13:21:37.116,timeseries,3,Weather Report Extended v2,mlx-community/Llama-3.2-1B-Instruct-4bit,559.0,11930.0,0.0,0
2026-06-26T13:21:37.179,timeseries,3,Weather Report Extended v2,mlx-community/Llama-3.2-1B-Instruct-4bit,386.0,13405.0,0.0,0
2026-06-26T13:21:37.242,timeseries,3,Weather Report Extended v2,mlx-community/Llama-3.2-1B-Instruct-4bit,273.0,11710.0,0.0,0
2026-06-26T13:21:37.305,timeseries,3,Weather Report Extended v2,mlx-community/Llama-3.2-1B-Instruct-4bit,427.0,13037.0,0.0,0
2026-06-26T13:21:37.367,timeseries,3,Weather Report Extended v2,mlx-community/Llama-3.2-1B-Instruct-4bit,546.0,11670.0,0.0,0
2026-06-26T13:21:37.430,timeseries,3,Weather Report Extended v2,mlx-community/Llama-3.2-1B-Instruct-4bit,316.0,13086.0,0.0,0
2026-06-26T13:21:37.494,timeseries,3,Weather Report Extended v2,mlx-community/Llama-3.2-1B-Instruct-4bit,256.0,11678.0,0.0,0
2026-06-26T13:21:37.556,timeseries,3,Weather Report Extended v2,mlx-community/Llama-3.2-1B-Instruct-4bit,237.0,13157.0,0.0,0
2026-06-26T13:21:37.622,timeseries,3,Weather Report Extended v2,mlx-community/Llama-3.2-1B-Instruct-4bit,393.0,13037.0,0.0,0
2026-06-26T13:21:37.684,timeseries,3,Weather Report Extended v2,mlx-community/Llama-3.2-1B-Instruct-4bit,289.0,11620.0,0.0,0
2026-06-26T13:21:37.746,timeseries,3,Weather Report Extended v2,mlx-community/Llama-3.2-1B-Instruct-4bit,2047.0,12526.0,0.0,0
2026-06-26T13:21:37.808,timeseries,3,Weather Report Extended v2,mlx-community/Llama-3.2-1B-Instruct-4bit,1222.0,11853.0,0.0,0
2026-06-26T13:21:37.869,timeseries,3,Weather Report Extended v2,mlx-community/Llama-3.2-1B-Instruct-4bit,1882.0,13317.0,0.0,0
2026-06-26T13:21:37.931,timeseries,3,Weather Report Extended v2,mlx-community/Llama-3.2-1B-Instruct-4bit,1239.0,12146.0,0.0,0
2026-06-26T13:21:37.993,timeseries,3,Weather Report Extended v2,mlx-community/Llama-3.2-1B-Instruct-4bit,645.0,11776.0,0.0,0
2026-06-26T13:21:38.055,timeseries,3,Weather Report Extended v2,mlx-community/Llama-3.2-1B-Instruct-4bit,548.0,13486.0,0.0,0
2026-06-26T13:21:38.118,timeseries,3,Weather Report Extended v2,mlx-community/Llama-3.2-1B-Instruct-4bit,970.0,11855.0,0.0,0
2026-06-26T13:21:38.182,timeseries,3,Weather Report Extended v2,mlx-community/Llama-3.2-1B-Instruct-4bit,464.0,13388.0,0.0,0
2026-06-26T13:21:38.247,timeseries,3,Weather Report Extended v2,mlx-community/Llama-3.2-1B-Instruct-4bit,268.0,13121.0,0.0,0
2026-06-26T13:21:38.308,timeseries,3,Weather Report Extended v2,mlx-community/Llama-3.2-1B-Instruct-4bit,284.0,11479.0,0.0,0
2026-06-26T13:21:38.372,timeseries,3,Weather Report Extended v2,mlx-community/Llama-3.2-1B-Instruct-4bit,515.0,12928.0,0.0,0
2026-06-26T13:21:38.434,timeseries,3,Weather Report Extended v2,mlx-community/Llama-3.2-1B-Instruct-4bit,274.0,11704.0,0.0,0
2026-06-26T13:21:38.497,timeseries,3,Weather Report Extended v2,mlx-community/Llama-3.2-1B-Instruct-4bit,252.0,13174.0,0.0,0
2026-06-26T13:21:38.557,timeseries,3,Weather Report Extended v2,mlx-community/Llama-3.2-1B-Instruct-4bit,293.0,11879.0,0.0,0
2026-06-26T13:21:38.620,timeseries,3,Weather Report Extended v2,mlx-community/Llama-3.2-1B-Instruct-4bit,1019.0,13069.0,0.0,0
2026-06-26T13:21:38.681,timeseries,3,Weather Report Extended v2,mlx-community/Llama-3.2-1B-Instruct-4bit,2502.0,11813.0,0.0,0
2026-06-26T13:21:38.744,timeseries,3,Weather Report Extended v2,mlx-community/Llama-3.2-1B-Instruct-4bit,673.0,13510.0,0.0,0
2026-06-26T13:21:38.806,timeseries,3,Weather Report Extended v2,mlx-community/Llama-3.2-1B-Instruct-4bit,602.0,11959.0,0.0,0
2026-06-26T13:21:38.869,timeseries,3,Weather Report Extended v2,mlx-community/Llama-3.2-1B-Instruct-4bit,493.0,13321.0,0.0,0
2026-06-26T13:21:38.932,timeseries,3,Weather Report Extended v2,mlx-community/Llama-3.2-1B-Instruct-4bit,419.0,11756.0,0.0,0
2026-06-26T13:21:38.995,timeseries,3,Weather Report Extended v2,mlx-community/Llama-3.2-1B-Instruct-4bit,253.0,13161.0,0.0,0
2026-06-26T13:21:39.057,timeseries,3,Weather Report Extended v2,mlx-community/Llama-3.2-1B-Instruct-4bit,287.0,11653.0,0.0,0
2026-06-26T13:21:39.119,timeseries,3,Weather Report Extended v2,mlx-community/Llama-3.2-1B-Instruct-4bit,460.0,13225.0,0.0,0
2026-06-26T13:21:39.182,timeseries,3,Weather Report Extended v2,mlx-community/Llama-3.2-1B-Instruct-4bit,374.0,11953.0,0.0,0
2026-06-26T13:21:39.246,timeseries,3,Weather Report Extended v2,mlx-community/Llama-3.2-1B-Instruct-4bit,276.0,13540.0,0.0,0
2026-06-26T13:21:39.308,timeseries,3,Weather Report Extended v2,mlx-community/Llama-3.2-1B-Instruct-4bit,283.0,11420.0,0.0,0
2026-06-26T13:21:39.372,timeseries,3,Weather Report Extended v2,mlx-community/Llama-3.2-1B-Instruct-4bit,422.0,12983.0,0.0,0
2026-06-26T13:21:39.435,timeseries,3,Weather Report Extended v2,mlx-community/Llama-3.2-1B-Instruct-4bit,271.0,11556.0,0.0,0
2026-06-26T13:21:39.498,timeseries,3,Weather Report Extended v2,mlx-community/Llama-3.2-1B-Instruct-4bit,267.0,13141.0,0.0,0
2026-06-26T13:21:39.560,timeseries,3,Weather Report Extended v2,mlx-community/Llama-3.2-1B-Instruct-4bit,253.0,13119.0,0.0,0
2026-06-26T13:21:39.622,timeseries,3,Weather Report Extended v2,mlx-community/Llama-3.2-1B-Instruct-4bit,431.0,11600.0,0.0,0
2026-06-26T13:21:39.684,timeseries,3,Weather Report Extended v2,mlx-community/Llama-3.2-1B-Instruct-4bit,340.0,11822.0,0.0,0
2026-06-26T13:21:39.748,timeseries,3,Weather Report Extended v2,mlx-community/Llama-3.2-1B-Instruct-4bit,289.0,13404.0,0.0,0
2026-06-26T13:21:39.811,timeseries,3,Weather Report Extended v2,mlx-community/Llama-3.2-1B-Instruct-4bit,240.0,13290.0,0.0,0
2026-06-26T13:21:39.874,timeseries,3,Weather Report Extended v2,mlx-community/Llama-3.2-1B-Instruct-4bit,251.0,11466.0,0.0,0
2026-06-26T13:21:39.937,timeseries,3,Weather Report Extended v2,mlx-community/Llama-3.2-1B-Instruct-4bit,317.0,13140.0,0.0,0
2026-06-26T13:21:39.999,timeseries,3,Weather Report Extended v2,mlx-community/Llama-3.2-1B-Instruct-4bit,256.0,11673.0,0.0,0
2026-06-26T13:21:40.063,timeseries,3,Weather Report Extended v2,mlx-community/Llama-3.2-1B-Instruct-4bit,266.0,13061.0,0.0,0
2026-06-26T13:21:40.126,timeseries,3,Weather Report Extended v2,mlx-community/Llama-3.2-1B-Instruct-4bit,451.0,11688.0,0.0,0
2026-06-26T13:21:40.189,timeseries,3,Weather Report Extended v2,mlx-community/Llama-3.2-1B-Instruct-4bit,317.0,13233.0,0.0,0
2026-06-26T13:21:40.253,timeseries,3,Weather Report Extended v2,mlx-community/Llama-3.2-1B-Instruct-4bit,256.0,12981.0,0.0,0
2026-06-26T13:21:40.315,timeseries,3,Weather Report Extended v2,mlx-community/Llama-3.2-1B-Instruct-4bit,668.0,9964.0,0.0,0
2026-06-26T13:21:40.377,timeseries,3,Weather Report Extended v2,mlx-community/Llama-3.2-1B-Instruct-4bit,454.0,12999.0,0.0,0
2026-06-26T13:21:40.440,timeseries,3,Weather Report Extended v2,mlx-community/Llama-3.2-1B-Instruct-4bit,427.0,12011.0,0.0,0
2026-06-26T13:21:40.502,timeseries,3,Weather Report Extended v2,mlx-community/Llama-3.2-1B-Instruct-4bit,285.0,13227.0,0.0,0
2026-06-26T13:21:40.564,timeseries,3,Weather Report Extended v2,mlx-community/Llama-3.2-1B-Instruct-4bit,274.0,11743.0,0.0,0
2026-06-26T13:21:40.626,timeseries,3,Weather Report Extended v2,mlx-community/Llama-3.2-1B-Instruct-4bit,447.0,13270.0,0.0,0
2026-06-26T13:21:40.689,timeseries,3,Weather Report Extended v2,mlx-community/Llama-3.2-1B-Instruct-4bit,354.0,11742.0,0.0,0
2026-06-26T13:21:40.753,timeseries,3,Weather Report Extended v2,mlx-community/Llama-3.2-1B-Instruct-4bit,274.0,13404.0,0.0,0
2026-06-26T13:21:40.816,timeseries,3,Weather Report Extended v2,mlx-community/Llama-3.2-1B-Instruct-4bit,253.0,11616.0,0.0,0
2026-06-26T13:21:40.878,timeseries,3,Weather Report Extended v2,mlx-community/Llama-3.2-1B-Instruct-4bit,282.0,13093.0,0.0,0
2026-06-26T13:21:40.941,timeseries,3,Weather Report Extended v2,mlx-community/Llama-3.2-1B-Instruct-4bit,243.0,11838.0,0.0,0
2026-06-26T13:21:41.004,timeseries,3,Weather Report Extended v2,mlx-community/Llama-3.2-1B-Instruct-4bit,284.0,13181.0,0.0,0
2026-06-26T13:21:41.066,timeseries,3,Weather Report Extended v2,mlx-community/Llama-3.2-1B-Instruct-4bit,254.0,11625.0,0.0,0
2026-06-26T13:21:41.128,timeseries,3,Weather Report Extended v2,mlx-community/Llama-3.2-1B-Instruct-4bit,478.0,13164.0,0.0,0
2026-06-26T13:21:41.191,timeseries,3,Weather Report Extended v2,mlx-community/Llama-3.2-1B-Instruct-4bit,322.0,11811.0,0.0,0
2026-06-26T13:21:41.256,timeseries,3,Weather Report Extended v2,mlx-community/Llama-3.2-1B-Instruct-4bit,273.0,13393.0,0.0,0
2026-06-26T13:21:41.317,timeseries,3,Weather Report Extended v2,mlx-community/Llama-3.2-1B-Instruct-4bit,272.0,13250.0,0.0,0
2026-06-26T13:21:41.381,timeseries,3,Weather Report Extended v2,mlx-community/Llama-3.2-1B-Instruct-4bit,405.0,11390.0,0.0,0
2026-06-26T13:21:41.445,timeseries,3,Weather Report Extended v2,mlx-community/Llama-3.2-1B-Instruct-4bit,289.0,13355.0,0.0,0
2026-06-26T13:21:41.508,timeseries,3,Weather Report Extended v2,mlx-community/Llama-3.2-1B-Instruct-4bit,377.0,11453.0,0.0,0
2026-06-26T13:21:41.569,timeseries,3,Weather Report Extended v2,mlx-community/Llama-3.2-1B-Instruct-4bit,268.0,13223.0,0.0,0
2026-06-26T13:21:41.631,timeseries,3,Weather Report Extended v2,mlx-community/Llama-3.2-1B-Instruct-4bit,465.0,11583.0,0.0,0
2026-06-26T13:21:41.694,timeseries,3,Weather Report Extended v2,mlx-community/Llama-3.2-1B-Instruct-4bit,340.0,11881.0,0.0,0
2026-06-26T13:21:41.759,timeseries,3,Weather Report Extended v2,mlx-community/Llama-3.2-1B-Instruct-4bit,289.0,13377.0,0.0,0
2026-06-26T13:21:41.821,timeseries,3,Weather Report Extended v2,mlx-community/Llama-3.2-1B-Instruct-4bit,269.0,13106.0,0.0,0
2026-06-26T13:21:41.884,timeseries,3,Weather Report Extended v2,mlx-community/Llama-3.2-1B-Instruct-4bit,407.0,11345.0,0.0,0
2026-06-26T13:21:41.947,timeseries,3,Weather Report Extended v2,mlx-community/Llama-3.2-1B-Instruct-4bit,286.0,13226.0,0.0,0
2026-06-26T13:21:42.011,timeseries,3,Weather Report Extended v2,mlx-community/Llama-3.2-1B-Instruct-4bit,268.0,11547.0,0.0,0
2026-06-26T13:21:42.074,timeseries,3,Weather Report Extended v2,mlx-community/Llama-3.2-1B-Instruct-4bit,270.0,13238.0,0.0,0
2026-06-26T13:21:42.136,timeseries,3,Weather Report Extended v2,mlx-community/Llama-3.2-1B-Instruct-4bit,407.0,12993.0,0.0,0
2026-06-26T13:21:42.198,timeseries,3,Weather Report Extended v2,mlx-community/Llama-3.2-1B-Instruct-4bit,317.0,11633.0,0.0,0
2026-06-26T13:21:42.259,timeseries,3,Weather Report Extended v2,mlx-community/Llama-3.2-1B-Instruct-4bit,306.0,13421.0,0.0,0
2026-06-26T13:21:42.322,timeseries,3,Weather Report Extended v2,mlx-community/Llama-3.2-1B-Instruct-4bit,374.0,11806.0,0.0,0
2026-06-26T13:21:42.385,timeseries,3,Weather Report Extended v2,mlx-community/Llama-3.2-1B-Instruct-4bit,421.0,11751.0,0.0,0
2026-06-26T13:21:42.447,timeseries,3,Weather Report Extended v2,mlx-community/Llama-3.2-1B-Instruct-4bit,255.0,13375.0,0.0,0
2026-06-26T13:21:42.511,timeseries,3,Weather Report Extended v2,mlx-community/Llama-3.2-1B-Instruct-4bit,332.0,11590.0,0.0,0
2026-06-26T13:21:42.573,timeseries,3,Weather Report Extended v2,mlx-community/Llama-3.2-1B-Instruct-4bit,275.0,13463.0,0.0,0
2026-06-26T13:21:42.635,timeseries,3,Weather Report Extended v2,mlx-community/Llama-3.2-1B-Instruct-4bit,492.0,11558.0,0.0,0
2026-06-26T13:21:42.699,timeseries,3,Weather Report Extended v2,mlx-community/Llama-3.2-1B-Instruct-4bit,310.0,13655.0,0.0,0
2026-06-26T13:21:42.761,timeseries,3,Weather Report Extended v2,mlx-community/Llama-3.2-1B-Instruct-4bit,223.0,13266.0,0.0,0
2026-06-26T13:21:42.823,timeseries,3,Weather Report Extended v2,mlx-community/Llama-3.2-1B-Instruct-4bit,1065.0,11099.0,0.0,0
2026-06-26T13:21:42.885,timeseries,3,Weather Report Extended v2,mlx-community/Llama-3.2-1B-Instruct-4bit,1823.0,13659.0,0.0,0
2026-06-26T13:21:42.947,timeseries,3,Weather Report Extended v2,mlx-community/Llama-3.2-1B-Instruct-4bit,705.0,11846.0,0.0,0
2026-06-26T13:21:43.009,timeseries,3,Weather Report Extended v2,mlx-community/Llama-3.2-1B-Instruct-4bit,454.0,11944.0,0.0,0
2026-06-26T13:21:43.071,timeseries,3,Weather Report Extended v2,mlx-community/Llama-3.2-1B-Instruct-4bit,498.0,13504.0,0.0,0
2026-06-26T13:21:43.133,timeseries,3,Weather Report Extended v2,mlx-community/Llama-3.2-1B-Instruct-4bit,613.0,11816.0,0.0,0
2026-06-26T13:21:43.196,timeseries,3,Weather Report Extended v2,mlx-community/Llama-3.2-1B-Instruct-4bit,376.0,13703.0,0.0,0
2026-06-26T13:21:43.258,timeseries,3,Weather Report Extended v2,mlx-community/Llama-3.2-1B-Instruct-4bit,272.0,11712.0,0.0,0
2026-06-26T13:21:43.322,timeseries,3,Weather Report Extended v2,mlx-community/Llama-3.2-1B-Instruct-4bit,364.0,13143.0,0.0,0
2026-06-26T13:21:43.385,timeseries,3,Weather Report Extended v2,mlx-community/Llama-3.2-1B-Instruct-4bit,324.0,11906.0,0.0,0
2026-06-26T13:21:43.448,timeseries,3,Weather Report Extended v2,mlx-community/Llama-3.2-1B-Instruct-4bit,328.0,12978.0,0.0,0
2026-06-26T13:21:43.512,timeseries,3,Weather Report Extended v2,mlx-community/Llama-3.2-1B-Instruct-4bit,267.0,13142.0,0.0,0
2026-06-26T13:21:43.573,timeseries,3,Weather Report Extended v2,mlx-community/Llama-3.2-1B-Instruct-4bit,364.0,11577.0,0.0,0
2026-06-26T13:21:43.636,timeseries,3,Weather Report Extended v2,mlx-community/Llama-3.2-1B-Instruct-4bit,591.0,13380.0,0.0,0
2026-06-26T13:21:43.699,timeseries,3,Weather Report Extended v2,mlx-community/Llama-3.2-1B-Instruct-4bit,325.0,11985.0,0.0,0
2026-06-26T13:21:43.761,timeseries,3,Weather Report Extended v2,mlx-community/Llama-3.2-1B-Instruct-4bit,270.0,12912.0,0.0,0
2026-06-26T13:21:43.823,timeseries,3,Weather Report Extended v2,mlx-community/Llama-3.2-1B-Instruct-4bit,512.0,10485.0,0.0,0
2026-06-26T13:21:43.887,timeseries,3,Weather Report Extended v2,mlx-community/Llama-3.2-1B-Instruct-4bit,384.0,13341.0,0.0,0
2026-06-26T13:21:43.950,timeseries,3,Weather Report Extended v2,mlx-community/Llama-3.2-1B-Instruct-4bit,273.0,11649.0,0.0,0
2026-06-26T13:21:44.014,timeseries,3,Weather Report Extended v2,mlx-community/Llama-3.2-1B-Instruct-4bit,268.0,13085.0,0.0,0
2026-06-26T13:21:44.077,timeseries,3,Weather Report Extended v2,mlx-community/Llama-3.2-1B-Instruct-4bit,267.0,11460.0,0.0,0
2026-06-26T13:21:44.139,timeseries,3,Weather Report Extended v2,mlx-community/Llama-3.2-1B-Instruct-4bit,518.0,13042.0,0.0,0
2026-06-26T13:21:44.204,timeseries,3,Weather Report Extended v2,mlx-community/Llama-3.2-1B-Instruct-4bit,365.0,13194.0,0.0,0
2026-06-26T13:21:44.266,timeseries,3,Weather Report Extended v2,mlx-community/Llama-3.2-1B-Instruct-4bit,271.0,11643.0,0.0,0
2026-06-26T13:21:44.330,timeseries,3,Weather Report Extended v2,mlx-community/Llama-3.2-1B-Instruct-4bit,402.0,12710.0,0.0,0
2026-06-26T13:21:44.392,timeseries,3,Weather Report Extended v2,mlx-community/Llama-3.2-1B-Instruct-4bit,421.0,11817.0,0.0,0
2026-06-26T13:21:44.456,timeseries,3,Weather Report Extended v2,mlx-community/Llama-3.2-1B-Instruct-4bit,297.0,12949.0,0.0,0
2026-06-26T13:21:44.518,timeseries,3,Weather Report Extended v2,mlx-community/Llama-3.2-1B-Instruct-4bit,241.0,11711.0,0.0,0
2026-06-26T13:21:44.580,timeseries,3,Weather Report Extended v2,mlx-community/Llama-3.2-1B-Instruct-4bit,300.0,13136.0,0.0,0
2026-06-26T13:21:44.642,timeseries,3,Weather Report Extended v2,mlx-community/Llama-3.2-1B-Instruct-4bit,592.0,11746.0,0.0,0
2026-06-26T13:21:44.705,timeseries,3,Weather Report Extended v2,mlx-community/Llama-3.2-1B-Instruct-4bit,418.0,13309.0,0.0,0
2026-06-26T13:21:44.769,timeseries,3,Weather Report Extended v2,mlx-community/Llama-3.2-1B-Instruct-4bit,291.0,11805.0,0.0,0
2026-06-26T13:21:44.830,timeseries,3,Weather Report Extended v2,mlx-community/Llama-3.2-1B-Instruct-4bit,286.0,13235.0,0.0,0
2026-06-26T13:21:44.894,timeseries,3,Weather Report Extended v2,mlx-community/Llama-3.2-1B-Instruct-4bit,301.0,11553.0,0.0,0
2026-06-26T13:21:44.956,timeseries,3,Weather Report Extended v2,mlx-community/Llama-3.2-1B-Instruct-4bit,272.0,13264.0,0.0,0
2026-06-26T13:21:45.020,timeseries,3,Weather Report Extended v2,mlx-community/Llama-3.2-1B-Instruct-4bit,313.0,12961.0,0.0,0
2026-06-26T13:21:45.082,timeseries,3,Weather Report Extended v2,mlx-community/Llama-3.2-1B-Instruct-4bit,370.0,11724.0,0.0,0
2026-06-26T13:21:45.144,timeseries,3,Weather Report Extended v2,mlx-community/Llama-3.2-1B-Instruct-4bit,740.0,13107.0,0.0,0
2026-06-26T13:21:45.206,timeseries,3,Weather Report Extended v2,mlx-community/Llama-3.2-1B-Instruct-4bit,517.0,11825.0,0.0,0
2026-06-26T13:21:45.268,timeseries,3,Weather Report Extended v2,mlx-community/Llama-3.2-1B-Instruct-4bit,344.0,11986.0,0.0,0
2026-06-26T13:21:45.329,timeseries,3,Weather Report Extended v2,mlx-community/Llama-3.2-1B-Instruct-4bit,445.0,13158.0,0.0,0
2026-06-26T13:21:45.393,timeseries,3,Weather Report Extended v2,mlx-community/Llama-3.2-1B-Instruct-4bit,451.0,11741.0,0.0,0
2026-06-26T13:21:45.455,timeseries,3,Weather Report Extended v2,mlx-community/Llama-3.2-1B-Instruct-4bit,358.0,13518.0,0.0,0
2026-06-26T13:21:45.518,timeseries,3,Weather Report Extended v2,mlx-community/Llama-3.2-1B-Instruct-4bit,302.0,11523.0,0.0,0
2026-06-26T13:21:45.579,timeseries,3,Weather Report Extended v2,mlx-community/Llama-3.2-1B-Instruct-4bit,288.0,13334.0,0.0,0
2026-06-26T13:21:45.642,timeseries,3,Weather Report Extended v2,mlx-community/Llama-3.2-1B-Instruct-4bit,531.0,11726.0,0.0,0
2026-06-26T13:21:45.706,timeseries,3,Weather Report Extended v2,mlx-community/Llama-3.2-1B-Instruct-4bit,481.0,13430.0,0.0,0
2026-06-26T13:21:45.767,timeseries,3,Weather Report Extended v2,mlx-community/Llama-3.2-1B-Instruct-4bit,320.0,11639.0,0.0,0
2026-06-26T13:21:45.829,timeseries,3,Weather Report Extended v2,mlx-community/Llama-3.2-1B-Instruct-4bit,361.0,12939.0,0.0,0
2026-06-26T13:21:45.892,timeseries,3,Weather Report Extended v2,mlx-community/Llama-3.2-1B-Instruct-4bit,332.0,12129.0,0.0,0
2026-06-26T13:21:45.954,timeseries,3,Weather Report Extended v2,mlx-community/Llama-3.2-1B-Instruct-4bit,314.0,13067.0,0.0,0
2026-06-26T13:21:46.017,timeseries,3,Weather Report Extended v2,mlx-community/Llama-3.2-1B-Instruct-4bit,304.0,11627.0,0.0,0
2026-06-26T13:21:46.079,timeseries,3,Weather Report Extended v2,mlx-community/Llama-3.2-1B-Instruct-4bit,320.0,13327.0,0.0,0
2026-06-26T13:21:46.141,timeseries,3,Weather Report Extended v2,mlx-community/Llama-3.2-1B-Instruct-4bit,862.0,11489.0,0.0,0
2026-06-26T13:21:46.204,timeseries,3,Weather Report Extended v2,mlx-community/Llama-3.2-1B-Instruct-4bit,1838.0,13558.0,0.0,0
2026-06-26T13:21:46.267,timeseries,3,Weather Report Extended v2,mlx-community/Llama-3.2-1B-Instruct-4bit,837.0,11803.0,0.0,0
2026-06-26T13:21:46.329,timeseries,3,Weather Report Extended v2,mlx-community/Llama-3.2-1B-Instruct-4bit,1893.0,13248.0,0.0,0
2026-06-26T13:21:46.391,timeseries,3,Weather Report Extended v2,mlx-community/Llama-3.2-1B-Instruct-4bit,605.0,11706.0,0.0,0
2026-06-26T13:21:46.453,timeseries,3,Weather Report Extended v2,mlx-community/Llama-3.2-1B-Instruct-4bit,576.0,13387.0,0.0,0
2026-06-26T13:21:46.516,timeseries,3,Weather Report Extended v2,mlx-community/Llama-3.2-1B-Instruct-4bit,444.0,12082.0,0.0,0
2026-06-26T13:21:46.579,timeseries,3,Weather Report Extended v2,mlx-community/Llama-3.2-1B-Instruct-4bit,364.0,13138.0,0.0,0
2026-06-26T13:21:46.639,timeseries,3,Weather Report Extended v2,mlx-community/Llama-3.2-1B-Instruct-4bit,582.0,11874.0,0.0,0
2026-06-26T13:21:46.702,timeseries,3,Weather Report Extended v2,mlx-community/Llama-3.2-1B-Instruct-4bit,460.0,11579.0,0.0,0
2026-06-26T13:21:46.766,timeseries,3,Weather Report Extended v2,mlx-community/Llama-3.2-1B-Instruct-4bit,365.0,13882.0,0.0,0
2026-06-26T13:21:46.830,timeseries,3,Weather Report Extended v2,mlx-community/Llama-3.2-1B-Instruct-4bit,315.0,12991.0,0.0,0
2026-06-26T13:21:46.892,timeseries,3,Weather Report Extended v2,mlx-community/Llama-3.2-1B-Instruct-4bit,362.0,11253.0,0.0,0
2026-06-26T13:21:46.954,timeseries,3,Weather Report Extended v2,mlx-community/Llama-3.2-1B-Instruct-4bit,343.0,12882.0,0.0,0
2026-06-26T13:21:47.016,timeseries,3,Weather Report Extended v2,mlx-community/Llama-3.2-1B-Instruct-4bit,838.0,11727.0,0.0,0
2026-06-26T13:21:47.079,timeseries,3,Weather Report Extended v2,mlx-community/Llama-3.2-1B-Instruct-4bit,627.0,13498.0,0.0,0
2026-06-26T13:21:47.141,timeseries,3,Weather Report Extended v2,mlx-community/Llama-3.2-1B-Instruct-4bit,584.0,11890.0,0.0,0
2026-06-26T13:21:47.205,timeseries,3,Weather Report Extended v2,mlx-community/Llama-3.2-1B-Instruct-4bit,493.0,13263.0,0.0,0
2026-06-26T13:21:47.269,timeseries,3,Weather Report Extended v2,mlx-community/Llama-3.2-1B-Instruct-4bit,272.0,11722.0,0.0,0
2026-06-26T13:21:47.331,timeseries,3,Weather Report Extended v2,mlx-community/Llama-3.2-1B-Instruct-4bit,565.0,11920.0,0.0,0
2026-06-26T13:21:47.394,timeseries,3,Weather Report Extended v2,mlx-community/Llama-3.2-1B-Instruct-4bit,500.0,12562.0,0.0,0
2026-06-26T13:21:47.456,timeseries,3,Weather Report Extended v2,mlx-community/Llama-3.2-1B-Instruct-4bit,401.0,11791.0,0.0,0
2026-06-26T13:21:47.520,timeseries,3,Weather Report Extended v2,mlx-community/Llama-3.2-1B-Instruct-4bit,372.0,13582.0,0.0,0
2026-06-26T13:21:47.582,timeseries,3,Weather Report Extended v2,mlx-community/Llama-3.2-1B-Instruct-4bit,333.0,11598.0,0.0,0
2026-06-26T13:21:47.644,timeseries,3,Weather Report Extended v2,mlx-community/Llama-3.2-1B-Instruct-4bit,531.0,13043.0,0.0,0
2026-06-26T13:21:47.706,timeseries,3,Weather Report Extended v2,mlx-community/Llama-3.2-1B-Instruct-4bit,412.0,12037.0,0.0,0
2026-06-26T13:21:47.768,timeseries,3,Weather Report Extended v2,mlx-community/Llama-3.2-1B-Instruct-4bit,397.0,13295.0,0.0,0
2026-06-26T13:21:47.831,timeseries,3,Weather Report Extended v2,mlx-community/Llama-3.2-1B-Instruct-4bit,292.0,11843.0,0.0,0
2026-06-26T13:21:47.892,timeseries,3,Weather Report Extended v2,mlx-community/Llama-3.2-1B-Instruct-4bit,336.0,13324.0,0.0,0
2026-06-26T13:21:47.955,timeseries,3,Weather Report Extended v2,mlx-community/Llama-3.2-1B-Instruct-4bit,2011.0,11431.0,0.0,0
2026-06-26T13:21:48.017,timeseries,3,Weather Report Extended v2,mlx-community/Llama-3.2-1B-Instruct-4bit,3180.0,11950.0,0.0,0
2026-06-26T13:21:48.079,timeseries,3,Weather Report Extended v2,mlx-community/Llama-3.2-1B-Instruct-4bit,1264.0,13455.0,0.0,0
2026-06-26T13:21:48.141,timeseries,3,Weather Report Extended v2,mlx-community/Llama-3.2-1B-Instruct-4bit,807.0,11998.0,0.0,0
2026-06-26T13:21:48.204,timeseries,3,Weather Report Extended v2,mlx-community/Llama-3.2-1B-Instruct-4bit,557.0,13459.0,0.0,0
2026-06-26T13:21:48.269,timeseries,3,Weather Report Extended v2,mlx-community/Llama-3.2-1B-Instruct-4bit,712.0,11934.0,0.0,0
2026-06-26T13:21:48.331,timeseries,3,Weather Report Extended v2,mlx-community/Llama-3.2-1B-Instruct-4bit,1198.0,13375.0,0.0,0
2026-06-26T13:21:48.393,timeseries,3,Weather Report Extended v2,mlx-community/Llama-3.2-1B-Instruct-4bit,1018.0,11387.0,0.0,0
2026-06-26T13:21:48.456,timeseries,3,Weather Report Extended v2,mlx-community/Llama-3.2-1B-Instruct-4bit,935.0,13593.0,0.0,0
2026-06-26T13:21:48.518,timeseries,3,Weather Report Extended v2,mlx-community/Llama-3.2-1B-Instruct-4bit,781.0,11743.0,0.0,0
2026-06-26T13:21:48.581,timeseries,3,Weather Report Extended v2,mlx-community/Llama-3.2-1B-Instruct-4bit,1204.0,13506.0,0.0,0
2026-06-26T13:21:48.643,timeseries,3,Weather Report Extended v2,mlx-community/Llama-3.2-1B-Instruct-4bit,757.0,11938.0,0.0,0
2026-06-26T13:21:48.707,timeseries,3,Weather Report Extended v2,mlx-community/Llama-3.2-1B-Instruct-4bit,859.0,13507.0,0.0,0
2026-06-26T13:21:48.768,timeseries,3,Weather Report Extended v2,mlx-community/Llama-3.2-1B-Instruct-4bit,907.0,13397.0,0.0,0
2026-06-26T13:21:48.831,timeseries,3,Weather Report Extended v2,mlx-community/Llama-3.2-1B-Instruct-4bit,839.0,11653.0,0.0,0
2026-06-26T13:21:48.892,timeseries,3,Weather Report Extended v2,mlx-community/Llama-3.2-1B-Instruct-4bit,880.0,12038.0,0.0,0
2026-06-26T13:21:48.955,timeseries,3,Weather Report Extended v2,mlx-community/Llama-3.2-1B-Instruct-4bit,718.0,13484.0,0.0,0
2026-06-26T13:21:49.016,timeseries,3,Weather Report Extended v2,mlx-community/Llama-3.2-1B-Instruct-4bit,813.0,12031.0,0.0,0
2026-06-26T13:21:49.079,timeseries,3,Weather Report Extended v2,mlx-community/Llama-3.2-1B-Instruct-4bit,1170.0,13541.0,0.0,0
2026-06-26T13:21:49.141,timeseries,3,Weather Report Extended v2,mlx-community/Llama-3.2-1B-Instruct-4bit,908.0,12069.0,0.0,0
2026-06-26T13:21:49.203,timeseries,3,Weather Report Extended v2,mlx-community/Llama-3.2-1B-Instruct-4bit,764.0,13452.0,0.0,0
2026-06-26T13:21:49.266,timeseries,3,Weather Report Extended v2,mlx-community/Llama-3.2-1B-Instruct-4bit,816.0,12075.0,0.0,0
2026-06-26T13:21:49.329,timeseries,3,Weather Report Extended v2,mlx-community/Llama-3.2-1B-Instruct-4bit,1059.0,13547.0,0.0,0
2026-06-26T13:21:49.391,timeseries,3,Weather Report Extended v2,mlx-community/Llama-3.2-1B-Instruct-4bit,806.0,11674.0,0.0,0
2026-06-26T13:21:49.452,timeseries,3,Weather Report Extended v2,mlx-community/Llama-3.2-1B-Instruct-4bit,808.0,13392.0,0.0,0
2026-06-26T13:21:49.514,timeseries,3,Weather Report Extended v2,mlx-community/Llama-3.2-1B-Instruct-4bit,767.0,12023.0,0.0,0
2026-06-26T13:21:49.577,timeseries,3,Weather Report Extended v2,mlx-community/Llama-3.2-1B-Instruct-4bit,1046.0,12077.0,0.0,0
2026-06-26T13:21:49.639,timeseries,3,Weather Report Extended v2,mlx-community/Llama-3.2-1B-Instruct-4bit,980.0,13530.0,0.0,0
2026-06-26T13:21:49.702,timeseries,3,Weather Report Extended v2,mlx-community/Llama-3.2-1B-Instruct-4bit,792.0,13367.0,0.0,0
2026-06-26T13:21:49.764,timeseries,3,Weather Report Extended v2,mlx-community/Llama-3.2-1B-Instruct-4bit,735.0,11862.0,0.0,0
2026-06-26T13:21:49.827,timeseries,3,Weather Report Extended v2,mlx-community/Llama-3.2-1B-Instruct-4bit,1042.0,11879.0,0.0,0
2026-06-26T13:21:49.888,timeseries,3,Weather Report Extended v2,mlx-community/Llama-3.2-1B-Instruct-4bit,724.0,13603.0,0.0,0
2026-06-26T13:21:49.950,timeseries,3,Weather Report Extended v2,mlx-community/Llama-3.2-1B-Instruct-4bit,904.0,11726.0,0.0,0
2026-06-26T13:21:50.012,timeseries,3,Weather Report Extended v2,mlx-community/Llama-3.2-1B-Instruct-4bit,5391.0,13796.0,0.0,0
2026-06-26T13:21:50.074,timeseries,3,Weather Report Extended v2,mlx-community/Llama-3.2-1B-Instruct-4bit,5660.0,12235.0,0.0,0
2026-06-26T13:21:50.135,timeseries,3,Weather Report Extended v2,mlx-community/Llama-3.2-1B-Instruct-4bit,6051.0,13647.0,0.0,0
2026-06-26T13:21:50.197,timeseries,3,Weather Report Extended v2,mlx-community/Llama-3.2-1B-Instruct-4bit,6131.0,12101.0,0.0,0
2026-06-26T13:21:50.259,timeseries,3,Weather Report Extended v2,mlx-community/Llama-3.2-1B-Instruct-4bit,5993.0,12297.0,0.0,0
2026-06-26T13:21:50.321,timeseries,3,Weather Report Extended v2,mlx-community/Llama-3.2-1B-Instruct-4bit,3597.0,13882.0,0.0,0
2026-06-26T13:21:50.384,timeseries,3,Weather Report Extended v2,mlx-community/Llama-3.2-1B-Instruct-4bit,822.0,11895.0,0.0,0
2026-06-26T13:21:50.446,timeseries,3,Weather Report Extended v2,mlx-community/Llama-3.2-1B-Instruct-4bit,593.0,13570.0,0.0,0
2026-06-26T13:21:50.509,timeseries,3,Weather Report Extended v2,mlx-community/Llama-3.2-1B-Instruct-4bit,626.0,11875.0,0.0,0
2026-06-26T13:21:50.572,timeseries,3,Weather Report Extended v2,mlx-community/Llama-3.2-1B-Instruct-4bit,738.0,13575.0,0.0,0
2026-06-26T13:21:50.634,timeseries,3,Weather Report Extended v2,mlx-community/Llama-3.2-1B-Instruct-4bit,1213.0,11861.0,0.0,0
2026-06-26T13:21:50.696,timeseries,3,Weather Report Extended v2,mlx-community/Llama-3.2-1B-Instruct-4bit,841.0,13497.0,0.0,0
2026-06-26T13:21:50.758,timeseries,3,Weather Report Extended v2,mlx-community/Llama-3.2-1B-Instruct-4bit,726.0,11892.0,0.0,0
2026-06-26T13:21:50.821,timeseries,3,Weather Report Extended v2,mlx-community/Llama-3.2-1B-Instruct-4bit,797.0,13505.0,0.0,0
2026-06-26T13:21:50.883,timeseries,3,Weather Report Extended v2,mlx-community/Llama-3.2-1B-Instruct-4bit,1352.0,10250.0,0.0,0
2026-06-26T13:21:50.945,timeseries,3,Weather Report Extended v2,mlx-community/Llama-3.2-1B-Instruct-4bit,796.0,13442.0,0.0,0
2026-06-26T13:21:51.011,timeseries,3,Weather Report Extended v2,mlx-community/Llama-3.2-1B-Instruct-4bit,782.0,12068.0,0.0,0
2026-06-26T13:21:51.074,timeseries,3,Weather Report Extended v2,mlx-community/Llama-3.2-1B-Instruct-4bit,798.0,13515.0,0.0,0
2026-06-26T13:21:51.137,timeseries,3,Weather Report Extended v2,mlx-community/Llama-3.2-1B-Instruct-4bit,1346.0,12629.0,0.0,0
2026-06-26T13:21:51.199,timeseries,3,Weather Report Extended v2,mlx-community/Llama-3.2-1B-Instruct-4bit,819.0,11922.0,0.0,0
2026-06-26T13:21:51.262,timeseries,3,Weather Report Extended v2,mlx-community/Llama-3.2-1B-Instruct-4bit,872.0,13379.0,0.0,0
2026-06-26T13:21:51.324,timeseries,3,Weather Report Extended v2,mlx-community/Llama-3.2-1B-Instruct-4bit,985.0,11949.0,0.0,0
2026-06-26T13:21:51.386,timeseries,3,Weather Report Extended v2,mlx-community/Llama-3.2-1B-Instruct-4bit,891.0,13465.0,0.0,0
2026-06-26T13:21:51.448,timeseries,3,Weather Report Extended v2,mlx-community/Llama-3.2-1B-Instruct-4bit,742.0,11906.0,0.0,0
2026-06-26T13:21:51.510,timeseries,3,Weather Report Extended v2,mlx-community/Llama-3.2-1B-Instruct-4bit,818.0,13609.0,0.0,0
2026-06-26T13:21:51.573,timeseries,3,Weather Report Extended v2,mlx-community/Llama-3.2-1B-Instruct-4bit,745.0,12081.0,0.0,0
2026-06-26T13:21:51.635,timeseries,3,Weather Report Extended v2,mlx-community/Llama-3.2-1B-Instruct-4bit,1308.0,13495.0,0.0,0
2026-06-26T13:21:51.698,timeseries,3,Weather Report Extended v2,mlx-community/Llama-3.2-1B-Instruct-4bit,752.0,11906.0,0.0,0
2026-06-26T13:21:51.760,timeseries,3,Weather Report Extended v2,mlx-community/Llama-3.2-1B-Instruct-4bit,817.0,13543.0,0.0,0
2026-06-26T13:21:51.823,timeseries,3,Weather Report Extended v2,mlx-community/Llama-3.2-1B-Instruct-4bit,766.0,11878.0,0.0,0
2026-06-26T13:21:51.885,timeseries,3,Weather Report Extended v2,mlx-community/Llama-3.2-1B-Instruct-4bit,990.0,13503.0,0.0,0
2026-06-26T13:21:51.946,timeseries,3,Weather Report Extended v2,mlx-community/Llama-3.2-1B-Instruct-4bit,830.0,11898.0,0.0,0
2026-06-26T13:21:52.009,timeseries,3,Weather Report Extended v2,mlx-community/Llama-3.2-1B-Instruct-4bit,717.0,12164.0,0.0,0
2026-06-26T13:21:52.072,timeseries,3,Weather Report Extended v2,mlx-community/Llama-3.2-1B-Instruct-4bit,806.0,13615.0,0.0,0
2026-06-26T13:21:52.134,timeseries,3,Weather Report Extended v2,mlx-community/Llama-3.2-1B-Instruct-4bit,1158.0,11946.0,0.0,0
2026-06-26T13:21:52.196,timeseries,3,Weather Report Extended v2,mlx-community/Llama-3.2-1B-Instruct-4bit,905.0,13474.0,0.0,0
2026-06-26T13:21:52.259,timeseries,3,Weather Report Extended v2,mlx-community/Llama-3.2-1B-Instruct-4bit,757.0,11905.0,0.0,0
2026-06-26T13:21:52.322,timeseries,3,Weather Report Extended v2,mlx-community/Llama-3.2-1B-Instruct-4bit,1053.0,13480.0,0.0,0
2026-06-26T13:21:52.384,timeseries,3,Weather Report Extended v2,mlx-community/Llama-3.2-1B-Instruct-4bit,739.0,11883.0,0.0,0
2026-06-26T13:21:52.446,timeseries,3,Weather Report Extended v2,mlx-community/Llama-3.2-1B-Instruct-4bit,875.0,13472.0,0.0,0
2026-06-26T13:21:52.507,timeseries,3,Weather Report Extended v2,mlx-community/Llama-3.2-1B-Instruct-4bit,740.0,11889.0,0.0,0
2026-06-26T13:21:52.568,timeseries,3,Weather Report Extended v2,mlx-community/Llama-3.2-1B-Instruct-4bit,826.0,13756.0,0.0,0
2026-06-26T13:21:52.630,timeseries,3,Weather Report Extended v2,mlx-community/Llama-3.2-1B-Instruct-4bit,1159.0,12163.0,0.0,0
2026-06-26T13:21:52.691,timeseries,3,Weather Report Extended v2,mlx-community/Llama-3.2-1B-Instruct-4bit,914.0,12150.0,0.0,0
2026-06-26T13:21:52.755,timeseries,3,Weather Report Extended v2,mlx-community/Llama-3.2-1B-Instruct-4bit,741.0,13621.0,0.0,0
2026-06-26T13:21:52.816,timeseries,3,Weather Report Extended v2,mlx-community/Llama-3.2-1B-Instruct-4bit,798.0,12114.0,0.0,0
2026-06-26T13:21:52.879,timeseries,3,Weather Report Extended v2,mlx-community/Llama-3.2-1B-Instruct-4bit,721.0,13559.0,0.0,0
2026-06-26T13:21:52.942,timeseries,3,Weather Report Extended v2,mlx-community/Llama-3.2-1B-Instruct-4bit,1071.0,12023.0,0.0,0
2026-06-26T13:21:53.004,timeseries,3,Weather Report Extended v2,mlx-community/Llama-3.2-1B-Instruct-4bit,709.0,13387.0,0.0,0
2026-06-26T13:21:53.065,timeseries,3,Weather Report Extended v2,mlx-community/Llama-3.2-1B-Instruct-4bit,3014.0,11671.0,0.0,0
2026-06-26T13:21:53.127,timeseries,3,Weather Report Extended v2,mlx-community/Llama-3.2-1B-Instruct-4bit,1723.0,13589.0,0.0,0
2026-06-26T13:21:53.189,timeseries,3,Weather Report Extended v2,mlx-community/Llama-3.2-1B-Instruct-4bit,518.0,12102.0,0.0,0
2026-06-26T13:21:53.252,timeseries,3,Weather Report Extended v2,mlx-community/Llama-3.2-1B-Instruct-4bit,426.0,12123.0,0.0,0
2026-06-26T13:21:53.314,timeseries,3,Weather Report Extended v2,mlx-community/Llama-3.2-1B-Instruct-4bit,383.0,13423.0,0.0,0
2026-06-26T13:21:53.377,timeseries,3,Weather Report Extended v2,mlx-community/Llama-3.2-1B-Instruct-4bit,464.0,11777.0,0.0,0
2026-06-26T13:21:53.440,timeseries,3,Weather Report Extended v2,mlx-community/Llama-3.2-1B-Instruct-4bit,276.0,13671.0,0.0,0
2026-06-26T13:21:53.503,timeseries,3,Weather Report Extended v2,mlx-community/Llama-3.2-1B-Instruct-4bit,282.0,13160.0,0.0,0
2026-06-26T13:21:53.564,timeseries,3,Weather Report Extended v2,mlx-community/Llama-3.2-1B-Instruct-4bit,271.0,11818.0,0.0,0
2026-06-26T13:21:53.629,timeseries,3,Weather Report Extended v2,mlx-community/Llama-3.2-1B-Instruct-4bit,444.0,13332.0,0.0,0
2026-06-26T13:21:53.691,timeseries,3,Weather Report Extended v2,mlx-community/Llama-3.2-1B-Instruct-4bit,324.0,11942.0,0.0,0
2026-06-26T13:21:53.755,timeseries,3,Weather Report Extended v2,mlx-community/Llama-3.2-1B-Instruct-4bit,296.0,13004.0,0.0,0
2026-06-26T13:21:53.817,timeseries,3,Weather Report Extended v2,mlx-community/Llama-3.2-1B-Instruct-4bit,271.0,11761.0,0.0,0
2026-06-26T13:21:53.881,timeseries,3,Weather Report Extended v2,mlx-community/Llama-3.2-1B-Instruct-4bit,252.0,13244.0,0.0,0
2026-06-26T13:21:53.943,timeseries,3,Weather Report Extended v2,mlx-community/Llama-3.2-1B-Instruct-4bit,240.0,11794.0,0.0,0
2026-06-26T13:21:54.006,timeseries,3,Weather Report Extended v2,mlx-community/Llama-3.2-1B-Instruct-4bit,366.0,13362.0,0.0,0
2026-06-26T13:21:54.067,timeseries,3,Weather Report Extended v2,mlx-community/Llama-3.2-1B-Instruct-4bit,336.0,11799.0,0.0,0
2026-06-26T13:21:54.131,timeseries,3,Weather Report Extended v2,mlx-community/Llama-3.2-1B-Instruct-4bit,505.0,13203.0,0.0,0
2026-06-26T13:21:54.194,timeseries,3,Weather Report Extended v2,mlx-community/Llama-3.2-1B-Instruct-4bit,308.0,13650.0,0.0,0
2026-06-26T13:21:54.258,timeseries,3,Weather Report Extended v2,mlx-community/Llama-3.2-1B-Instruct-4bit,267.0,11595.0,0.0,0
2026-06-26T13:21:54.321,timeseries,3,Weather Report Extended v2,mlx-community/Llama-3.2-1B-Instruct-4bit,316.0,13237.0,0.0,0
2026-06-26T13:21:54.383,timeseries,3,Weather Report Extended v2,mlx-community/Llama-3.2-1B-Instruct-4bit,377.0,11603.0,0.0,0
2026-06-26T13:21:54.446,timeseries,3,Weather Report Extended v2,mlx-community/Llama-3.2-1B-Instruct-4bit,507.0,11651.0,0.0,0
2026-06-26T13:21:54.509,timeseries,3,Weather Report Extended v2,mlx-community/Llama-3.2-1B-Instruct-4bit,517.0,11897.0,0.0,0
2026-06-26T13:21:54.572,timeseries,3,Weather Report Extended v2,mlx-community/Llama-3.2-1B-Instruct-4bit,304.0,13405.0,0.0,0
2026-06-26T13:21:54.634,timeseries,3,Weather Report Extended v2,mlx-community/Llama-3.2-1B-Instruct-4bit,476.0,11722.0,0.0,0
2026-06-26T13:21:54.699,timeseries,3,Weather Report Extended v2,mlx-community/Llama-3.2-1B-Instruct-4bit,332.0,13296.0,0.0,0
2026-06-26T13:21:54.761,timeseries,3,Weather Report Extended v2,mlx-community/Llama-3.2-1B-Instruct-4bit,319.0,13376.0,0.0,0
2026-06-26T13:21:54.824,timeseries,3,Weather Report Extended v2,mlx-community/Llama-3.2-1B-Instruct-4bit,298.0,11570.0,0.0,0
2026-06-26T13:21:54.887,timeseries,3,Weather Report Extended v2,mlx-community/Llama-3.2-1B-Instruct-4bit,255.0,13409.0,0.0,0
2026-06-26T13:21:54.949,timeseries,3,Weather Report Extended v2,mlx-community/Llama-3.2-1B-Instruct-4bit,287.0,11767.0,0.0,0
2026-06-26T13:21:55.013,timeseries,3,Weather Report Extended v2,mlx-community/Llama-3.2-1B-Instruct-4bit,301.0,13255.0,0.0,0
2026-06-26T13:21:55.074,timeseries,3,Weather Report Extended v2,mlx-community/Llama-3.2-1B-Instruct-4bit,418.0,11919.0,0.0,0
2026-06-26T13:21:55.138,timeseries,3,Weather Report Extended v2,mlx-community/Llama-3.2-1B-Instruct-4bit,547.0,13121.0,0.0,0
2026-06-26T13:21:55.202,timeseries,3,Weather Report Extended v2,mlx-community/Llama-3.2-1B-Instruct-4bit,391.0,12031.0,0.0,0
2026-06-26T13:21:55.264,timeseries,3,Weather Report Extended v2,mlx-community/Llama-3.2-1B-Instruct-4bit,299.0,13283.0,0.0,0
2026-06-26T13:21:55.328,timeseries,3,Weather Report Extended v2,mlx-community/Llama-3.2-1B-Instruct-4bit,377.0,13061.0,0.0,0
2026-06-26T13:21:55.390,timeseries,3,Weather Report Extended v2,mlx-community/Llama-3.2-1B-Instruct-4bit,414.0,11778.0,0.0,0
2026-06-26T13:21:55.455,timeseries,3,Weather Report Extended v2,mlx-community/Llama-3.2-1B-Instruct-4bit,285.0,13222.0,0.0,0
2026-06-26T13:21:55.517,timeseries,3,Weather Report Extended v2,mlx-community/Llama-3.2-1B-Instruct-4bit,288.0,11718.0,0.0,0
2026-06-26T13:21:55.578,timeseries,3,Weather Report Extended v2,mlx-community/Llama-3.2-1B-Instruct-4bit,386.0,13081.0,0.0,0
2026-06-26T13:21:55.642,timeseries,3,Weather Report Extended v2,mlx-community/Llama-3.2-1B-Instruct-4bit,549.0,11928.0,0.0,0
2026-06-26T13:21:55.705,timeseries,3,Weather Report Extended v2,mlx-community/Llama-3.2-1B-Instruct-4bit,325.0,13761.0,0.0,0
2026-06-26T13:21:55.769,timeseries,3,Weather Report Extended v2,mlx-community/Llama-3.2-1B-Instruct-4bit,268.0,11623.0,0.0,0
2026-06-26T13:21:55.831,timeseries,3,Weather Report Extended v2,mlx-community/Llama-3.2-1B-Instruct-4bit,330.0,13169.0,0.0,0
2026-06-26T13:21:55.895,timeseries,3,Weather Report Extended v2,mlx-community/Llama-3.2-1B-Instruct-4bit,409.0,11649.0,0.0,0
2026-06-26T13:21:55.957,timeseries,3,Weather Report Extended v2,mlx-community/Llama-3.2-1B-Instruct-4bit,291.0,13725.0,0.0,0
2026-06-26T13:21:56.018,timeseries,3,Weather Report Extended v2,mlx-community/Llama-3.2-1B-Instruct-4bit,270.0,13381.0,0.0,0
2026-06-26T13:21:56.079,timeseries,3,Weather Report Extended v2,mlx-community/Llama-3.2-1B-Instruct-4bit,414.0,11714.0,0.0,0
2026-06-26T13:21:56.141,timeseries,3,Weather Report Extended v2,mlx-community/Llama-3.2-1B-Instruct-4bit,639.0,12232.0,0.0,0
2026-06-26T13:21:56.204,timeseries,3,Weather Report Extended v2,mlx-community/Llama-3.2-1B-Instruct-4bit,359.0,13796.0,0.0,0
2026-06-26T13:21:56.268,timeseries,3,Weather Report Extended v2,mlx-community/Llama-3.2-1B-Instruct-4bit,324.0,11931.0,0.0,0
2026-06-26T13:21:56.331,timeseries,3,Weather Report Extended v2,mlx-community/Llama-3.2-1B-Instruct-4bit,390.0,13046.0,0.0,0
2026-06-26T13:21:56.394,timeseries,3,Weather Report Extended v2,mlx-community/Llama-3.2-1B-Instruct-4bit,661.0,13100.0,0.0,0
2026-06-26T13:21:56.457,timeseries,3,Weather Report Extended v2,mlx-community/Llama-3.2-1B-Instruct-4bit,554.0,11327.0,0.0,0
2026-06-26T13:21:56.521,timeseries,3,Weather Report Extended v2,mlx-community/Llama-3.2-1B-Instruct-4bit,287.0,13426.0,0.0,0
2026-06-26T13:21:56.584,timeseries,3,Weather Report Extended v2,mlx-community/Llama-3.2-1B-Instruct-4bit,287.0,11810.0,0.0,0
2026-06-26T13:21:56.648,timeseries,3,Weather Report Extended v2,mlx-community/Llama-3.2-1B-Instruct-4bit,527.0,13093.0,0.0,0
2026-06-26T13:21:56.712,timeseries,3,Weather Report Extended v2,mlx-community/Llama-3.2-1B-Instruct-4bit,301.0,13339.0,0.0,0
2026-06-26T13:21:56.775,timeseries,3,Weather Report Extended v2,mlx-community/Llama-3.2-1B-Instruct-4bit,269.0,11673.0,0.0,0
2026-06-26T13:21:56.838,timeseries,3,Weather Report Extended v2,mlx-community/Llama-3.2-1B-Instruct-4bit,295.0,13057.0,0.0,0
2026-06-26T13:21:56.900,timeseries,3,Weather Report Extended v2,mlx-community/Llama-3.2-1B-Instruct-4bit,226.0,11932.0,0.0,0
2026-06-26T13:21:56.961,timeseries,3,Weather Report Extended v2,mlx-community/Llama-3.2-1B-Instruct-4bit,266.0,13203.0,0.0,0
2026-06-26T13:21:57.024,timeseries,3,Weather Report Extended v2,mlx-community/Llama-3.2-1B-Instruct-4bit,402.0,11731.0,0.0,0
2026-06-26T13:21:57.086,timeseries,3,Weather Report Extended v2,mlx-community/Llama-3.2-1B-Instruct-4bit,982.0,13911.0,0.0,0
2026-06-26T13:21:57.148,timeseries,3,Weather Report Extended v2,mlx-community/Llama-3.2-1B-Instruct-4bit,719.0,11870.0,0.0,0
2026-06-26T13:21:57.211,timeseries,3,Weather Report Extended v2,mlx-community/Llama-3.2-1B-Instruct-4bit,468.0,13806.0,0.0,0
2026-06-26T13:21:57.275,timeseries,3,Weather Report Extended v2,mlx-community/Llama-3.2-1B-Instruct-4bit,351.0,11826.0,0.0,0
2026-06-26T13:21:57.338,timeseries,3,Weather Report Extended v2,mlx-community/Llama-3.2-1B-Instruct-4bit,623.0,13345.0,0.0,0
2026-06-26T13:21:57.400,timeseries,3,Weather Report Extended v2,mlx-community/Llama-3.2-1B-Instruct-4bit,358.0,11575.0,0.0,0
2026-06-26T13:21:57.464,timeseries,3,Weather Report Extended v2,mlx-community/Llama-3.2-1B-Instruct-4bit,288.0,13542.0,0.0,0
2026-06-26T13:21:57.529,timeseries,3,Weather Report Extended v2,mlx-community/Llama-3.2-1B-Instruct-4bit,303.0,11805.0,0.0,0
2026-06-26T13:21:57.591,timeseries,3,Weather Report Extended v2,mlx-community/Llama-3.2-1B-Instruct-4bit,284.0,13307.0,0.0,0
2026-06-26T13:21:57.652,timeseries,3,Weather Report Extended v2,mlx-community/Llama-3.2-1B-Instruct-4bit,612.0,12937.0,0.0,0
2026-06-26T13:21:57.715,timeseries,3,Weather Report Extended v2,mlx-community/Llama-3.2-1B-Instruct-4bit,410.0,12182.0,0.0,0
2026-06-26T13:21:57.779,timeseries,3,Weather Report Extended v2,mlx-community/Llama-3.2-1B-Instruct-4bit,338.0,13618.0,0.0,0
2026-06-26T13:21:57.843,timeseries,3,Weather Report Extended v2,mlx-community/Llama-3.2-1B-Instruct-4bit,284.0,11737.0,0.0,0
2026-06-26T13:21:57.905,timeseries,3,Weather Report Extended v2,mlx-community/Llama-3.2-1B-Instruct-4bit,268.0,13351.0,0.0,0
2026-06-26T13:21:57.968,timeseries,3,Weather Report Extended v2,mlx-community/Llama-3.2-1B-Instruct-4bit,532.0,11549.0,0.0,0
2026-06-26T13:21:58.030,timeseries,3,Weather Report Extended v2,mlx-community/Llama-3.2-1B-Instruct-4bit,1599.0,13114.0,0.0,0
2026-06-26T13:21:58.092,timeseries,3,Weather Report Extended v2,mlx-community/Llama-3.2-1B-Instruct-4bit,903.0,10533.0,0.0,0
2026-06-26T13:21:58.154,timeseries,3,Weather Report Extended v2,mlx-community/Llama-3.2-1B-Instruct-4bit,2534.0,13815.0,0.0,0
2026-06-26T13:21:58.217,timeseries,3,Weather Report Extended v2,mlx-community/Llama-3.2-1B-Instruct-4bit,1791.0,11947.0,0.0,0
2026-06-26T13:21:58.279,timeseries,3,Weather Report Extended v2,mlx-community/Llama-3.2-1B-Instruct-4bit,748.0,13538.0,0.0,0
2026-06-26T13:21:58.341,timeseries,3,Weather Report Extended v2,mlx-community/Llama-3.2-1B-Instruct-4bit,771.0,11956.0,0.0,0
2026-06-26T13:21:58.403,timeseries,3,Weather Report Extended v2,mlx-community/Llama-3.2-1B-Instruct-4bit,532.0,13779.0,0.0,0
2026-06-26T13:21:58.465,timeseries,3,Weather Report Extended v2,mlx-community/Llama-3.2-1B-Instruct-4bit,802.0,12013.0,0.0,0
2026-06-26T13:21:58.528,timeseries,3,Weather Report Extended v2,mlx-community/Llama-3.2-1B-Instruct-4bit,761.0,13814.0,0.0,0
2026-06-26T13:21:58.591,timeseries,3,Weather Report Extended v2,mlx-community/Llama-3.2-1B-Instruct-4bit,1191.0,11993.0,0.0,0
2026-06-26T13:21:58.653,timeseries,3,Weather Report Extended v2,mlx-community/Llama-3.2-1B-Instruct-4bit,763.0,13612.0,0.0,0
2026-06-26T13:21:58.714,timeseries,3,Weather Report Extended v2,mlx-community/Llama-3.2-1B-Instruct-4bit,895.0,11920.0,0.0,0
2026-06-26T13:21:58.777,timeseries,3,Weather Report Extended v2,mlx-community/Llama-3.2-1B-Instruct-4bit,721.0,13671.0,0.0,0
2026-06-26T13:21:58.839,timeseries,3,Weather Report Extended v2,mlx-community/Llama-3.2-1B-Instruct-4bit,812.0,12166.0,0.0,0
2026-06-26T13:21:58.902,timeseries,3,Weather Report Extended v2,mlx-community/Llama-3.2-1B-Instruct-4bit,718.0,11923.0,0.0,0
2026-06-26T13:21:58.964,timeseries,3,Weather Report Extended v2,mlx-community/Llama-3.2-1B-Instruct-4bit,871.0,13812.0,0.0,0
2026-06-26T13:21:59.027,timeseries,3,Weather Report Extended v2,mlx-community/Llama-3.2-1B-Instruct-4bit,749.0,13646.0,0.0,0
2026-06-26T13:21:59.090,timeseries,3,Weather Report Extended v2,mlx-community/Llama-3.2-1B-Instruct-4bit,1181.0,11890.0,0.0,0
2026-06-26T13:21:59.152,timeseries,3,Weather Report Extended v2,mlx-community/Llama-3.2-1B-Instruct-4bit,734.0,13587.0,0.0,0
2026-06-26T13:21:59.215,timeseries,3,Weather Report Extended v2,mlx-community/Llama-3.2-1B-Instruct-4bit,1080.0,11882.0,0.0,0
2026-06-26T13:21:59.276,timeseries,3,Weather Report Extended v2,mlx-community/Llama-3.2-1B-Instruct-4bit,708.0,13732.0,0.0,0
2026-06-26T13:21:59.338,timeseries,3,Weather Report Extended v2,mlx-community/Llama-3.2-1B-Instruct-4bit,1022.0,12113.0,0.0,0
2026-06-26T13:21:59.399,timeseries,3,Weather Report Extended v2,mlx-community/Llama-3.2-1B-Instruct-4bit,877.0,12130.0,0.0,0
2026-06-26T13:21:59.463,timeseries,3,Weather Report Extended v2,mlx-community/Llama-3.2-1B-Instruct-4bit,812.0,13598.0,0.0,0
2026-06-26T13:21:59.525,timeseries,3,Weather Report Extended v2,mlx-community/Llama-3.2-1B-Instruct-4bit,802.0,12205.0,0.0,0
2026-06-26T13:21:59.586,timeseries,3,Weather Report Extended v2,mlx-community/Llama-3.2-1B-Instruct-4bit,1154.0,13453.0,0.0,0
2026-06-26T13:21:59.648,timeseries,3,Weather Report Extended v2,mlx-community/Llama-3.2-1B-Instruct-4bit,851.0,12279.0,0.0,0
2026-06-26T13:21:59.710,timeseries,3,Weather Report Extended v2,mlx-community/Llama-3.2-1B-Instruct-4bit,820.0,13750.0,0.0,0
2026-06-26T13:21:59.773,timeseries,3,Weather Report Extended v2,mlx-community/Llama-3.2-1B-Instruct-4bit,819.0,12034.0,0.0,0
2026-06-26T13:21:59.835,timeseries,3,Weather Report Extended v2,mlx-community/Llama-3.2-1B-Instruct-4bit,722.0,13660.0,0.0,0
2026-06-26T13:21:59.897,timeseries,3,Weather Report Extended v2,mlx-community/Llama-3.2-1B-Instruct-4bit,800.0,11999.0,0.0,0
2026-06-26T13:21:59.959,timeseries,3,Weather Report Extended v2,mlx-community/Llama-3.2-1B-Instruct-4bit,812.0,12214.0,0.0,0
2026-06-26T13:22:00.022,timeseries,3,Weather Report Extended v2,mlx-community/Llama-3.2-1B-Instruct-4bit,893.0,13599.0,0.0,0
2026-06-26T13:22:00.083,timeseries,3,Weather Report Extended v2,mlx-community/Llama-3.2-1B-Instruct-4bit,1107.0,12132.0,0.0,0
2026-06-26T13:22:00.146,timeseries,3,Weather Report Extended v2,mlx-community/Llama-3.2-1B-Instruct-4bit,779.0,13574.0,0.0,0
2026-06-26T13:22:00.208,timeseries,3,Weather Report Extended v2,mlx-community/Llama-3.2-1B-Instruct-4bit,816.0,12221.0,0.0,0
2026-06-26T13:22:00.271,timeseries,3,Weather Report Extended v2,mlx-community/Llama-3.2-1B-Instruct-4bit,977.0,13445.0,0.0,0
2026-06-26T13:22:00.332,timeseries,3,Weather Report Extended v2,mlx-community/Llama-3.2-1B-Instruct-4bit,1074.0,12310.0,0.0,0
2026-06-26T13:22:00.394,timeseries,3,Weather Report Extended v2,mlx-community/Llama-3.2-1B-Instruct-4bit,738.0,13317.0,0.0,0
2026-06-26T13:22:00.457,timeseries,3,Weather Report Extended v2,mlx-community/Llama-3.2-1B-Instruct-4bit,796.0,12150.0,0.0,0
2026-06-26T13:22:00.519,timeseries,3,Weather Report Extended v2,mlx-community/Llama-3.2-1B-Instruct-4bit,838.0,13781.0,0.0,0
2026-06-26T13:22:00.581,timeseries,3,Weather Report Extended v2,mlx-community/Llama-3.2-1B-Instruct-4bit,1169.0,11916.0,0.0,0
2026-06-26T13:22:00.644,timeseries,3,Weather Report Extended v2,mlx-community/Llama-3.2-1B-Instruct-4bit,775.0,12118.0,0.0,0
2026-06-26T13:22:00.706,timeseries,3,Weather Report Extended v2,mlx-community/Llama-3.2-1B-Instruct-4bit,738.0,13682.0,0.0,0
2026-06-26T13:22:00.769,timeseries,3,Weather Report Extended v2,mlx-community/Llama-3.2-1B-Instruct-4bit,967.0,13502.0,0.0,0
2026-06-26T13:22:00.831,timeseries,3,Weather Report Extended v2,mlx-community/Llama-3.2-1B-Instruct-4bit,769.0,12015.0,0.0,0
2026-06-26T13:22:00.892,timeseries,3,Weather Report Extended v2,mlx-community/Llama-3.2-1B-Instruct-4bit,753.0,12002.0,0.0,0
2026-06-26T13:22:00.955,timeseries,3,Weather Report Extended v2,mlx-community/Llama-3.2-1B-Instruct-4bit,734.0,13939.0,0.0,0
2026-06-26T13:22:01.016,timeseries,3,Weather Report Extended v2,mlx-community/Llama-3.2-1B-Instruct-4bit,860.0,12084.0,0.0,0
2026-06-26T13:22:01.079,timeseries,3,Weather Report Extended v2,mlx-community/Llama-3.2-1B-Instruct-4bit,1141.0,13528.0,0.0,0
2026-06-26T13:22:01.141,timeseries,3,Weather Report Extended v2,mlx-community/Llama-3.2-1B-Instruct-4bit,863.0,12197.0,0.0,0
2026-06-26T13:22:01.204,timeseries,3,Weather Report Extended v2,mlx-community/Llama-3.2-1B-Instruct-4bit,734.0,13644.0,0.0,0
2026-06-26T13:22:01.266,timeseries,3,Weather Report Extended v2,mlx-community/Llama-3.2-1B-Instruct-4bit,1132.0,12111.0,0.0,0
2026-06-26T13:22:01.329,timeseries,3,Weather Report Extended v2,mlx-community/Llama-3.2-1B-Instruct-4bit,1052.0,13566.0,0.0,0
2026-06-26T13:22:01.391,timeseries,3,Weather Report Extended v2,mlx-community/Llama-3.2-1B-Instruct-4bit,827.0,12028.0,0.0,0
2026-06-26T13:22:01.453,timeseries,3,Weather Report Extended v2,mlx-community/Llama-3.2-1B-Instruct-4bit,767.0,13673.0,0.0,0
2026-06-26T13:22:01.515,timeseries,3,Weather Report Extended v2,mlx-community/Llama-3.2-1B-Instruct-4bit,791.0,12141.0,0.0,0
2026-06-26T13:22:01.580,timeseries,3,Weather Report Extended v2,mlx-community/Llama-3.2-1B-Instruct-4bit,1076.0,13684.0,0.0,0
2026-06-26T13:22:01.642,timeseries,3,Weather Report Extended v2,mlx-community/Llama-3.2-1B-Instruct-4bit,1385.0,10808.0,0.0,0
2026-06-26T13:22:01.704,timeseries,3,Weather Report Extended v2,mlx-community/Llama-3.2-1B-Instruct-4bit,672.0,12916.0,0.0,0
2026-06-26T13:22:01.766,timeseries,3,Weather Report Extended v2,mlx-community/Llama-3.2-1B-Instruct-4bit,720.0,11972.0,0.0,0
2026-06-26T13:22:01.829,timeseries,3,Weather Report Extended v2,mlx-community/Llama-3.2-1B-Instruct-4bit,879.0,13720.0,0.0,0
2026-06-26T13:22:01.891,timeseries,3,Weather Report Extended v2,mlx-community/Llama-3.2-1B-Instruct-4bit,746.0,12180.0,0.0,0
2026-06-26T13:22:01.953,timeseries,3,Weather Report Extended v2,mlx-community/Llama-3.2-1B-Instruct-4bit,793.0,13555.0,0.0,0
2026-06-26T13:22:02.014,timeseries,3,Weather Report Extended v2,mlx-community/Llama-3.2-1B-Instruct-4bit,711.0,12067.0,0.0,0
2026-06-26T13:22:02.078,timeseries,3,Weather Report Extended v2,mlx-community/Llama-3.2-1B-Instruct-4bit,976.0,12151.0,0.0,0
2026-06-26T13:22:02.140,timeseries,3,Weather Report Extended v2,mlx-community/Llama-3.2-1B-Instruct-4bit,1040.0,13943.0,0.0,0
2026-06-26T13:22:02.202,timeseries,3,Weather Report Extended v2,mlx-community/Llama-3.2-1B-Instruct-4bit,768.0,13397.0,0.0,0
2026-06-26T13:22:02.265,timeseries,3,Weather Report Extended v2,mlx-community/Llama-3.2-1B-Instruct-4bit,867.0,11957.0,0.0,0
2026-06-26T13:22:02.328,timeseries,3,Weather Report Extended v2,mlx-community/Llama-3.2-1B-Instruct-4bit,1231.0,13752.0,0.0,0
2026-06-26T13:22:02.390,timeseries,3,Weather Report Extended v2,mlx-community/Llama-3.2-1B-Instruct-4bit,824.0,11883.0,0.0,0
2026-06-26T13:22:02.452,timeseries,3,Weather Report Extended v2,mlx-community/Llama-3.2-1B-Instruct-4bit,752.0,13704.0,0.0,0
2026-06-26T13:22:02.514,timeseries,3,Weather Report Extended v2,mlx-community/Llama-3.2-1B-Instruct-4bit,787.0,12028.0,0.0,0
2026-06-26T13:22:02.577,timeseries,3,Weather Report Extended v2,mlx-community/Llama-3.2-1B-Instruct-4bit,982.0,13764.0,0.0,0
2026-06-26T13:22:02.640,timeseries,3,Weather Report Extended v2,mlx-community/Llama-3.2-1B-Instruct-4bit,1072.0,12110.0,0.0,0
2026-06-26T13:22:02.702,timeseries,3,Weather Report Extended v2,mlx-community/Llama-3.2-1B-Instruct-4bit,762.0,13567.0,0.0,0
2026-06-26T13:22:02.764,timeseries,3,Weather Report Extended v2,mlx-community/Llama-3.2-1B-Instruct-4bit,754.0,12054.0,0.0,0
2026-06-26T13:22:02.827,timeseries,3,Weather Report Extended v2,mlx-community/Llama-3.2-1B-Instruct-4bit,836.0,12086.0,0.0,0
2026-06-26T13:22:02.890,timeseries,3,Weather Report Extended v2,mlx-community/Llama-3.2-1B-Instruct-4bit,739.0,13680.0,0.0,0
2026-06-26T13:22:02.952,timeseries,3,Weather Report Extended v2,mlx-community/Llama-3.2-1B-Instruct-4bit,807.0,13535.0,0.0,0
2026-06-26T13:22:03.014,timeseries,3,Weather Report Extended v2,mlx-community/Llama-3.2-1B-Instruct-4bit,738.0,12083.0,0.0,0
2026-06-26T13:22:03.077,timeseries,3,Weather Report Extended v2,mlx-community/Llama-3.2-1B-Instruct-4bit,984.0,12100.0,0.0,0
2026-06-26T13:22:03.139,timeseries,3,Weather Report Extended v2,mlx-community/Llama-3.2-1B-Instruct-4bit,1007.0,13685.0,0.0,0
2026-06-26T13:22:03.201,timeseries,3,Weather Report Extended v2,mlx-community/Llama-3.2-1B-Instruct-4bit,911.0,12025.0,0.0,0
2026-06-26T13:22:03.265,timeseries,3,Weather Report Extended v2,mlx-community/Llama-3.2-1B-Instruct-4bit,3335.0,13565.0,0.0,0
2026-06-26T13:22:03.327,timeseries,3,Weather Report Extended v2,mlx-community/Llama-3.2-1B-Instruct-4bit,645.0,13839.0,0.0,0
2026-06-26T13:22:03.390,timeseries,3,Weather Report Extended v2,mlx-community/Llama-3.2-1B-Instruct-4bit,739.0,11828.0,0.0,0
2026-06-26T13:22:03.454,timeseries,3,Weather Report Extended v2,mlx-community/Llama-3.2-1B-Instruct-4bit,432.0,13619.0,0.0,0
2026-06-26T13:22:03.517,timeseries,3,Weather Report Extended v2,mlx-community/Llama-3.2-1B-Instruct-4bit,301.0,11826.0,0.0,0
2026-06-26T13:22:03.580,timeseries,3,Weather Report Extended v2,mlx-community/Llama-3.2-1B-Instruct-4bit,268.0,13409.0,0.0,0
2026-06-26T13:22:03.642,timeseries,3,Weather Report Extended v2,mlx-community/Llama-3.2-1B-Instruct-4bit,413.0,11783.0,0.0,0
2026-06-26T13:22:03.705,timeseries,3,Weather Report Extended v2,mlx-community/Llama-3.2-1B-Instruct-4bit,301.0,13547.0,0.0,0
2026-06-26T13:22:03.767,timeseries,3,Weather Report Extended v2,mlx-community/Llama-3.2-1B-Instruct-4bit,288.0,11848.0,0.0,0
2026-06-26T13:22:03.831,timeseries,3,Weather Report Extended v2,mlx-community/Llama-3.2-1B-Instruct-4bit,271.0,13503.0,0.0,0
2026-06-26T13:22:03.893,timeseries,3,Weather Report Extended v2,mlx-community/Llama-3.2-1B-Instruct-4bit,256.0,13624.0,0.0,0
2026-06-26T13:22:03.956,timeseries,3,Weather Report Extended v2,mlx-community/Llama-3.2-1B-Instruct-4bit,286.0,11850.0,0.0,0
2026-06-26T13:22:04.021,timeseries,3,Weather Report Extended v2,mlx-community/Llama-3.2-1B-Instruct-4bit,240.0,13529.0,0.0,0
2026-06-26T13:22:04.082,timeseries,3,Weather Report Extended v2,mlx-community/Llama-3.2-1B-Instruct-4bit,284.0,11740.0,0.0,0
2026-06-26T13:22:04.146,timeseries,3,Weather Report Extended v2,mlx-community/Llama-3.2-1B-Instruct-4bit,486.0,13303.0,0.0,0
2026-06-26T13:22:04.209,timeseries,3,Weather Report Extended v2,mlx-community/Llama-3.2-1B-Instruct-4bit,323.0,12056.0,0.0,0
2026-06-26T13:22:04.272,timeseries,3,Weather Report Extended v2,mlx-community/Llama-3.2-1B-Instruct-4bit,265.0,13268.0,0.0,0
2026-06-26T13:22:04.332,timeseries,3,Weather Report Extended v2,mlx-community/Llama-3.2-1B-Instruct-4bit,351.0,11812.0,0.0,0
2026-06-26T13:22:04.395,timeseries,3,Weather Report Extended v2,mlx-community/Llama-3.2-1B-Instruct-4bit,417.0,13646.0,0.0,0
2026-06-26T13:22:04.458,timeseries,3,Weather Report Extended v2,mlx-community/Llama-3.2-1B-Instruct-4bit,409.0,12217.0,0.0,0
2026-06-26T13:22:04.522,timeseries,3,Weather Report Extended v2,mlx-community/Llama-3.2-1B-Instruct-4bit,271.0,13529.0,0.0,0
2026-06-26T13:22:04.583,timeseries,3,Weather Report Extended v2,mlx-community/Llama-3.2-1B-Instruct-4bit,286.0,11847.0,0.0,0
2026-06-26T13:22:04.647,timeseries,3,Weather Report Extended v2,mlx-community/Llama-3.2-1B-Instruct-4bit,468.0,13234.0,0.0,0
2026-06-26T13:22:04.709,timeseries,3,Weather Report Extended v2,mlx-community/Llama-3.2-1B-Instruct-4bit,293.0,12242.0,0.0,0
2026-06-26T13:22:04.773,timeseries,3,Weather Report Extended v2,mlx-community/Llama-3.2-1B-Instruct-4bit,313.0,13205.0,0.0,0
2026-06-26T13:22:04.836,timeseries,3,Weather Report Extended v2,mlx-community/Llama-3.2-1B-Instruct-4bit,257.0,13725.0,0.0,0
2026-06-26T13:22:04.899,timeseries,3,Weather Report Extended v2,mlx-community/Llama-3.2-1B-Instruct-4bit,298.0,11687.0,0.0,0
2026-06-26T13:22:04.963,timeseries,3,Weather Report Extended v2,mlx-community/Llama-3.2-1B-Instruct-4bit,299.0,13435.0,0.0,0
2026-06-26T13:22:05.028,timeseries,3,Weather Report Extended v2,mlx-community/Llama-3.2-1B-Instruct-4bit,255.0,11950.0,0.0,0
2026-06-26T13:22:05.091,timeseries,3,Weather Report Extended v2,mlx-community/Llama-3.2-1B-Instruct-4bit,268.0,13381.0,0.0,0
2026-06-26T13:22:05.152,timeseries,3,Weather Report Extended v2,mlx-community/Llama-3.2-1B-Instruct-4bit,476.0,13137.0,0.0,0
2026-06-26T13:22:05.215,timeseries,3,Weather Report Extended v2,mlx-community/Llama-3.2-1B-Instruct-4bit,321.0,11956.0,0.0,0
2026-06-26T13:22:05.279,timeseries,3,Weather Report Extended v2,mlx-community/Llama-3.2-1B-Instruct-4bit,450.0,12159.0,0.0,0
2026-06-26T13:22:05.341,timeseries,3,Weather Report Extended v2,mlx-community/Llama-3.2-1B-Instruct-4bit,573.0,11576.0,0.0,0
2026-06-26T13:22:05.403,timeseries,3,Weather Report Extended v2,mlx-community/Llama-3.2-1B-Instruct-4bit,424.0,13361.0,0.0,0
2026-06-26T13:22:05.466,timeseries,3,Weather Report Extended v2,mlx-community/Llama-3.2-1B-Instruct-4bit,404.0,11995.0,0.0,0
2026-06-26T13:22:05.529,timeseries,3,Weather Report Extended v2,mlx-community/Llama-3.2-1B-Instruct-4bit,334.0,13510.0,0.0,0
2026-06-26T13:22:05.593,timeseries,3,Weather Report Extended v2,mlx-community/Llama-3.2-1B-Instruct-4bit,353.0,11864.0,0.0,0
2026-06-26T13:22:05.655,timeseries,3,Weather Report Extended v2,mlx-community/Llama-3.2-1B-Instruct-4bit,474.0,13456.0,0.0,0
2026-06-26T13:22:05.718,timeseries,3,Weather Report Extended v2,mlx-community/Llama-3.2-1B-Instruct-4bit,360.0,11670.0,0.0,0
2026-06-26T13:22:05.783,timeseries,3,Weather Report Extended v2,mlx-community/Llama-3.2-1B-Instruct-4bit,305.0,13717.0,0.0,0
2026-06-26T13:22:05.845,timeseries,3,Weather Report Extended v2,mlx-community/Llama-3.2-1B-Instruct-4bit,285.0,13393.0,0.0,0
2026-06-26T13:22:05.908,timeseries,3,Weather Report Extended v2,mlx-community/Llama-3.2-1B-Instruct-4bit,434.0,11540.0,0.0,0
2026-06-26T13:22:05.970,timeseries,3,Weather Report Extended v2,mlx-community/Llama-3.2-1B-Instruct-4bit,307.0,13815.0,0.0,0
2026-06-26T13:22:06.031,timeseries,3,Weather Report Extended v2,mlx-community/Llama-3.2-1B-Instruct-4bit,337.0,11999.0,0.0,0
2026-06-26T13:22:06.095,timeseries,3,Weather Report Extended v2,mlx-community/Llama-3.2-1B-Instruct-4bit,427.0,13371.0,0.0,0
2026-06-26T13:22:06.157,timeseries,3,Weather Report Extended v2,mlx-community/Llama-3.2-1B-Instruct-4bit,393.0,12236.0,0.0,0
2026-06-26T13:22:06.222,timeseries,3,Weather Report Extended v2,mlx-community/Llama-3.2-1B-Instruct-4bit,332.0,13411.0,0.0,0
2026-06-26T13:22:06.284,timeseries,3,Weather Report Extended v2,mlx-community/Llama-3.2-1B-Instruct-4bit,271.0,11906.0,0.0,0
2026-06-26T13:22:06.347,timeseries,3,Weather Report Extended v2,mlx-community/Llama-3.2-1B-Instruct-4bit,374.0,13212.0,0.0,0
2026-06-26T13:22:06.412,timeseries,3,Weather Report Extended v2,mlx-community/Llama-3.2-1B-Instruct-4bit,274.0,12007.0,0.0,0
2026-06-26T13:22:06.474,timeseries,3,Weather Report Extended v2,mlx-community/Llama-3.2-1B-Instruct-4bit,334.0,13468.0,0.0,0
2026-06-26T13:22:06.538,timeseries,3,Weather Report Extended v2,mlx-community/Llama-3.2-1B-Instruct-4bit,537.0,12995.0,0.0,0
2026-06-26T13:22:06.600,timeseries,3,Weather Report Extended v2,mlx-community/Llama-3.2-1B-Instruct-4bit,420.0,12009.0,0.0,0
2026-06-26T13:22:06.663,timeseries,3,Weather Report Extended v2,mlx-community/Llama-3.2-1B-Instruct-4bit,438.0,13373.0,0.0,0
2026-06-26T13:22:06.726,timeseries,3,Weather Report Extended v2,mlx-community/Llama-3.2-1B-Instruct-4bit,337.0,11962.0,0.0,0
2026-06-26T13:22:06.789,timeseries,3,Weather Report Extended v2,mlx-community/Llama-3.2-1B-Instruct-4bit,272.0,13659.0,0.0,0
2026-06-26T13:22:06.853,timeseries,3,Weather Report Extended v2,mlx-community/Llama-3.2-1B-Instruct-4bit,253.0,13443.0,0.0,0
2026-06-26T13:22:06.916,timeseries,3,Weather Report Extended v2,mlx-community/Llama-3.2-1B-Instruct-4bit,253.0,11748.0,0.0,0
2026-06-26T13:22:06.980,timeseries,3,Weather Report Extended v2,mlx-community/Llama-3.2-1B-Instruct-4bit,297.0,13305.0,0.0,0
2026-06-26T13:22:07.042,timeseries,3,Weather Report Extended v2,mlx-community/Llama-3.2-1B-Instruct-4bit,286.0,11857.0,0.0,0
2026-06-26T13:22:07.106,timeseries,3,Weather Report Extended v2,mlx-community/Llama-3.2-1B-Instruct-4bit,1075.0,13179.0,0.0,0
2026-06-26T13:22:07.170,timeseries,3,Weather Report Extended v2,mlx-community/Llama-3.2-1B-Instruct-4bit,466.0,12132.0,0.0,0
2026-06-26T13:22:07.231,timeseries,3,Weather Report Extended v2,mlx-community/Llama-3.2-1B-Instruct-4bit,393.0,13527.0,0.0,0
2026-06-26T13:22:07.295,timeseries,3,Weather Report Extended v2,mlx-community/Llama-3.2-1B-Instruct-4bit,334.0,13543.0,0.0,0
2026-06-26T13:22:07.357,timeseries,3,Weather Report Extended v2,mlx-community/Llama-3.2-1B-Instruct-4bit,418.0,11891.0,0.0,0
2026-06-26T13:22:07.419,timeseries,3,Weather Report Extended v2,mlx-community/Llama-3.2-1B-Instruct-4bit,302.0,13498.0,0.0,0
2026-06-26T13:22:07.482,timeseries,3,Weather Report Extended v2,mlx-community/Llama-3.2-1B-Instruct-4bit,275.0,12001.0,0.0,0
2026-06-26T13:22:07.544,timeseries,3,Weather Report Extended v2,mlx-community/Llama-3.2-1B-Instruct-4bit,348.0,13446.0,0.0,0
2026-06-26T13:22:07.606,timeseries,3,Weather Report Extended v2,mlx-community/Llama-3.2-1B-Instruct-4bit,493.0,11872.0,0.0,0
2026-06-26T13:22:07.669,timeseries,3,Weather Report Extended v2,mlx-community/Llama-3.2-1B-Instruct-4bit,406.0,13901.0,0.0,0
2026-06-26T13:22:07.732,timeseries,3,Weather Report Extended v2,mlx-community/Llama-3.2-1B-Instruct-4bit,308.0,12097.0,0.0,0
2026-06-26T13:22:07.794,timeseries,3,Weather Report Extended v2,mlx-community/Llama-3.2-1B-Instruct-4bit,317.0,13425.0,0.0,0
2026-06-26T13:22:07.858,timeseries,3,Weather Report Extended v2,mlx-community/Llama-3.2-1B-Instruct-4bit,254.0,11892.0,0.0,0
2026-06-26T13:22:07.921,timeseries,3,Weather Report Extended v2,mlx-community/Llama-3.2-1B-Instruct-4bit,271.0,13597.0,0.0,0
2026-06-26T13:22:07.982,timeseries,3,Weather Report Extended v2,mlx-community/Llama-3.2-1B-Instruct-4bit,267.0,11734.0,0.0,0
2026-06-26T13:22:08.044,timeseries,3,Weather Report Extended v2,mlx-community/Llama-3.2-1B-Instruct-4bit,874.0,13368.0,0.0,0
2026-06-26T13:22:08.107,timeseries,3,Weather Report Extended v2,mlx-community/Llama-3.2-1B-Instruct-4bit,1517.0,12348.0,0.0,0
2026-06-26T13:22:08.171,timeseries,3,Weather Report Extended v2,mlx-community/Llama-3.2-1B-Instruct-4bit,545.0,13817.0,0.0,0
2026-06-26T13:22:08.233,timeseries,3,Weather Report Extended v2,mlx-community/Llama-3.2-1B-Instruct-4bit,463.0,12076.0,0.0,0
2026-06-26T13:22:08.294,timeseries,3,Weather Report Extended v2,mlx-community/Llama-3.2-1B-Instruct-4bit,454.0,13315.0,0.0,0
2026-06-26T13:22:08.357,timeseries,3,Weather Report Extended v2,mlx-community/Llama-3.2-1B-Instruct-4bit,800.0,12068.0,0.0,0
2026-06-26T13:22:08.418,timeseries,3,Weather Report Extended v2,mlx-community/Llama-3.2-1B-Instruct-4bit,2439.0,13745.0,0.0,0
2026-06-26T13:22:08.481,timeseries,3,Weather Report Extended v2,mlx-community/Llama-3.2-1B-Instruct-4bit,761.0,11944.0,0.0,0
2026-06-26T13:22:08.545,timeseries,3,Weather Report Extended v2,mlx-community/Llama-3.2-1B-Instruct-4bit,685.0,14021.0,0.0,0
2026-06-26T13:22:08.606,timeseries,3,Weather Report Extended v2,mlx-community/Llama-3.2-1B-Instruct-4bit,1934.0,11748.0,0.0,0
2026-06-26T13:22:08.669,timeseries,3,Weather Report Extended v2,mlx-community/Llama-3.2-1B-Instruct-4bit,2760.0,13468.0,0.0,0
2026-06-26T13:22:08.731,timeseries,3,Weather Report Extended v2,mlx-community/Llama-3.2-1B-Instruct-4bit,771.0,12110.0,0.0,0
2026-06-26T13:22:08.794,timeseries,3,Weather Report Extended v2,mlx-community/Llama-3.2-1B-Instruct-4bit,622.0,13812.0,0.0,0
2026-06-26T13:22:08.857,timeseries,3,Weather Report Extended v2,mlx-community/Llama-3.2-1B-Instruct-4bit,613.0,12114.0,0.0,0
2026-06-26T13:22:08.917,timeseries,3,Weather Report Extended v2,mlx-community/Llama-3.2-1B-Instruct-4bit,734.0,13778.0,0.0,0
2026-06-26T13:22:08.980,timeseries,3,Weather Report Extended v2,mlx-community/Llama-3.2-1B-Instruct-4bit,1216.0,10239.0,0.0,0
2026-06-26T13:22:09.042,timeseries,3,Weather Report Extended v2,mlx-community/Llama-3.2-1B-Instruct-4bit,736.0,12337.0,0.0,0
2026-06-26T13:22:09.105,timeseries,3,Weather Report Extended v2,mlx-community/Llama-3.2-1B-Instruct-4bit,1237.0,13545.0,0.0,0
2026-06-26T13:22:09.167,timeseries,3,Weather Report Extended v2,mlx-community/Llama-3.2-1B-Instruct-4bit,825.0,12260.0,0.0,0
2026-06-26T13:22:09.229,timeseries,3,Weather Report Extended v2,mlx-community/Llama-3.2-1B-Instruct-4bit,733.0,13712.0,0.0,0
2026-06-26T13:22:09.291,timeseries,3,Weather Report Extended v2,mlx-community/Llama-3.2-1B-Instruct-4bit,904.0,12139.0,0.0,0
2026-06-26T13:22:09.352,timeseries,3,Weather Report Extended v2,mlx-community/Llama-3.2-1B-Instruct-4bit,1073.0,13741.0,0.0,0
2026-06-26T13:22:09.415,timeseries,3,Weather Report Extended v2,mlx-community/Llama-3.2-1B-Instruct-4bit,727.0,12403.0,0.0,0
2026-06-26T13:22:09.477,timeseries,3,Weather Report Extended v2,mlx-community/Llama-3.2-1B-Instruct-4bit,806.0,13930.0,0.0,0
2026-06-26T13:22:09.540,timeseries,3,Weather Report Extended v2,mlx-community/Llama-3.2-1B-Instruct-4bit,730.0,11891.0,0.0,0
2026-06-26T13:22:09.602,timeseries,3,Weather Report Extended v2,mlx-community/Llama-3.2-1B-Instruct-4bit,1400.0,13821.0,0.0,0
2026-06-26T13:22:09.665,timeseries,3,Weather Report Extended v2,mlx-community/Llama-3.2-1B-Instruct-4bit,825.0,11964.0,0.0,0
2026-06-26T13:22:09.727,timeseries,3,Weather Report Extended v2,mlx-community/Llama-3.2-1B-Instruct-4bit,740.0,13735.0,0.0,0
2026-06-26T13:22:09.789,timeseries,3,Weather Report Extended v2,mlx-community/Llama-3.2-1B-Instruct-4bit,740.0,12153.0,0.0,0
2026-06-26T13:22:09.852,timeseries,3,Weather Report Extended v2,mlx-community/Llama-3.2-1B-Instruct-4bit,764.0,11970.0,0.0,0
2026-06-26T13:22:09.914,timeseries,3,Weather Report Extended v2,mlx-community/Llama-3.2-1B-Instruct-4bit,855.0,13822.0,0.0,0
2026-06-26T13:22:09.976,timeseries,3,Weather Report Extended v2,mlx-community/Llama-3.2-1B-Instruct-4bit,769.0,12000.0,0.0,0
2026-06-26T13:22:10.039,timeseries,3,Weather Report Extended v2,mlx-community/Llama-3.2-1B-Instruct-4bit,743.0,13915.0,0.0,0
2026-06-26T13:22:10.099,timeseries,3,Weather Report Extended v2,mlx-community/Llama-3.2-1B-Instruct-4bit,1105.0,12111.0,0.0,0
2026-06-26T13:22:10.163,timeseries,3,Weather Report Extended v2,mlx-community/Llama-3.2-1B-Instruct-4bit,909.0,14038.0,0.0,0
2026-06-26T13:22:10.225,timeseries,3,Weather Report Extended v2,mlx-community/Llama-3.2-1B-Instruct-4bit,762.0,12226.0,0.0,0
2026-06-26T13:22:10.288,timeseries,3,Weather Report Extended v2,mlx-community/Llama-3.2-1B-Instruct-4bit,783.0,13513.0,0.0,0
2026-06-26T13:22:10.350,timeseries,3,Weather Report Extended v2,mlx-community/Llama-3.2-1B-Instruct-4bit,1036.0,12136.0,0.0,0
2026-06-26T13:22:10.413,timeseries,3,Weather Report Extended v2,mlx-community/Llama-3.2-1B-Instruct-4bit,809.0,13621.0,0.0,0
2026-06-26T13:22:10.475,timeseries,3,Weather Report Extended v2,mlx-community/Llama-3.2-1B-Instruct-4bit,779.0,12152.0,0.0,0
2026-06-26T13:22:10.537,timeseries,3,Weather Report Extended v2,mlx-community/Llama-3.2-1B-Instruct-4bit,733.0,13681.0,0.0,0
2026-06-26T13:22:10.599,timeseries,3,Weather Report Extended v2,mlx-community/Llama-3.2-1B-Instruct-4bit,1112.0,12114.0,0.0,0
2026-06-26T13:22:10.662,timeseries,3,Weather Report Extended v2,mlx-community/Llama-3.2-1B-Instruct-4bit,1044.0,13936.0,0.0,0
2026-06-26T13:22:10.725,timeseries,3,Weather Report Extended v2,mlx-community/Llama-3.2-1B-Instruct-4bit,786.0,12094.0,0.0,0
2026-06-26T13:22:10.786,timeseries,3,Weather Report Extended v2,mlx-community/Llama-3.2-1B-Instruct-4bit,859.0,13660.0,0.0,0
2026-06-26T13:22:10.848,timeseries,3,Weather Report Extended v2,mlx-community/Llama-3.2-1B-Instruct-4bit,721.0,12043.0,0.0,0
2026-06-26T13:22:10.910,timeseries,3,Weather Report Extended v2,mlx-community/Llama-3.2-1B-Instruct-4bit,814.0,12222.0,0.0,0
2026-06-26T13:22:10.972,timeseries,3,Weather Report Extended v2,mlx-community/Llama-3.2-1B-Instruct-4bit,813.0,13967.0,0.0,0
2026-06-26T13:22:11.035,timeseries,3,Weather Report Extended v2,mlx-community/Llama-3.2-1B-Instruct-4bit,731.0,11995.0,0.0,0
2026-06-26T13:22:11.098,timeseries,3,Weather Report Extended v2,mlx-community/Llama-3.2-1B-Instruct-4bit,1164.0,13882.0,0.0,0
2026-06-26T13:22:11.161,timeseries,3,Weather Report Extended v2,mlx-community/Llama-3.2-1B-Instruct-4bit,890.0,12077.0,0.0,0
2026-06-26T13:22:11.224,timeseries,3,Weather Report Extended v2,mlx-community/Llama-3.2-1B-Instruct-4bit,734.0,13808.0,0.0,0
2026-06-26T13:22:11.286,timeseries,3,Weather Report Extended v2,mlx-community/Llama-3.2-1B-Instruct-4bit,782.0,13777.0,0.0,0
2026-06-26T13:22:11.348,timeseries,3,Weather Report Extended v2,mlx-community/Llama-3.2-1B-Instruct-4bit,1017.0,11866.0,0.0,0
2026-06-26T13:22:11.411,timeseries,3,Weather Report Extended v2,mlx-community/Llama-3.2-1B-Instruct-4bit,805.0,13887.0,0.0,0
2026-06-26T13:22:11.473,timeseries,3,Weather Report Extended v2,mlx-community/Llama-3.2-1B-Instruct-4bit,834.0,12082.0,0.0,0
2026-06-26T13:22:11.535,timeseries,3,Weather Report Extended v2,mlx-community/Llama-3.2-1B-Instruct-4bit,721.0,12069.0,0.0,0
2026-06-26T13:22:11.598,timeseries,3,Weather Report Extended v2,mlx-community/Llama-3.2-1B-Instruct-4bit,1103.0,13703.0,0.0,0
2026-06-26T13:22:11.660,timeseries,3,Weather Report Extended v2,mlx-community/Llama-3.2-1B-Instruct-4bit,825.0,12251.0,0.0,0
2026-06-26T13:22:11.722,timeseries,3,Weather Report Extended v2,mlx-community/Llama-3.2-1B-Instruct-4bit,985.0,13697.0,0.0,0
2026-06-26T13:22:11.784,timeseries,3,Weather Report Extended v2,mlx-community/Llama-3.2-1B-Instruct-4bit,742.0,12088.0,0.0,0
2026-06-26T13:22:11.847,timeseries,3,Weather Report Extended v2,mlx-community/Llama-3.2-1B-Instruct-4bit,786.0,13804.0,0.0,0
2026-06-26T13:22:11.909,timeseries,3,Weather Report Extended v2,mlx-community/Llama-3.2-1B-Instruct-4bit,737.0,12031.0,0.0,0
2026-06-26T13:22:11.972,timeseries,3,Weather Report Extended v2,mlx-community/Llama-3.2-1B-Instruct-4bit,849.0,13793.0,0.0,0
2026-06-26T13:22:12.034,timeseries,3,Weather Report Extended v2,mlx-community/Llama-3.2-1B-Instruct-4bit,724.0,12108.0,0.0,0
2026-06-26T13:22:12.096,timeseries,3,Weather Report Extended v2,mlx-community/Llama-3.2-1B-Instruct-4bit,1125.0,13616.0,0.0,0
2026-06-26T13:22:12.158,timeseries,3,Weather Report Extended v2,mlx-community/Llama-3.2-1B-Instruct-4bit,826.0,12268.0,0.0,0
2026-06-26T13:22:12.221,timeseries,3,Weather Report Extended v2,mlx-community/Llama-3.2-1B-Instruct-4bit,863.0,13784.0,0.0,0
2026-06-26T13:22:12.283,timeseries,3,Weather Report Extended v2,mlx-community/Llama-3.2-1B-Instruct-4bit,903.0,12108.0,0.0,0
2026-06-26T13:22:12.346,timeseries,3,Weather Report Extended v2,mlx-community/Llama-3.2-1B-Instruct-4bit,1049.0,13706.0,0.0,0
2026-06-26T13:22:12.408,timeseries,3,Weather Report Extended v2,mlx-community/Llama-3.2-1B-Instruct-4bit,726.0,12100.0,0.0,0
2026-06-26T13:22:12.471,timeseries,3,Weather Report Extended v2,mlx-community/Llama-3.2-1B-Instruct-4bit,875.0,13814.0,0.0,0
2026-06-26T13:22:12.532,timeseries,3,Weather Report Extended v2,mlx-community/Llama-3.2-1B-Instruct-4bit,761.0,12255.0,0.0,0
2026-06-26T13:22:12.596,timeseries,3,Weather Report Extended v2,mlx-community/Llama-3.2-1B-Instruct-4bit,1148.0,13694.0,0.0,0
2026-06-26T13:22:12.657,timeseries,3,Weather Report Extended v2,mlx-community/Llama-3.2-1B-Instruct-4bit,1156.0,10482.0,0.0,0
2026-06-26T13:22:12.718,timeseries,3,Weather Report Extended v2,mlx-community/Llama-3.2-1B-Instruct-4bit,893.0,13541.0,0.0,0
2026-06-26T13:22:12.781,timeseries,3,Weather Report Extended v2,mlx-community/Llama-3.2-1B-Instruct-4bit,757.0,12387.0,0.0,0
2026-06-26T13:22:12.843,timeseries,3,Weather Report Extended v2,mlx-community/Llama-3.2-1B-Instruct-4bit,728.0,12237.0,0.0,0
2026-06-26T13:22:12.905,timeseries,3,Weather Report Extended v2,mlx-community/Llama-3.2-1B-Instruct-4bit,801.0,13819.0,0.0,0
2026-06-26T13:22:12.967,timeseries,3,Weather Report Extended v2,mlx-community/Llama-3.2-1B-Instruct-4bit,725.0,12138.0,0.0,0
2026-06-26T13:22:13.030,timeseries,3,Weather Report Extended v2,mlx-community/Llama-3.2-1B-Instruct-4bit,801.0,13824.0,0.0,0
2026-06-26T13:22:13.091,timeseries,3,Weather Report Extended v2,mlx-community/Llama-3.2-1B-Instruct-4bit,1210.0,12134.0,0.0,0
2026-06-26T13:22:13.152,timeseries,3,Weather Report Extended v2,mlx-community/Llama-3.2-1B-Instruct-4bit,748.0,14036.0,0.0,0
2026-06-26T13:22:13.213,timeseries,3,Weather Report Extended v2,mlx-community/Llama-3.2-1B-Instruct-4bit,750.0,12328.0,0.0,0
2026-06-26T13:22:13.275,timeseries,3,Weather Report Extended v2,mlx-community/Llama-3.2-1B-Instruct-4bit,835.0,12354.0,0.0,0
2026-06-26T13:22:13.338,timeseries,3,Weather Report Extended v2,mlx-community/Llama-3.2-1B-Instruct-4bit,1104.0,14016.0,0.0,0
2026-06-26T13:22:13.400,timeseries,3,Weather Report Extended v2,mlx-community/Llama-3.2-1B-Instruct-4bit,735.0,12086.0,0.0,0
2026-06-26T13:22:13.462,timeseries,3,Weather Report Extended v2,mlx-community/Llama-3.2-1B-Instruct-4bit,800.0,13864.0,0.0,0
2026-06-26T13:22:13.524,timeseries,3,Weather Report Extended v2,mlx-community/Llama-3.2-1B-Instruct-4bit,2201.0,11938.0,0.0,0
2026-06-26T13:22:13.586,timeseries,3,Weather Report Extended v2,mlx-community/Llama-3.2-1B-Instruct-4bit,2392.0,13724.0,0.0,0
2026-06-26T13:22:13.648,timeseries,3,Weather Report Extended v2,mlx-community/Llama-3.2-1B-Instruct-4bit,472.0,12366.0,0.0,0
2026-06-26T13:22:13.709,timeseries,3,Weather Report Extended v2,mlx-community/Llama-3.2-1B-Instruct-4bit,448.0,13727.0,0.0,0
2026-06-26T13:22:13.771,timeseries,3,Weather Report Extended v2,mlx-community/Llama-3.2-1B-Instruct-4bit,484.0,12032.0,0.0,0
2026-06-26T13:22:13.835,timeseries,3,Weather Report Extended v2,mlx-community/Llama-3.2-1B-Instruct-4bit,345.0,12348.0,0.0,0
2026-06-26T13:22:13.898,timeseries,3,Weather Report Extended v2,mlx-community/Llama-3.2-1B-Instruct-4bit,273.0,13694.0,0.0,0
2026-06-26T13:22:13.960,timeseries,3,Weather Report Extended v2,mlx-community/Llama-3.2-1B-Instruct-4bit,266.0,13465.0,0.0,0
2026-06-26T13:22:14.024,timeseries,3,Weather Report Extended v2,mlx-community/Llama-3.2-1B-Instruct-4bit,275.0,12036.0,0.0,0
2026-06-26T13:22:14.086,timeseries,3,Weather Report Extended v2,mlx-community/Llama-3.2-1B-Instruct-4bit,287.0,13653.0,0.0,0
2026-06-26T13:22:14.148,timeseries,3,Weather Report Extended v2,mlx-community/Llama-3.2-1B-Instruct-4bit,437.0,11682.0,0.0,0
2026-06-26T13:22:14.212,timeseries,3,Weather Report Extended v2,mlx-community/Llama-3.2-1B-Instruct-4bit,259.0,13865.0,0.0,0
2026-06-26T13:22:14.274,timeseries,3,Weather Report Extended v2,mlx-community/Llama-3.2-1B-Instruct-4bit,257.0,12049.0,0.0,0
2026-06-26T13:22:14.336,timeseries,3,Weather Report Extended v2,mlx-community/Llama-3.2-1B-Instruct-4bit,391.0,13286.0,0.0,0
2026-06-26T13:22:14.397,timeseries,3,Weather Report Extended v2,mlx-community/Llama-3.2-1B-Instruct-4bit,328.0,12267.0,0.0,0
2026-06-26T13:22:14.462,timeseries,3,Weather Report Extended v2,mlx-community/Llama-3.2-1B-Instruct-4bit,259.0,12111.0,0.0,0
2026-06-26T13:22:14.525,timeseries,3,Weather Report Extended v2,mlx-community/Llama-3.2-1B-Instruct-4bit,272.0,13662.0,0.0,0
2026-06-26T13:22:14.587,timeseries,3,Weather Report Extended v2,mlx-community/Llama-3.2-1B-Instruct-4bit,295.0,13228.0,0.0,0
2026-06-26T13:22:14.650,timeseries,3,Weather Report Extended v2,mlx-community/Llama-3.2-1B-Instruct-4bit,461.0,11887.0,0.0,0
2026-06-26T13:22:14.713,timeseries,3,Weather Report Extended v2,mlx-community/Llama-3.2-1B-Instruct-4bit,273.0,13799.0,0.0,0
2026-06-26T13:22:14.775,timeseries,3,Weather Report Extended v2,mlx-community/Llama-3.2-1B-Instruct-4bit,299.0,11722.0,0.0,0
2026-06-26T13:22:14.838,timeseries,3,Weather Report Extended v2,mlx-community/Llama-3.2-1B-Instruct-4bit,350.0,13561.0,0.0,0
2026-06-26T13:22:14.901,timeseries,3,Weather Report Extended v2,mlx-community/Llama-3.2-1B-Instruct-4bit,259.0,12141.0,0.0,0
2026-06-26T13:22:14.963,timeseries,3,Weather Report Extended v2,mlx-community/Llama-3.2-1B-Instruct-4bit,287.0,13688.0,0.0,0
2026-06-26T13:22:15.027,timeseries,3,Weather Report Extended v2,mlx-community/Llama-3.2-1B-Instruct-4bit,301.0,11872.0,0.0,0
2026-06-26T13:22:15.090,timeseries,3,Weather Report Extended v2,mlx-community/Llama-3.2-1B-Instruct-4bit,306.0,13661.0,0.0,0
2026-06-26T13:22:15.153,timeseries,3,Weather Report Extended v2,mlx-community/Llama-3.2-1B-Instruct-4bit,433.0,13283.0,0.0,0
2026-06-26T13:22:15.216,timeseries,3,Weather Report Extended v2,mlx-community/Llama-3.2-1B-Instruct-4bit,287.0,11993.0,0.0,0
2026-06-26T13:22:15.279,timeseries,3,Weather Report Extended v2,mlx-community/Llama-3.2-1B-Instruct-4bit,270.0,13566.0,0.0,0
2026-06-26T13:22:15.342,timeseries,3,Weather Report Extended v2,mlx-community/Llama-3.2-1B-Instruct-4bit,431.0,11866.0,0.0,0
2026-06-26T13:22:15.403,timeseries,3,Weather Report Extended v2,mlx-community/Llama-3.2-1B-Instruct-4bit,315.0,13535.0,0.0,0
2026-06-26T13:22:15.467,timeseries,3,Weather Report Extended v2,mlx-community/Llama-3.2-1B-Instruct-4bit,244.0,12146.0,0.0,0
2026-06-26T13:22:15.532,timeseries,3,Weather Report Extended v2,mlx-community/Llama-3.2-1B-Instruct-4bit,255.0,13684.0,0.0,0
2026-06-26T13:22:15.594,timeseries,3,Weather Report Extended v2,mlx-community/Llama-3.2-1B-Instruct-4bit,343.0,13231.0,0.0,0
2026-06-26T13:22:15.658,timeseries,3,Weather Report Extended v2,mlx-community/Llama-3.2-1B-Instruct-4bit,483.0,11723.0,0.0,0
2026-06-26T13:22:15.721,timeseries,3,Weather Report Extended v2,mlx-community/Llama-3.2-1B-Instruct-4bit,304.0,13746.0,0.0,0
2026-06-26T13:22:15.784,timeseries,3,Weather Report Extended v2,mlx-community/Llama-3.2-1B-Instruct-4bit,269.0,11880.0,0.0,0
2026-06-26T13:22:15.847,timeseries,3,Weather Report Extended v2,mlx-community/Llama-3.2-1B-Instruct-4bit,270.0,13612.0,0.0,0
2026-06-26T13:22:15.910,timeseries,3,Weather Report Extended v2,mlx-community/Llama-3.2-1B-Instruct-4bit,553.0,11780.0,0.0,0
2026-06-26T13:22:15.972,timeseries,3,Weather Report Extended v2,mlx-community/Llama-3.2-1B-Instruct-4bit,364.0,13557.0,0.0,0
2026-06-26T13:22:16.032,timeseries,3,Weather Report Extended v2,mlx-community/Llama-3.2-1B-Instruct-4bit,301.0,11824.0,0.0,0
2026-06-26T13:22:16.095,timeseries,3,Weather Report Extended v2,mlx-community/Llama-3.2-1B-Instruct-4bit,404.0,13742.0,0.0,0
2026-06-26T13:22:16.158,timeseries,3,Weather Report Extended v2,mlx-community/Llama-3.2-1B-Instruct-4bit,446.0,12478.0,0.0,0
2026-06-26T13:22:16.222,timeseries,3,Weather Report Extended v2,mlx-community/Llama-3.2-1B-Instruct-4bit,317.0,13599.0,0.0,0
2026-06-26T13:22:16.286,timeseries,3,Weather Report Extended v2,mlx-community/Llama-3.2-1B-Instruct-4bit,254.0,11920.0,0.0,0
2026-06-26T13:22:16.348,timeseries,3,Weather Report Extended v2,mlx-community/Llama-3.2-1B-Instruct-4bit,427.0,12972.0,0.0,0
2026-06-26T13:22:16.411,timeseries,3,Weather Report Extended v2,mlx-community/Llama-3.2-1B-Instruct-4bit,616.0,10448.0,0.0,0
2026-06-26T13:22:16.473,timeseries,3,Weather Report Extended v2,mlx-community/Llama-3.2-1B-Instruct-4bit,415.0,13705.0,0.0,0
2026-06-26T13:22:16.535,timeseries,3,Weather Report Extended v2,mlx-community/Llama-3.2-1B-Instruct-4bit,300.0,13435.0,0.0,0
2026-06-26T13:22:16.598,timeseries,3,Weather Report Extended v2,mlx-community/Llama-3.2-1B-Instruct-4bit,368.0,12047.0,0.0,0
2026-06-26T13:22:16.661,timeseries,3,Weather Report Extended v2,mlx-community/Llama-3.2-1B-Instruct-4bit,502.0,14022.0,0.0,0
2026-06-26T13:22:16.724,timeseries,3,Weather Report Extended v2,mlx-community/Llama-3.2-1B-Instruct-4bit,303.0,11955.0,0.0,0
2026-06-26T13:22:16.789,timeseries,3,Weather Report Extended v2,mlx-community/Llama-3.2-1B-Instruct-4bit,273.0,13787.0,0.0,0
2026-06-26T13:22:16.851,timeseries,3,Weather Report Extended v2,mlx-community/Llama-3.2-1B-Instruct-4bit,363.0,11600.0,0.0,0
2026-06-26T13:22:16.914,timeseries,3,Weather Report Extended v2,mlx-community/Llama-3.2-1B-Instruct-4bit,426.0,12870.0,0.0,0
2026-06-26T13:22:16.976,timeseries,3,Weather Report Extended v2,mlx-community/Llama-3.2-1B-Instruct-4bit,343.0,12267.0,0.0,0
2026-06-26T13:22:17.039,timeseries,3,Weather Report Extended v2,mlx-community/Llama-3.2-1B-Instruct-4bit,285.0,13540.0,0.0,0
2026-06-26T13:22:17.101,timeseries,3,Weather Report Extended v2,mlx-community/Llama-3.2-1B-Instruct-4bit,478.0,11914.0,0.0,0
2026-06-26T13:22:17.164,timeseries,3,Weather Report Extended v2,mlx-community/Llama-3.2-1B-Instruct-4bit,991.0,13856.0,0.0,0
2026-06-26T13:22:17.228,timeseries,3,Weather Report Extended v2,mlx-community/Llama-3.2-1B-Instruct-4bit,591.0,12347.0,0.0,0
2026-06-26T13:22:17.291,timeseries,3,Weather Report Extended v2,mlx-community/Llama-3.2-1B-Instruct-4bit,481.0,13212.0,0.0,0
2026-06-26T13:22:17.353,timeseries,3,Weather Report Extended v2,mlx-community/Llama-3.2-1B-Instruct-4bit,441.0,13499.0,0.0,0
2026-06-26T13:22:17.416,timeseries,3,Weather Report Extended v2,mlx-community/Llama-3.2-1B-Instruct-4bit,302.0,12011.0,0.0,0
2026-06-26T13:22:17.480,timeseries,3,Weather Report Extended v2,mlx-community/Llama-3.2-1B-Instruct-4bit,273.0,13788.0,0.0,0
2026-06-26T13:22:17.540,timeseries,3,Weather Report Extended v2,mlx-community/Llama-3.2-1B-Instruct-4bit,285.0,11879.0,0.0,0
2026-06-26T13:22:17.603,timeseries,3,Weather Report Extended v2,mlx-community/Llama-3.2-1B-Instruct-4bit,393.0,13406.0,0.0,0
2026-06-26T13:22:17.666,timeseries,3,Weather Report Extended v2,mlx-community/Llama-3.2-1B-Instruct-4bit,394.0,12326.0,0.0,0
2026-06-26T13:22:17.730,timeseries,3,Weather Report Extended v2,mlx-community/Llama-3.2-1B-Instruct-4bit,286.0,13658.0,0.0,0
2026-06-26T13:22:17.792,timeseries,3,Weather Report Extended v2,mlx-community/Llama-3.2-1B-Instruct-4bit,301.0,11867.0,0.0,0
2026-06-26T13:22:17.854,timeseries,3,Weather Report Extended v2,mlx-community/Llama-3.2-1B-Instruct-4bit,269.0,13629.0,0.0,0
2026-06-26T13:22:17.918,timeseries,3,Weather Report Extended v2,mlx-community/Llama-3.2-1B-Instruct-4bit,226.0,12201.0,0.0,0
2026-06-26T13:22:17.981,timeseries,3,Weather Report Extended v2,mlx-community/Llama-3.2-1B-Instruct-4bit,350.0,13609.0,0.0,0
2026-06-26T13:22:18.043,timeseries,3,Weather Report Extended v2,mlx-community/Llama-3.2-1B-Instruct-4bit,270.0,11973.0,0.0,0
2026-06-26T13:22:18.106,timeseries,3,Weather Report Extended v2,mlx-community/Llama-3.2-1B-Instruct-4bit,758.0,13351.0,0.0,0
2026-06-26T13:22:18.168,timeseries,3,Weather Report Extended v2,mlx-community/Llama-3.2-1B-Instruct-4bit,1255.0,12082.0,0.0,0
2026-06-26T13:22:18.229,timeseries,3,Weather Report Extended v2,mlx-community/Llama-3.2-1B-Instruct-4bit,587.0,13750.0,0.0,0
2026-06-26T13:22:18.291,timeseries,3,Weather Report Extended v2,mlx-community/Llama-3.2-1B-Instruct-4bit,516.0,12194.0,0.0,0
2026-06-26T13:22:18.354,timeseries,3,Weather Report Extended v2,mlx-community/Llama-3.2-1B-Instruct-4bit,602.0,13959.0,0.0,0
2026-06-26T13:22:18.417,timeseries,3,Weather Report Extended v2,mlx-community/Llama-3.2-1B-Instruct-4bit,343.0,12270.0,0.0,0
2026-06-26T13:22:18.480,timeseries,3,Weather Report Extended v2,mlx-community/Llama-3.2-1B-Instruct-4bit,299.0,13559.0,0.0,0
2026-06-26T13:22:18.542,timeseries,3,Weather Report Extended v2,mlx-community/Llama-3.2-1B-Instruct-4bit,271.0,11989.0,0.0,0
2026-06-26T13:22:18.605,timeseries,3,Weather Report Extended v2,mlx-community/Llama-3.2-1B-Instruct-4bit,572.0,13499.0,0.0,0
2026-06-26T13:22:18.667,timeseries,3,Weather Report Extended v2,mlx-community/Llama-3.2-1B-Instruct-4bit,2481.0,12116.0,0.0,0
2026-06-26T13:22:18.729,timeseries,3,Weather Report Extended v2,mlx-community/Llama-3.2-1B-Instruct-4bit,933.0,13763.0,0.0,0
2026-06-26T13:22:18.791,timeseries,3,Weather Report Extended v2,mlx-community/Llama-3.2-1B-Instruct-4bit,541.0,12438.0,0.0,0
2026-06-26T13:22:18.854,timeseries,3,Weather Report Extended v2,mlx-community/Llama-3.2-1B-Instruct-4bit,478.0,13823.0,0.0,0
2026-06-26T13:22:18.916,timeseries,3,Weather Report Extended v2,mlx-community/Llama-3.2-1B-Instruct-4bit,549.0,12247.0,0.0,0
2026-06-26T13:22:18.980,timeseries,3,Weather Report Extended v2,mlx-community/Llama-3.2-1B-Instruct-4bit,873.0,13697.0,0.0,0
2026-06-26T13:22:19.042,timeseries,3,Weather Report Extended v2,mlx-community/Llama-3.2-1B-Instruct-4bit,808.0,12310.0,0.0,0
2026-06-26T13:22:19.105,timeseries,3,Weather Report Extended v2,mlx-community/Llama-3.2-1B-Instruct-4bit,1224.0,13557.0,0.0,0
2026-06-26T13:22:19.168,timeseries,3,Weather Report Extended v2,mlx-community/Llama-3.2-1B-Instruct-4bit,756.0,12276.0,0.0,0
2026-06-26T13:22:19.230,timeseries,3,Weather Report Extended v2,mlx-community/Llama-3.2-1B-Instruct-4bit,773.0,13672.0,0.0,0
2026-06-26T13:22:19.292,timeseries,3,Weather Report Extended v2,mlx-community/Llama-3.2-1B-Instruct-4bit,800.0,12080.0,0.0,0
2026-06-26T13:22:19.355,timeseries,3,Weather Report Extended v2,mlx-community/Llama-3.2-1B-Instruct-4bit,1027.0,13817.0,0.0,0
2026-06-26T13:22:19.417,timeseries,3,Weather Report Extended v2,mlx-community/Llama-3.2-1B-Instruct-4bit,738.0,12213.0,0.0,0
2026-06-26T13:22:19.480,timeseries,3,Weather Report Extended v2,mlx-community/Llama-3.2-1B-Instruct-4bit,794.0,13750.0,0.0,0
2026-06-26T13:22:19.542,timeseries,3,Weather Report Extended v2,mlx-community/Llama-3.2-1B-Instruct-4bit,793.0,12315.0,0.0,0
2026-06-26T13:22:19.605,timeseries,3,Weather Report Extended v2,mlx-community/Llama-3.2-1B-Instruct-4bit,1234.0,13908.0,0.0,0
2026-06-26T13:22:19.666,timeseries,3,Weather Report Extended v2,mlx-community/Llama-3.2-1B-Instruct-4bit,803.0,12269.0,0.0,0
2026-06-26T13:22:19.727,timeseries,3,Weather Report Extended v2,mlx-community/Llama-3.2-1B-Instruct-4bit,866.0,13803.0,0.0,0
2026-06-26T13:22:19.790,timeseries,3,Weather Report Extended v2,mlx-community/Llama-3.2-1B-Instruct-4bit,804.0,12480.0,0.0,0
2026-06-26T13:22:19.851,timeseries,3,Weather Report Extended v2,mlx-community/Llama-3.2-1B-Instruct-4bit,771.0,12162.0,0.0,0
2026-06-26T13:22:19.914,timeseries,3,Weather Report Extended v2,mlx-community/Llama-3.2-1B-Instruct-4bit,837.0,13967.0,0.0,0
2026-06-26T13:22:19.976,timeseries,3,Weather Report Extended v2,mlx-community/Llama-3.2-1B-Instruct-4bit,727.0,12285.0,0.0,0
2026-06-26T13:22:20.040,timeseries,3,Weather Report Extended v2,mlx-community/Llama-3.2-1B-Instruct-4bit,979.0,13921.0,0.0,0
2026-06-26T13:22:20.102,timeseries,3,Weather Report Extended v2,mlx-community/Llama-3.2-1B-Instruct-4bit,1632.0,12778.0,0.0,0
2026-06-26T13:22:20.165,timeseries,3,Weather Report Extended v2,mlx-community/Llama-3.2-1B-Instruct-4bit,695.0,10974.0,0.0,0
2026-06-26T13:22:20.228,timeseries,3,Weather Report Extended v2,mlx-community/Llama-3.2-1B-Instruct-4bit,712.0,13986.0,0.0,0
2026-06-26T13:22:20.290,timeseries,3,Weather Report Extended v2,mlx-community/Llama-3.2-1B-Instruct-4bit,822.0,12032.0,0.0,0
2026-06-26T13:22:20.353,timeseries,3,Weather Report Extended v2,mlx-community/Llama-3.2-1B-Instruct-4bit,1056.0,13839.0,0.0,0
2026-06-26T13:22:20.415,timeseries,3,Weather Report Extended v2,mlx-community/Llama-3.2-1B-Instruct-4bit,720.0,12162.0,0.0,0
2026-06-26T13:22:20.476,timeseries,3,Weather Report Extended v2,mlx-community/Llama-3.2-1B-Instruct-4bit,740.0,13901.0,0.0,0
2026-06-26T13:22:20.539,timeseries,3,Weather Report Extended v2,mlx-community/Llama-3.2-1B-Instruct-4bit,849.0,12436.0,0.0,0
2026-06-26T13:22:20.601,timeseries,3,Weather Report Extended v2,mlx-community/Llama-3.2-1B-Instruct-4bit,1143.0,12331.0,0.0,0
2026-06-26T13:22:20.663,timeseries,3,Weather Report Extended v2,mlx-community/Llama-3.2-1B-Instruct-4bit,756.0,13645.0,0.0,0
2026-06-26T13:22:20.725,timeseries,3,Weather Report Extended v2,mlx-community/Llama-3.2-1B-Instruct-4bit,737.0,12133.0,0.0,0
2026-06-26T13:22:20.786,timeseries,3,Weather Report Extended v2,mlx-community/Llama-3.2-1B-Instruct-4bit,875.0,14102.0,0.0,0
2026-06-26T13:22:20.848,timeseries,3,Weather Report Extended v2,mlx-community/Llama-3.2-1B-Instruct-4bit,755.0,12223.0,0.0,0
2026-06-26T13:22:20.911,timeseries,3,Weather Report Extended v2,mlx-community/Llama-3.2-1B-Instruct-4bit,715.0,14099.0,0.0,0
2026-06-26T13:22:20.973,timeseries,3,Weather Report Extended v2,mlx-community/Llama-3.2-1B-Instruct-4bit,749.0,12385.0,0.0,0
2026-06-26T13:22:21.036,timeseries,3,Weather Report Extended v2,mlx-community/Llama-3.2-1B-Instruct-4bit,776.0,12054.0,0.0,0
2026-06-26T13:22:21.098,timeseries,3,Weather Report Extended v2,mlx-community/Llama-3.2-1B-Instruct-4bit,1372.0,13967.0,0.0,0
2026-06-26T13:22:21.161,timeseries,3,Weather Report Extended v2,mlx-community/Llama-3.2-1B-Instruct-4bit,749.0,12141.0,0.0,0
2026-06-26T13:22:21.223,timeseries,3,Weather Report Extended v2,mlx-community/Llama-3.2-1B-Instruct-4bit,793.0,14017.0,0.0,0
2026-06-26T13:22:21.285,timeseries,3,Weather Report Extended v2,mlx-community/Llama-3.2-1B-Instruct-4bit,791.0,12039.0,0.0,0
2026-06-26T13:22:21.348,timeseries,3,Weather Report Extended v2,mlx-community/Llama-3.2-1B-Instruct-4bit,1076.0,13856.0,0.0,0
2026-06-26T13:22:21.411,timeseries,3,Weather Report Extended v2,mlx-community/Llama-3.2-1B-Instruct-4bit,801.0,13903.0,0.0,0
2026-06-26T13:22:21.473,timeseries,3,Weather Report Extended v2,mlx-community/Llama-3.2-1B-Instruct-4bit,767.0,12164.0,0.0,0
2026-06-26T13:22:21.535,timeseries,3,Weather Report Extended v2,mlx-community/Llama-3.2-1B-Instruct-4bit,700.0,13758.0,0.0,0
2026-06-26T13:22:21.597,timeseries,3,Weather Report Extended v2,mlx-community/Llama-3.2-1B-Instruct-4bit,1270.0,12205.0,0.0,0
2026-06-26T13:22:21.659,timeseries,3,Weather Report Extended v2,mlx-community/Llama-3.2-1B-Instruct-4bit,827.0,12344.0,0.0,0
2026-06-26T13:22:21.722,timeseries,3,Weather Report Extended v2,mlx-community/Llama-3.2-1B-Instruct-4bit,751.0,13872.0,0.0,0
2026-06-26T13:22:21.784,timeseries,3,Weather Report Extended v2,mlx-community/Llama-3.2-1B-Instruct-4bit,710.0,12268.0,0.0,0
2026-06-26T13:22:21.846,timeseries,3,Weather Report Extended v2,mlx-community/Llama-3.2-1B-Instruct-4bit,863.0,13948.0,0.0,0
2026-06-26T13:22:21.908,timeseries,3,Weather Report Extended v2,mlx-community/Llama-3.2-1B-Instruct-4bit,725.0,12197.0,0.0,0
2026-06-26T13:22:21.970,timeseries,3,Weather Report Extended v2,mlx-community/Llama-3.2-1B-Instruct-4bit,724.0,13994.0,0.0,0
2026-06-26T13:22:22.032,timeseries,3,Weather Report Extended v2,mlx-community/Llama-3.2-1B-Instruct-4bit,742.0,12332.0,0.0,0
2026-06-26T13:22:22.094,timeseries,3,Weather Report Extended v2,mlx-community/Llama-3.2-1B-Instruct-4bit,1414.0,14062.0,0.0,0
2026-06-26T13:22:22.157,timeseries,3,Weather Report Extended v2,mlx-community/Llama-3.2-1B-Instruct-4bit,793.0,12375.0,0.0,0
2026-06-26T13:22:22.219,timeseries,3,Weather Report Extended v2,mlx-community/Llama-3.2-1B-Instruct-4bit,729.0,13681.0,0.0,0
2026-06-26T13:22:22.282,timeseries,3,Weather Report Extended v2,mlx-community/Llama-3.2-1B-Instruct-4bit,780.0,12049.0,0.0,0
2026-06-26T13:22:22.344,timeseries,3,Weather Report Extended v2,mlx-community/Llama-3.2-1B-Instruct-4bit,1050.0,13952.0,0.0,0
2026-06-26T13:22:22.411,timeseries,3,Weather Report Extended v2,mlx-community/Llama-3.2-1B-Instruct-4bit,753.0,12198.0,0.0,0
2026-06-26T13:22:22.479,timeseries,3,Weather Report Extended v2,mlx-community/Llama-3.2-1B-Instruct-4bit,876.0,13981.0,0.0,0
2026-06-26T13:22:22.541,timeseries,3,Weather Report Extended v2,mlx-community/Llama-3.2-1B-Instruct-4bit,1019.0,12720.0,0.0,0
2026-06-26T13:22:22.604,timeseries,3,Weather Report Extended v2,mlx-community/Llama-3.2-1B-Instruct-4bit,1329.0,12715.0,0.0,0
2026-06-26T13:22:22.666,timeseries,3,Weather Report Extended v2,mlx-community/Llama-3.2-1B-Instruct-4bit,812.0,12150.0,0.0,0
2026-06-26T13:22:22.729,timeseries,3,Weather Report Extended v2,mlx-community/Llama-3.2-1B-Instruct-4bit,716.0,13753.0,0.0,0
2026-06-26T13:22:22.791,timeseries,3,Weather Report Extended v2,mlx-community/Llama-3.2-1B-Instruct-4bit,828.0,12349.0,0.0,0
2026-06-26T13:22:22.853,timeseries,3,Weather Report Extended v2,mlx-community/Llama-3.2-1B-Instruct-4bit,815.0,13967.0,0.0,0
2026-06-26T13:22:22.914,timeseries,3,Weather Report Extended v2,mlx-community/Llama-3.2-1B-Instruct-4bit,787.0,12277.0,0.0,0
2026-06-26T13:22:22.977,timeseries,3,Weather Report Extended v2,mlx-community/Llama-3.2-1B-Instruct-4bit,739.0,12212.0,0.0,0
2026-06-26T13:22:23.040,timeseries,3,Weather Report Extended v2,mlx-community/Llama-3.2-1B-Instruct-4bit,732.0,14147.0,0.0,0
2026-06-26T13:22:23.101,timeseries,3,Weather Report Extended v2,mlx-community/Llama-3.2-1B-Instruct-4bit,1206.0,13747.0,0.0,0
2026-06-26T13:22:23.164,timeseries,3,Weather Report Extended v2,mlx-community/Llama-3.2-1B-Instruct-4bit,1043.0,12245.0,0.0,0
2026-06-26T13:22:23.225,timeseries,3,Weather Report Extended v2,mlx-community/Llama-3.2-1B-Instruct-4bit,698.0,12348.0,0.0,0
2026-06-26T13:22:23.288,timeseries,3,Weather Report Extended v2,mlx-community/Llama-3.2-1B-Instruct-4bit,759.0,14020.0,0.0,0
2026-06-26T13:22:23.349,timeseries,3,Weather Report Extended v2,mlx-community/Llama-3.2-1B-Instruct-4bit,1053.0,12331.0,0.0,0
2026-06-26T13:22:23.412,timeseries,3,Weather Report Extended v2,mlx-community/Llama-3.2-1B-Instruct-4bit,812.0,13804.0,0.0,0
2026-06-26T13:22:23.474,timeseries,3,Weather Report Extended v2,mlx-community/Llama-3.2-1B-Instruct-4bit,840.0,12482.0,0.0,0
2026-06-26T13:22:23.535,timeseries,3,Weather Report Extended v2,mlx-community/Llama-3.2-1B-Instruct-4bit,714.0,13852.0,0.0,0
2026-06-26T13:22:23.598,timeseries,3,Weather Report Extended v2,mlx-community/Llama-3.2-1B-Instruct-4bit,1171.0,12366.0,0.0,0
2026-06-26T13:22:23.660,timeseries,3,Weather Report Extended v2,mlx-community/Llama-3.2-1B-Instruct-4bit,818.0,12282.0,0.0,0
2026-06-26T13:22:23.722,timeseries,3,Weather Report Extended v2,mlx-community/Llama-3.2-1B-Instruct-4bit,3349.0,13862.0,0.0,0
2026-06-26T13:22:23.786,timeseries,3,Weather Report Extended v2,mlx-community/Llama-3.2-1B-Instruct-4bit,957.0,12111.0,0.0,0
2026-06-26T13:22:23.848,timeseries,3,Weather Report Extended v2,mlx-community/Llama-3.2-1B-Instruct-4bit,611.0,13000.0,0.0,0
2026-06-26T13:22:23.911,timeseries,3,Weather Report Extended v2,mlx-community/Llama-3.2-1B-Instruct-4bit,532.0,12571.0,0.0,0
2026-06-26T13:22:23.973,timeseries,3,Weather Report Extended v2,mlx-community/Llama-3.2-1B-Instruct-4bit,420.0,12205.0,0.0,0
2026-06-26T13:22:24.036,timeseries,3,Weather Report Extended v2,mlx-community/Llama-3.2-1B-Instruct-4bit,255.0,13765.0,0.0,0
2026-06-26T13:22:24.097,timeseries,3,Weather Report Extended v2,mlx-community/Llama-3.2-1B-Instruct-4bit,418.0,12045.0,0.0,0
2026-06-26T13:22:24.159,timeseries,3,Weather Report Extended v2,mlx-community/Llama-3.2-1B-Instruct-4bit,455.0,12292.0,0.0,0
2026-06-26T13:22:24.221,timeseries,3,Weather Report Extended v2,mlx-community/Llama-3.2-1B-Instruct-4bit,501.0,14022.0,0.0,0
2026-06-26T13:22:24.283,timeseries,3,Weather Report Extended v2,mlx-community/Llama-3.2-1B-Instruct-4bit,323.0,12207.0,0.0,0
2026-06-26T13:22:24.347,timeseries,3,Weather Report Extended v2,mlx-community/Llama-3.2-1B-Instruct-4bit,384.0,13655.0,0.0,0
2026-06-26T13:22:24.410,timeseries,3,Weather Report Extended v2,mlx-community/Llama-3.2-1B-Instruct-4bit,259.0,12206.0,0.0,0
2026-06-26T13:22:24.473,timeseries,3,Weather Report Extended v2,mlx-community/Llama-3.2-1B-Instruct-4bit,284.0,13645.0,0.0,0
2026-06-26T13:22:24.535,timeseries,3,Weather Report Extended v2,mlx-community/Llama-3.2-1B-Instruct-4bit,283.0,11865.0,0.0,0
2026-06-26T13:22:24.598,timeseries,3,Weather Report Extended v2,mlx-community/Llama-3.2-1B-Instruct-4bit,334.0,13599.0,0.0,0
2026-06-26T13:22:24.662,timeseries,3,Weather Report Extended v2,mlx-community/Llama-3.2-1B-Instruct-4bit,339.0,12222.0,0.0,0
2026-06-26T13:22:24.724,timeseries,3,Weather Report Extended v2,mlx-community/Llama-3.2-1B-Instruct-4bit,287.0,13820.0,0.0,0
2026-06-26T13:22:24.787,timeseries,3,Weather Report Extended v2,mlx-community/Llama-3.2-1B-Instruct-4bit,297.0,13465.0,0.0,0
2026-06-26T13:22:24.850,timeseries,3,Weather Report Extended v2,mlx-community/Llama-3.2-1B-Instruct-4bit,275.0,12193.0,0.0,0
2026-06-26T13:22:24.914,timeseries,3,Weather Report Extended v2,mlx-community/Llama-3.2-1B-Instruct-4bit,253.0,13692.0,0.0,0
2026-06-26T13:22:24.977,timeseries,3,Weather Report Extended v2,mlx-community/Llama-3.2-1B-Instruct-4bit,284.0,11899.0,0.0,0
2026-06-26T13:22:25.036,timeseries,3,Weather Report Extended v2,mlx-community/Llama-3.2-1B-Instruct-4bit,253.0,13643.0,0.0,0
2026-06-26T13:22:25.098,timeseries,3,Weather Report Extended v2,mlx-community/Llama-3.2-1B-Instruct-4bit,351.0,12025.0,0.0,0
2026-06-26T13:22:25.159,timeseries,3,Weather Report Extended v2,mlx-community/Llama-3.2-1B-Instruct-4bit,418.0,12628.0,0.0,0
2026-06-26T13:22:25.222,timeseries,3,Weather Report Extended v2,mlx-community/Llama-3.2-1B-Instruct-4bit,435.0,13913.0,0.0,0
2026-06-26T13:22:25.284,timeseries,3,Weather Report Extended v2,mlx-community/Llama-3.2-1B-Instruct-4bit,461.0,12473.0,0.0,0
2026-06-26T13:22:25.347,timeseries,3,Weather Report Extended v2,mlx-community/Llama-3.2-1B-Instruct-4bit,730.0,13558.0,0.0,0
2026-06-26T13:22:25.412,timeseries,3,Weather Report Extended v2,mlx-community/Llama-3.2-1B-Instruct-4bit,335.0,12061.0,0.0,0
2026-06-26T13:22:25.474,timeseries,3,Weather Report Extended v2,mlx-community/Llama-3.2-1B-Instruct-4bit,272.0,13828.0,0.0,0
2026-06-26T13:22:25.536,timeseries,3,Weather Report Extended v2,mlx-community/Llama-3.2-1B-Instruct-4bit,297.0,13537.0,0.0,0
2026-06-26T13:22:25.598,timeseries,3,Weather Report Extended v2,mlx-community/Llama-3.2-1B-Instruct-4bit,384.0,12043.0,0.0,0
2026-06-26T13:22:25.661,timeseries,3,Weather Report Extended v2,mlx-community/Llama-3.2-1B-Instruct-4bit,389.0,14020.0,0.0,0
2026-06-26T13:22:25.723,timeseries,3,Weather Report Extended v2,mlx-community/Llama-3.2-1B-Instruct-4bit,285.0,12067.0,0.0,0
2026-06-26T13:22:25.787,timeseries,3,Weather Report Extended v2,mlx-community/Llama-3.2-1B-Instruct-4bit,259.0,12269.0,0.0,0
2026-06-26T13:22:25.849,timeseries,3,Weather Report Extended v2,mlx-community/Llama-3.2-1B-Instruct-4bit,254.0,13672.0,0.0,0
2026-06-26T13:22:25.912,timeseries,3,Weather Report Extended v2,mlx-community/Llama-3.2-1B-Instruct-4bit,373.0,13365.0,0.0,0
2026-06-26T13:22:25.974,timeseries,3,Weather Report Extended v2,mlx-community/Llama-3.2-1B-Instruct-4bit,307.0,12243.0,0.0,0
2026-06-26T13:22:26.035,timeseries,3,Weather Report Extended v2,mlx-community/Llama-3.2-1B-Instruct-4bit,303.0,13698.0,0.0,0
2026-06-26T13:22:26.099,timeseries,3,Weather Report Extended v2,mlx-community/Llama-3.2-1B-Instruct-4bit,386.0,12032.0,0.0,0
2026-06-26T13:22:26.163,timeseries,3,Weather Report Extended v2,mlx-community/Llama-3.2-1B-Instruct-4bit,394.0,14276.0,0.0,0
2026-06-26T13:22:26.226,timeseries,3,Weather Report Extended v2,mlx-community/Llama-3.2-1B-Instruct-4bit,280.0,11821.0,0.0,0
2026-06-26T13:22:26.287,timeseries,3,Weather Report Extended v2,mlx-community/Llama-3.2-1B-Instruct-4bit,359.0,13456.0,0.0,0
2026-06-26T13:22:26.350,timeseries,3,Weather Report Extended v2,mlx-community/Llama-3.2-1B-Instruct-4bit,400.0,12021.0,0.0,0
2026-06-26T13:22:26.414,timeseries,3,Weather Report Extended v2,mlx-community/Llama-3.2-1B-Instruct-4bit,309.0,14066.0,0.0,0
2026-06-26T13:22:26.476,timeseries,3,Weather Report Extended v2,mlx-community/Llama-3.2-1B-Instruct-4bit,254.0,11999.0,0.0,0
2026-06-26T13:22:26.538,timeseries,3,Weather Report Extended v2,mlx-community/Llama-3.2-1B-Instruct-4bit,268.0,13625.0,0.0,0
2026-06-26T13:22:26.600,timeseries,3,Weather Report Extended v2,mlx-community/Llama-3.2-1B-Instruct-4bit,370.0,12137.0,0.0,0
2026-06-26T13:22:26.664,timeseries,3,Weather Report Extended v2,mlx-community/Llama-3.2-1B-Instruct-4bit,400.0,13856.0,0.0,0
2026-06-26T13:22:26.728,timeseries,3,Weather Report Extended v2,mlx-community/Llama-3.2-1B-Instruct-4bit,306.0,12214.0,0.0,0
2026-06-26T13:22:26.791,timeseries,3,Weather Report Extended v2,mlx-community/Llama-3.2-1B-Instruct-4bit,313.0,13537.0,0.0,0
2026-06-26T13:22:26.853,timeseries,3,Weather Report Extended v2,mlx-community/Llama-3.2-1B-Instruct-4bit,268.0,13598.0,0.0,0
2026-06-26T13:22:26.917,timeseries,3,Weather Report Extended v2,mlx-community/Llama-3.2-1B-Instruct-4bit,270.0,12045.0,0.0,0
2026-06-26T13:22:26.980,timeseries,3,Weather Report Extended v2,mlx-community/Llama-3.2-1B-Instruct-4bit,241.0,13902.0,0.0,0
2026-06-26T13:22:27.040,timeseries,3,Weather Report Extended v2,mlx-community/Llama-3.2-1B-Instruct-4bit,315.0,11856.0,0.0,0
2026-06-26T13:22:27.102,timeseries,3,Weather Report Extended v2,mlx-community/Llama-3.2-1B-Instruct-4bit,416.0,13779.0,0.0,0
2026-06-26T13:22:27.165,timeseries,3,Weather Report Extended v2,mlx-community/Llama-3.2-1B-Instruct-4bit,1063.0,12390.0,0.0,0
2026-06-26T13:22:27.228,timeseries,3,Weather Report Extended v2,mlx-community/Llama-3.2-1B-Instruct-4bit,469.0,12364.0,0.0,0
2026-06-26T13:22:27.291,timeseries,3,Weather Report Extended v2,mlx-community/Llama-3.2-1B-Instruct-4bit,512.0,13892.0,0.0,0
2026-06-26T13:22:27.354,timeseries,3,Weather Report Extended v2,mlx-community/Llama-3.2-1B-Instruct-4bit,603.0,13733.0,0.0,0
2026-06-26T13:22:27.417,timeseries,3,Weather Report Extended v2,mlx-community/Llama-3.2-1B-Instruct-4bit,412.0,12048.0,0.0,0
2026-06-26T13:22:27.481,timeseries,3,Weather Report Extended v2,mlx-community/Llama-3.2-1B-Instruct-4bit,273.0,13819.0,0.0,0
2026-06-26T13:22:27.543,timeseries,3,Weather Report Extended v2,mlx-community/Llama-3.2-1B-Instruct-4bit,297.0,11712.0,0.0,0
2026-06-26T13:22:27.607,timeseries,3,Weather Report Extended v2,mlx-community/Llama-3.2-1B-Instruct-4bit,407.0,13514.0,0.0,0
2026-06-26T13:22:27.670,timeseries,3,Weather Report Extended v2,mlx-community/Llama-3.2-1B-Instruct-4bit,502.0,13033.0,0.0,0
2026-06-26T13:22:27.732,timeseries,3,Weather Report Extended v2,mlx-community/Llama-3.2-1B-Instruct-4bit,541.0,10913.0,0.0,0
2026-06-26T13:22:27.795,timeseries,3,Weather Report Extended v2,mlx-community/Llama-3.2-1B-Instruct-4bit,432.0,13821.0,0.0,0
2026-06-26T13:22:27.856,timeseries,3,Weather Report Extended v2,mlx-community/Llama-3.2-1B-Instruct-4bit,290.0,12325.0,0.0,0
2026-06-26T13:22:27.919,timeseries,3,Weather Report Extended v2,mlx-community/Llama-3.2-1B-Instruct-4bit,242.0,12286.0,0.0,0
2026-06-26T13:22:27.982,timeseries,3,Weather Report Extended v2,mlx-community/Llama-3.2-1B-Instruct-4bit,277.0,14142.0,0.0,0
2026-06-26T13:22:28.044,timeseries,3,Weather Report Extended v2,mlx-community/Llama-3.2-1B-Instruct-4bit,251.0,13613.0,0.0,0
2026-06-26T13:22:28.107,timeseries,3,Weather Report Extended v2,mlx-community/Llama-3.2-1B-Instruct-4bit,427.0,11962.0,0.0,0
2026-06-26T13:22:28.169,timeseries,3,Weather Report Extended v2,mlx-community/Llama-3.2-1B-Instruct-4bit,907.0,13982.0,0.0,0
2026-06-26T13:22:28.231,timeseries,3,Weather Report Extended v2,mlx-community/Llama-3.2-1B-Instruct-4bit,1262.0,12153.0,0.0,0
2026-06-26T13:22:28.294,timeseries,3,Weather Report Extended v2,mlx-community/Llama-3.2-1B-Instruct-4bit,561.0,12223.0,0.0,0
2026-06-26T13:22:28.356,timeseries,3,Weather Report Extended v2,mlx-community/Llama-3.2-1B-Instruct-4bit,742.0,14210.0,0.0,0
2026-06-26T13:22:28.418,timeseries,3,Weather Report Extended v2,mlx-community/Llama-3.2-1B-Instruct-4bit,491.0,12137.0,0.0,0
2026-06-26T13:22:28.482,timeseries,3,Weather Report Extended v2,mlx-community/Llama-3.2-1B-Instruct-4bit,358.0,14166.0,0.0,0
2026-06-26T13:22:28.545,timeseries,3,Weather Report Extended v2,mlx-community/Llama-3.2-1B-Instruct-4bit,272.0,13970.0,0.0,0
2026-06-26T13:22:28.608,timeseries,3,Weather Report Extended v2,mlx-community/Llama-3.2-1B-Instruct-4bit,405.0,11781.0,0.0,0
2026-06-26T13:22:28.672,timeseries,3,Weather Report Extended v2,mlx-community/Llama-3.2-1B-Instruct-4bit,367.0,13943.0,0.0,0
2026-06-26T13:22:28.733,timeseries,3,Weather Report Extended v2,mlx-community/Llama-3.2-1B-Instruct-4bit,268.0,12066.0,0.0,0
2026-06-26T13:22:28.795,timeseries,3,Weather Report Extended v2,mlx-community/Llama-3.2-1B-Instruct-4bit,600.0,13617.0,0.0,0
2026-06-26T13:22:28.858,timeseries,3,Weather Report Extended v2,mlx-community/Llama-3.2-1B-Instruct-4bit,2102.0,12383.0,0.0,0
2026-06-26T13:22:28.920,timeseries,3,Weather Report Extended v2,mlx-community/Llama-3.2-1B-Instruct-4bit,706.0,14074.0,0.0,0
2026-06-26T13:22:28.981,timeseries,3,Weather Report Extended v2,mlx-community/Llama-3.2-1B-Instruct-4bit,596.0,12367.0,0.0,0
2026-06-26T13:22:29.044,timeseries,3,Weather Report Extended v2,mlx-community/Llama-3.2-1B-Instruct-4bit,515.0,12305.0,0.0,0
2026-06-26T13:22:29.107,timeseries,3,Weather Report Extended v2,mlx-community/Llama-3.2-1B-Instruct-4bit,619.0,14160.0,0.0,0
2026-06-26T13:22:29.170,timeseries,3,Weather Report Extended v2,mlx-community/Llama-3.2-1B-Instruct-4bit,460.0,13814.0,0.0,0
2026-06-26T13:22:29.233,timeseries,3,Weather Report Extended v2,mlx-community/Llama-3.2-1B-Instruct-4bit,316.0,12113.0,0.0,0
2026-06-26T13:22:29.295,timeseries,3,Weather Report Extended v2,mlx-community/Llama-3.2-1B-Instruct-4bit,301.0,13714.0,0.0,0
2026-06-26T13:22:29.357,timeseries,3,Weather Report Extended v2,mlx-community/Llama-3.2-1B-Instruct-4bit,418.0,12158.0,0.0,0
2026-06-26T13:22:29.422,timeseries,3,Weather Report Extended v2,mlx-community/Llama-3.2-1B-Instruct-4bit,432.0,13943.0,0.0,0
2026-06-26T13:22:29.483,timeseries,3,Weather Report Extended v2,mlx-community/Llama-3.2-1B-Instruct-4bit,325.0,12398.0,0.0,0
2026-06-26T13:22:29.545,timeseries,3,Weather Report Extended v2,mlx-community/Llama-3.2-1B-Instruct-4bit,297.0,13634.0,0.0,0
2026-06-26T13:22:29.607,timeseries,3,Weather Report Extended v2,mlx-community/Llama-3.2-1B-Instruct-4bit,400.0,12063.0,0.0,0
2026-06-26T13:22:29.671,timeseries,3,Weather Report Extended v2,mlx-community/Llama-3.2-1B-Instruct-4bit,323.0,14020.0,0.0,0
2026-06-26T13:22:29.734,timeseries,3,Weather Report Extended v2,mlx-community/Llama-3.2-1B-Instruct-4bit,256.0,12162.0,0.0,0
2026-06-26T13:22:29.797,timeseries,3,Weather Report Extended v2,mlx-community/Llama-3.2-1B-Instruct-4bit,269.0,13652.0,0.0,0
2026-06-26T13:22:29.861,timeseries,3,Weather Report Extended v2,mlx-community/Llama-3.2-1B-Instruct-4bit,254.0,12104.0,0.0,0
2026-06-26T13:22:29.926,timeseries,3,Weather Report Extended v2,mlx-community/Llama-3.2-1B-Instruct-4bit,254.0,13755.0,0.0,0
2026-06-26T13:22:29.990,timeseries,3,Weather Report Extended v2,mlx-community/Llama-3.2-1B-Instruct-4bit,248.0,13490.0,0.0,0
2026-06-26T13:22:30.051,timeseries,3,Weather Report Extended v2,mlx-community/Llama-3.2-1B-Instruct-4bit,310.0,13358.0,0.0,0
2026-06-26T13:22:30.114,timeseries,3,Weather Report Extended v2,mlx-community/Llama-3.2-1B-Instruct-4bit,407.0,11887.0,0.0,0
2026-06-26T13:22:30.178,timeseries,3,Weather Report Extended v2,mlx-community/Llama-3.2-1B-Instruct-4bit,309.0,12434.0,0.0,0
2026-06-26T13:22:30.242,timeseries,3,Weather Report Extended v2,mlx-community/Llama-3.2-1B-Instruct-4bit,304.0,13884.0,0.0,0
2026-06-26T13:22:30.304,timeseries,3,Weather Report Extended v2,mlx-community/Llama-3.2-1B-Instruct-4bit,234.0,13521.0,0.0,0
2026-06-26T13:22:30.368,timeseries,3,Weather Report Extended v2,mlx-community/Llama-3.2-1B-Instruct-4bit,444.0,12005.0,0.0,0
2026-06-26T13:22:30.432,timeseries,3,Weather Report Extended v2,mlx-community/Llama-3.2-1B-Instruct-4bit,255.0,13826.0,0.0,0
2026-06-26T13:22:30.495,timeseries,3,Weather Report Extended v2,mlx-community/Llama-3.2-1B-Instruct-4bit,309.0,13476.0,0.0,0
2026-06-26T13:22:30.557,timeseries,3,Weather Report Extended v2,mlx-community/Llama-3.2-1B-Instruct-4bit,300.0,11952.0,0.0,0
2026-06-26T13:22:30.620,timeseries,3,Weather Report Extended v2,mlx-community/Llama-3.2-1B-Instruct-4bit,397.0,13710.0,0.0,0
2026-06-26T13:22:30.682,timeseries,3,Weather Report Extended v2,mlx-community/Llama-3.2-1B-Instruct-4bit,319.0,12216.0,0.0,0
2026-06-26T13:22:30.746,timeseries,3,Weather Report Extended v2,mlx-community/Llama-3.2-1B-Instruct-4bit,286.0,13779.0,0.0,0
2026-06-26T13:22:30.809,timeseries,3,Weather Report Extended v2,mlx-community/Llama-3.2-1B-Instruct-4bit,291.0,12293.0,0.0,0
2026-06-26T13:22:30.872,timeseries,3,Weather Report Extended v2,mlx-community/Llama-3.2-1B-Instruct-4bit,251.0,13659.0,0.0,0
2026-06-26T13:22:30.935,timeseries,3,Weather Report Extended v2,mlx-community/Llama-3.2-1B-Instruct-4bit,285.0,11993.0,0.0,0
2026-06-26T13:22:30.999,timeseries,3,Weather Report Extended v2,mlx-community/Llama-3.2-1B-Instruct-4bit,238.0,13769.0,0.0,0
2026-06-26T13:22:31.062,timeseries,3,Weather Report Extended v2,mlx-community/Llama-3.2-1B-Instruct-4bit,271.0,13890.0,0.0,0
2026-06-26T13:22:31.125,timeseries,3,Weather Report Extended v2,mlx-community/Llama-3.2-1B-Instruct-4bit,423.0,11794.0,0.0,0
2026-06-26T13:22:31.188,timeseries,3,Weather Report Extended v2,mlx-community/Llama-3.2-1B-Instruct-4bit,283.0,13752.0,0.0,0
2026-06-26T13:22:31.253,timeseries,3,Weather Report Extended v2,mlx-community/Llama-3.2-1B-Instruct-4bit,270.0,12164.0,0.0,0
2026-06-26T13:22:31.316,timeseries,3,Weather Report Extended v2,mlx-community/Llama-3.2-1B-Instruct-4bit,300.0,13639.0,0.0,0
2026-06-26T13:22:31.379,timeseries,3,Weather Report Extended v2,mlx-community/Llama-3.2-1B-Instruct-4bit,436.0,13510.0,0.0,0
2026-06-26T13:22:31.442,timeseries,3,Weather Report Extended v2,mlx-community/Llama-3.2-1B-Instruct-4bit,335.0,12124.0,0.0,0
2026-06-26T13:22:31.504,timeseries,3,Weather Report Extended v2,mlx-community/Llama-3.2-1B-Instruct-4bit,411.0,12544.0,0.0,0
2026-06-26T13:22:31.565,timeseries,3,Weather Report Extended v2,mlx-community/Llama-3.2-1B-Instruct-4bit,568.0,11174.0,0.0,0
2026-06-26T13:22:31.626,timeseries,3,Weather Report Extended v2,mlx-community/Llama-3.2-1B-Instruct-4bit,662.0,14043.0,0.0,0
2026-06-26T13:22:31.688,timeseries,3,Weather Report Extended v2,mlx-community/Llama-3.2-1B-Instruct-4bit,399.0,12750.0,0.0,0
2026-06-26T13:22:31.752,timeseries,3,Weather Report Extended v2,mlx-community/Llama-3.2-1B-Instruct-4bit,290.0,12276.0,0.0,0
2026-06-26T13:22:31.816,timeseries,3,Weather Report Extended v2,mlx-community/Llama-3.2-1B-Instruct-4bit,273.0,13978.0,0.0,0
2026-06-26T13:22:31.878,timeseries,3,Weather Report Extended v2,mlx-community/Llama-3.2-1B-Instruct-4bit,266.0,13637.0,0.0,0
2026-06-26T13:22:31.941,timeseries,3,Weather Report Extended v2,mlx-community/Llama-3.2-1B-Instruct-4bit,254.0,12102.0,0.0,0
2026-06-26T13:22:32.006,timeseries,3,Weather Report Extended v2,mlx-community/Llama-3.2-1B-Instruct-4bit,255.0,13809.0,0.0,0
2026-06-26T13:22:32.068,timeseries,3,Weather Report Extended v2,mlx-community/Llama-3.2-1B-Instruct-4bit,253.0,12028.0,0.0,0
2026-06-26T13:22:32.131,timeseries,3,Weather Report Extended v2,mlx-community/Llama-3.2-1B-Instruct-4bit,436.0,13463.0,0.0,0
2026-06-26T13:22:32.194,timeseries,3,Weather Report Extended v2,mlx-community/Llama-3.2-1B-Instruct-4bit,304.0,12258.0,0.0,0
2026-06-26T13:22:32.258,timeseries,3,Weather Report Extended v2,mlx-community/Llama-3.2-1B-Instruct-4bit,237.0,13725.0,0.0,0
2026-06-26T13:22:32.322,timeseries,3,Weather Report Extended v2,mlx-community/Llama-3.2-1B-Instruct-4bit,366.0,13762.0,0.0,0
2026-06-26T13:22:32.384,timeseries,3,Weather Report Extended v2,mlx-community/Llama-3.2-1B-Instruct-4bit,392.0,11896.0,0.0,0
2026-06-26T13:22:32.448,timeseries,3,Weather Report Extended v2,mlx-community/Llama-3.2-1B-Instruct-4bit,284.0,13707.0,0.0,0
2026-06-26T13:22:32.512,timeseries,3,Weather Report Extended v2,mlx-community/Llama-3.2-1B-Instruct-4bit,241.0,12272.0,0.0,0
2026-06-26T13:22:32.575,timeseries,3,Weather Report Extended v2,mlx-community/Llama-3.2-1B-Instruct-4bit,410.0,13631.0,0.0,0
2026-06-26T13:22:32.639,timeseries,3,Weather Report Extended v2,mlx-community/Llama-3.2-1B-Instruct-4bit,556.0,13400.0,0.0,0
2026-06-26T13:22:32.702,timeseries,3,Weather Report Extended v2,mlx-community/Llama-3.2-1B-Instruct-4bit,332.0,11997.0,0.0,0
2026-06-26T13:22:32.766,timeseries,3,Weather Report Extended v2,mlx-community/Llama-3.2-1B-Instruct-4bit,251.0,13685.0,0.0,0
2026-06-26T13:22:32.829,timeseries,3,Weather Report Extended v2,mlx-community/Llama-3.2-1B-Instruct-4bit,286.0,13626.0,0.0,0
2026-06-26T13:22:32.893,timeseries,3,Weather Report Extended v2,mlx-community/Llama-3.2-1B-Instruct-4bit,314.0,11929.0,0.0,0
2026-06-26T13:22:32.955,timeseries,3,Weather Report Extended v2,mlx-community/Llama-3.2-1B-Instruct-4bit,283.0,13645.0,0.0,0
2026-06-26T13:22:33.018,timeseries,3,Weather Report Extended v2,mlx-community/Llama-3.2-1B-Instruct-4bit,255.0,12124.0,0.0,0
2026-06-26T13:22:33.080,timeseries,3,Weather Report Extended v2,mlx-community/Llama-3.2-1B-Instruct-4bit,272.0,13847.0,0.0,0
2026-06-26T13:22:33.142,timeseries,3,Weather Report Extended v2,mlx-community/Llama-3.2-1B-Instruct-4bit,458.0,12024.0,0.0,0
2026-06-26T13:22:33.207,timeseries,3,Weather Report Extended v2,mlx-community/Llama-3.2-1B-Instruct-4bit,276.0,14124.0,0.0,0
2026-06-26T13:22:33.269,timeseries,3,Weather Report Extended v2,mlx-community/Llama-3.2-1B-Instruct-4bit,255.0,13925.0,0.0,0
2026-06-26T13:22:33.332,timeseries,3,Weather Report Extended v2,mlx-community/Llama-3.2-1B-Instruct-4bit,388.0,11618.0,0.0,0
2026-06-26T13:22:33.395,timeseries,3,Weather Report Extended v2,mlx-community/Llama-3.2-1B-Instruct-4bit,351.0,13835.0,0.0,0
2026-06-26T13:22:33.458,timeseries,3,Weather Report Extended v2,mlx-community/Llama-3.2-1B-Instruct-4bit,255.0,12193.0,0.0,0
2026-06-26T13:22:33.519,timeseries,3,Weather Report Extended v2,mlx-community/Llama-3.2-1B-Instruct-4bit,237.0,13652.0,0.0,0
2026-06-26T13:22:33.582,timeseries,3,Weather Report Extended v2,mlx-community/Llama-3.2-1B-Instruct-4bit,350.0,12090.0,0.0,0
2026-06-26T13:22:33.646,timeseries,3,Weather Report Extended v2,mlx-community/Llama-3.2-1B-Instruct-4bit,623.0,14265.0,0.0,0
2026-06-26T13:22:33.708,timeseries,3,Weather Report Extended v2,mlx-community/Llama-3.2-1B-Instruct-4bit,318.0,12129.0,0.0,0
2026-06-26T13:22:33.772,timeseries,3,Weather Report Extended v2,mlx-community/Llama-3.2-1B-Instruct-4bit,299.0,13645.0,0.0,0
2026-06-26T13:22:33.836,timeseries,3,Weather Report Extended v2,mlx-community/Llama-3.2-1B-Instruct-4bit,242.0,12301.0,0.0,0
2026-06-26T13:22:33.897,timeseries,3,Weather Report Extended v2,mlx-community/Llama-3.2-1B-Instruct-4bit,296.0,13523.0,0.0,0
2026-06-26T13:22:33.960,timeseries,3,Weather Report Extended v2,mlx-community/Llama-3.2-1B-Instruct-4bit,455.0,11693.0,0.0,0
2026-06-26T13:22:34.022,timeseries,3,Weather Report Extended v2,mlx-community/Llama-3.2-1B-Instruct-4bit,2117.0,14280.0,0.0,0
2026-06-26T13:22:34.084,timeseries,3,Weather Report Extended v2,mlx-community/Llama-3.2-1B-Instruct-4bit,936.0,12148.0,0.0,0
2026-06-26T13:22:34.146,timeseries,3,Weather Report Extended v2,mlx-community/Llama-3.2-1B-Instruct-4bit,708.0,14093.0,0.0,0
2026-06-26T13:22:34.209,timeseries,3,Weather Report Extended v2,mlx-community/Llama-3.2-1B-Instruct-4bit,473.0,12619.0,0.0,0
2026-06-26T13:22:34.272,timeseries,3,Weather Report Extended v2,mlx-community/Llama-3.2-1B-Instruct-4bit,414.0,13871.0,0.0,0
2026-06-26T13:22:34.334,timeseries,3,Weather Report Extended v2,mlx-community/Llama-3.2-1B-Instruct-4bit,469.0,12211.0,0.0,0
2026-06-26T13:22:34.399,timeseries,3,Weather Report Extended v2,mlx-community/Llama-3.2-1B-Instruct-4bit,346.0,13754.0,0.0,0
2026-06-26T13:22:34.463,timeseries,3,Weather Report Extended v2,mlx-community/Llama-3.2-1B-Instruct-4bit,367.0,13745.0,0.0,0
2026-06-26T13:22:34.529,timeseries,3,Weather Report Extended v2,mlx-community/Llama-3.2-1B-Instruct-4bit,308.0,11782.0,0.0,0
2026-06-26T13:22:34.590,timeseries,3,Weather Report Extended v2,mlx-community/Llama-3.2-1B-Instruct-4bit,269.0,13759.0,0.0,0
2026-06-26T13:22:34.654,timeseries,3,Weather Report Extended v2,mlx-community/Llama-3.2-1B-Instruct-4bit,590.0,13043.0,0.0,0
2026-06-26T13:22:34.716,timeseries,3,Weather Report Extended v2,mlx-community/Llama-3.2-1B-Instruct-4bit,390.0,12402.0,0.0,0
2026-06-26T13:22:34.780,timeseries,3,Weather Report Extended v2,mlx-community/Llama-3.2-1B-Instruct-4bit,315.0,13705.0,0.0,0
2026-06-26T13:22:34.841,timeseries,3,Weather Report Extended v2,mlx-community/Llama-3.2-1B-Instruct-4bit,241.0,12280.0,0.0,0
2026-06-26T13:22:34.905,timeseries,3,Weather Report Extended v2,mlx-community/Llama-3.2-1B-Instruct-4bit,381.0,13671.0,0.0,0
2026-06-26T13:22:34.968,timeseries,3,Weather Report Extended v2,mlx-community/Llama-3.2-1B-Instruct-4bit,290.0,12249.0,0.0,0
2026-06-26T13:22:35.032,timeseries,3,Weather Report Extended v2,mlx-community/Llama-3.2-1B-Instruct-4bit,267.0,13681.0,0.0,0
2026-06-26T13:22:35.095,timeseries,3,Weather Report Extended v2,mlx-community/Llama-3.2-1B-Instruct-4bit,330.0,13548.0,0.0,0
2026-06-26T13:22:35.157,timeseries,3,Weather Report Extended v2,mlx-community/Llama-3.2-1B-Instruct-4bit,437.0,11918.0,0.0,0
2026-06-26T13:22:35.220,timeseries,3,Weather Report Extended v2,mlx-community/Llama-3.2-1B-Instruct-4bit,287.0,13914.0,0.0,0
2026-06-26T13:22:35.284,timeseries,3,Weather Report Extended v2,mlx-community/Llama-3.2-1B-Instruct-4bit,257.0,12206.0,0.0,0
2026-06-26T13:22:35.347,timeseries,3,Weather Report Extended v2,mlx-community/Llama-3.2-1B-Instruct-4bit,411.0,13616.0,0.0,0
2026-06-26T13:22:35.411,timeseries,3,Weather Report Extended v2,mlx-community/Llama-3.2-1B-Instruct-4bit,610.0,9902.0,0.0,0
2026-06-26T13:22:35.474,timeseries,3,Weather Report Extended v2,mlx-community/Llama-3.2-1B-Instruct-4bit,418.0,14026.0,0.0,0
2026-06-26T13:22:35.535,timeseries,3,Weather Report Extended v2,mlx-community/Llama-3.2-1B-Instruct-4bit,297.0,13537.0,0.0,0
2026-06-26T13:22:35.598,timeseries,3,Weather Report Extended v2,mlx-community/Llama-3.2-1B-Instruct-4bit,383.0,12068.0,0.0,0
2026-06-26T13:22:35.660,timeseries,3,Weather Report Extended v2,mlx-community/Llama-3.2-1B-Instruct-4bit,391.0,12459.0,0.0,0
2026-06-26T13:22:35.722,timeseries,3,Weather Report Extended v2,mlx-community/Llama-3.2-1B-Instruct-4bit,413.0,13740.0,0.0,0
2026-06-26T13:22:35.785,timeseries,3,Weather Report Extended v2,mlx-community/Llama-3.2-1B-Instruct-4bit,261.0,12449.0,0.0,0
2026-06-26T13:22:35.848,timeseries,3,Weather Report Extended v2,mlx-community/Llama-3.2-1B-Instruct-4bit,270.0,13790.0,0.0,0
2026-06-26T13:22:35.911,timeseries,3,Weather Report Extended v2,mlx-community/Llama-3.2-1B-Instruct-4bit,366.0,12005.0,0.0,0
2026-06-26T13:22:35.974,timeseries,3,Weather Report Extended v2,mlx-community/Llama-3.2-1B-Instruct-4bit,352.0,13906.0,0.0,0
2026-06-26T13:22:36.036,timeseries,3,Weather Report Extended v2,mlx-community/Llama-3.2-1B-Instruct-4bit,266.0,13634.0,0.0,0
2026-06-26T13:22:36.098,timeseries,3,Weather Report Extended v2,mlx-community/Llama-3.2-1B-Instruct-4bit,397.0,11988.0,0.0,0
2026-06-26T13:22:36.161,timeseries,3,Weather Report Extended v2,mlx-community/Llama-3.2-1B-Instruct-4bit,732.0,13777.0,0.0,0
2026-06-26T13:22:36.224,timeseries,3,Weather Report Extended v2,mlx-community/Llama-3.2-1B-Instruct-4bit,432.0,12156.0,0.0,0
2026-06-26T13:22:36.286,timeseries,3,Weather Report Extended v2,mlx-community/Llama-3.2-1B-Instruct-4bit,254.0,13828.0,0.0,0
2026-06-26T13:22:36.348,timeseries,3,Weather Report Extended v2,mlx-community/Llama-3.2-1B-Instruct-4bit,416.0,12123.0,0.0,0
2026-06-26T13:22:36.413,timeseries,3,Weather Report Extended v2,mlx-community/Llama-3.2-1B-Instruct-4bit,290.0,14094.0,0.0,0
2026-06-26T13:22:36.475,timeseries,3,Weather Report Extended v2,mlx-community/Llama-3.2-1B-Instruct-4bit,255.0,12096.0,0.0,0
2026-06-26T13:22:36.537,timeseries,3,Weather Report Extended v2,mlx-community/Llama-3.2-1B-Instruct-4bit,252.0,13692.0,0.0,0
2026-06-26T13:22:36.599,timeseries,3,Weather Report Extended v2,mlx-community/Llama-3.2-1B-Instruct-4bit,353.0,12126.0,0.0,0
2026-06-26T13:22:36.662,timeseries,3,Weather Report Extended v2,mlx-community/Llama-3.2-1B-Instruct-4bit,382.0,13881.0,0.0,0
2026-06-26T13:22:36.724,timeseries,3,Weather Report Extended v2,mlx-community/Llama-3.2-1B-Instruct-4bit,357.0,12306.0,0.0,0
2026-06-26T13:22:36.787,timeseries,3,Weather Report Extended v2,mlx-community/Llama-3.2-1B-Instruct-4bit,336.0,13879.0,0.0,0
2026-06-26T13:22:36.850,timeseries,3,Weather Report Extended v2,mlx-community/Llama-3.2-1B-Instruct-4bit,242.0,12351.0,0.0,0
2026-06-26T13:22:36.914,timeseries,3,Weather Report Extended v2,mlx-community/Llama-3.2-1B-Instruct-4bit,268.0,13701.0,0.0,0
2026-06-26T13:22:36.977,timeseries,3,Weather Report Extended v2,mlx-community/Llama-3.2-1B-Instruct-4bit,251.0,11995.0,0.0,0
2026-06-26T13:22:37.038,timeseries,3,Weather Report Extended v2,mlx-community/Llama-3.2-1B-Instruct-4bit,283.0,13702.0,0.0,0
2026-06-26T13:22:37.100,timeseries,3,Weather Report Extended v2,mlx-community/Llama-3.2-1B-Instruct-4bit,415.0,12080.0,0.0,0
2026-06-26T13:22:37.163,timeseries,3,Weather Report Extended v2,mlx-community/Llama-3.2-1B-Instruct-4bit,455.0,14061.0,0.0,0
2026-06-26T13:22:37.224,timeseries,3,Weather Report Extended v2,mlx-community/Llama-3.2-1B-Instruct-4bit,875.0,12455.0,0.0,0
2026-06-26T13:22:37.286,timeseries,3,Weather Report Extended v2,mlx-community/Llama-3.2-1B-Instruct-4bit,491.0,13861.0,0.0,0
2026-06-26T13:22:37.349,timeseries,3,Weather Report Extended v2,mlx-community/Llama-3.2-1B-Instruct-4bit,604.0,12327.0,0.0,0
2026-06-26T13:22:37.412,timeseries,3,Weather Report Extended v2,mlx-community/Llama-3.2-1B-Instruct-4bit,372.0,14139.0,0.0,0
2026-06-26T13:22:37.475,timeseries,3,Weather Report Extended v2,mlx-community/Llama-3.2-1B-Instruct-4bit,305.0,12246.0,0.0,0
2026-06-26T13:22:37.536,timeseries,3,Weather Report Extended v2,mlx-community/Llama-3.2-1B-Instruct-4bit,329.0,13680.0,0.0,0
2026-06-26T13:22:37.598,timeseries,3,Weather Report Extended v2,mlx-community/Llama-3.2-1B-Instruct-4bit,368.0,12140.0,0.0,0
2026-06-26T13:22:37.661,timeseries,3,Weather Report Extended v2,mlx-community/Llama-3.2-1B-Instruct-4bit,423.0,14126.0,0.0,0
2026-06-26T13:22:37.723,timeseries,3,Weather Report Extended v2,mlx-community/Llama-3.2-1B-Instruct-4bit,273.0,12339.0,0.0,0
2026-06-26T13:22:37.787,timeseries,3,Weather Report Extended v2,mlx-community/Llama-3.2-1B-Instruct-4bit,365.0,12093.0,0.0,0
2026-06-26T13:22:37.851,timeseries,3,Weather Report Extended v2,mlx-community/Llama-3.2-1B-Instruct-4bit,309.0,14107.0,0.0,0
2026-06-26T13:22:37.914,timeseries,3,Weather Report Extended v2,mlx-community/Llama-3.2-1B-Instruct-4bit,251.0,13735.0,0.0,0
2026-06-26T13:22:37.978,timeseries,3,Weather Report Extended v2,mlx-community/Llama-3.2-1B-Instruct-4bit,280.0,11893.0,0.0,0
2026-06-26T13:22:38.038,timeseries,3,Weather Report Extended v2,mlx-community/Llama-3.2-1B-Instruct-4bit,267.0,13651.0,0.0,0
2026-06-26T13:22:38.100,timeseries,3,Weather Report Extended v2,mlx-community/Llama-3.2-1B-Instruct-4bit,399.0,12094.0,0.0,0
2026-06-26T13:22:38.163,timeseries,3,Weather Report Extended v2,mlx-community/Llama-3.2-1B-Instruct-4bit,412.0,14370.0,0.0,0
2026-06-26T13:22:38.224,timeseries,3,Weather Report Extended v2,mlx-community/Llama-3.2-1B-Instruct-4bit,726.0,12251.0,0.0,0
2026-06-26T13:22:38.287,timeseries,3,Weather Report Extended v2,mlx-community/Llama-3.2-1B-Instruct-4bit,1265.0,13969.0,0.0,0
2026-06-26T13:22:38.349,timeseries,3,Weather Report Extended v2,mlx-community/Llama-3.2-1B-Instruct-4bit,713.0,12353.0,0.0,0
2026-06-26T13:22:38.412,timeseries,3,Weather Report Extended v2,mlx-community/Llama-3.2-1B-Instruct-4bit,492.0,14054.0,0.0,0
2026-06-26T13:22:38.475,timeseries,3,Weather Report Extended v2,mlx-community/Llama-3.2-1B-Instruct-4bit,485.0,12309.0,0.0,0
2026-06-26T13:22:38.536,timeseries,3,Weather Report Extended v2,mlx-community/Llama-3.2-1B-Instruct-4bit,301.0,13688.0,0.0,0
2026-06-26T13:22:38.598,timeseries,3,Weather Report Extended v2,mlx-community/Llama-3.2-1B-Instruct-4bit,555.0,11985.0,0.0,0
2026-06-26T13:22:38.660,timeseries,3,Weather Report Extended v2,mlx-community/Llama-3.2-1B-Instruct-4bit,2717.0,12481.0,0.0,0
2026-06-26T13:22:38.722,timeseries,3,Weather Report Extended v2,mlx-community/Llama-3.2-1B-Instruct-4bit,931.0,14068.0,0.0,0
2026-06-26T13:22:38.786,timeseries,3,Weather Report Extended v2,mlx-community/Llama-3.2-1B-Instruct-4bit,599.0,12404.0,0.0,0
2026-06-26T13:22:38.848,timeseries,3,Weather Report Extended v2,mlx-community/Llama-3.2-1B-Instruct-4bit,721.0,14076.0,0.0,0
2026-06-26T13:22:38.910,timeseries,3,Weather Report Extended v2,mlx-community/Llama-3.2-1B-Instruct-4bit,504.0,12105.0,0.0,0
2026-06-26T13:22:38.972,timeseries,3,Weather Report Extended v2,mlx-community/Llama-3.2-1B-Instruct-4bit,602.0,14312.0,0.0,0
2026-06-26T13:22:39.033,timeseries,3,Weather Report Extended v2,mlx-community/Llama-3.2-1B-Instruct-4bit,741.0,12400.0,0.0,0
2026-06-26T13:22:39.096,timeseries,3,Weather Report Extended v2,mlx-community/Llama-3.2-1B-Instruct-4bit,1200.0,13948.0,0.0,0
2026-06-26T13:22:39.158,timeseries,3,Weather Report Extended v2,mlx-community/Llama-3.2-1B-Instruct-4bit,3413.0,12386.0,0.0,0
2026-06-26T13:22:39.222,timeseries,3,Weather Report Extended v2,mlx-community/Llama-3.2-1B-Instruct-4bit,618.0,13952.0,0.0,0
2026-06-26T13:22:39.283,timeseries,3,Weather Report Extended v2,mlx-community/Llama-3.2-1B-Instruct-4bit,669.0,10495.0,0.0,0
2026-06-26T13:22:39.345,timeseries,3,Weather Report Extended v2,mlx-community/Llama-3.2-1B-Instruct-4bit,688.0,13562.0,0.0,0
2026-06-26T13:22:39.408,timeseries,3,Weather Report Extended v2,mlx-community/Llama-3.2-1B-Instruct-4bit,405.0,12420.0,0.0,0
2026-06-26T13:22:39.472,timeseries,3,Weather Report Extended v2,mlx-community/Llama-3.2-1B-Instruct-4bit,323.0,14171.0,0.0,0
2026-06-26T13:22:39.534,timeseries,3,Weather Report Extended v2,mlx-community/Llama-3.2-1B-Instruct-4bit,254.0,12182.0,0.0,0
2026-06-26T13:22:39.597,timeseries,3,Weather Report Extended v2,mlx-community/Llama-3.2-1B-Instruct-4bit,389.0,13505.0,0.0,0
2026-06-26T13:22:39.661,timeseries,3,Weather Report Extended v2,mlx-community/Llama-3.2-1B-Instruct-4bit,490.0,12458.0,0.0,0
2026-06-26T13:22:39.724,timeseries,3,Weather Report Extended v2,mlx-community/Llama-3.2-1B-Instruct-4bit,285.0,13847.0,0.0,0
2026-06-26T13:22:39.786,timeseries,3,Weather Report Extended v2,mlx-community/Llama-3.2-1B-Instruct-4bit,265.0,13590.0,0.0,0
2026-06-26T13:22:39.848,timeseries,3,Weather Report Extended v2,mlx-community/Llama-3.2-1B-Instruct-4bit,242.0,12258.0,0.0,0
2026-06-26T13:22:39.913,timeseries,3,Weather Report Extended v2,mlx-community/Llama-3.2-1B-Instruct-4bit,381.0,13826.0,0.0,0
2026-06-26T13:22:39.976,timeseries,3,Weather Report Extended v2,mlx-community/Llama-3.2-1B-Instruct-4bit,289.0,12277.0,0.0,0
2026-06-26T13:22:40.037,timeseries,3,Weather Report Extended v2,mlx-community/Llama-3.2-1B-Instruct-4bit,265.0,13573.0,0.0,0
2026-06-26T13:22:40.099,timeseries,3,Weather Report Extended v2,mlx-community/Llama-3.2-1B-Instruct-4bit,396.0,11932.0,0.0,0
2026-06-26T13:22:40.162,timeseries,3,Weather Report Extended v2,mlx-community/Llama-3.2-1B-Instruct-4bit,458.0,14299.0,0.0,0
2026-06-26T13:22:40.224,timeseries,3,Weather Report Extended v2,mlx-community/Llama-3.2-1B-Instruct-4bit,258.0,12328.0,0.0,0
2026-06-26T13:22:40.287,timeseries,3,Weather Report Extended v2,mlx-community/Llama-3.2-1B-Instruct-4bit,270.0,13754.0,0.0,0
2026-06-26T13:22:40.349,timeseries,3,Weather Report Extended v2,mlx-community/Llama-3.2-1B-Instruct-4bit,385.0,12148.0,0.0,0
2026-06-26T13:22:40.412,timeseries,3,Weather Report Extended v2,mlx-community/Llama-3.2-1B-Instruct-4bit,306.0,14141.0,0.0,0
2026-06-26T13:22:40.475,timeseries,3,Weather Report Extended v2,mlx-community/Llama-3.2-1B-Instruct-4bit,256.0,12237.0,0.0,0
2026-06-26T13:22:40.538,timeseries,3,Weather Report Extended v2,mlx-community/Llama-3.2-1B-Instruct-4bit,269.0,13862.0,0.0,0
2026-06-26T13:22:40.600,timeseries,3,Weather Report Extended v2,mlx-community/Llama-3.2-1B-Instruct-4bit,349.0,12099.0,0.0,0
2026-06-26T13:22:40.664,timeseries,3,Weather Report Extended v2,mlx-community/Llama-3.2-1B-Instruct-4bit,401.0,14041.0,0.0,0
2026-06-26T13:22:40.726,timeseries,3,Weather Report Extended v2,mlx-community/Llama-3.2-1B-Instruct-4bit,272.0,12300.0,0.0,0
2026-06-26T13:22:40.789,timeseries,3,Weather Report Extended v2,mlx-community/Llama-3.2-1B-Instruct-4bit,267.0,13717.0,0.0,0
2026-06-26T13:22:40.852,timeseries,3,Weather Report Extended v2,mlx-community/Llama-3.2-1B-Instruct-4bit,260.0,12447.0,0.0,0
2026-06-26T13:22:40.915,timeseries,3,Weather Report Extended v2,mlx-community/Llama-3.2-1B-Instruct-4bit,299.0,13737.0,0.0,0
2026-06-26T13:22:40.979,timeseries,3,Weather Report Extended v2,mlx-community/Llama-3.2-1B-Instruct-4bit,270.0,13880.0,0.0,0
2026-06-26T13:22:41.042,timeseries,3,Weather Report Extended v2,mlx-community/Llama-3.2-1B-Instruct-4bit,266.0,12056.0,0.0,0
2026-06-26T13:22:41.106,timeseries,3,Weather Report Extended v2,mlx-community/Llama-3.2-1B-Instruct-4bit,391.0,13524.0,0.0,0
2026-06-26T13:22:41.169,timeseries,3,Weather Report Extended v2,mlx-community/Llama-3.2-1B-Instruct-4bit,321.0,12282.0,0.0,0
2026-06-26T13:22:41.231,timeseries,3,Weather Report Extended v2,mlx-community/Llama-3.2-1B-Instruct-4bit,265.0,13623.0,0.0,0
2026-06-26T13:22:41.295,timeseries,3,Weather Report Extended v2,mlx-community/Llama-3.2-1B-Instruct-4bit,255.0,12224.0,0.0,0
2026-06-26T13:22:41.359,timeseries,3,Weather Report Extended v2,mlx-community/Llama-3.2-1B-Instruct-4bit,397.0,13715.0,0.0,0
2026-06-26T13:22:41.422,timeseries,3,Weather Report Extended v2,mlx-community/Llama-3.2-1B-Instruct-4bit,284.0,13756.0,0.0,0
2026-06-26T13:22:41.485,timeseries,3,Weather Report Extended v2,mlx-community/Llama-3.2-1B-Instruct-4bit,279.0,11875.0,0.0,0
2026-06-26T13:22:41.547,timeseries,3,Weather Report Extended v2,mlx-community/Llama-3.2-1B-Instruct-4bit,270.0,13890.0,0.0,0
2026-06-26T13:22:41.610,timeseries,3,Weather Report Extended v2,mlx-community/Llama-3.2-1B-Instruct-4bit,397.0,12044.0,0.0,0
2026-06-26T13:22:41.673,timeseries,3,Weather Report Extended v2,mlx-community/Llama-3.2-1B-Instruct-4bit,341.0,14242.0,0.0,0
2026-06-26T13:22:41.736,timeseries,3,Weather Report Extended v2,mlx-community/Llama-3.2-1B-Instruct-4bit,286.0,12203.0,0.0,0
2026-06-26T13:22:41.800,timeseries,3,Weather Report Extended v2,mlx-community/Llama-3.2-1B-Instruct-4bit,238.0,13834.0,0.0,0
2026-06-26T13:22:41.863,timeseries,3,Weather Report Extended v2,mlx-community/Llama-3.2-1B-Instruct-4bit,284.0,13752.0,0.0,0
2026-06-26T13:22:41.925,timeseries,3,Weather Report Extended v2,mlx-community/Llama-3.2-1B-Instruct-4bit,251.0,12028.0,0.0,0
2026-06-26T13:22:41.989,timeseries,3,Weather Report Extended v2,mlx-community/Llama-3.2-1B-Instruct-4bit,364.0,13809.0,0.0,0
2026-06-26T13:22:42.050,timeseries,3,Weather Report Extended v2,mlx-community/Llama-3.2-1B-Instruct-4bit,242.0,12340.0,0.0,0
2026-06-26T13:22:42.113,timeseries,3,Weather Report Extended v2,mlx-community/Llama-3.2-1B-Instruct-4bit,407.0,13595.0,0.0,0
2026-06-26T13:22:42.177,timeseries,3,Weather Report Extended v2,mlx-community/Llama-3.2-1B-Instruct-4bit,328.0,12683.0,0.0,0
2026-06-26T13:22:42.241,timeseries,3,Weather Report Extended v2,mlx-community/Llama-3.2-1B-Instruct-4bit,378.0,13433.0,0.0,0
2026-06-26T13:22:42.304,timeseries,3,Weather Report Extended v2,mlx-community/Llama-3.2-1B-Instruct-4bit,299.0,13716.0,0.0,0
2026-06-26T13:22:42.368,timeseries,3,Weather Report Extended v2,mlx-community/Llama-3.2-1B-Instruct-4bit,408.0,11891.0,0.0,0
2026-06-26T13:22:42.431,timeseries,3,Weather Report Extended v2,mlx-community/Llama-3.2-1B-Instruct-4bit,267.0,13831.0,0.0,0
2026-06-26T13:22:42.495,timeseries,3,Weather Report Extended v2,mlx-community/Llama-3.2-1B-Instruct-4bit,267.0,12014.0,0.0,0
2026-06-26T13:22:42.558,timeseries,3,Weather Report Extended v2,mlx-community/Llama-3.2-1B-Instruct-4bit,253.0,13846.0,0.0,0
2026-06-26T13:22:42.621,timeseries,3,Weather Report Extended v2,mlx-community/Llama-3.2-1B-Instruct-4bit,484.0,13580.0,0.0,0
2026-06-26T13:22:42.683,timeseries,3,Weather Report Extended v2,mlx-community/Llama-3.2-1B-Instruct-4bit,305.0,12370.0,0.0,0
2026-06-26T13:22:42.745,timeseries,3,Weather Report Extended v2,mlx-community/Llama-3.2-1B-Instruct-4bit,272.0,14002.0,0.0,0
2026-06-26T13:22:42.807,timeseries,3,Weather Report Extended v2,mlx-community/Llama-3.2-1B-Instruct-4bit,292.0,12394.0,0.0,0
2026-06-26T13:22:42.869,timeseries,3,Weather Report Extended v2,mlx-community/Llama-3.2-1B-Instruct-4bit,257.0,13997.0,0.0,0
2026-06-26T13:22:42.935,timeseries,3,Weather Report Extended v2,mlx-community/Llama-3.2-1B-Instruct-4bit,254.0,12156.0,0.0,0
2026-06-26T13:22:42.998,timeseries,3,Weather Report Extended v2,mlx-community/Llama-3.2-1B-Instruct-4bit,240.0,14034.0,0.0,0
2026-06-26T13:22:43.061,timeseries,3,Weather Report Extended v2,mlx-community/Llama-3.2-1B-Instruct-4bit,322.0,11673.0,0.0,0
2026-06-26T13:22:43.124,timeseries,3,Weather Report Extended v2,mlx-community/Llama-3.2-1B-Instruct-4bit,455.0,13721.0,0.0,0
2026-06-26T13:22:43.186,timeseries,3,Weather Report Extended v2,mlx-community/Llama-3.2-1B-Instruct-4bit,333.0,13056.0,0.0,0
2026-06-26T13:22:43.250,timeseries,3,Weather Report Extended v2,mlx-community/Llama-3.2-1B-Instruct-4bit,557.0,11018.0,0.0,0
2026-06-26T13:22:43.313,timeseries,3,Weather Report Extended v2,mlx-community/Llama-3.2-1B-Instruct-4bit,468.0,14098.0,0.0,0
2026-06-26T13:22:43.377,timeseries,3,Weather Report Extended v2,mlx-community/Llama-3.2-1B-Instruct-4bit,501.0,11922.0,0.0,0
2026-06-26T13:22:43.440,timeseries,3,Weather Report Extended v2,mlx-community/Llama-3.2-1B-Instruct-4bit,268.0,13787.0,0.0,0
2026-06-26T13:22:43.502,timeseries,3,Weather Report Extended v2,mlx-community/Llama-3.2-1B-Instruct-4bit,269.0,12114.0,0.0,0
2026-06-26T13:22:43.565,timeseries,3,Weather Report Extended v2,mlx-community/Llama-3.2-1B-Instruct-4bit,270.0,13873.0,0.0,0
2026-06-26T13:22:43.628,timeseries,3,Weather Report Extended v2,mlx-community/Llama-3.2-1B-Instruct-4bit,418.0,12213.0,0.0,0
2026-06-26T13:22:43.690,timeseries,3,Weather Report Extended v2,mlx-community/Llama-3.2-1B-Instruct-4bit,287.0,13979.0,0.0,0
2026-06-26T13:22:43.753,timeseries,3,Weather Report Extended v2,mlx-community/Llama-3.2-1B-Instruct-4bit,270.0,13910.0,0.0,0
2026-06-26T13:22:43.816,timeseries,3,Weather Report Extended v2,mlx-community/Llama-3.2-1B-Instruct-4bit,255.0,12158.0,0.0,0
2026-06-26T13:22:43.881,timeseries,3,Weather Report Extended v2,mlx-community/Llama-3.2-1B-Instruct-4bit,254.0,13979.0,0.0,0
2026-06-26T13:22:43.945,timeseries,3,Weather Report Extended v2,mlx-community/Llama-3.2-1B-Instruct-4bit,240.0,12317.0,0.0,0
2026-06-26T13:22:44.008,timeseries,3,Weather Report Extended v2,mlx-community/Llama-3.2-1B-Instruct-4bit,247.0,13484.0,0.0,0
2026-06-26T13:22:44.070,timeseries,3,Weather Report Extended v2,mlx-community/Llama-3.2-1B-Instruct-4bit,313.0,13615.0,0.0,0
2026-06-26T13:22:44.134,timeseries,3,Weather Report Extended v2,mlx-community/Llama-3.2-1B-Instruct-4bit,570.0,12136.0,0.0,0
2026-06-26T13:22:44.196,timeseries,3,Weather Report Extended v2,mlx-community/Llama-3.2-1B-Instruct-4bit,356.0,14125.0,0.0,0
2026-06-26T13:22:44.259,timeseries,3,Weather Report Extended v2,mlx-community/Llama-3.2-1B-Instruct-4bit,2090.0,11861.0,0.0,0
2026-06-26T13:22:44.320,timeseries,3,Weather Report Extended v2,mlx-community/Llama-3.2-1B-Instruct-4bit,1276.0,14113.0,0.0,0
2026-06-26T13:22:44.382,timeseries,3,Weather Report Extended v2,mlx-community/Llama-3.2-1B-Instruct-4bit,601.0,12472.0,0.0,0
2026-06-26T13:22:44.444,timeseries,3,Weather Report Extended v2,mlx-community/Llama-3.2-1B-Instruct-4bit,484.0,14298.0,0.0,0
2026-06-26T13:22:44.506,timeseries,3,Weather Report Extended v2,mlx-community/Llama-3.2-1B-Instruct-4bit,500.0,12435.0,0.0,0
2026-06-26T13:22:44.568,timeseries,3,Weather Report Extended v2,mlx-community/Llama-3.2-1B-Instruct-4bit,735.0,12372.0,0.0,0
2026-06-26T13:22:44.630,timeseries,3,Weather Report Extended v2,mlx-community/Llama-3.2-1B-Instruct-4bit,1210.0,14264.0,0.0,0
2026-06-26T13:22:44.691,timeseries,3,Weather Report Extended v2,mlx-community/Llama-3.2-1B-Instruct-4bit,763.0,12545.0,0.0,0
2026-06-26T13:22:44.753,timeseries,3,Weather Report Extended v2,mlx-community/Llama-3.2-1B-Instruct-4bit,713.0,14294.0,0.0,0
2026-06-26T13:22:44.815,timeseries,3,Weather Report Extended v2,mlx-community/Llama-3.2-1B-Instruct-4bit,732.0,12609.0,0.0,0
2026-06-26T13:22:44.877,timeseries,3,Weather Report Extended v2,mlx-community/Llama-3.2-1B-Instruct-4bit,889.0,14271.0,0.0,0
2026-06-26T13:22:44.941,timeseries,3,Weather Report Extended v2,mlx-community/Llama-3.2-1B-Instruct-4bit,724.0,12417.0,0.0,0
2026-06-26T13:22:45.004,timeseries,3,Weather Report Extended v2,mlx-community/Llama-3.2-1B-Instruct-4bit,955.0,14271.0,0.0,0
2026-06-26T13:22:45.066,timeseries,3,Weather Report Extended v2,mlx-community/Llama-3.2-1B-Instruct-4bit,812.0,12122.0,0.0,0
2026-06-26T13:22:45.128,timeseries,3,Weather Report Extended v2,mlx-community/Llama-3.2-1B-Instruct-4bit,1418.0,14096.0,0.0,0
2026-06-26T13:22:45.191,timeseries,3,Weather Report Extended v2,mlx-community/Llama-3.2-1B-Instruct-4bit,1211.0,12447.0,0.0,0
2026-06-26T13:22:45.255,timeseries,3,Weather Report Extended v2,mlx-community/Llama-3.2-1B-Instruct-4bit,737.0,14144.0,0.0,0
2026-06-26T13:22:45.317,timeseries,3,Weather Report Extended v2,mlx-community/Llama-3.2-1B-Instruct-4bit,973.0,12278.0,0.0,0
2026-06-26T13:22:45.379,timeseries,3,Weather Report Extended v2,mlx-community/Llama-3.2-1B-Instruct-4bit,857.0,13705.0,0.0,0
2026-06-26T13:22:45.441,timeseries,3,Weather Report Extended v2,mlx-community/Llama-3.2-1B-Instruct-4bit,713.0,12456.0,0.0,0
2026-06-26T13:22:45.504,timeseries,3,Weather Report Extended v2,mlx-community/Llama-3.2-1B-Instruct-4bit,736.0,14191.0,0.0,0
2026-06-26T13:22:45.565,timeseries,3,Weather Report Extended v2,mlx-community/Llama-3.2-1B-Instruct-4bit,808.0,12481.0,0.0,0
2026-06-26T13:22:45.628,timeseries,3,Weather Report Extended v2,mlx-community/Llama-3.2-1B-Instruct-4bit,1264.0,14079.0,0.0,0
2026-06-26T13:22:45.690,timeseries,3,Weather Report Extended v2,mlx-community/Llama-3.2-1B-Instruct-4bit,748.0,12581.0,0.0,0
2026-06-26T13:22:45.752,timeseries,3,Weather Report Extended v2,mlx-community/Llama-3.2-1B-Instruct-4bit,718.0,12309.0,0.0,0
2026-06-26T13:22:45.814,timeseries,3,Weather Report Extended v2,mlx-community/Llama-3.2-1B-Instruct-4bit,759.0,14286.0,0.0,0
2026-06-26T13:22:45.877,timeseries,3,Weather Report Extended v2,mlx-community/Llama-3.2-1B-Instruct-4bit,774.0,12512.0,0.0,0
2026-06-26T13:22:45.939,timeseries,3,Weather Report Extended v2,mlx-community/Llama-3.2-1B-Instruct-4bit,1135.0,14063.0,0.0,0
2026-06-26T13:22:46.001,timeseries,3,Weather Report Extended v2,mlx-community/Llama-3.2-1B-Instruct-4bit,722.0,12338.0,0.0,0
2026-06-26T13:22:46.064,timeseries,3,Weather Report Extended v2,mlx-community/Llama-3.2-1B-Instruct-4bit,753.0,14238.0,0.0,0
2026-06-26T13:22:46.128,timeseries,3,Weather Report Extended v2,mlx-community/Llama-3.2-1B-Instruct-4bit,1319.0,12384.0,0.0,0
2026-06-26T13:22:46.190,timeseries,3,Weather Report Extended v2,mlx-community/Llama-3.2-1B-Instruct-4bit,871.0,14002.0,0.0,0
2026-06-26T13:22:46.252,timeseries,3,Weather Report Extended v2,mlx-community/Llama-3.2-1B-Instruct-4bit,771.0,13877.0,0.0,0
2026-06-26T13:22:46.315,timeseries,3,Weather Report Extended v2,mlx-community/Llama-3.2-1B-Instruct-4bit,2076.0,12358.0,0.0,0
2026-06-26T13:22:46.376,timeseries,3,Weather Report Extended v2,mlx-community/Llama-3.2-1B-Instruct-4bit,2508.0,12524.0,0.0,0
2026-06-26T13:22:46.438,timeseries,3,Weather Report Extended v2,mlx-community/Llama-3.2-1B-Instruct-4bit,910.0,13953.0,0.0,0
2026-06-26T13:22:46.500,timeseries,3,Weather Report Extended v2,mlx-community/Llama-3.2-1B-Instruct-4bit,468.0,12418.0,0.0,0
2026-06-26T13:22:46.564,timeseries,3,Weather Report Extended v2,mlx-community/Llama-3.2-1B-Instruct-4bit,344.0,14367.0,0.0,0
2026-06-26T13:22:46.627,timeseries,3,Weather Report Extended v2,mlx-community/Llama-3.2-1B-Instruct-4bit,448.0,12201.0,0.0,0
2026-06-26T13:22:46.690,timeseries,3,Weather Report Extended v2,mlx-community/Llama-3.2-1B-Instruct-4bit,346.0,13919.0,0.0,0
2026-06-26T13:22:46.755,timeseries,3,Weather Report Extended v2,mlx-community/Llama-3.2-1B-Instruct-4bit,302.0,13966.0,0.0,0
2026-06-26T13:22:46.818,timeseries,3,Weather Report Extended v2,mlx-community/Llama-3.2-1B-Instruct-4bit,285.0,12029.0,0.0,0
2026-06-26T13:22:46.881,timeseries,3,Weather Report Extended v2,mlx-community/Llama-3.2-1B-Instruct-4bit,373.0,13349.0,0.0,0
2026-06-26T13:22:46.945,timeseries,3,Weather Report Extended v2,mlx-community/Llama-3.2-1B-Instruct-4bit,313.0,11988.0,0.0,0
2026-06-26T13:22:47.008,timeseries,3,Weather Report Extended v2,mlx-community/Llama-3.2-1B-Instruct-4bit,254.0,13953.0,0.0,0
2026-06-26T13:22:47.072,timeseries,3,Weather Report Extended v2,mlx-community/Llama-3.2-1B-Instruct-4bit,251.0,13732.0,0.0,0
2026-06-26T13:22:47.137,timeseries,3,Weather Report Extended v2,mlx-community/Llama-3.2-1B-Instruct-4bit,685.0,10246.0,0.0,0
2026-06-26T13:22:47.199,timeseries,3,Weather Report Extended v2,mlx-community/Llama-3.2-1B-Instruct-4bit,716.0,13440.0,0.0,0
2026-06-26T13:22:47.263,timeseries,3,Weather Report Extended v2,mlx-community/Llama-3.2-1B-Instruct-4bit,1253.0,13461.0,0.0,0
2026-06-26T13:22:47.324,timeseries,3,Weather Report Extended v2,mlx-community/Llama-3.2-1B-Instruct-4bit,872.0,12275.0,0.0,0
2026-06-26T13:22:47.387,timeseries,3,Weather Report Extended v2,mlx-community/Llama-3.2-1B-Instruct-4bit,468.0,13718.0,0.0,0
2026-06-26T13:22:47.450,timeseries,3,Weather Report Extended v2,mlx-community/Llama-3.2-1B-Instruct-4bit,325.0,12477.0,0.0,0
2026-06-26T13:22:47.514,timeseries,3,Weather Report Extended v2,mlx-community/Llama-3.2-1B-Instruct-4bit,271.0,14031.0,0.0,0
2026-06-26T13:22:47.577,timeseries,3,Weather Report Extended v2,mlx-community/Llama-3.2-1B-Instruct-4bit,268.0,12166.0,0.0,0
2026-06-26T13:22:47.641,timeseries,3,Weather Report Extended v2,mlx-community/Llama-3.2-1B-Instruct-4bit,427.0,13877.0,0.0,0
2026-06-26T13:22:47.704,timeseries,3,Weather Report Extended v2,mlx-community/Llama-3.2-1B-Instruct-4bit,284.0,13930.0,0.0,0
2026-06-26T13:22:47.767,timeseries,3,Weather Report Extended v2,mlx-community/Llama-3.2-1B-Instruct-4bit,283.0,12038.0,0.0,0
2026-06-26T13:22:47.830,timeseries,3,Weather Report Extended v2,mlx-community/Llama-3.2-1B-Instruct-4bit,251.0,13748.0,0.0,0
2026-06-26T13:22:47.893,timeseries,3,Weather Report Extended v2,mlx-community/Llama-3.2-1B-Instruct-4bit,271.0,12264.0,0.0,0
2026-06-26T13:22:47.957,timeseries,3,Weather Report Extended v2,mlx-community/Llama-3.2-1B-Instruct-4bit,284.0,13845.0,0.0,0
2026-06-26T13:22:48.023,timeseries,3,Weather Report Extended v2,mlx-community/Llama-3.2-1B-Instruct-4bit,288.0,14016.0,0.0,0
2026-06-26T13:22:48.086,timeseries,3,Weather Report Extended v2,mlx-community/Llama-3.2-1B-Instruct-4bit,281.0,11971.0,0.0,0
2026-06-26T13:22:48.148,timeseries,3,Weather Report Extended v2,mlx-community/Llama-3.2-1B-Instruct-4bit,378.0,13288.0,0.0,0
2026-06-26T13:22:48.208,timeseries,3,Weather Report Extended v2,mlx-community/Llama-3.2-1B-Instruct-4bit,270.0,12258.0,0.0,0
2026-06-26T13:22:48.271,timeseries,3,Weather Report Extended v2,mlx-community/Llama-3.2-1B-Instruct-4bit,718.0,14328.0,0.0,0
2026-06-26T13:22:48.333,timeseries,3,Weather Report Extended v2,mlx-community/Llama-3.2-1B-Instruct-4bit,1732.0,12567.0,0.0,0
2026-06-26T13:22:48.395,timeseries,3,Weather Report Extended v2,mlx-community/Llama-3.2-1B-Instruct-4bit,568.0,13904.0,0.0,0
2026-06-26T13:22:48.456,timeseries,3,Weather Report Extended v2,mlx-community/Llama-3.2-1B-Instruct-4bit,477.0,12752.0,0.0,0
2026-06-26T13:22:48.517,timeseries,3,Weather Report Extended v2,mlx-community/Llama-3.2-1B-Instruct-4bit,432.0,12365.0,0.0,0
2026-06-26T13:22:48.580,timeseries,3,Weather Report Extended v2,mlx-community/Llama-3.2-1B-Instruct-4bit,342.0,14348.0,0.0,0
2026-06-26T13:22:48.643,timeseries,3,Weather Report Extended v2,mlx-community/Llama-3.2-1B-Instruct-4bit,569.0,12558.0,0.0,0
2026-06-26T13:22:48.705,timeseries,3,Weather Report Extended v2,mlx-community/Llama-3.2-1B-Instruct-4bit,318.0,13978.0,0.0,0
2026-06-26T13:22:48.768,timeseries,3,Weather Report Extended v2,mlx-community/Llama-3.2-1B-Instruct-4bit,256.0,12343.0,0.0,0
2026-06-26T13:22:48.831,timeseries,3,Weather Report Extended v2,mlx-community/Llama-3.2-1B-Instruct-4bit,275.0,14167.0,0.0,0
2026-06-26T13:22:48.895,timeseries,3,Weather Report Extended v2,mlx-community/Llama-3.2-1B-Instruct-4bit,238.0,12168.0,0.0,0
2026-06-26T13:22:48.958,timeseries,3,Weather Report Extended v2,mlx-community/Llama-3.2-1B-Instruct-4bit,238.0,13957.0,0.0,0
2026-06-26T13:22:49.023,timeseries,3,Weather Report Extended v2,mlx-community/Llama-3.2-1B-Instruct-4bit,265.0,13690.0,0.0,0
2026-06-26T13:22:49.085,timeseries,3,Weather Report Extended v2,mlx-community/Llama-3.2-1B-Instruct-4bit,270.0,12215.0,0.0,0
2026-06-26T13:22:49.148,timeseries,3,Weather Report Extended v2,mlx-community/Llama-3.2-1B-Instruct-4bit,433.0,13597.0,0.0,0
2026-06-26T13:22:49.214,timeseries,3,Weather Report Extended v2,mlx-community/Llama-3.2-1B-Instruct-4bit,271.0,12228.0,0.0,0
2026-06-26T13:22:49.276,timeseries,3,Weather Report Extended v2,mlx-community/Llama-3.2-1B-Instruct-4bit,271.0,13923.0,0.0,0
2026-06-26T13:22:49.339,timeseries,3,Weather Report Extended v2,mlx-community/Llama-3.2-1B-Instruct-4bit,1643.0,13147.0,0.0,0
2026-06-26T13:22:49.401,timeseries,3,Weather Report Extended v2,mlx-community/Llama-3.2-1B-Instruct-4bit,1841.0,12470.0,0.0,0
2026-06-26T13:22:49.464,timeseries,3,Weather Report Extended v2,mlx-community/Llama-3.2-1B-Instruct-4bit,619.0,14070.0,0.0,0
2026-06-26T13:22:49.526,timeseries,3,Weather Report Extended v2,mlx-community/Llama-3.2-1B-Instruct-4bit,485.0,12506.0,0.0,0
2026-06-26T13:22:49.589,timeseries,3,Weather Report Extended v2,mlx-community/Llama-3.2-1B-Instruct-4bit,965.0,14054.0,0.0,0
2026-06-26T13:22:49.650,timeseries,3,Weather Report Extended v2,mlx-community/Llama-3.2-1B-Instruct-4bit,642.0,12510.0,0.0,0
2026-06-26T13:22:49.713,timeseries,3,Weather Report Extended v2,mlx-community/Llama-3.2-1B-Instruct-4bit,765.0,14167.0,0.0,0
2026-06-26T13:22:49.775,timeseries,3,Weather Report Extended v2,mlx-community/Llama-3.2-1B-Instruct-4bit,713.0,12522.0,0.0,0
2026-06-26T13:22:49.837,timeseries,3,Weather Report Extended v2,mlx-community/Llama-3.2-1B-Instruct-4bit,798.0,14210.0,0.0,0
2026-06-26T13:22:49.899,timeseries,3,Weather Report Extended v2,mlx-community/Llama-3.2-1B-Instruct-4bit,734.0,12692.0,0.0,0
2026-06-26T13:22:49.961,timeseries,3,Weather Report Extended v2,mlx-community/Llama-3.2-1B-Instruct-4bit,731.0,14041.0,0.0,0
2026-06-26T13:22:50.024,timeseries,3,Weather Report Extended v2,mlx-community/Llama-3.2-1B-Instruct-4bit,711.0,12519.0,0.0,0
2026-06-26T13:22:50.086,timeseries,3,Weather Report Extended v2,mlx-community/Llama-3.2-1B-Instruct-4bit,1162.0,14245.0,0.0,0
2026-06-26T13:22:50.148,timeseries,3,Weather Report Extended v2,mlx-community/Llama-3.2-1B-Instruct-4bit,784.0,12449.0,0.0,0
2026-06-26T13:22:50.211,timeseries,3,Weather Report Extended v2,mlx-community/Llama-3.2-1B-Instruct-4bit,727.0,12552.0,0.0,0
2026-06-26T13:22:50.273,timeseries,3,Weather Report Extended v2,mlx-community/Llama-3.2-1B-Instruct-4bit,705.0,14173.0,0.0,0
2026-06-26T13:22:50.334,timeseries,3,Weather Report Extended v2,mlx-community/Llama-3.2-1B-Instruct-4bit,4420.0,12246.0,0.0,0
2026-06-26T13:22:50.396,timeseries,3,Weather Report Extended v2,mlx-community/Llama-3.2-1B-Instruct-4bit,5433.0,14542.0,0.0,0
2026-06-26T13:22:50.458,timeseries,3,Weather Report Extended v2,mlx-community/Llama-3.2-1B-Instruct-4bit,6062.0,12844.0,0.0,0
2026-06-26T13:22:50.519,timeseries,3,Weather Report Extended v2,mlx-community/Llama-3.2-1B-Instruct-4bit,5997.0,14278.0,0.0,0
2026-06-26T13:22:50.581,timeseries,3,Weather Report Extended v2,mlx-community/Llama-3.2-1B-Instruct-4bit,3889.0,12248.0,0.0,0
2026-06-26T13:22:50.644,timeseries,3,Weather Report Extended v2,mlx-community/Llama-3.2-1B-Instruct-4bit,6379.0,12889.0,0.0,0
2026-06-26T13:22:50.706,timeseries,3,Weather Report Extended v2,mlx-community/Llama-3.2-1B-Instruct-4bit,3027.0,14317.0,0.0,0
2026-06-26T13:22:50.767,timeseries,3,Weather Report Extended v2,mlx-community/Llama-3.2-1B-Instruct-4bit,755.0,12454.0,0.0,0
2026-06-26T13:22:50.830,timeseries,3,Weather Report Extended v2,mlx-community/Llama-3.2-1B-Instruct-4bit,597.0,14259.0,0.0,0
2026-06-26T13:22:50.892,timeseries,3,Weather Report Extended v2,mlx-community/Llama-3.2-1B-Instruct-4bit,506.0,12738.0,0.0,0
2026-06-26T13:22:50.953,timeseries,3,Weather Report Extended v2,mlx-community/Llama-3.2-1B-Instruct-4bit,697.0,14029.0,0.0,0
2026-06-26T13:22:51.017,timeseries,3,Weather Report Extended v2,mlx-community/Llama-3.2-1B-Instruct-4bit,735.0,12662.0,0.0,0
2026-06-26T13:22:51.080,timeseries,3,Weather Report Extended v2,mlx-community/Llama-3.2-1B-Instruct-4bit,1402.0,12070.0,0.0,0
2026-06-26T13:22:51.141,timeseries,3,Weather Report Extended v2,mlx-community/Llama-3.2-1B-Instruct-4bit,866.0,12276.0,0.0,0
2026-06-26T13:22:51.203,timeseries,3,Weather Report Extended v2,mlx-community/Llama-3.2-1B-Instruct-4bit,529.0,14294.0,0.0,0
2026-06-26T13:22:51.266,timeseries,3,Weather Report Extended v2,mlx-community/Llama-3.2-1B-Instruct-4bit,712.0,12573.0,0.0,0
2026-06-26T13:22:51.329,timeseries,3,Weather Report Extended v2,mlx-community/Llama-3.2-1B-Instruct-4bit,966.0,14259.0,0.0,0
2026-06-26T13:22:51.391,timeseries,3,Weather Report Extended v2,mlx-community/Llama-3.2-1B-Instruct-4bit,998.0,12303.0,0.0,0
2026-06-26T13:22:51.454,timeseries,3,Weather Report Extended v2,mlx-community/Llama-3.2-1B-Instruct-4bit,769.0,14176.0,0.0,0
2026-06-26T13:22:51.516,timeseries,3,Weather Report Extended v2,mlx-community/Llama-3.2-1B-Instruct-4bit,706.0,12490.0,0.0,0
2026-06-26T13:22:51.578,timeseries,3,Weather Report Extended v2,mlx-community/Llama-3.2-1B-Instruct-4bit,1031.0,13990.0,0.0,0
2026-06-26T13:22:51.639,timeseries,3,Weather Report Extended v2,mlx-community/Llama-3.2-1B-Instruct-4bit,907.0,12616.0,0.0,0
2026-06-26T13:22:51.700,timeseries,3,Weather Report Extended v2,mlx-community/Llama-3.2-1B-Instruct-4bit,746.0,12527.0,0.0,0
2026-06-26T13:22:51.763,timeseries,3,Weather Report Extended v2,mlx-community/Llama-3.2-1B-Instruct-4bit,734.0,14496.0,0.0,0
2026-06-26T13:22:51.825,timeseries,3,Weather Report Extended v2,mlx-community/Llama-3.2-1B-Instruct-4bit,748.0,12735.0,0.0,0
2026-06-26T13:22:51.886,timeseries,3,Weather Report Extended v2,mlx-community/Llama-3.2-1B-Instruct-4bit,777.0,14025.0,0.0,0
2026-06-26T13:22:51.948,timeseries,3,Weather Report Extended v2,mlx-community/Llama-3.2-1B-Instruct-4bit,702.0,12650.0,0.0,0
2026-06-26T13:22:52.011,timeseries,3,Weather Report Extended v2,mlx-community/Llama-3.2-1B-Instruct-4bit,711.0,14373.0,0.0,0
2026-06-26T13:22:52.074,timeseries,3,Weather Report Extended v2,mlx-community/Llama-3.2-1B-Instruct-4bit,724.0,12468.0,0.0,0
2026-06-26T13:22:52.135,timeseries,3,Weather Report Extended v2,mlx-community/Llama-3.2-1B-Instruct-4bit,1190.0,14300.0,0.0,0
2026-06-26T13:22:52.197,timeseries,3,Weather Report Extended v2,mlx-community/Llama-3.2-1B-Instruct-4bit,752.0,12374.0,0.0,0
2026-06-26T13:22:52.259,timeseries,3,Weather Report Extended v2,mlx-community/Llama-3.2-1B-Instruct-4bit,810.0,12571.0,0.0,0
2026-06-26T13:22:52.323,timeseries,3,Weather Report Extended v2,mlx-community/Llama-3.2-1B-Instruct-4bit,979.0,14261.0,0.0,0
2026-06-26T13:22:52.386,timeseries,3,Weather Report Extended v2,mlx-community/Llama-3.2-1B-Instruct-4bit,981.0,12489.0,0.0,0
2026-06-26T13:22:52.448,timeseries,3,Weather Report Extended v2,mlx-community/Llama-3.2-1B-Instruct-4bit,760.0,14114.0,0.0,0
2026-06-26T13:22:52.509,timeseries,3,Weather Report Extended v2,mlx-community/Llama-3.2-1B-Instruct-4bit,743.0,12253.0,0.0,0
2026-06-26T13:22:52.572,timeseries,3,Weather Report Extended v2,mlx-community/Llama-3.2-1B-Instruct-4bit,728.0,14409.0,0.0,0
2026-06-26T13:22:52.634,timeseries,3,Weather Report Extended v2,mlx-community/Llama-3.2-1B-Instruct-4bit,1167.0,12645.0,0.0,0
2026-06-26T13:22:52.696,timeseries,3,Weather Report Extended v2,mlx-community/Llama-3.2-1B-Instruct-4bit,795.0,14145.0,0.0,0
2026-06-26T13:22:52.758,timeseries,3,Weather Report Extended v2,mlx-community/Llama-3.2-1B-Instruct-4bit,719.0,12689.0,0.0,0
2026-06-26T13:22:52.821,timeseries,3,Weather Report Extended v2,mlx-community/Llama-3.2-1B-Instruct-4bit,721.0,14223.0,0.0,0
2026-06-26T13:22:52.882,timeseries,3,Weather Report Extended v2,mlx-community/Llama-3.2-1B-Instruct-4bit,695.0,12597.0,0.0,0
2026-06-26T13:22:52.945,timeseries,3,Weather Report Extended v2,mlx-community/Llama-3.2-1B-Instruct-4bit,845.0,14151.0,0.0,0
2026-06-26T13:22:53.007,timeseries,3,Weather Report Extended v2,mlx-community/Llama-3.2-1B-Instruct-4bit,701.0,12598.0,0.0,0
2026-06-26T13:22:53.069,timeseries,3,Weather Report Extended v2,mlx-community/Llama-3.2-1B-Instruct-4bit,763.0,14101.0,0.0,0
2026-06-26T13:22:53.131,timeseries,3,Weather Report Extended v2,mlx-community/Llama-3.2-1B-Instruct-4bit,1119.0,12407.0,0.0,0
2026-06-26T13:22:53.193,timeseries,3,Weather Report Extended v2,mlx-community/Llama-3.2-1B-Instruct-4bit,839.0,12501.0,0.0,0
2026-06-26T13:22:53.255,timeseries,3,Weather Report Extended v2,mlx-community/Llama-3.2-1B-Instruct-4bit,728.0,14347.0,0.0,0
2026-06-26T13:22:53.317,timeseries,3,Weather Report Extended v2,mlx-community/Llama-3.2-1B-Instruct-4bit,957.0,12565.0,0.0,0
2026-06-26T13:22:53.380,timeseries,3,Weather Report Extended v2,mlx-community/Llama-3.2-1B-Instruct-4bit,769.0,14249.0,0.0,0
2026-06-26T13:22:53.442,timeseries,3,Weather Report Extended v2,mlx-community/Llama-3.2-1B-Instruct-4bit,939.0,12596.0,0.0,0
2026-06-26T13:22:53.504,timeseries,3,Weather Report Extended v2,mlx-community/Llama-3.2-1B-Instruct-4bit,729.0,14056.0,0.0,0
2026-06-26T13:22:53.566,timeseries,3,Weather Report Extended v2,mlx-community/Llama-3.2-1B-Instruct-4bit,697.0,12656.0,0.0,0
2026-06-26T13:22:53.628,timeseries,3,Weather Report Extended v2,mlx-community/Llama-3.2-1B-Instruct-4bit,1150.0,14130.0,0.0,0
2026-06-26T13:22:53.690,timeseries,3,Weather Report Extended v2,mlx-community/Llama-3.2-1B-Instruct-4bit,813.0,12715.0,0.0,0
2026-06-26T13:22:53.752,timeseries,3,Weather Report Extended v2,mlx-community/Llama-3.2-1B-Instruct-4bit,756.0,14262.0,0.0,0
2026-06-26T13:22:53.815,timeseries,3,Weather Report Extended v2,mlx-community/Llama-3.2-1B-Instruct-4bit,772.0,12547.0,0.0,0
2026-06-26T13:22:53.878,timeseries,3,Weather Report Extended v2,mlx-community/Llama-3.2-1B-Instruct-4bit,692.0,12486.0,0.0,0
2026-06-26T13:22:53.940,timeseries,3,Weather Report Extended v2,mlx-community/Llama-3.2-1B-Instruct-4bit,802.0,14299.0,0.0,0
2026-06-26T13:22:54.001,timeseries,3,Weather Report Extended v2,mlx-community/Llama-3.2-1B-Instruct-4bit,740.0,12494.0,0.0,0
2026-06-26T13:22:54.064,timeseries,3,Weather Report Extended v2,mlx-community/Llama-3.2-1B-Instruct-4bit,768.0,14306.0,0.0,0
2026-06-26T13:22:54.126,timeseries,3,Weather Report Extended v2,mlx-community/Llama-3.2-1B-Instruct-4bit,1184.0,12630.0,0.0,0
2026-06-26T13:22:54.188,timeseries,3,Weather Report Extended v2,mlx-community/Llama-3.2-1B-Instruct-4bit,737.0,14271.0,0.0,0
2026-06-26T13:22:54.252,timeseries,3,Weather Report Extended v2,mlx-community/Llama-3.2-1B-Instruct-4bit,775.0,12524.0,0.0,0
2026-06-26T13:22:54.314,timeseries,3,Weather Report Extended v2,mlx-community/Llama-3.2-1B-Instruct-4bit,973.0,14361.0,0.0,0
2026-06-26T13:22:54.377,timeseries,3,Weather Report Extended v2,mlx-community/Llama-3.2-1B-Instruct-4bit,1125.0,11954.0,0.0,0
2026-06-26T13:22:54.439,timeseries,3,Weather Report Extended v2,mlx-community/Llama-3.2-1B-Instruct-4bit,3460.0,14032.0,0.0,0
2026-06-26T13:22:54.499,timeseries,3,Weather Report Extended v2,mlx-community/Llama-3.2-1B-Instruct-4bit,689.0,12530.0,0.0,0
2026-06-26T13:22:54.561,timeseries,3,Weather Report Extended v2,mlx-community/Llama-3.2-1B-Instruct-4bit,552.0,14427.0,0.0,0
2026-06-26T13:22:54.624,timeseries,3,Weather Report Extended v2,mlx-community/Llama-3.2-1B-Instruct-4bit,731.0,12899.0,0.0,0
2026-06-26T13:22:54.685,timeseries,3,Weather Report Extended v2,mlx-community/Llama-3.2-1B-Instruct-4bit,432.0,14101.0,0.0,0
2026-06-26T13:22:54.748,timeseries,3,Weather Report Extended v2,mlx-community/Llama-3.2-1B-Instruct-4bit,272.0,12424.0,0.0,0
2026-06-26T13:22:54.812,timeseries,3,Weather Report Extended v2,mlx-community/Llama-3.2-1B-Instruct-4bit,274.0,14290.0,0.0,0
2026-06-26T13:22:54.874,timeseries,3,Weather Report Extended v2,mlx-community/Llama-3.2-1B-Instruct-4bit,238.0,12256.0,0.0,0
2026-06-26T13:22:54.938,timeseries,3,Weather Report Extended v2,mlx-community/Llama-3.2-1B-Instruct-4bit,239.0,14137.0,0.0,0
2026-06-26T13:22:54.998,timeseries,3,Weather Report Extended v2,mlx-community/Llama-3.2-1B-Instruct-4bit,365.0,11073.0,0.0,0
2026-06-26T13:22:55.061,timeseries,3,Weather Report Extended v2,mlx-community/Llama-3.2-1B-Instruct-4bit,536.0,12853.0,0.0,0
2026-06-26T13:22:55.124,timeseries,3,Weather Report Extended v2,mlx-community/Llama-3.2-1B-Instruct-4bit,625.0,12824.0,0.0,0
2026-06-26T13:22:55.186,timeseries,3,Weather Report Extended v2,mlx-community/Llama-3.2-1B-Instruct-4bit,428.0,14065.0,0.0,0
2026-06-26T13:22:55.249,timeseries,3,Weather Report Extended v2,mlx-community/Llama-3.2-1B-Instruct-4bit,322.0,12389.0,0.0,0
2026-06-26T13:22:55.311,timeseries,3,Weather Report Extended v2,mlx-community/Llama-3.2-1B-Instruct-4bit,302.0,14005.0,0.0,0
2026-06-26T13:22:55.374,timeseries,3,Weather Report Extended v2,mlx-community/Llama-3.2-1B-Instruct-4bit,467.0,12451.0,0.0,0
2026-06-26T13:22:55.438,timeseries,3,Weather Report Extended v2,mlx-community/Llama-3.2-1B-Instruct-4bit,272.0,14118.0,0.0,0
2026-06-26T13:22:55.499,timeseries,3,Weather Report Extended v2,mlx-community/Llama-3.2-1B-Instruct-4bit,254.0,12304.0,0.0,0
2026-06-26T13:22:55.561,timeseries,3,Weather Report Extended v2,mlx-community/Llama-3.2-1B-Instruct-4bit,347.0,13926.0,0.0,0
2026-06-26T13:22:55.624,timeseries,3,Weather Report Extended v2,mlx-community/Llama-3.2-1B-Instruct-4bit,488.0,12508.0,0.0,0
2026-06-26T13:22:55.686,timeseries,3,Weather Report Extended v2,mlx-community/Llama-3.2-1B-Instruct-4bit,307.0,14419.0,0.0,0
2026-06-26T13:22:55.749,timeseries,3,Weather Report Extended v2,mlx-community/Llama-3.2-1B-Instruct-4bit,242.0,12493.0,0.0,0
2026-06-26T13:22:55.812,timeseries,3,Weather Report Extended v2,mlx-community/Llama-3.2-1B-Instruct-4bit,252.0,13892.0,0.0,0
2026-06-26T13:22:55.873,timeseries,3,Weather Report Extended v2,mlx-community/Llama-3.2-1B-Instruct-4bit,239.0,12367.0,0.0,0
2026-06-26T13:22:55.936,timeseries,3,Weather Report Extended v2,mlx-community/Llama-3.2-1B-Instruct-4bit,349.0,13927.0,0.0,0
2026-06-26T13:22:55.998,timeseries,3,Weather Report Extended v2,mlx-community/Llama-3.2-1B-Instruct-4bit,342.0,12564.0,0.0,0
2026-06-26T13:22:56.061,timeseries,3,Weather Report Extended v2,mlx-community/Llama-3.2-1B-Instruct-4bit,240.0,14119.0,0.0,0
2026-06-26T13:22:56.124,timeseries,3,Weather Report Extended v2,mlx-community/Llama-3.2-1B-Instruct-4bit,465.0,12321.0,0.0,0
2026-06-26T13:22:56.185,timeseries,3,Weather Report Extended v2,mlx-community/Llama-3.2-1B-Instruct-4bit,273.0,14213.0,0.0,0
2026-06-26T13:22:56.249,timeseries,3,Weather Report Extended v2,mlx-community/Llama-3.2-1B-Instruct-4bit,273.0,12445.0,0.0,0
2026-06-26T13:22:56.311,timeseries,3,Weather Report Extended v2,mlx-community/Llama-3.2-1B-Instruct-4bit,288.0,14130.0,0.0,0
2026-06-26T13:22:56.373,timeseries,3,Weather Report Extended v2,mlx-community/Llama-3.2-1B-Instruct-4bit,443.0,12203.0,0.0,0
2026-06-26T13:22:56.436,timeseries,3,Weather Report Extended v2,mlx-community/Llama-3.2-1B-Instruct-4bit,240.0,12467.0,0.0,0
2026-06-26T13:22:56.499,timeseries,3,Weather Report Extended v2,mlx-community/Llama-3.2-1B-Instruct-4bit,242.0,14175.0,0.0,0
2026-06-26T13:22:56.561,timeseries,3,Weather Report Extended v2,mlx-community/Llama-3.2-1B-Instruct-4bit,255.0,14068.0,0.0,0
2026-06-26T13:22:56.623,timeseries,3,Weather Report Extended v2,mlx-community/Llama-3.2-1B-Instruct-4bit,620.0,12327.0,0.0,0
2026-06-26T13:22:56.686,timeseries,3,Weather Report Extended v2,mlx-community/Llama-3.2-1B-Instruct-4bit,372.0,12594.0,0.0,0
2026-06-26T13:22:56.750,timeseries,3,Weather Report Extended v2,mlx-community/Llama-3.2-1B-Instruct-4bit,289.0,14265.0,0.0,0
2026-06-26T13:22:56.814,timeseries,3,Weather Report Extended v2,mlx-community/Llama-3.2-1B-Instruct-4bit,268.0,13907.0,0.0,0
2026-06-26T13:22:56.877,timeseries,3,Weather Report Extended v2,mlx-community/Llama-3.2-1B-Instruct-4bit,269.0,12250.0,0.0,0
2026-06-26T13:22:56.940,timeseries,3,Weather Report Extended v2,mlx-community/Llama-3.2-1B-Instruct-4bit,265.0,13751.0,0.0,0
2026-06-26T13:22:57.003,timeseries,3,Weather Report Extended v2,mlx-community/Llama-3.2-1B-Instruct-4bit,269.0,12122.0,0.0,0
2026-06-26T13:22:57.066,timeseries,3,Weather Report Extended v2,mlx-community/Llama-3.2-1B-Instruct-4bit,270.0,14001.0,0.0,0
2026-06-26T13:22:57.130,timeseries,3,Weather Report Extended v2,mlx-community/Llama-3.2-1B-Instruct-4bit,442.0,13940.0,0.0,0
2026-06-26T13:22:57.195,timeseries,3,Weather Report Extended v2,mlx-community/Llama-3.2-1B-Instruct-4bit,301.0,12300.0,0.0,0
2026-06-26T13:22:57.258,timeseries,3,Weather Report Extended v2,mlx-community/Llama-3.2-1B-Instruct-4bit,948.0,13763.0,0.0,0
2026-06-26T13:22:57.319,timeseries,3,Weather Report Extended v2,mlx-community/Llama-3.2-1B-Instruct-4bit,626.0,13457.0,0.0,0
2026-06-26T13:22:57.383,timeseries,3,Weather Report Extended v2,mlx-community/Llama-3.2-1B-Instruct-4bit,526.0,12425.0,0.0,0
2026-06-26T13:22:57.445,timeseries,3,Weather Report Extended v2,mlx-community/Llama-3.2-1B-Instruct-4bit,311.0,14467.0,0.0,0
2026-06-26T13:22:57.508,timeseries,3,Weather Report Extended v2,mlx-community/Llama-3.2-1B-Instruct-4bit,332.0,12285.0,0.0,0
2026-06-26T13:22:57.569,timeseries,3,Weather Report Extended v2,mlx-community/Llama-3.2-1B-Instruct-4bit,286.0,13970.0,0.0,0
2026-06-26T13:22:57.631,timeseries,3,Weather Report Extended v2,mlx-community/Llama-3.2-1B-Instruct-4bit,638.0,12322.0,0.0,0
2026-06-26T13:22:57.695,timeseries,3,Weather Report Extended v2,mlx-community/Llama-3.2-1B-Instruct-4bit,488.0,12605.0,0.0,0
2026-06-26T13:22:57.758,timeseries,3,Weather Report Extended v2,mlx-community/Llama-3.2-1B-Instruct-4bit,306.0,14312.0,0.0,0
2026-06-26T13:22:57.822,timeseries,3,Weather Report Extended v2,mlx-community/Llama-3.2-1B-Instruct-4bit,237.0,13997.0,0.0,0
2026-06-26T13:22:57.885,timeseries,3,Weather Report Extended v2,mlx-community/Llama-3.2-1B-Instruct-4bit,270.0,12386.0,0.0,0
2026-06-26T13:22:57.948,timeseries,3,Weather Report Extended v2,mlx-community/Llama-3.2-1B-Instruct-4bit,264.0,13704.0,0.0,0
2026-06-26T13:22:58.013,timeseries,3,Weather Report Extended v2,mlx-community/Llama-3.2-1B-Instruct-4bit,254.0,12358.0,0.0,0
2026-06-26T13:22:58.076,timeseries,3,Weather Report Extended v2,mlx-community/Llama-3.2-1B-Instruct-4bit,254.0,14029.0,0.0,0
2026-06-26T13:22:58.140,timeseries,3,Weather Report Extended v2,mlx-community/Llama-3.2-1B-Instruct-4bit,384.0,13559.0,0.0,0
2026-06-26T13:22:58.204,timeseries,3,Weather Report Extended v2,mlx-community/Llama-3.2-1B-Instruct-4bit,301.0,12311.0,0.0,0
2026-06-26T13:22:58.265,timeseries,3,Weather Report Extended v2,mlx-community/Llama-3.2-1B-Instruct-4bit,267.0,13910.0,0.0,0
2026-06-26T13:22:58.328,timeseries,3,Weather Report Extended v2,mlx-community/Llama-3.2-1B-Instruct-4bit,427.0,13852.0,0.0,0
2026-06-26T13:22:58.391,timeseries,3,Weather Report Extended v2,mlx-community/Llama-3.2-1B-Instruct-4bit,1543.0,12392.0,0.0,0
2026-06-26T13:22:58.454,timeseries,3,Weather Report Extended v2,mlx-community/Llama-3.2-1B-Instruct-4bit,601.0,14086.0,0.0,0
2026-06-26T13:22:58.516,timeseries,3,Weather Report Extended v2,mlx-community/Llama-3.2-1B-Instruct-4bit,449.0,12579.0,0.0,0
2026-06-26T13:22:58.579,timeseries,3,Weather Report Extended v2,mlx-community/Llama-3.2-1B-Instruct-4bit,427.0,13871.0,0.0,0
2026-06-26T13:22:58.641,timeseries,3,Weather Report Extended v2,mlx-community/Llama-3.2-1B-Instruct-4bit,624.0,12487.0,0.0,0
2026-06-26T13:22:58.705,timeseries,3,Weather Report Extended v2,mlx-community/Llama-3.2-1B-Instruct-4bit,546.0,14259.0,0.0,0
2026-06-26T13:22:58.769,timeseries,3,Weather Report Extended v2,mlx-community/Llama-3.2-1B-Instruct-4bit,339.0,12489.0,0.0,0
2026-06-26T13:22:58.832,timeseries,3,Weather Report Extended v2,mlx-community/Llama-3.2-1B-Instruct-4bit,295.0,13754.0,0.0,0
2026-06-26T13:22:58.895,timeseries,3,Weather Report Extended v2,mlx-community/Llama-3.2-1B-Instruct-4bit,237.0,13878.0,0.0,0
2026-06-26T13:22:58.959,timeseries,3,Weather Report Extended v2,mlx-community/Llama-3.2-1B-Instruct-4bit,299.0,12167.0,0.0,0
2026-06-26T13:22:59.021,timeseries,3,Weather Report Extended v2,mlx-community/Llama-3.2-1B-Instruct-4bit,396.0,12011.0,0.0,0
2026-06-26T13:22:59.083,timeseries,3,Weather Report Extended v2,mlx-community/Llama-3.2-1B-Instruct-4bit,506.0,11949.0,0.0,0
2026-06-26T13:22:59.147,timeseries,3,Weather Report Extended v2,mlx-community/Llama-3.2-1B-Instruct-4bit,665.0,14391.0,0.0,0
2026-06-26T13:22:59.210,timeseries,3,Weather Report Extended v2,mlx-community/Llama-3.2-1B-Instruct-4bit,320.0,12473.0,0.0,0
2026-06-26T13:22:59.273,timeseries,3,Weather Report Extended v2,mlx-community/Llama-3.2-1B-Instruct-4bit,266.0,13887.0,0.0,0
2026-06-26T13:22:59.338,timeseries,3,Weather Report Extended v2,mlx-community/Llama-3.2-1B-Instruct-4bit,411.0,12171.0,0.0,0
2026-06-26T13:22:59.400,timeseries,3,Weather Report Extended v2,mlx-community/Llama-3.2-1B-Instruct-4bit,301.0,14013.0,0.0,0
2026-06-26T13:22:59.464,timeseries,3,Weather Report Extended v2,mlx-community/Llama-3.2-1B-Instruct-4bit,279.0,13814.0,0.0,0
2026-06-26T13:22:59.524,timeseries,3,Weather Report Extended v2,mlx-community/Llama-3.2-1B-Instruct-4bit,257.0,12423.0,0.0,0
2026-06-26T13:22:59.587,timeseries,3,Weather Report Extended v2,mlx-community/Llama-3.2-1B-Instruct-4bit,1574.0,13759.0,0.0,0
2026-06-26T13:22:59.649,timeseries,3,Weather Report Extended v2,mlx-community/Llama-3.2-1B-Instruct-4bit,1686.0,12638.0,0.0,0
2026-06-26T13:22:59.711,timeseries,3,Weather Report Extended v2,mlx-community/Llama-3.2-1B-Instruct-4bit,660.0,14365.0,0.0,0
2026-06-26T13:22:59.773,timeseries,3,Weather Report Extended v2,mlx-community/Llama-3.2-1B-Instruct-4bit,531.0,12595.0,0.0,0
2026-06-26T13:22:59.836,timeseries,3,Weather Report Extended v2,mlx-community/Llama-3.2-1B-Instruct-4bit,418.0,12494.0,0.0,0
2026-06-26T13:22:59.899,timeseries,3,Weather Report Extended v2,mlx-community/Llama-3.2-1B-Instruct-4bit,374.0,14430.0,0.0,0
2026-06-26T13:22:59.962,timeseries,3,Weather Report Extended v2,mlx-community/Llama-3.2-1B-Instruct-4bit,269.0,14047.0,0.0,0
2026-06-26T13:23:00.026,timeseries,3,Weather Report Extended v2,mlx-community/Llama-3.2-1B-Instruct-4bit,318.0,12312.0,0.0,0
2026-06-26T13:23:00.089,timeseries,3,Weather Report Extended v2,mlx-community/Llama-3.2-1B-Instruct-4bit,302.0,14021.0,0.0,0
2026-06-26T13:23:00.151,timeseries,3,Weather Report Extended v2,mlx-community/Llama-3.2-1B-Instruct-4bit,483.0,12116.0,0.0,0
2026-06-26T13:23:00.214,timeseries,3,Weather Report Extended v2,mlx-community/Llama-3.2-1B-Instruct-4bit,253.0,14076.0,0.0,0
2026-06-26T13:23:00.276,timeseries,3,Weather Report Extended v2,mlx-community/Llama-3.2-1B-Instruct-4bit,258.0,12438.0,0.0,0
2026-06-26T13:23:00.340,timeseries,3,Weather Report Extended v2,mlx-community/Llama-3.2-1B-Instruct-4bit,396.0,13946.0,0.0,0
2026-06-26T13:23:00.403,timeseries,3,Weather Report Extended v2,mlx-community/Llama-3.2-1B-Instruct-4bit,290.0,12512.0,0.0,0
2026-06-26T13:23:00.465,timeseries,3,Weather Report Extended v2,mlx-community/Llama-3.2-1B-Instruct-4bit,252.0,13963.0,0.0,0
2026-06-26T13:23:00.529,timeseries,3,Weather Report Extended v2,mlx-community/Llama-3.2-1B-Instruct-4bit,269.0,13996.0,0.0,0
2026-06-26T13:23:00.592,timeseries,3,Weather Report Extended v2,mlx-community/Llama-3.2-1B-Instruct-4bit,290.0,12522.0,0.0,0
2026-06-26T13:23:00.655,timeseries,3,Weather Report Extended v2,mlx-community/Llama-3.2-1B-Instruct-4bit,487.0,13893.0,0.0,0
2026-06-26T13:23:00.716,timeseries,3,Weather Report Extended v2,mlx-community/Llama-3.2-1B-Instruct-4bit,255.0,12494.0,0.0,0
2026-06-26T13:23:00.779,timeseries,3,Weather Report Extended v2,mlx-community/Llama-3.2-1B-Instruct-4bit,284.0,14012.0,0.0,0
2026-06-26T13:23:00.842,timeseries,3,Weather Report Extended v2,mlx-community/Llama-3.2-1B-Instruct-4bit,294.0,12766.0,0.0,0
2026-06-26T13:23:00.905,timeseries,3,Weather Report Extended v2,mlx-community/Llama-3.2-1B-Instruct-4bit,256.0,14226.0,0.0,0
2026-06-26T13:23:00.967,timeseries,3,Weather Report Extended v2,mlx-community/Llama-3.2-1B-Instruct-4bit,238.0,12393.0,0.0,0
2026-06-26T13:23:01.031,timeseries,3,Weather Report Extended v2,mlx-community/Llama-3.2-1B-Instruct-4bit,254.0,14033.0,0.0,0
2026-06-26T13:23:01.094,timeseries,3,Weather Report Extended v2,mlx-community/Llama-3.2-1B-Instruct-4bit,272.0,12463.0,0.0,0
2026-06-26T13:23:01.156,timeseries,3,Weather Report Extended v2,mlx-community/Llama-3.2-1B-Instruct-4bit,376.0,13885.0,0.0,0
2026-06-26T13:23:01.219,timeseries,3,Weather Report Extended v2,mlx-community/Llama-3.2-1B-Instruct-4bit,274.0,12465.0,0.0,0
2026-06-26T13:23:01.279,timeseries,3,Weather Report Extended v2,mlx-community/Llama-3.2-1B-Instruct-4bit,254.0,14037.0,0.0,0
2026-06-26T13:23:01.341,timeseries,3,Weather Report Extended v2,mlx-community/Llama-3.2-1B-Instruct-4bit,435.0,12457.0,0.0,0
2026-06-26T13:23:01.404,timeseries,3,Weather Report Extended v2,mlx-community/Llama-3.2-1B-Instruct-4bit,312.0,14510.0,0.0,0
2026-06-26T13:23:01.466,timeseries,3,Weather Report Extended v2,mlx-community/Llama-3.2-1B-Instruct-4bit,304.0,12455.0,0.0,0
2026-06-26T13:23:01.529,timeseries,3,Weather Report Extended v2,mlx-community/Llama-3.2-1B-Instruct-4bit,286.0,14096.0,0.0,0
2026-06-26T13:23:01.591,timeseries,3,Weather Report Extended v2,mlx-community/Llama-3.2-1B-Instruct-4bit,391.0,12645.0,0.0,0
2026-06-26T13:23:01.654,timeseries,3,Weather Report Extended v2,mlx-community/Llama-3.2-1B-Instruct-4bit,397.0,14166.0,0.0,0
2026-06-26T13:23:01.716,timeseries,3,Weather Report Extended v2,mlx-community/Llama-3.2-1B-Instruct-4bit,272.0,12503.0,0.0,0
2026-06-26T13:23:01.779,timeseries,3,Weather Report Extended v2,mlx-community/Llama-3.2-1B-Instruct-4bit,255.0,14121.0,0.0,0
2026-06-26T13:23:01.841,timeseries,3,Weather Report Extended v2,mlx-community/Llama-3.2-1B-Instruct-4bit,321.0,12558.0,0.0,0
2026-06-26T13:23:01.905,timeseries,3,Weather Report Extended v2,mlx-community/Llama-3.2-1B-Instruct-4bit,256.0,14152.0,0.0,0
2026-06-26T13:23:01.967,timeseries,3,Weather Report Extended v2,mlx-community/Llama-3.2-1B-Instruct-4bit,223.0,12416.0,0.0,0
2026-06-26T13:23:02.028,timeseries,3,Weather Report Extended v2,mlx-community/Llama-3.2-1B-Instruct-4bit,284.0,13998.0,0.0,0
2026-06-26T13:23:02.091,timeseries,3,Weather Report Extended v2,mlx-community/Llama-3.2-1B-Instruct-4bit,423.0,12587.0,0.0,0
2026-06-26T13:23:02.155,timeseries,3,Weather Report Extended v2,mlx-community/Llama-3.2-1B-Instruct-4bit,420.0,14390.0,0.0,0
2026-06-26T13:23:02.218,timeseries,3,Weather Report Extended v2,mlx-community/Llama-3.2-1B-Instruct-4bit,287.0,12433.0,0.0,0
2026-06-26T13:23:02.280,timeseries,3,Weather Report Extended v2,mlx-community/Llama-3.2-1B-Instruct-4bit,282.0,13904.0,0.0,0
2026-06-26T13:23:02.343,timeseries,3,Weather Report Extended v2,mlx-community/Llama-3.2-1B-Instruct-4bit,398.0,12305.0,0.0,0
2026-06-26T13:23:02.406,timeseries,3,Weather Report Extended v2,mlx-community/Llama-3.2-1B-Instruct-4bit,287.0,14217.0,0.0,0
2026-06-26T13:23:02.469,timeseries,3,Weather Report Extended v2,mlx-community/Llama-3.2-1B-Instruct-4bit,241.0,12448.0,0.0,0
2026-06-26T13:23:02.533,timeseries,3,Weather Report Extended v2,mlx-community/Llama-3.2-1B-Instruct-4bit,237.0,14023.0,0.0,0
2026-06-26T13:23:02.596,timeseries,3,Weather Report Extended v2,mlx-community/Llama-3.2-1B-Instruct-4bit,348.0,13903.0,0.0,0
2026-06-26T13:23:02.658,timeseries,3,Weather Report Extended v2,mlx-community/Llama-3.2-1B-Instruct-4bit,488.0,12260.0,0.0,0
2026-06-26T13:23:02.721,timeseries,3,Weather Report Extended v2,mlx-community/Llama-3.2-1B-Instruct-4bit,270.0,14107.0,0.0,0
2026-06-26T13:23:02.784,timeseries,3,Weather Report Extended v2,mlx-community/Llama-3.2-1B-Instruct-4bit,239.0,12437.0,0.0,0
2026-06-26T13:23:02.847,timeseries,3,Weather Report Extended v2,mlx-community/Llama-3.2-1B-Instruct-4bit,253.0,13978.0,0.0,0
2026-06-26T13:23:02.910,timeseries,3,Weather Report Extended v2,mlx-community/Llama-3.2-1B-Instruct-4bit,288.0,12388.0,0.0,0
2026-06-26T13:23:02.975,timeseries,3,Weather Report Extended v2,mlx-community/Llama-3.2-1B-Instruct-4bit,285.0,14029.0,0.0,0
2026-06-26T13:23:03.037,timeseries,3,Weather Report Extended v2,mlx-community/Llama-3.2-1B-Instruct-4bit,269.0,12844.0,0.0,0
2026-06-26T13:23:03.100,timeseries,3,Weather Report Extended v2,mlx-community/Llama-3.2-1B-Instruct-4bit,762.0,11014.0,0.0,0
2026-06-26T13:23:03.163,timeseries,3,Weather Report Extended v2,mlx-community/Llama-3.2-1B-Instruct-4bit,495.0,14232.0,0.0,0
2026-06-26T13:23:03.227,timeseries,3,Weather Report Extended v2,mlx-community/Llama-3.2-1B-Instruct-4bit,321.0,12475.0,0.0,0
2026-06-26T13:23:03.290,timeseries,3,Weather Report Extended v2,mlx-community/Llama-3.2-1B-Instruct-4bit,252.0,13964.0,0.0,0
2026-06-26T13:23:03.353,timeseries,3,Weather Report Extended v2,mlx-community/Llama-3.2-1B-Instruct-4bit,376.0,13755.0,0.0,0
2026-06-26T13:23:03.417,timeseries,3,Weather Report Extended v2,mlx-community/Llama-3.2-1B-Instruct-4bit,316.0,12219.0,0.0,0
2026-06-26T13:23:03.480,timeseries,3,Weather Report Extended v2,mlx-community/Llama-3.2-1B-Instruct-4bit,285.0,14031.0,0.0,0
2026-06-26T13:23:03.542,timeseries,3,Weather Report Extended v2,mlx-community/Llama-3.2-1B-Instruct-4bit,300.0,12374.0,0.0,0
2026-06-26T13:23:03.606,timeseries,3,Weather Report Extended v2,mlx-community/Llama-3.2-1B-Instruct-4bit,440.0,13866.0,0.0,0
2026-06-26T13:23:03.668,timeseries,3,Weather Report Extended v2,mlx-community/Llama-3.2-1B-Instruct-4bit,390.0,12696.0,0.0,0
2026-06-26T13:23:03.731,timeseries,3,Weather Report Extended v2,mlx-community/Llama-3.2-1B-Instruct-4bit,318.0,14140.0,0.0,0
2026-06-26T13:23:03.795,timeseries,3,Weather Report Extended v2,mlx-community/Llama-3.2-1B-Instruct-4bit,238.0,12317.0,0.0,0
2026-06-26T13:23:03.857,timeseries,3,Weather Report Extended v2,mlx-community/Llama-3.2-1B-Instruct-4bit,284.0,14051.0,0.0,0
2026-06-26T13:23:03.921,timeseries,3,Weather Report Extended v2,mlx-community/Llama-3.2-1B-Instruct-4bit,301.0,12337.0,0.0,0
2026-06-26T13:23:03.983,timeseries,3,Weather Report Extended v2,mlx-community/Llama-3.2-1B-Instruct-4bit,288.0,14200.0,0.0,0
2026-06-26T13:23:04.045,timeseries,3,Weather Report Extended v2,mlx-community/Llama-3.2-1B-Instruct-4bit,269.0,14144.0,0.0,0
2026-06-26T13:23:04.109,timeseries,3,Weather Report Extended v2,mlx-community/Llama-3.2-1B-Instruct-4bit,338.0,12443.0,0.0,0
2026-06-26T13:23:04.172,timeseries,3,Weather Report Extended v2,mlx-community/Llama-3.2-1B-Instruct-4bit,301.0,14105.0,0.0,0
2026-06-26T13:23:04.235,timeseries,3,Weather Report Extended v2,mlx-community/Llama-3.2-1B-Instruct-4bit,313.0,12177.0,0.0,0
2026-06-26T13:23:04.298,timeseries,3,Weather Report Extended v2,mlx-community/Llama-3.2-1B-Instruct-4bit,253.0,13934.0,0.0,0
2026-06-26T13:23:04.362,timeseries,3,Weather Report Extended v2,mlx-community/Llama-3.2-1B-Instruct-4bit,396.0,12219.0,0.0,0
2026-06-26T13:23:04.426,timeseries,3,Weather Report Extended v2,mlx-community/Llama-3.2-1B-Instruct-4bit,285.0,14001.0,0.0,0
2026-06-26T13:23:04.489,timeseries,3,Weather Report Extended v2,mlx-community/Llama-3.2-1B-Instruct-4bit,282.0,13971.0,0.0,0
2026-06-26T13:23:04.552,timeseries,3,Weather Report Extended v2,mlx-community/Llama-3.2-1B-Instruct-4bit,281.0,12126.0,0.0,0
2026-06-26T13:23:04.614,timeseries,3,Weather Report Extended v2,mlx-community/Llama-3.2-1B-Instruct-4bit,364.0,14033.0,0.0,0
2026-06-26T13:23:04.676,timeseries,3,Weather Report Extended v2,mlx-community/Llama-3.2-1B-Instruct-4bit,1139.0,12412.0,0.0,0
2026-06-26T13:23:04.737,timeseries,3,Weather Report Extended v2,mlx-community/Llama-3.2-1B-Instruct-4bit,2128.0,14254.0,0.0,0
2026-06-26T13:23:04.799,timeseries,3,Weather Report Extended v2,mlx-community/Llama-3.2-1B-Instruct-4bit,596.0,12876.0,0.0,0
2026-06-26T13:23:04.861,timeseries,3,Weather Report Extended v2,mlx-community/Llama-3.2-1B-Instruct-4bit,496.0,14318.0,0.0,0
2026-06-26T13:23:04.925,timeseries,3,Weather Report Extended v2,mlx-community/Llama-3.2-1B-Instruct-4bit,439.0,12686.0,0.0,0
2026-06-26T13:23:04.987,timeseries,3,Weather Report Extended v2,mlx-community/Llama-3.2-1B-Instruct-4bit,813.0,14263.0,0.0,0
2026-06-26T13:23:05.049,timeseries,3,Weather Report Extended v2,mlx-community/Llama-3.2-1B-Instruct-4bit,712.0,12360.0,0.0,0
2026-06-26T13:23:05.111,timeseries,3,Weather Report Extended v2,mlx-community/Llama-3.2-1B-Instruct-4bit,1139.0,14379.0,0.0,0
2026-06-26T13:23:05.173,timeseries,3,Weather Report Extended v2,mlx-community/Llama-3.2-1B-Instruct-4bit,761.0,12631.0,0.0,0
2026-06-26T13:23:05.235,timeseries,3,Weather Report Extended v2,mlx-community/Llama-3.2-1B-Instruct-4bit,802.0,12516.0,0.0,0
2026-06-26T13:23:05.297,timeseries,3,Weather Report Extended v2,mlx-community/Llama-3.2-1B-Instruct-4bit,708.0,14399.0,0.0,0
2026-06-26T13:23:05.359,timeseries,3,Weather Report Extended v2,mlx-community/Llama-3.2-1B-Instruct-4bit,1065.0,12510.0,0.0,0
2026-06-26T13:23:05.422,timeseries,3,Weather Report Extended v2,mlx-community/Llama-3.2-1B-Instruct-4bit,721.0,14355.0,0.0,0
2026-06-26T13:23:05.485,timeseries,3,Weather Report Extended v2,mlx-community/Llama-3.2-1B-Instruct-4bit,792.0,12627.0,0.0,0
2026-06-26T13:23:05.547,timeseries,3,Weather Report Extended v2,mlx-community/Llama-3.2-1B-Instruct-4bit,713.0,14173.0,0.0,0
2026-06-26T13:23:05.609,timeseries,3,Weather Report Extended v2,mlx-community/Llama-3.2-1B-Instruct-4bit,1142.0,12531.0,0.0,0
2026-06-26T13:23:05.671,timeseries,3,Weather Report Extended v2,mlx-community/Llama-3.2-1B-Instruct-4bit,739.0,14417.0,0.0,0
2026-06-26T13:23:05.732,timeseries,3,Weather Report Extended v2,mlx-community/Llama-3.2-1B-Instruct-4bit,900.0,12573.0,0.0,0
2026-06-26T13:23:05.795,timeseries,3,Weather Report Extended v2,mlx-community/Llama-3.2-1B-Instruct-4bit,729.0,14570.0,0.0,0
2026-06-26T13:23:05.857,timeseries,3,Weather Report Extended v2,mlx-community/Llama-3.2-1B-Instruct-4bit,748.0,12770.0,0.0,0
2026-06-26T13:23:05.921,timeseries,3,Weather Report Extended v2,mlx-community/Llama-3.2-1B-Instruct-4bit,735.0,14329.0,0.0,0
2026-06-26T13:23:05.982,timeseries,3,Weather Report Extended v2,mlx-community/Llama-3.2-1B-Instruct-4bit,1126.0,12591.0,0.0,0
2026-06-26T13:23:06.047,timeseries,3,Weather Report Extended v2,mlx-community/Llama-3.2-1B-Instruct-4bit,928.0,14118.0,0.0,0
2026-06-26T13:23:06.108,timeseries,3,Weather Report Extended v2,mlx-community/Llama-3.2-1B-Instruct-4bit,1154.0,12705.0,0.0,0
2026-06-26T13:23:06.170,timeseries,3,Weather Report Extended v2,mlx-community/Llama-3.2-1B-Instruct-4bit,751.0,14088.0,0.0,0
2026-06-26T13:23:06.232,timeseries,3,Weather Report Extended v2,mlx-community/Llama-3.2-1B-Instruct-4bit,731.0,12741.0,0.0,0
2026-06-26T13:23:06.294,timeseries,3,Weather Report Extended v2,mlx-community/Llama-3.2-1B-Instruct-4bit,771.0,14401.0,0.0,0
2026-06-26T13:23:06.355,timeseries,3,Weather Report Extended v2,mlx-community/Llama-3.2-1B-Instruct-4bit,1035.0,12594.0,0.0,0
2026-06-26T13:23:06.417,timeseries,3,Weather Report Extended v2,mlx-community/Llama-3.2-1B-Instruct-4bit,685.0,12774.0,0.0,0
2026-06-26T13:23:06.480,timeseries,3,Weather Report Extended v2,mlx-community/Llama-3.2-1B-Instruct-4bit,738.0,14343.0,0.0,0
2026-06-26T13:23:06.542,timeseries,3,Weather Report Extended v2,mlx-community/Llama-3.2-1B-Instruct-4bit,795.0,12771.0,0.0,0
2026-06-26T13:23:06.605,timeseries,3,Weather Report Extended v2,mlx-community/Llama-3.2-1B-Instruct-4bit,1124.0,14126.0,0.0,0
2026-06-26T13:23:06.666,timeseries,3,Weather Report Extended v2,mlx-community/Llama-3.2-1B-Instruct-4bit,841.0,12716.0,0.0,0
2026-06-26T13:23:06.728,timeseries,3,Weather Report Extended v2,mlx-community/Llama-3.2-1B-Instruct-4bit,735.0,14209.0,0.0,0
2026-06-26T13:23:06.790,timeseries,3,Weather Report Extended v2,mlx-community/Llama-3.2-1B-Instruct-4bit,879.0,12847.0,0.0,0
2026-06-26T13:23:06.852,timeseries,3,Weather Report Extended v2,mlx-community/Llama-3.2-1B-Instruct-4bit,723.0,14403.0,0.0,0
2026-06-26T13:23:06.914,timeseries,3,Weather Report Extended v2,mlx-community/Llama-3.2-1B-Instruct-4bit,724.0,12726.0,0.0,0
2026-06-26T13:23:06.976,timeseries,3,Weather Report Extended v2,mlx-community/Llama-3.2-1B-Instruct-4bit,719.0,12778.0,0.0,0
2026-06-26T13:23:07.039,timeseries,3,Weather Report Extended v2,mlx-community/Llama-3.2-1B-Instruct-4bit,937.0,14527.0,0.0,0
2026-06-26T13:23:07.100,timeseries,3,Weather Report Extended v2,mlx-community/Llama-3.2-1B-Instruct-4bit,1677.0,10210.0,0.0,0
2026-06-26T13:23:07.163,timeseries,3,Weather Report Extended v2,mlx-community/Llama-3.2-1B-Instruct-4bit,603.0,14209.0,0.0,0
2026-06-26T13:23:07.225,timeseries,3,Weather Report Extended v2,mlx-community/Llama-3.2-1B-Instruct-4bit,732.0,12758.0,0.0,0
2026-06-26T13:23:07.289,timeseries,3,Weather Report Extended v2,mlx-community/Llama-3.2-1B-Instruct-4bit,1739.0,14006.0,0.0,0
2026-06-26T13:23:07.352,timeseries,3,Weather Report Extended v2,mlx-community/Llama-3.2-1B-Instruct-4bit,853.0,12571.0,0.0,0
2026-06-26T13:23:07.414,timeseries,3,Weather Report Extended v2,mlx-community/Llama-3.2-1B-Instruct-4bit,410.0,14062.0,0.0,0
2026-06-26T13:23:07.475,timeseries,3,Weather Report Extended v2,mlx-community/Llama-3.2-1B-Instruct-4bit,226.0,12595.0,0.0,0
2026-06-26T13:23:07.538,timeseries,3,Weather Report Extended v2,mlx-community/Llama-3.2-1B-Instruct-4bit,306.0,14331.0,0.0,0
2026-06-26T13:23:07.600,timeseries,3,Weather Report Extended v2,mlx-community/Llama-3.2-1B-Instruct-4bit,470.0,12661.0,0.0,0
2026-06-26T13:23:07.663,timeseries,3,Weather Report Extended v2,mlx-community/Llama-3.2-1B-Instruct-4bit,397.0,14126.0,0.0,0
2026-06-26T13:23:07.727,timeseries,3,Weather Report Extended v2,mlx-community/Llama-3.2-1B-Instruct-4bit,289.0,12585.0,0.0,0
2026-06-26T13:23:07.790,timeseries,3,Weather Report Extended v2,mlx-community/Llama-3.2-1B-Instruct-4bit,222.0,14052.0,0.0,0
2026-06-26T13:23:07.852,timeseries,3,Weather Report Extended v2,mlx-community/Llama-3.2-1B-Instruct-4bit,267.0,12319.0,0.0,0
2026-06-26T13:23:07.916,timeseries,3,Weather Report Extended v2,mlx-community/Llama-3.2-1B-Instruct-4bit,254.0,14111.0,0.0,0
2026-06-26T13:23:07.979,timeseries,3,Weather Report Extended v2,mlx-community/Llama-3.2-1B-Instruct-4bit,223.0,14136.0,0.0,0
2026-06-26T13:23:08.040,timeseries,3,Weather Report Extended v2,mlx-community/Llama-3.2-1B-Instruct-4bit,284.0,12333.0,0.0,0
2026-06-26T13:23:08.103,timeseries,3,Weather Report Extended v2,mlx-community/Llama-3.2-1B-Instruct-4bit,459.0,13956.0,0.0,0
2026-06-26T13:23:08.166,timeseries,3,Weather Report Extended v2,mlx-community/Llama-3.2-1B-Instruct-4bit,391.0,12791.0,0.0,0
2026-06-26T13:23:08.230,timeseries,3,Weather Report Extended v2,mlx-community/Llama-3.2-1B-Instruct-4bit,447.0,13970.0,0.0,0
2026-06-26T13:23:08.292,timeseries,3,Weather Report Extended v2,mlx-community/Llama-3.2-1B-Instruct-4bit,254.0,12345.0,0.0,0
2026-06-26T13:23:08.353,timeseries,3,Weather Report Extended v2,mlx-community/Llama-3.2-1B-Instruct-4bit,389.0,13775.0,0.0,0
2026-06-26T13:23:08.416,timeseries,3,Weather Report Extended v2,mlx-community/Llama-3.2-1B-Instruct-4bit,1126.0,12569.0,0.0,0
2026-06-26T13:23:08.479,timeseries,3,Weather Report Extended v2,mlx-community/Llama-3.2-1B-Instruct-4bit,949.0,14349.0,0.0,0
2026-06-26T13:23:08.541,timeseries,3,Weather Report Extended v2,mlx-community/Llama-3.2-1B-Instruct-4bit,494.0,12551.0,0.0,0
2026-06-26T13:23:08.603,timeseries,3,Weather Report Extended v2,mlx-community/Llama-3.2-1B-Instruct-4bit,959.0,14205.0,0.0,0
2026-06-26T13:23:08.665,timeseries,3,Weather Report Extended v2,mlx-community/Llama-3.2-1B-Instruct-4bit,2878.0,12424.0,0.0,0
2026-06-26T13:23:08.726,timeseries,3,Weather Report Extended v2,mlx-community/Llama-3.2-1B-Instruct-4bit,759.0,12803.0,0.0,0
2026-06-26T13:23:08.788,timeseries,3,Weather Report Extended v2,mlx-community/Llama-3.2-1B-Instruct-4bit,621.0,14632.0,0.0,0
2026-06-26T13:23:08.850,timeseries,3,Weather Report Extended v2,mlx-community/Llama-3.2-1B-Instruct-4bit,524.0,12722.0,0.0,0
2026-06-26T13:23:08.912,timeseries,3,Weather Report Extended v2,mlx-community/Llama-3.2-1B-Instruct-4bit,765.0,14352.0,0.0,0
2026-06-26T13:23:08.974,timeseries,3,Weather Report Extended v2,mlx-community/Llama-3.2-1B-Instruct-4bit,739.0,12881.0,0.0,0
2026-06-26T13:23:09.036,timeseries,3,Weather Report Extended v2,mlx-community/Llama-3.2-1B-Instruct-4bit,719.0,14342.0,0.0,0
2026-06-26T13:23:09.099,timeseries,3,Weather Report Extended v2,mlx-community/Llama-3.2-1B-Instruct-4bit,1121.0,12539.0,0.0,0
2026-06-26T13:23:09.161,timeseries,3,Weather Report Extended v2,mlx-community/Llama-3.2-1B-Instruct-4bit,981.0,14556.0,0.0,0
2026-06-26T13:23:09.223,timeseries,3,Weather Report Extended v2,mlx-community/Llama-3.2-1B-Instruct-4bit,720.0,12542.0,0.0,0
2026-06-26T13:23:09.285,timeseries,3,Weather Report Extended v2,mlx-community/Llama-3.2-1B-Instruct-4bit,762.0,12742.0,0.0,0
2026-06-26T13:23:09.347,timeseries,3,Weather Report Extended v2,mlx-community/Llama-3.2-1B-Instruct-4bit,1013.0,14439.0,0.0,0
2026-06-26T13:23:09.408,timeseries,3,Weather Report Extended v2,mlx-community/Llama-3.2-1B-Instruct-4bit,771.0,12601.0,0.0,0
2026-06-26T13:23:09.469,timeseries,3,Weather Report Extended v2,mlx-community/Llama-3.2-1B-Instruct-4bit,655.0,14762.0,0.0,0
2026-06-26T13:23:09.532,timeseries,3,Weather Report Extended v2,mlx-community/Llama-3.2-1B-Instruct-4bit,750.0,12749.0,0.0,0
2026-06-26T13:23:09.595,timeseries,3,Weather Report Extended v2,mlx-community/Llama-3.2-1B-Instruct-4bit,1183.0,14524.0,0.0,0
2026-06-26T13:23:09.657,timeseries,3,Weather Report Extended v2,mlx-community/Llama-3.2-1B-Instruct-4bit,811.0,12646.0,0.0,0
2026-06-26T13:23:09.718,timeseries,3,Weather Report Extended v2,mlx-community/Llama-3.2-1B-Instruct-4bit,720.0,14388.0,0.0,0
2026-06-26T13:23:09.780,timeseries,3,Weather Report Extended v2,mlx-community/Llama-3.2-1B-Instruct-4bit,3582.0,12511.0,0.0,0
2026-06-26T13:23:09.841,timeseries,3,Weather Report Extended v2,mlx-community/Llama-3.2-1B-Instruct-4bit,686.0,12847.0,0.0,0
2026-06-26T13:23:09.904,timeseries,3,Weather Report Extended v2,mlx-community/Llama-3.2-1B-Instruct-4bit,414.0,14224.0,0.0,0
2026-06-26T13:23:09.967,timeseries,3,Weather Report Extended v2,mlx-community/Llama-3.2-1B-Instruct-4bit,312.0,12707.0,0.0,0
2026-06-26T13:23:10.029,timeseries,3,Weather Report Extended v2,mlx-community/Llama-3.2-1B-Instruct-4bit,271.0,14259.0,0.0,0
2026-06-26T13:23:10.093,timeseries,3,Weather Report Extended v2,mlx-community/Llama-3.2-1B-Instruct-4bit,351.0,12450.0,0.0,0
2026-06-26T13:23:10.155,timeseries,3,Weather Report Extended v2,mlx-community/Llama-3.2-1B-Instruct-4bit,419.0,14318.0,0.0,0
2026-06-26T13:23:10.219,timeseries,3,Weather Report Extended v2,mlx-community/Llama-3.2-1B-Instruct-4bit,453.0,12111.0,0.0,0
2026-06-26T13:23:10.282,timeseries,3,Weather Report Extended v2,mlx-community/Llama-3.2-1B-Instruct-4bit,288.0,14237.0,0.0,0
2026-06-26T13:23:10.346,timeseries,3,Weather Report Extended v2,mlx-community/Llama-3.2-1B-Instruct-4bit,375.0,13772.0,0.0,0
2026-06-26T13:23:10.409,timeseries,3,Weather Report Extended v2,mlx-community/Llama-3.2-1B-Instruct-4bit,303.0,12501.0,0.0,0
2026-06-26T13:23:10.473,timeseries,3,Weather Report Extended v2,mlx-community/Llama-3.2-1B-Instruct-4bit,266.0,13972.0,0.0,0
2026-06-26T13:23:10.534,timeseries,3,Weather Report Extended v2,mlx-community/Llama-3.2-1B-Instruct-4bit,284.0,12231.0,0.0,0
2026-06-26T13:23:10.598,timeseries,3,Weather Report Extended v2,mlx-community/Llama-3.2-1B-Instruct-4bit,360.0,13958.0,0.0,0
2026-06-26T13:23:10.660,timeseries,3,Weather Report Extended v2,mlx-community/Llama-3.2-1B-Instruct-4bit,375.0,12728.0,0.0,0
2026-06-26T13:23:10.723,timeseries,3,Weather Report Extended v2,mlx-community/Llama-3.2-1B-Instruct-4bit,362.0,14089.0,0.0,0
2026-06-26T13:23:10.784,timeseries,3,Weather Report Extended v2,mlx-community/Llama-3.2-1B-Instruct-4bit,290.0,12565.0,0.0,0
2026-06-26T13:23:10.848,timeseries,3,Weather Report Extended v2,mlx-community/Llama-3.2-1B-Instruct-4bit,242.0,14473.0,0.0,0
2026-06-26T13:23:10.911,timeseries,3,Weather Report Extended v2,mlx-community/Llama-3.2-1B-Instruct-4bit,225.0,12640.0,0.0,0
2026-06-26T13:23:10.974,timeseries,3,Weather Report Extended v2,mlx-community/Llama-3.2-1B-Instruct-4bit,282.0,13815.0,0.0,0
2026-06-26T13:23:11.035,timeseries,3,Weather Report Extended v2,mlx-community/Llama-3.2-1B-Instruct-4bit,252.0,14097.0,0.0,0
2026-06-26T13:23:11.099,timeseries,3,Weather Report Extended v2,mlx-community/Llama-3.2-1B-Instruct-4bit,336.0,12467.0,0.0,0
2026-06-26T13:23:11.162,timeseries,3,Weather Report Extended v2,mlx-community/Llama-3.2-1B-Instruct-4bit,682.0,12331.0,0.0,0
2026-06-26T13:23:11.224,timeseries,3,Weather Report Extended v2,mlx-community/Llama-3.2-1B-Instruct-4bit,503.0,12062.0,0.0,0
2026-06-26T13:23:11.285,timeseries,3,Weather Report Extended v2,mlx-community/Llama-3.2-1B-Instruct-4bit,479.0,12416.0,0.0,0
2026-06-26T13:23:11.349,timeseries,3,Weather Report Extended v2,mlx-community/Llama-3.2-1B-Instruct-4bit,469.0,14321.0,0.0,0
2026-06-26T13:23:11.412,timeseries,3,Weather Report Extended v2,mlx-community/Llama-3.2-1B-Instruct-4bit,259.0,12695.0,0.0,0
2026-06-26T13:23:11.474,timeseries,3,Weather Report Extended v2,mlx-community/Llama-3.2-1B-Instruct-4bit,255.0,14160.0,0.0,0
2026-06-26T13:23:11.537,timeseries,3,Weather Report Extended v2,mlx-community/Llama-3.2-1B-Instruct-4bit,268.0,14031.0,0.0,0
2026-06-26T13:23:11.599,timeseries,3,Weather Report Extended v2,mlx-community/Llama-3.2-1B-Instruct-4bit,383.0,12475.0,0.0,0
2026-06-26T13:23:11.663,timeseries,3,Weather Report Extended v2,mlx-community/Llama-3.2-1B-Instruct-4bit,480.0,14303.0,0.0,0
2026-06-26T13:23:11.725,timeseries,3,Weather Report Extended v2,mlx-community/Llama-3.2-1B-Instruct-4bit,243.0,12728.0,0.0,0
2026-06-26T13:23:11.789,timeseries,3,Weather Report Extended v2,mlx-community/Llama-3.2-1B-Instruct-4bit,296.0,13886.0,0.0,0
2026-06-26T13:23:11.853,timeseries,3,Weather Report Extended v2,mlx-community/Llama-3.2-1B-Instruct-4bit,257.0,12560.0,0.0,0
2026-06-26T13:23:11.916,timeseries,3,Weather Report Extended v2,mlx-community/Llama-3.2-1B-Instruct-4bit,235.0,14088.0,0.0,0
2026-06-26T13:23:11.979,timeseries,3,Weather Report Extended v2,mlx-community/Llama-3.2-1B-Instruct-4bit,298.0,13948.0,0.0,0
2026-06-26T13:23:12.041,timeseries,3,Weather Report Extended v2,mlx-community/Llama-3.2-1B-Instruct-4bit,255.0,12525.0,0.0,0
2026-06-26T13:23:12.104,timeseries,3,Weather Report Extended v2,mlx-community/Llama-3.2-1B-Instruct-4bit,363.0,14044.0,0.0,0
2026-06-26T13:23:12.168,timeseries,3,Weather Report Extended v2,mlx-community/Llama-3.2-1B-Instruct-4bit,353.0,12600.0,0.0,0
2026-06-26T13:23:12.231,timeseries,3,Weather Report Extended v2,mlx-community/Llama-3.2-1B-Instruct-4bit,285.0,14185.0,0.0,0
2026-06-26T13:23:12.295,timeseries,3,Weather Report Extended v2,mlx-community/Llama-3.2-1B-Instruct-4bit,300.0,12322.0,0.0,0
2026-06-26T13:23:12.358,timeseries,3,Weather Report Extended v2,mlx-community/Llama-3.2-1B-Instruct-4bit,458.0,13993.0,0.0,0
2026-06-26T13:23:12.422,timeseries,3,Weather Report Extended v2,mlx-community/Llama-3.2-1B-Instruct-4bit,298.0,14023.0,0.0,0
2026-06-26T13:23:12.487,timeseries,3,Weather Report Extended v2,mlx-community/Llama-3.2-1B-Instruct-4bit,283.0,12315.0,0.0,0
2026-06-26T13:23:12.549,timeseries,3,Weather Report Extended v2,mlx-community/Llama-3.2-1B-Instruct-4bit,249.0,13894.0,0.0,0
2026-06-26T13:23:12.612,timeseries,3,Weather Report Extended v2,mlx-community/Llama-3.2-1B-Instruct-4bit,374.0,13853.0,0.0,0
2026-06-26T13:23:12.675,timeseries,3,Weather Report Extended v2,mlx-community/Llama-3.2-1B-Instruct-4bit,351.0,12496.0,0.0,0
2026-06-26T13:23:12.739,timeseries,3,Weather Report Extended v2,mlx-community/Llama-3.2-1B-Instruct-4bit,254.0,14235.0,0.0,0
2026-06-26T13:23:12.800,timeseries,3,Weather Report Extended v2,mlx-community/Llama-3.2-1B-Instruct-4bit,256.0,12467.0,0.0,0
2026-06-26T13:23:12.863,timeseries,3,Weather Report Extended v2,mlx-community/Llama-3.2-1B-Instruct-4bit,266.0,13970.0,0.0,0
2026-06-26T13:23:12.926,timeseries,3,Weather Report Extended v2,mlx-community/Llama-3.2-1B-Instruct-4bit,307.0,12730.0,0.0,0
2026-06-26T13:23:12.988,timeseries,3,Weather Report Extended v2,mlx-community/Llama-3.2-1B-Instruct-4bit,256.0,14255.0,0.0,0
2026-06-26T13:23:13.051,timeseries,3,Weather Report Extended v2,mlx-community/Llama-3.2-1B-Instruct-4bit,260.0,12783.0,0.0,0
2026-06-26T13:23:13.114,timeseries,3,Weather Report Extended v2,mlx-community/Llama-3.2-1B-Instruct-4bit,362.0,13936.0,0.0,0
2026-06-26T13:23:13.178,timeseries,3,Weather Report Extended v2,mlx-community/Llama-3.2-1B-Instruct-4bit,319.0,12453.0,0.0,0
2026-06-26T13:23:13.243,timeseries,3,Weather Report Extended v2,mlx-community/Llama-3.2-1B-Instruct-4bit,284.0,14105.0,0.0,0
2026-06-26T13:23:13.305,timeseries,3,Weather Report Extended v2,mlx-community/Llama-3.2-1B-Instruct-4bit,235.0,14075.0,0.0,0
2026-06-26T13:23:13.372,timeseries,3,Weather Report Extended v2,mlx-community/Llama-3.2-1B-Instruct-4bit,558.0,11990.0,0.0,0
2026-06-26T13:23:13.439,timeseries,3,Weather Report Extended v2,mlx-community/Llama-3.2-1B-Instruct-4bit,463.0,14128.0,0.0,0
2026-06-26T13:23:13.504,timeseries,3,Weather Report Extended v2,mlx-community/Llama-3.2-1B-Instruct-4bit,603.0,13300.0,0.0,0
2026-06-26T13:23:13.566,timeseries,3,Weather Report Extended v2,mlx-community/Llama-3.2-1B-Instruct-4bit,428.0,13076.0,0.0,0
2026-06-26T13:23:13.631,timeseries,3,Weather Report Extended v2,mlx-community/Llama-3.2-1B-Instruct-4bit,435.0,13865.0,0.0,0
2026-06-26T13:23:13.695,timeseries,3,Weather Report Extended v2,mlx-community/Llama-3.2-1B-Instruct-4bit,289.0,12685.0,0.0,0
2026-06-26T13:23:13.758,timeseries,3,Weather Report Extended v2,mlx-community/Llama-3.2-1B-Instruct-4bit,247.0,13748.0,0.0,0
2026-06-26T13:23:13.823,timeseries,3,Weather Report Extended v2,mlx-community/Llama-3.2-1B-Instruct-4bit,265.0,13981.0,0.0,0
2026-06-26T13:23:13.888,timeseries,3,Weather Report Extended v2,mlx-community/Llama-3.2-1B-Instruct-4bit,251.0,12246.0,0.0,0
2026-06-26T13:23:13.951,timeseries,3,Weather Report Extended v2,mlx-community/Llama-3.2-1B-Instruct-4bit,294.0,13772.0,0.0,0
2026-06-26T13:23:14.015,timeseries,3,Weather Report Extended v2,mlx-community/Llama-3.2-1B-Instruct-4bit,264.0,13919.0,0.0,0
2026-06-26T13:23:14.078,timeseries,3,Weather Report Extended v2,mlx-community/Llama-3.2-1B-Instruct-4bit,269.0,12428.0,0.0,0
2026-06-26T13:23:14.141,timeseries,3,Weather Report Extended v2,mlx-community/Llama-3.2-1B-Instruct-4bit,564.0,13908.0,0.0,0
2026-06-26T13:23:14.204,timeseries,3,Weather Report Extended v2,mlx-community/Llama-3.2-1B-Instruct-4bit,285.0,14246.0,0.0,0
2026-06-26T13:23:14.267,timeseries,3,Weather Report Extended v2,mlx-community/Llama-3.2-1B-Instruct-4bit,270.0,12402.0,0.0,0
2026-06-26T13:23:14.327,timeseries,3,Weather Report Extended v2,mlx-community/Llama-3.2-1B-Instruct-4bit,360.0,13835.0,0.0,0
2026-06-26T13:23:14.390,timeseries,3,Weather Report Extended v2,mlx-community/Llama-3.2-1B-Instruct-4bit,533.0,12620.0,0.0,0
2026-06-26T13:23:14.453,timeseries,3,Weather Report Extended v2,mlx-community/Llama-3.2-1B-Instruct-4bit,329.0,12862.0,0.0,0
2026-06-26T13:23:14.517,timeseries,3,Weather Report Extended v2,mlx-community/Llama-3.2-1B-Instruct-4bit,270.0,14291.0,0.0,0
2026-06-26T13:23:14.579,timeseries,3,Weather Report Extended v2,mlx-community/Llama-3.2-1B-Instruct-4bit,270.0,14063.0,0.0,0
2026-06-26T13:23:14.642,timeseries,3,Weather Report Extended v2,mlx-community/Llama-3.2-1B-Instruct-4bit,568.0,12393.0,0.0,0
2026-06-26T13:23:14.705,timeseries,3,Weather Report Extended v2,mlx-community/Llama-3.2-1B-Instruct-4bit,322.0,14447.0,0.0,0
2026-06-26T13:23:14.769,timeseries,3,Weather Report Extended v2,mlx-community/Llama-3.2-1B-Instruct-4bit,269.0,12374.0,0.0,0
2026-06-26T13:23:14.832,timeseries,3,Weather Report Extended v2,mlx-community/Llama-3.2-1B-Instruct-4bit,379.0,13975.0,0.0,0
2026-06-26T13:23:14.893,timeseries,3,Weather Report Extended v2,mlx-community/Llama-3.2-1B-Instruct-4bit,2225.0,12145.0,0.0,0
2026-06-26T13:23:14.956,timeseries,3,Weather Report Extended v2,mlx-community/Llama-3.2-1B-Instruct-4bit,718.0,14369.0,0.0,0
2026-06-26T13:23:15.017,timeseries,3,Weather Report Extended v2,mlx-community/Llama-3.2-1B-Instruct-4bit,699.0,12835.0,0.0,0
2026-06-26T13:23:15.079,timeseries,3,Weather Report Extended v2,mlx-community/Llama-3.2-1B-Instruct-4bit,523.0,14298.0,0.0,0
2026-06-26T13:23:15.141,timeseries,3,Weather Report Extended v2,mlx-community/Llama-3.2-1B-Instruct-4bit,607.0,12872.0,0.0,0
2026-06-26T13:23:15.204,timeseries,3,Weather Report Extended v2,mlx-community/Llama-3.2-1B-Instruct-4bit,372.0,14477.0,0.0,0
2026-06-26T13:23:15.268,timeseries,3,Weather Report Extended v2,mlx-community/Llama-3.2-1B-Instruct-4bit,305.0,11717.0,0.0,0
2026-06-26T13:23:15.331,timeseries,3,Weather Report Extended v2,mlx-community/Llama-3.2-1B-Instruct-4bit,728.0,12668.0,0.0,0
2026-06-26T13:23:15.393,timeseries,3,Weather Report Extended v2,mlx-community/Llama-3.2-1B-Instruct-4bit,456.0,12394.0,0.0,0
2026-06-26T13:23:15.455,timeseries,3,Weather Report Extended v2,mlx-community/Llama-3.2-1B-Instruct-4bit,412.0,14124.0,0.0,0
2026-06-26T13:23:15.516,timeseries,3,Weather Report Extended v2,mlx-community/Llama-3.2-1B-Instruct-4bit,305.0,12598.0,0.0,0
2026-06-26T13:23:15.579,timeseries,3,Weather Report Extended v2,mlx-community/Llama-3.2-1B-Instruct-4bit,346.0,14711.0,0.0,0
2026-06-26T13:23:15.641,timeseries,3,Weather Report Extended v2,mlx-community/Llama-3.2-1B-Instruct-4bit,546.0,12617.0,0.0,0
2026-06-26T13:23:15.706,timeseries,3,Weather Report Extended v2,mlx-community/Llama-3.2-1B-Instruct-4bit,334.0,14248.0,0.0,0
2026-06-26T13:23:15.769,timeseries,3,Weather Report Extended v2,mlx-community/Llama-3.2-1B-Instruct-4bit,304.0,12494.0,0.0,0
2026-06-26T13:23:15.833,timeseries,3,Weather Report Extended v2,mlx-community/Llama-3.2-1B-Instruct-4bit,510.0,13641.0,0.0,0
2026-06-26T13:23:15.897,timeseries,3,Weather Report Extended v2,mlx-community/Llama-3.2-1B-Instruct-4bit,237.0,14157.0,0.0,0
2026-06-26T13:23:15.961,timeseries,3,Weather Report Extended v2,mlx-community/Llama-3.2-1B-Instruct-4bit,395.0,12252.0,0.0,0
2026-06-26T13:23:16.025,timeseries,3,Weather Report Extended v2,mlx-community/Llama-3.2-1B-Instruct-4bit,374.0,13824.0,0.0,0
2026-06-26T13:23:16.087,timeseries,3,Weather Report Extended v2,mlx-community/Llama-3.2-1B-Instruct-4bit,299.0,13956.0,0.0,0
2026-06-26T13:23:16.150,timeseries,3,Weather Report Extended v2,mlx-community/Llama-3.2-1B-Instruct-4bit,837.0,11977.0,0.0,0
2026-06-26T13:23:16.213,timeseries,3,Weather Report Extended v2,mlx-community/Llama-3.2-1B-Instruct-4bit,2942.0,14469.0,0.0,0
2026-06-26T13:23:16.274,timeseries,3,Weather Report Extended v2,mlx-community/Llama-3.2-1B-Instruct-4bit,1588.0,12461.0,0.0,0
2026-06-26T13:23:16.338,timeseries,3,Weather Report Extended v2,mlx-community/Llama-3.2-1B-Instruct-4bit,402.0,14172.0,0.0,0
2026-06-26T13:23:16.401,timeseries,3,Weather Report Extended v2,mlx-community/Llama-3.2-1B-Instruct-4bit,288.0,12561.0,0.0,0
2026-06-26T13:23:16.464,timeseries,3,Weather Report Extended v2,mlx-community/Llama-3.2-1B-Instruct-4bit,300.0,14124.0,0.0,0
2026-06-26T13:23:16.528,timeseries,3,Weather Report Extended v2,mlx-community/Llama-3.2-1B-Instruct-4bit,314.0,12280.0,0.0,0
2026-06-26T13:23:16.592,timeseries,3,Weather Report Extended v2,mlx-community/Llama-3.2-1B-Instruct-4bit,286.0,14205.0,0.0,0
2026-06-26T13:23:16.656,timeseries,3,Weather Report Extended v2,mlx-community/Llama-3.2-1B-Instruct-4bit,421.0,13908.0,0.0,0
2026-06-26T13:23:16.720,timeseries,3,Weather Report Extended v2,mlx-community/Llama-3.2-1B-Instruct-4bit,268.0,12335.0,0.0,0
2026-06-26T13:23:16.785,timeseries,3,Weather Report Extended v2,mlx-community/Llama-3.2-1B-Instruct-4bit,265.0,13962.0,0.0,0
2026-06-26T13:23:16.849,timeseries,3,Weather Report Extended v2,mlx-community/Llama-3.2-1B-Instruct-4bit,346.0,13733.0,0.0,0
2026-06-26T13:23:16.912,timeseries,3,Weather Report Extended v2,mlx-community/Llama-3.2-1B-Instruct-4bit,354.0,13530.0,0.0,0
2026-06-26T13:23:16.975,timeseries,3,Weather Report Extended v2,mlx-community/Llama-3.2-1B-Instruct-4bit,281.0,12244.0,0.0,0
2026-06-26T13:23:17.036,timeseries,3,Weather Report Extended v2,mlx-community/Llama-3.2-1B-Instruct-4bit,254.0,14219.0,0.0,0
2026-06-26T13:23:17.099,timeseries,3,Weather Report Extended v2,mlx-community/Llama-3.2-1B-Instruct-4bit,381.0,12413.0,0.0,0
2026-06-26T13:23:17.162,timeseries,3,Weather Report Extended v2,mlx-community/Llama-3.2-1B-Instruct-4bit,424.0,14590.0,0.0,0
2026-06-26T13:23:17.224,timeseries,3,Weather Report Extended v2,mlx-community/Llama-3.2-1B-Instruct-4bit,255.0,12542.0,0.0,0
2026-06-26T13:23:17.285,timeseries,3,Weather Report Extended v2,mlx-community/Llama-3.2-1B-Instruct-4bit,395.0,14050.0,0.0,0
2026-06-26T13:23:17.347,timeseries,3,Weather Report Extended v2,mlx-community/Llama-3.2-1B-Instruct-4bit,1100.0,12613.0,0.0,0
2026-06-26T13:23:17.408,timeseries,3,Weather Report Extended v2,mlx-community/Llama-3.2-1B-Instruct-4bit,461.0,12986.0,0.0,0
2026-06-26T13:23:17.468,timeseries,3,Weather Report Extended v2,mlx-community/Llama-3.2-1B-Instruct-4bit,388.0,14466.0,0.0,0
2026-06-26T13:23:17.531,timeseries,3,Weather Report Extended v2,mlx-community/Llama-3.2-1B-Instruct-4bit,362.0,12889.0,0.0,0
2026-06-26T13:23:17.594,timeseries,3,Weather Report Extended v2,mlx-community/Llama-3.2-1B-Instruct-4bit,457.0,12719.0,0.0,0
2026-06-26T13:23:17.656,timeseries,3,Weather Report Extended v2,mlx-community/Llama-3.2-1B-Instruct-4bit,419.0,14491.0,0.0,0
2026-06-26T13:23:17.719,timeseries,3,Weather Report Extended v2,mlx-community/Llama-3.2-1B-Instruct-4bit,274.0,12599.0,0.0,0
2026-06-26T13:23:17.781,timeseries,3,Weather Report Extended v2,mlx-community/Llama-3.2-1B-Instruct-4bit,317.0,14238.0,0.0,0
2026-06-26T13:23:17.843,timeseries,3,Weather Report Extended v2,mlx-community/Llama-3.2-1B-Instruct-4bit,272.0,12395.0,0.0,0
2026-06-26T13:23:17.906,timeseries,3,Weather Report Extended v2,mlx-community/Llama-3.2-1B-Instruct-4bit,254.0,14257.0,0.0,0
2026-06-26T13:23:17.968,timeseries,3,Weather Report Extended v2,mlx-community/Llama-3.2-1B-Instruct-4bit,275.0,12746.0,0.0,0
2026-06-26T13:23:18.030,timeseries,3,Weather Report Extended v2,mlx-community/Llama-3.2-1B-Instruct-4bit,255.0,14142.0,0.0,0
2026-06-26T13:23:18.093,timeseries,3,Weather Report Extended v2,mlx-community/Llama-3.2-1B-Instruct-4bit,336.0,12571.0,0.0,0
2026-06-26T13:23:18.156,timeseries,3,Weather Report Extended v2,mlx-community/Llama-3.2-1B-Instruct-4bit,390.0,14565.0,0.0,0
2026-06-26T13:23:18.220,timeseries,3,Weather Report Extended v2,mlx-community/Llama-3.2-1B-Instruct-4bit,269.0,12442.0,0.0,0
2026-06-26T13:23:18.283,timeseries,3,Weather Report Extended v2,mlx-community/Llama-3.2-1B-Instruct-4bit,254.0,14202.0,0.0,0
2026-06-26T13:23:18.347,timeseries,3,Weather Report Extended v2,mlx-community/Llama-3.2-1B-Instruct-4bit,375.0,13890.0,0.0,0
2026-06-26T13:23:18.409,timeseries,3,Weather Report Extended v2,mlx-community/Llama-3.2-1B-Instruct-4bit,301.0,12459.0,0.0,0
2026-06-26T13:23:18.472,timeseries,3,Weather Report Extended v2,mlx-community/Llama-3.2-1B-Instruct-4bit,750.0,13775.0,0.0,0
2026-06-26T13:23:18.534,timeseries,3,Weather Report Extended v2,mlx-community/Llama-3.2-1B-Instruct-4bit,1149.0,12702.0,0.0,0
2026-06-26T13:23:18.598,timeseries,3,Weather Report Extended v2,mlx-community/Llama-3.2-1B-Instruct-4bit,935.0,14243.0,0.0,0
2026-06-26T13:23:18.660,timeseries,3,Weather Report Extended v2,mlx-community/Llama-3.2-1B-Instruct-4bit,471.0,12895.0,0.0,0
2026-06-26T13:23:18.723,timeseries,3,Weather Report Extended v2,mlx-community/Llama-3.2-1B-Instruct-4bit,423.0,14023.0,0.0,0
2026-06-26T13:23:18.786,timeseries,3,Weather Report Extended v2,mlx-community/Llama-3.2-1B-Instruct-4bit,306.0,12681.0,0.0,0
2026-06-26T13:23:18.849,timeseries,3,Weather Report Extended v2,mlx-community/Llama-3.2-1B-Instruct-4bit,284.0,14164.0,0.0,0
2026-06-26T13:23:18.912,timeseries,3,Weather Report Extended v2,mlx-community/Llama-3.2-1B-Instruct-4bit,255.0,14236.0,0.0,0
2026-06-26T13:23:18.977,timeseries,3,Weather Report Extended v2,mlx-community/Llama-3.2-1B-Instruct-4bit,284.0,12373.0,0.0,0
2026-06-26T13:23:19.039,timeseries,3,Weather Report Extended v2,mlx-community/Llama-3.2-1B-Instruct-4bit,252.0,14157.0,0.0,0
2026-06-26T13:23:19.101,timeseries,3,Weather Report Extended v2,mlx-community/Llama-3.2-1B-Instruct-4bit,423.0,12165.0,0.0,0
2026-06-26T13:23:19.163,timeseries,3,Weather Report Extended v2,mlx-community/Llama-3.2-1B-Instruct-4bit,384.0,14331.0,0.0,0
2026-06-26T13:23:19.226,timeseries,3,Weather Report Extended v2,mlx-community/Llama-3.2-1B-Instruct-4bit,277.0,12779.0,0.0,0
2026-06-26T13:23:19.289,timeseries,3,Weather Report Extended v2,mlx-community/Llama-3.2-1B-Instruct-4bit,253.0,14229.0,0.0,0
2026-06-26T13:23:19.351,timeseries,3,Weather Report Extended v2,mlx-community/Llama-3.2-1B-Instruct-4bit,428.0,12295.0,0.0,0
2026-06-26T13:23:19.413,timeseries,3,Weather Report Extended v2,mlx-community/Llama-3.2-1B-Instruct-4bit,303.0,13266.0,0.0,0
2026-06-26T13:23:19.475,timeseries,3,Weather Report Extended v2,mlx-community/Llama-3.2-1B-Instruct-4bit,582.0,11181.0,0.0,0
2026-06-26T13:23:19.539,timeseries,3,Weather Report Extended v2,mlx-community/Llama-3.2-1B-Instruct-4bit,384.0,14293.0,0.0,0
2026-06-26T13:23:19.600,timeseries,3,Weather Report Extended v2,mlx-community/Llama-3.2-1B-Instruct-4bit,421.0,12647.0,0.0,0
2026-06-26T13:23:19.664,timeseries,3,Weather Report Extended v2,mlx-community/Llama-3.2-1B-Instruct-4bit,499.0,14004.0,0.0,0
2026-06-26T13:23:19.727,timeseries,3,Weather Report Extended v2,mlx-community/Llama-3.2-1B-Instruct-4bit,280.0,12997.0,0.0,0
2026-06-26T13:23:19.791,timeseries,3,Weather Report Extended v2,mlx-community/Llama-3.2-1B-Instruct-4bit,266.0,14044.0,0.0,0
2026-06-26T13:23:19.855,timeseries,3,Weather Report Extended v2,mlx-community/Llama-3.2-1B-Instruct-4bit,267.0,14063.0,0.0,0
2026-06-26T13:23:19.917,timeseries,3,Weather Report Extended v2,mlx-community/Llama-3.2-1B-Instruct-4bit,268.0,12347.0,0.0,0
2026-06-26T13:23:19.979,timeseries,3,Weather Report Extended v2,mlx-community/Llama-3.2-1B-Instruct-4bit,252.0,14071.0,0.0,0
2026-06-26T13:23:20.041,timeseries,3,Weather Report Extended v2,mlx-community/Llama-3.2-1B-Instruct-4bit,1278.0,12265.0,0.0,0
2026-06-26T13:23:20.103,timeseries,3,Weather Report Extended v2,mlx-community/Llama-3.2-1B-Instruct-4bit,2200.0,14494.0,0.0,0
2026-06-26T13:23:20.165,timeseries,3,Weather Report Extended v2,mlx-community/Llama-3.2-1B-Instruct-4bit,787.0,12718.0,0.0,0
2026-06-26T13:23:20.228,timeseries,3,Weather Report Extended v2,mlx-community/Llama-3.2-1B-Instruct-4bit,515.0,14535.0,0.0,0
2026-06-26T13:23:20.290,timeseries,3,Weather Report Extended v2,mlx-community/Llama-3.2-1B-Instruct-4bit,497.0,12839.0,0.0,0
2026-06-26T13:23:20.353,timeseries,3,Weather Report Extended v2,mlx-community/Llama-3.2-1B-Instruct-4bit,528.0,14225.0,0.0,0
2026-06-26T13:23:20.417,timeseries,3,Weather Report Extended v2,mlx-community/Llama-3.2-1B-Instruct-4bit,336.0,12560.0,0.0,0
2026-06-26T13:23:20.479,timeseries,3,Weather Report Extended v2,mlx-community/Llama-3.2-1B-Instruct-4bit,302.0,14237.0,0.0,0
2026-06-26T13:23:20.540,timeseries,3,Weather Report Extended v2,mlx-community/Llama-3.2-1B-Instruct-4bit,238.0,12433.0,0.0,0
2026-06-26T13:23:20.602,timeseries,3,Weather Report Extended v2,mlx-community/Llama-3.2-1B-Instruct-4bit,414.0,12397.0,0.0,0
2026-06-26T13:23:20.664,timeseries,3,Weather Report Extended v2,mlx-community/Llama-3.2-1B-Instruct-4bit,507.0,14715.0,0.0,0
2026-06-26T13:23:20.728,timeseries,3,Weather Report Extended v2,mlx-community/Llama-3.2-1B-Instruct-4bit,420.0,12775.0,0.0,0
2026-06-26T13:23:20.791,timeseries,3,Weather Report Extended v2,mlx-community/Llama-3.2-1B-Instruct-4bit,308.0,14519.0,0.0,0
2026-06-26T13:23:20.855,timeseries,3,Weather Report Extended v2,mlx-community/Llama-3.2-1B-Instruct-4bit,266.0,14086.0,0.0,0
2026-06-26T13:23:20.919,timeseries,3,Weather Report Extended v2,mlx-community/Llama-3.2-1B-Instruct-4bit,268.0,12405.0,0.0,0
2026-06-26T13:23:20.983,timeseries,3,Weather Report Extended v2,mlx-community/Llama-3.2-1B-Instruct-4bit,268.0,14072.0,0.0,0
2026-06-26T13:23:21.045,timeseries,3,Weather Report Extended v2,mlx-community/Llama-3.2-1B-Instruct-4bit,249.0,13929.0,0.0,0
2026-06-26T13:23:21.107,timeseries,3,Weather Report Extended v2,mlx-community/Llama-3.2-1B-Instruct-4bit,406.0,12264.0,0.0,0
2026-06-26T13:23:21.169,timeseries,3,Weather Report Extended v2,mlx-community/Llama-3.2-1B-Instruct-4bit,352.0,14433.0,0.0,0
2026-06-26T13:23:21.232,timeseries,3,Weather Report Extended v2,mlx-community/Llama-3.2-1B-Instruct-4bit,293.0,12694.0,0.0,0
2026-06-26T13:23:21.294,timeseries,3,Weather Report Extended v2,mlx-community/Llama-3.2-1B-Instruct-4bit,242.0,12716.0,0.0,0
2026-06-26T13:23:21.358,timeseries,3,Weather Report Extended v2,mlx-community/Llama-3.2-1B-Instruct-4bit,428.0,14171.0,0.0,0
2026-06-26T13:23:21.421,timeseries,3,Weather Report Extended v2,mlx-community/Llama-3.2-1B-Instruct-4bit,272.0,14308.0,0.0,0
2026-06-26T13:23:21.485,timeseries,3,Weather Report Extended v2,mlx-community/Llama-3.2-1B-Instruct-4bit,288.0,12572.0,0.0,0
2026-06-26T13:23:21.548,timeseries,3,Weather Report Extended v2,mlx-community/Llama-3.2-1B-Instruct-4bit,250.0,13978.0,0.0,0
2026-06-26T13:23:21.611,timeseries,3,Weather Report Extended v2,mlx-community/Llama-3.2-1B-Instruct-4bit,388.0,12100.0,0.0,0
2026-06-26T13:23:21.673,timeseries,3,Weather Report Extended v2,mlx-community/Llama-3.2-1B-Instruct-4bit,303.0,14381.0,0.0,0
2026-06-26T13:23:21.734,timeseries,3,Weather Report Extended v2,mlx-community/Llama-3.2-1B-Instruct-4bit,348.0,12359.0,0.0,0
2026-06-26T13:23:21.797,timeseries,3,Weather Report Extended v2,mlx-community/Llama-3.2-1B-Instruct-4bit,327.0,14610.0,0.0,0
2026-06-26T13:23:21.860,timeseries,3,Weather Report Extended v2,mlx-community/Llama-3.2-1B-Instruct-4bit,243.0,12821.0,0.0,0
2026-06-26T13:23:21.924,timeseries,3,Weather Report Extended v2,mlx-community/Llama-3.2-1B-Instruct-4bit,252.0,14113.0,0.0,0
2026-06-26T13:23:21.988,timeseries,3,Weather Report Extended v2,mlx-community/Llama-3.2-1B-Instruct-4bit,239.0,14310.0,0.0,0
2026-06-26T13:23:22.050,timeseries,3,Weather Report Extended v2,mlx-community/Llama-3.2-1B-Instruct-4bit,235.0,12275.0,0.0,0
2026-06-26T13:23:22.114,timeseries,3,Weather Report Extended v2,mlx-community/Llama-3.2-1B-Instruct-4bit,407.0,13887.0,0.0,0
2026-06-26T13:23:22.177,timeseries,3,Weather Report Extended v2,mlx-community/Llama-3.2-1B-Instruct-4bit,321.0,12644.0,0.0,0
2026-06-26T13:23:22.241,timeseries,3,Weather Report Extended v2,mlx-community/Llama-3.2-1B-Instruct-4bit,250.0,13932.0,0.0,0
2026-06-26T13:23:22.304,timeseries,3,Weather Report Extended v2,mlx-community/Llama-3.2-1B-Instruct-4bit,271.0,14266.0,0.0,0
2026-06-26T13:23:22.367,timeseries,3,Weather Report Extended v2,mlx-community/Llama-3.2-1B-Instruct-4bit,374.0,12176.0,0.0,0
2026-06-26T13:23:22.429,timeseries,3,Weather Report Extended v2,mlx-community/Llama-3.2-1B-Instruct-4bit,254.0,14148.0,0.0,0
2026-06-26T13:23:22.492,timeseries,3,Weather Report Extended v2,mlx-community/Llama-3.2-1B-Instruct-4bit,258.0,12677.0,0.0,0
2026-06-26T13:23:22.554,timeseries,3,Weather Report Extended v2,mlx-community/Llama-3.2-1B-Instruct-4bit,269.0,14102.0,0.0,0
2026-06-26T13:23:22.617,timeseries,3,Weather Report Extended v2,mlx-community/Llama-3.2-1B-Instruct-4bit,429.0,12355.0,0.0,0
2026-06-26T13:23:22.679,timeseries,3,Weather Report Extended v2,mlx-community/Llama-3.2-1B-Instruct-4bit,355.0,14461.0,0.0,0
2026-06-26T13:23:22.741,timeseries,3,Weather Report Extended v2,mlx-community/Llama-3.2-1B-Instruct-4bit,260.0,12803.0,0.0,0
2026-06-26T13:23:22.804,timeseries,3,Weather Report Extended v2,mlx-community/Llama-3.2-1B-Instruct-4bit,396.0,14223.0,0.0,0
2026-06-26T13:23:22.867,timeseries,3,Weather Report Extended v2,mlx-community/Llama-3.2-1B-Instruct-4bit,289.0,12590.0,0.0,0
2026-06-26T13:23:22.930,timeseries,3,Weather Report Extended v2,mlx-community/Llama-3.2-1B-Instruct-4bit,254.0,14267.0,0.0,0
2026-06-26T13:23:22.994,timeseries,3,Weather Report Extended v2,mlx-community/Llama-3.2-1B-Instruct-4bit,243.0,12714.0,0.0,0
2026-06-26T13:23:23.057,timeseries,3,Weather Report Extended v2,mlx-community/Llama-3.2-1B-Instruct-4bit,250.0,13947.0,0.0,0
2026-06-26T13:23:23.119,timeseries,3,Weather Report Extended v2,mlx-community/Llama-3.2-1B-Instruct-4bit,438.0,12069.0,0.0,0
2026-06-26T13:23:23.181,timeseries,3,Weather Report Extended v2,mlx-community/Llama-3.2-1B-Instruct-4bit,383.0,14317.0,0.0,0
2026-06-26T13:23:23.246,timeseries,3,Weather Report Extended v2,mlx-community/Llama-3.2-1B-Instruct-4bit,258.0,12656.0,0.0,0
2026-06-26T13:23:23.309,timeseries,3,Weather Report Extended v2,mlx-community/Llama-3.2-1B-Instruct-4bit,272.0,14225.0,0.0,0
2026-06-26T13:23:23.372,timeseries,3,Weather Report Extended v2,mlx-community/Llama-3.2-1B-Instruct-4bit,702.0,13809.0,0.0,0
2026-06-26T13:23:23.436,timeseries,3,Weather Report Extended v2,mlx-community/Llama-3.2-1B-Instruct-4bit,238.0,12544.0,0.0,0
2026-06-26T13:23:23.500,timeseries,3,Weather Report Extended v2,mlx-community/Llama-3.2-1B-Instruct-4bit,267.0,14103.0,0.0,0
2026-06-26T13:23:23.563,timeseries,3,Weather Report Extended v2,mlx-community/Llama-3.2-1B-Instruct-4bit,377.0,13936.0,0.0,0
2026-06-26T13:23:23.624,timeseries,3,Weather Report Extended v2,mlx-community/Llama-3.2-1B-Instruct-4bit,805.0,9887.0,0.0,0
2026-06-26T13:23:23.689,timeseries,3,Weather Report Extended v2,mlx-community/Llama-3.2-1B-Instruct-4bit,415.0,14281.0,0.0,0
2026-06-26T13:23:23.750,timeseries,3,Weather Report Extended v2,mlx-community/Llama-3.2-1B-Instruct-4bit,288.0,12499.0,0.0,0
2026-06-26T13:23:23.814,timeseries,3,Weather Report Extended v2,mlx-community/Llama-3.2-1B-Instruct-4bit,328.0,13918.0,0.0,0
2026-06-26T13:23:23.876,timeseries,3,Weather Report Extended v2,mlx-community/Llama-3.2-1B-Instruct-4bit,290.0,12725.0,0.0,0
2026-06-26T13:23:23.940,timeseries,3,Weather Report Extended v2,mlx-community/Llama-3.2-1B-Instruct-4bit,238.0,14160.0,0.0,0
2026-06-26T13:23:24.003,timeseries,3,Weather Report Extended v2,mlx-community/Llama-3.2-1B-Instruct-4bit,256.0,12627.0,0.0,0
2026-06-26T13:23:24.066,timeseries,3,Weather Report Extended v2,mlx-community/Llama-3.2-1B-Instruct-4bit,251.0,14044.0,0.0,0
2026-06-26T13:23:24.130,timeseries,3,Weather Report Extended v2,mlx-community/Llama-3.2-1B-Instruct-4bit,426.0,14070.0,0.0,0
2026-06-26T13:23:24.193,timeseries,3,Weather Report Extended v2,mlx-community/Llama-3.2-1B-Instruct-4bit,272.0,12629.0,0.0,0
2026-06-26T13:23:24.258,timeseries,3,Weather Report Extended v2,mlx-community/Llama-3.2-1B-Instruct-4bit,265.0,13914.0,0.0,0
2026-06-26T13:23:24.320,timeseries,3,Weather Report Extended v2,mlx-community/Llama-3.2-1B-Instruct-4bit,301.0,14086.0,0.0,0
2026-06-26T13:23:24.382,timeseries,3,Weather Report Extended v2,mlx-community/Llama-3.2-1B-Instruct-4bit,401.0,12055.0,0.0,0
2026-06-26T13:23:24.446,timeseries,3,Weather Report Extended v2,mlx-community/Llama-3.2-1B-Instruct-4bit,258.0,12687.0,0.0,0
2026-06-26T13:23:24.510,timeseries,3,Weather Report Extended v2,mlx-community/Llama-3.2-1B-Instruct-4bit,240.0,14326.0,0.0,0
2026-06-26T13:23:24.573,timeseries,3,Weather Report Extended v2,mlx-community/Llama-3.2-1B-Instruct-4bit,298.0,13973.0,0.0,0
2026-06-26T13:23:24.636,timeseries,3,Weather Report Extended v2,mlx-community/Llama-3.2-1B-Instruct-4bit,436.0,12181.0,0.0,0
2026-06-26T13:23:24.701,timeseries,3,Weather Report Extended v2,mlx-community/Llama-3.2-1B-Instruct-4bit,286.0,14182.0,0.0,0
2026-06-26T13:23:24.765,timeseries,3,Weather Report Extended v2,mlx-community/Llama-3.2-1B-Instruct-4bit,269.0,14119.0,0.0,0
2026-06-26T13:23:24.828,timeseries,3,Weather Report Extended v2,mlx-community/Llama-3.2-1B-Instruct-4bit,265.0,12247.0,0.0,0
2026-06-26T13:23:24.890,timeseries,3,Weather Report Extended v2,mlx-community/Llama-3.2-1B-Instruct-4bit,314.0,14000.0,0.0,0
2026-06-26T13:23:24.952,timeseries,3,Weather Report Extended v2,mlx-community/Llama-3.2-1B-Instruct-4bit,287.0,12506.0,0.0,0
2026-06-26T13:23:25.015,timeseries,3,Weather Report Extended v2,mlx-community/Llama-3.2-1B-Instruct-4bit,271.0,14261.0,0.0,0
2026-06-26T13:23:25.078,timeseries,3,Weather Report Extended v2,mlx-community/Llama-3.2-1B-Instruct-4bit,274.0,14390.0,0.0,0
2026-06-26T13:23:25.141,timeseries,3,Weather Report Extended v2,mlx-community/Llama-3.2-1B-Instruct-4bit,393.0,12283.0,0.0,0
2026-06-26T13:23:25.203,timeseries,3,Weather Report Extended v2,mlx-community/Llama-3.2-1B-Instruct-4bit,923.0,14191.0,0.0,0
2026-06-26T13:23:25.266,timeseries,3,Weather Report Extended v2,mlx-community/Llama-3.2-1B-Instruct-4bit,1987.0,12676.0,0.0,0
2026-06-26T13:23:25.329,timeseries,3,Weather Report Extended v2,mlx-community/Llama-3.2-1B-Instruct-4bit,899.0,14454.0,0.0,0
2026-06-26T13:23:25.390,timeseries,3,Weather Report Extended v2,mlx-community/Llama-3.2-1B-Instruct-4bit,570.0,12436.0,0.0,0
2026-06-26T13:23:25.452,timeseries,3,Weather Report Extended v2,mlx-community/Llama-3.2-1B-Instruct-4bit,449.0,12678.0,0.0,0
2026-06-26T13:23:25.515,timeseries,3,Weather Report Extended v2,mlx-community/Llama-3.2-1B-Instruct-4bit,376.0,14716.0,0.0,0
2026-06-26T13:23:25.578,timeseries,3,Weather Report Extended v2,mlx-community/Llama-3.2-1B-Instruct-4bit,275.0,12764.0,0.0,0
2026-06-26T13:23:25.642,timeseries,3,Weather Report Extended v2,mlx-community/Llama-3.2-1B-Instruct-4bit,550.0,14087.0,0.0,0
2026-06-26T13:23:25.705,timeseries,3,Weather Report Extended v2,mlx-community/Llama-3.2-1B-Instruct-4bit,333.0,14289.0,0.0,0
2026-06-26T13:23:25.768,timeseries,3,Weather Report Extended v2,mlx-community/Llama-3.2-1B-Instruct-4bit,252.0,12326.0,0.0,0
2026-06-26T13:23:25.832,timeseries,3,Weather Report Extended v2,mlx-community/Llama-3.2-1B-Instruct-4bit,269.0,14190.0,0.0,0
2026-06-26T13:23:25.896,timeseries,3,Weather Report Extended v2,mlx-community/Llama-3.2-1B-Instruct-4bit,271.0,12603.0,0.0,0
2026-06-26T13:23:25.958,timeseries,3,Weather Report Extended v2,mlx-community/Llama-3.2-1B-Instruct-4bit,317.0,14100.0,0.0,0
2026-06-26T13:23:26.023,timeseries,3,Weather Report Extended v2,mlx-community/Llama-3.2-1B-Instruct-4bit,387.0,13928.0,0.0,0
2026-06-26T13:23:26.086,timeseries,3,Weather Report Extended v2,mlx-community/Llama-3.2-1B-Instruct-4bit,318.0,12442.0,0.0,0
2026-06-26T13:23:26.149,timeseries,3,Weather Report Extended v2,mlx-community/Llama-3.2-1B-Instruct-4bit,545.0,13858.0,0.0,0
2026-06-26T13:23:26.212,timeseries,3,Weather Report Extended v2,mlx-community/Llama-3.2-1B-Instruct-4bit,285.0,14264.0,0.0,0
2026-06-26T13:23:26.274,timeseries,3,Weather Report Extended v2,mlx-community/Llama-3.2-1B-Instruct-4bit,254.0,12381.0,0.0,0
2026-06-26T13:23:26.337,timeseries,3,Weather Report Extended v2,mlx-community/Llama-3.2-1B-Instruct-4bit,380.0,14078.0,0.0,0
2026-06-26T13:23:26.400,timeseries,3,Weather Report Extended v2,mlx-community/Llama-3.2-1B-Instruct-4bit,275.0,12757.0,0.0,0
2026-06-26T13:23:26.464,timeseries,3,Weather Report Extended v2,mlx-community/Llama-3.2-1B-Instruct-4bit,271.0,14351.0,0.0,0
2026-06-26T13:23:26.529,timeseries,3,Weather Report Extended v2,mlx-community/Llama-3.2-1B-Instruct-4bit,236.0,12365.0,0.0,0
2026-06-26T13:23:26.592,timeseries,3,Weather Report Extended v2,mlx-community/Llama-3.2-1B-Instruct-4bit,269.0,14097.0,0.0,0
2026-06-26T13:23:26.655,timeseries,3,Weather Report Extended v2,mlx-community/Llama-3.2-1B-Instruct-4bit,444.0,13715.0,0.0,0
2026-06-26T13:23:26.717,timeseries,3,Weather Report Extended v2,mlx-community/Llama-3.2-1B-Instruct-4bit,299.0,12386.0,0.0,0
2026-06-26T13:23:26.780,timeseries,3,Weather Report Extended v2,mlx-community/Llama-3.2-1B-Instruct-4bit,257.0,14437.0,0.0,0
2026-06-26T13:23:26.843,timeseries,3,Weather Report Extended v2,mlx-community/Llama-3.2-1B-Instruct-4bit,272.0,12632.0,0.0,0
2026-06-26T13:23:26.905,timeseries,3,Weather Report Extended v2,mlx-community/Llama-3.2-1B-Instruct-4bit,413.0,14132.0,0.0,0
2026-06-26T13:23:26.969,timeseries,3,Weather Report Extended v2,mlx-community/Llama-3.2-1B-Instruct-4bit,459.0,12237.0,0.0,0
2026-06-26T13:23:27.031,timeseries,3,Weather Report Extended v2,mlx-community/Llama-3.2-1B-Instruct-4bit,355.0,14423.0,0.0,0
2026-06-26T13:23:27.093,timeseries,3,Weather Report Extended v2,mlx-community/Llama-3.2-1B-Instruct-4bit,317.0,12488.0,0.0,0
2026-06-26T13:23:27.156,timeseries,3,Weather Report Extended v2,mlx-community/Llama-3.2-1B-Instruct-4bit,354.0,14439.0,0.0,0
2026-06-26T13:23:27.218,timeseries,3,Weather Report Extended v2,mlx-community/Llama-3.2-1B-Instruct-4bit,306.0,12693.0,0.0,0
2026-06-26T13:23:27.281,timeseries,3,Weather Report Extended v2,mlx-community/Llama-3.2-1B-Instruct-4bit,269.0,14258.0,0.0,0
2026-06-26T13:23:27.344,timeseries,3,Weather Report Extended v2,mlx-community/Llama-3.2-1B-Instruct-4bit,621.0,12318.0,0.0,0
2026-06-26T13:23:27.405,timeseries,3,Weather Report Extended v2,mlx-community/Llama-3.2-1B-Instruct-4bit,783.0,14438.0,0.0,0
2026-06-26T13:23:27.467,timeseries,3,Weather Report Extended v2,mlx-community/Llama-3.2-1B-Instruct-4bit,480.0,12635.0,0.0,0
2026-06-26T13:23:27.531,timeseries,3,Weather Report Extended v2,mlx-community/Llama-3.2-1B-Instruct-4bit,310.0,14728.0,0.0,0
2026-06-26T13:23:27.595,timeseries,3,Weather Report Extended v2,mlx-community/Llama-3.2-1B-Instruct-4bit,291.0,12809.0,0.0,0
2026-06-26T13:23:27.656,timeseries,3,Weather Report Extended v2,mlx-community/Llama-3.2-1B-Instruct-4bit,498.0,14046.0,0.0,0
2026-06-26T13:23:27.721,timeseries,3,Weather Report Extended v2,mlx-community/Llama-3.2-1B-Instruct-4bit,300.0,12412.0,0.0,0
2026-06-26T13:23:27.784,timeseries,3,Weather Report Extended v2,mlx-community/Llama-3.2-1B-Instruct-4bit,273.0,14310.0,0.0,0
2026-06-26T13:23:27.848,timeseries,3,Weather Report Extended v2,mlx-community/Llama-3.2-1B-Instruct-4bit,558.0,11762.0,0.0,0
2026-06-26T13:23:27.910,timeseries,3,Weather Report Extended v2,mlx-community/Llama-3.2-1B-Instruct-4bit,410.0,12371.0,0.0,0
2026-06-26T13:23:27.972,timeseries,3,Weather Report Extended v2,mlx-community/Llama-3.2-1B-Instruct-4bit,330.0,14128.0,0.0,0
2026-06-26T13:23:28.033,timeseries,3,Weather Report Extended v2,mlx-community/Llama-3.2-1B-Instruct-4bit,324.0,12848.0,0.0,0
2026-06-26T13:23:28.097,timeseries,3,Weather Report Extended v2,mlx-community/Llama-3.2-1B-Instruct-4bit,334.0,14256.0,0.0,0
2026-06-26T13:23:28.161,timeseries,3,Weather Report Extended v2,mlx-community/Llama-3.2-1B-Instruct-4bit,396.0,12941.0,0.0,0
2026-06-26T13:23:28.223,timeseries,3,Weather Report Extended v2,mlx-community/Llama-3.2-1B-Instruct-4bit,249.0,14109.0,0.0,0
2026-06-26T13:23:28.285,timeseries,3,Weather Report Extended v2,mlx-community/Llama-3.2-1B-Instruct-4bit,282.0,12270.0,0.0,0
2026-06-26T13:23:28.348,timeseries,3,Weather Report Extended v2,mlx-community/Llama-3.2-1B-Instruct-4bit,418.0,14373.0,0.0,0
2026-06-26T13:23:28.412,timeseries,3,Weather Report Extended v2,mlx-community/Llama-3.2-1B-Instruct-4bit,307.0,12725.0,0.0,0
2026-06-26T13:23:28.474,timeseries,3,Weather Report Extended v2,mlx-community/Llama-3.2-1B-Instruct-4bit,269.0,14226.0,0.0,0
2026-06-26T13:23:28.535,timeseries,3,Weather Report Extended v2,mlx-community/Llama-3.2-1B-Instruct-4bit,898.0,14064.0,0.0,0
2026-06-26T13:23:28.598,timeseries,3,Weather Report Extended v2,mlx-community/Llama-3.2-1B-Instruct-4bit,1368.0,12631.0,0.0,0
2026-06-26T13:23:28.658,timeseries,3,Weather Report Extended v2,mlx-community/Llama-3.2-1B-Instruct-4bit,522.0,13068.0,0.0,0
2026-06-26T13:23:28.723,timeseries,3,Weather Report Extended v2,mlx-community/Llama-3.2-1B-Instruct-4bit,465.0,14463.0,0.0,0
2026-06-26T13:23:28.785,timeseries,3,Weather Report Extended v2,mlx-community/Llama-3.2-1B-Instruct-4bit,380.0,13031.0,0.0,0
2026-06-26T13:23:28.847,timeseries,3,Weather Report Extended v2,mlx-community/Llama-3.2-1B-Instruct-4bit,281.0,14112.0,0.0,0
2026-06-26T13:23:28.911,timeseries,3,Weather Report Extended v2,mlx-community/Llama-3.2-1B-Instruct-4bit,305.0,12614.0,0.0,0
2026-06-26T13:23:28.973,timeseries,3,Weather Report Extended v2,mlx-community/Llama-3.2-1B-Instruct-4bit,240.0,14383.0,0.0,0
2026-06-26T13:23:29.035,timeseries,3,Weather Report Extended v2,mlx-community/Llama-3.2-1B-Instruct-4bit,300.0,12430.0,0.0,0
2026-06-26T13:23:29.099,timeseries,3,Weather Report Extended v2,mlx-community/Llama-3.2-1B-Instruct-4bit,367.0,14329.0,0.0,0
2026-06-26T13:23:29.162,timeseries,3,Weather Report Extended v2,mlx-community/Llama-3.2-1B-Instruct-4bit,355.0,14553.0,0.0,0
2026-06-26T13:23:29.225,timeseries,3,Weather Report Extended v2,mlx-community/Llama-3.2-1B-Instruct-4bit,282.0,12391.0,0.0,0
2026-06-26T13:23:29.287,timeseries,3,Weather Report Extended v2,mlx-community/Llama-3.2-1B-Instruct-4bit,254.0,14280.0,0.0,0
2026-06-26T13:23:29.349,timeseries,3,Weather Report Extended v2,mlx-community/Llama-3.2-1B-Instruct-4bit,383.0,12518.0,0.0,0
2026-06-26T13:23:29.413,timeseries,3,Weather Report Extended v2,mlx-community/Llama-3.2-1B-Instruct-4bit,288.0,14335.0,0.0,0
2026-06-26T13:23:29.482,timeseries,3,Weather Report Extended v2,mlx-community/Llama-3.2-1B-Instruct-4bit,257.0,12634.0,0.0,0
2026-06-26T13:23:29.544,timeseries,3,Weather Report Extended v2,mlx-community/Llama-3.2-1B-Instruct-4bit,361.0,14043.0,0.0,0
2026-06-26T13:23:29.607,timeseries,3,Weather Report Extended v2,mlx-community/Llama-3.2-1B-Instruct-4bit,538.0,12903.0,0.0,0
2026-06-26T13:23:29.670,timeseries,3,Weather Report Extended v2,mlx-community/Llama-3.2-1B-Instruct-4bit,369.0,12659.0,0.0,0
2026-06-26T13:23:29.733,timeseries,3,Weather Report Extended v2,mlx-community/Llama-3.2-1B-Instruct-4bit,269.0,14261.0,0.0,0
2026-06-26T13:23:29.796,timeseries,3,Weather Report Extended v2,mlx-community/Llama-3.2-1B-Instruct-4bit,255.0,14401.0,0.0,0
2026-06-26T13:23:29.859,timeseries,3,Weather Report Extended v2,mlx-community/Llama-3.2-1B-Instruct-4bit,258.0,12711.0,0.0,0
2026-06-26T13:23:29.922,timeseries,3,Weather Report Extended v2,mlx-community/Llama-3.2-1B-Instruct-4bit,267.0,14022.0,0.0,0
2026-06-26T13:23:29.987,timeseries,3,Weather Report Extended v2,mlx-community/Llama-3.2-1B-Instruct-4bit,222.0,12451.0,0.0,0
2026-06-26T13:23:30.048,timeseries,3,Weather Report Extended v2,mlx-community/Llama-3.2-1B-Instruct-4bit,314.0,14073.0,0.0,0
2026-06-26T13:23:30.109,timeseries,3,Weather Report Extended v2,mlx-community/Llama-3.2-1B-Instruct-4bit,483.0,12242.0,0.0,0
2026-06-26T13:23:30.173,timeseries,3,Weather Report Extended v2,mlx-community/Llama-3.2-1B-Instruct-4bit,366.0,14984.0,0.0,0
2026-06-26T13:23:30.236,timeseries,3,Weather Report Extended v2,mlx-community/Llama-3.2-1B-Instruct-4bit,272.0,12693.0,0.0,0
2026-06-26T13:23:30.298,timeseries,3,Weather Report Extended v2,mlx-community/Llama-3.2-1B-Instruct-4bit,266.0,14049.0,0.0,0
2026-06-26T13:23:30.359,timeseries,3,Weather Report Extended v2,mlx-community/Llama-3.2-1B-Instruct-4bit,1008.0,12429.0,0.0,0
2026-06-26T13:23:30.421,timeseries,3,Weather Report Extended v2,mlx-community/Llama-3.2-1B-Instruct-4bit,2534.0,14552.0,0.0,0
2026-06-26T13:23:30.483,timeseries,3,Weather Report Extended v2,mlx-community/Llama-3.2-1B-Instruct-4bit,736.0,12946.0,0.0,0
2026-06-26T13:23:30.545,timeseries,3,Weather Report Extended v2,mlx-community/Llama-3.2-1B-Instruct-4bit,549.0,14600.0,0.0,0
2026-06-26T13:23:30.607,timeseries,3,Weather Report Extended v2,mlx-community/Llama-3.2-1B-Instruct-4bit,749.0,12617.0,0.0,0
2026-06-26T13:23:30.669,timeseries,3,Weather Report Extended v2,mlx-community/Llama-3.2-1B-Instruct-4bit,422.0,14728.0,0.0,0
2026-06-26T13:23:30.731,timeseries,3,Weather Report Extended v2,mlx-community/Llama-3.2-1B-Instruct-4bit,351.0,12590.0,0.0,0
2026-06-26T13:23:30.793,timeseries,3,Weather Report Extended v2,mlx-community/Llama-3.2-1B-Instruct-4bit,245.0,12967.0,0.0,0
2026-06-26T13:23:30.857,timeseries,3,Weather Report Extended v2,mlx-community/Llama-3.2-1B-Instruct-4bit,255.0,14363.0,0.0,0
2026-06-26T13:23:30.921,timeseries,3,Weather Report Extended v2,mlx-community/Llama-3.2-1B-Instruct-4bit,274.0,12765.0,0.0,0
2026-06-26T13:23:30.984,timeseries,3,Weather Report Extended v2,mlx-community/Llama-3.2-1B-Instruct-4bit,234.0,14126.0,0.0,0
2026-06-26T13:23:31.046,timeseries,3,Weather Report Extended v2,mlx-community/Llama-3.2-1B-Instruct-4bit,270.0,14273.0,0.0,0
2026-06-26T13:23:31.108,timeseries,3,Weather Report Extended v2,mlx-community/Llama-3.2-1B-Instruct-4bit,394.0,12376.0,0.0,0
2026-06-26T13:23:31.171,timeseries,3,Weather Report Extended v2,mlx-community/Llama-3.2-1B-Instruct-4bit,499.0,14494.0,0.0,0
2026-06-26T13:23:31.235,timeseries,3,Weather Report Extended v2,mlx-community/Llama-3.2-1B-Instruct-4bit,291.0,12662.0,0.0,0
2026-06-26T13:23:31.298,timeseries,3,Weather Report Extended v2,mlx-community/Llama-3.2-1B-Instruct-4bit,268.0,14179.0,0.0,0
2026-06-26T13:23:31.360,timeseries,3,Weather Report Extended v2,mlx-community/Llama-3.2-1B-Instruct-4bit,393.0,12280.0,0.0,0
2026-06-26T13:23:31.423,timeseries,3,Weather Report Extended v2,mlx-community/Llama-3.2-1B-Instruct-4bit,299.0,14127.0,0.0,0
2026-06-26T13:23:31.486,timeseries,3,Weather Report Extended v2,mlx-community/Llama-3.2-1B-Instruct-4bit,258.0,12739.0,0.0,0
2026-06-26T13:23:31.548,timeseries,3,Weather Report Extended v2,mlx-community/Llama-3.2-1B-Instruct-4bit,252.0,14203.0,0.0,0
2026-06-26T13:23:31.611,timeseries,3,Weather Report Extended v2,mlx-community/Llama-3.2-1B-Instruct-4bit,500.0,12587.0,0.0,0
2026-06-26T13:23:31.674,timeseries,3,Weather Report Extended v2,mlx-community/Llama-3.2-1B-Instruct-4bit,496.0,14476.0,0.0,0
2026-06-26T13:23:31.737,timeseries,3,Weather Report Extended v2,mlx-community/Llama-3.2-1B-Instruct-4bit,300.0,14181.0,0.0,0
2026-06-26T13:23:31.799,timeseries,3,Weather Report Extended v2,mlx-community/Llama-3.2-1B-Instruct-4bit,302.0,12463.0,0.0,0
2026-06-26T13:23:31.862,timeseries,3,Weather Report Extended v2,mlx-community/Llama-3.2-1B-Instruct-4bit,241.0,14535.0,0.0,0
2026-06-26T13:23:31.926,timeseries,3,Weather Report Extended v2,mlx-community/Llama-3.2-1B-Instruct-4bit,256.0,12741.0,0.0,0
2026-06-26T13:23:31.988,timeseries,3,Weather Report Extended v2,mlx-community/Llama-3.2-1B-Instruct-4bit,237.0,14155.0,0.0,0
2026-06-26T13:23:32.049,timeseries,3,Weather Report Extended v2,mlx-community/Llama-3.2-1B-Instruct-4bit,561.0,10154.0,0.0,0
2026-06-26T13:23:32.111,timeseries,3,Weather Report Extended v2,mlx-community/Llama-3.2-1B-Instruct-4bit,637.0,14243.0,0.0,0
2026-06-26T13:23:32.172,timeseries,3,Weather Report Extended v2,mlx-community/Llama-3.2-1B-Instruct-4bit,484.0,12805.0,0.0,0
2026-06-26T13:23:32.234,timeseries,3,Weather Report Extended v2,mlx-community/Llama-3.2-1B-Instruct-4bit,448.0,13084.0,0.0,0
2026-06-26T13:23:32.297,timeseries,3,Weather Report Extended v2,mlx-community/Llama-3.2-1B-Instruct-4bit,289.0,14459.0,0.0,0
2026-06-26T13:23:32.361,timeseries,3,Weather Report Extended v2,mlx-community/Llama-3.2-1B-Instruct-4bit,403.0,12710.0,0.0,0
2026-06-26T13:23:32.425,timeseries,3,Weather Report Extended v2,mlx-community/Llama-3.2-1B-Instruct-4bit,284.0,14256.0,0.0,0
2026-06-26T13:23:32.488,timeseries,3,Weather Report Extended v2,mlx-community/Llama-3.2-1B-Instruct-4bit,266.0,14127.0,0.0,0
2026-06-26T13:23:32.549,timeseries,3,Weather Report Extended v2,mlx-community/Llama-3.2-1B-Instruct-4bit,284.0,12464.0,0.0,0
2026-06-26T13:23:32.612,timeseries,3,Weather Report Extended v2,mlx-community/Llama-3.2-1B-Instruct-4bit,377.0,12362.0,0.0,0
2026-06-26T13:23:32.675,timeseries,3,Weather Report Extended v2,mlx-community/Llama-3.2-1B-Instruct-4bit,347.0,14889.0,0.0,0
2026-06-26T13:23:32.739,timeseries,3,Weather Report Extended v2,mlx-community/Llama-3.2-1B-Instruct-4bit,270.0,14246.0,0.0,0
2026-06-26T13:23:32.803,timeseries,3,Weather Report Extended v2,mlx-community/Llama-3.2-1B-Instruct-4bit,251.0,12378.0,0.0,0
2026-06-26T13:23:32.868,timeseries,3,Weather Report Extended v2,mlx-community/Llama-3.2-1B-Instruct-4bit,267.0,14216.0,0.0,0
2026-06-26T13:23:32.931,timeseries,3,Weather Report Extended v2,mlx-community/Llama-3.2-1B-Instruct-4bit,236.0,14092.0,0.0,0
2026-06-26T13:23:32.994,timeseries,3,Weather Report Extended v2,mlx-community/Llama-3.2-1B-Instruct-4bit,276.0,12066.0,0.0,0
2026-06-26T13:23:33.056,timeseries,3,Weather Report Extended v2,mlx-community/Llama-3.2-1B-Instruct-4bit,254.0,14241.0,0.0,0
2026-06-26T13:23:33.119,timeseries,3,Weather Report Extended v2,mlx-community/Llama-3.2-1B-Instruct-4bit,367.0,12590.0,0.0,0
2026-06-26T13:23:33.182,timeseries,3,Weather Report Extended v2,mlx-community/Llama-3.2-1B-Instruct-4bit,322.0,14629.0,0.0,0
2026-06-26T13:23:33.246,timeseries,3,Weather Report Extended v2,mlx-community/Llama-3.2-1B-Instruct-4bit,351.0,12486.0,0.0,0
2026-06-26T13:23:33.307,timeseries,3,Weather Report Extended v2,mlx-community/Llama-3.2-1B-Instruct-4bit,282.0,14070.0,0.0,0
2026-06-26T13:23:33.371,timeseries,3,Weather Report Extended v2,mlx-community/Llama-3.2-1B-Instruct-4bit,395.0,14156.0,0.0,0
2026-06-26T13:23:33.433,timeseries,3,Weather Report Extended v2,mlx-community/Llama-3.2-1B-Instruct-4bit,275.0,12854.0,0.0,0
2026-06-26T13:23:33.497,timeseries,3,Weather Report Extended v2,mlx-community/Llama-3.2-1B-Instruct-4bit,283.0,14150.0,0.0,0
2026-06-26T13:23:33.561,timeseries,3,Weather Report Extended v2,mlx-community/Llama-3.2-1B-Instruct-4bit,259.0,12742.0,0.0,0
2026-06-26T13:23:33.623,timeseries,3,Weather Report Extended v2,mlx-community/Llama-3.2-1B-Instruct-4bit,375.0,14004.0,0.0,0
2026-06-26T13:23:33.685,timeseries,3,Weather Report Extended v2,mlx-community/Llama-3.2-1B-Instruct-4bit,359.0,12315.0,0.0,0
2026-06-26T13:23:33.748,timeseries,3,Weather Report Extended v2,mlx-community/Llama-3.2-1B-Instruct-4bit,257.0,14407.0,0.0,0
2026-06-26T13:23:33.812,timeseries,3,Weather Report Extended v2,mlx-community/Llama-3.2-1B-Instruct-4bit,306.0,12673.0,0.0,0
2026-06-26T13:23:33.875,timeseries,3,Weather Report Extended v2,mlx-community/Llama-3.2-1B-Instruct-4bit,239.0,14428.0,0.0,0
2026-06-26T13:23:33.940,timeseries,3,Weather Report Extended v2,mlx-community/Llama-3.2-1B-Instruct-4bit,250.0,14072.0,0.0,0
2026-06-26T13:23:34.002,timeseries,3,Weather Report Extended v2,mlx-community/Llama-3.2-1B-Instruct-4bit,269.0,12379.0,0.0,0
2026-06-26T13:23:34.064,timeseries,3,Weather Report Extended v2,mlx-community/Llama-3.2-1B-Instruct-4bit,234.0,14073.0,0.0,0
2026-06-26T13:23:34.127,timeseries,3,Weather Report Extended v2,mlx-community/Llama-3.2-1B-Instruct-4bit,477.0,12541.0,0.0,0
2026-06-26T13:23:34.191,timeseries,3,Weather Report Extended v2,mlx-community/Llama-3.2-1B-Instruct-4bit,290.0,14542.0,0.0,0
2026-06-26T13:23:34.255,timeseries,3,Weather Report Extended v2,mlx-community/Llama-3.2-1B-Instruct-4bit,240.0,14352.0,0.0,0
2026-06-26T13:23:34.317,timeseries,3,Weather Report Extended v2,mlx-community/Llama-3.2-1B-Instruct-4bit,341.0,12167.0,0.0,0
2026-06-26T13:23:34.380,timeseries,3,Weather Report Extended v2,mlx-community/Llama-3.2-1B-Instruct-4bit,436.0,13865.0,0.0,0
2026-06-26T13:23:34.443,timeseries,3,Weather Report Extended v2,mlx-community/Llama-3.2-1B-Instruct-4bit,259.0,12861.0,0.0,0
2026-06-26T13:23:34.507,timeseries,3,Weather Report Extended v2,mlx-community/Llama-3.2-1B-Instruct-4bit,237.0,14150.0,0.0,0
2026-06-26T13:23:34.570,timeseries,3,Weather Report Extended v2,mlx-community/Llama-3.2-1B-Instruct-4bit,272.0,12562.0,0.0,0
2026-06-26T13:23:34.633,timeseries,3,Weather Report Extended v2,mlx-community/Llama-3.2-1B-Instruct-4bit,376.0,14094.0,0.0,0
2026-06-26T13:23:34.696,timeseries,3,Weather Report Extended v2,mlx-community/Llama-3.2-1B-Instruct-4bit,299.0,14192.0,0.0,0
2026-06-26T13:23:34.758,timeseries,3,Weather Report Extended v2,mlx-community/Llama-3.2-1B-Instruct-4bit,288.0,12689.0,0.0,0
2026-06-26T13:23:34.822,timeseries,3,Weather Report Extended v2,mlx-community/Llama-3.2-1B-Instruct-4bit,254.0,14319.0,0.0,0
2026-06-26T13:23:34.885,timeseries,3,Weather Report Extended v2,mlx-community/Llama-3.2-1B-Instruct-4bit,240.0,12683.0,0.0,0
2026-06-26T13:23:34.951,timeseries,3,Weather Report Extended v2,mlx-community/Llama-3.2-1B-Instruct-4bit,235.0,14176.0,0.0,0
2026-06-26T13:23:35.015,timeseries,3,Weather Report Extended v2,mlx-community/Llama-3.2-1B-Instruct-4bit,379.0,13988.0,0.0,0
2026-06-26T13:23:35.077,timeseries,3,Weather Report Extended v2,mlx-community/Llama-3.2-1B-Instruct-4bit,318.0,11856.0,0.0,0
2026-06-26T13:23:35.140,timeseries,3,Weather Report Extended v2,mlx-community/Llama-3.2-1B-Instruct-4bit,428.0,14253.0,0.0,0
2026-06-26T13:23:35.204,timeseries,3,Weather Report Extended v2,mlx-community/Llama-3.2-1B-Instruct-4bit,305.0,12685.0,0.0,0
2026-06-26T13:23:35.267,timeseries,3,Weather Report Extended v2,mlx-community/Llama-3.2-1B-Instruct-4bit,253.0,14281.0,0.0,0
2026-06-26T13:23:35.329,timeseries,3,Weather Report Extended v2,mlx-community/Llama-3.2-1B-Instruct-4bit,394.0,14146.0,0.0,0
2026-06-26T13:23:35.390,timeseries,3,Weather Report Extended v2,mlx-community/Llama-3.2-1B-Instruct-4bit,441.0,12418.0,0.0,0
2026-06-26T13:23:35.453,timeseries,3,Weather Report Extended v2,mlx-community/Llama-3.2-1B-Instruct-4bit,517.0,12611.0,0.0,0
2026-06-26T13:23:35.515,timeseries,3,Weather Report Extended v2,mlx-community/Llama-3.2-1B-Instruct-4bit,2302.0,14571.0,0.0,0
2026-06-26T13:23:35.578,timeseries,3,Weather Report Extended v2,mlx-community/Llama-3.2-1B-Instruct-4bit,797.0,12648.0,0.0,0
2026-06-26T13:23:35.641,timeseries,3,Weather Report Extended v2,mlx-community/Llama-3.2-1B-Instruct-4bit,822.0,14615.0,0.0,0
2026-06-26T13:23:35.703,timeseries,3,Weather Report Extended v2,mlx-community/Llama-3.2-1B-Instruct-4bit,458.0,14269.0,0.0,0
2026-06-26T13:23:35.766,timeseries,3,Weather Report Extended v2,mlx-community/Llama-3.2-1B-Instruct-4bit,417.0,12564.0,0.0,0
2026-06-26T13:23:35.830,timeseries,3,Weather Report Extended v2,mlx-community/Llama-3.2-1B-Instruct-4bit,303.0,14324.0,0.0,0
2026-06-26T13:23:35.894,timeseries,3,Weather Report Extended v2,mlx-community/Llama-3.2-1B-Instruct-4bit,287.0,12596.0,0.0,0
2026-06-26T13:23:35.956,timeseries,3,Weather Report Extended v2,mlx-community/Llama-3.2-1B-Instruct-4bit,249.0,14029.0,0.0,0
2026-06-26T13:23:36.020,timeseries,3,Weather Report Extended v2,mlx-community/Llama-3.2-1B-Instruct-4bit,391.0,12237.0,0.0,0
2026-06-26T13:23:36.083,timeseries,3,Weather Report Extended v2,mlx-community/Llama-3.2-1B-Instruct-4bit,290.0,14481.0,0.0,0
2026-06-26T13:23:36.146,timeseries,3,Weather Report Extended v2,mlx-community/Llama-3.2-1B-Instruct-4bit,579.0,14141.0,0.0,0
2026-06-26T13:23:36.210,timeseries,3,Weather Report Extended v2,mlx-community/Llama-3.2-1B-Instruct-4bit,353.0,12657.0,0.0,0
2026-06-26T13:23:36.273,timeseries,3,Weather Report Extended v2,mlx-community/Llama-3.2-1B-Instruct-4bit,299.0,13639.0,0.0,0
2026-06-26T13:23:36.334,timeseries,3,Weather Report Extended v2,mlx-community/Llama-3.2-1B-Instruct-4bit,694.0,10373.0,0.0,0
2026-06-26T13:23:36.397,timeseries,3,Weather Report Extended v2,mlx-community/Llama-3.2-1B-Instruct-4bit,585.0,14364.0,0.0,0
2026-06-26T13:23:36.459,timeseries,3,Weather Report Extended v2,mlx-community/Llama-3.2-1B-Instruct-4bit,393.0,12989.0,0.0,0
2026-06-26T13:23:36.523,timeseries,3,Weather Report Extended v2,mlx-community/Llama-3.2-1B-Instruct-4bit,302.0,14343.0,0.0,0
2026-06-26T13:23:36.586,timeseries,3,Weather Report Extended v2,mlx-community/Llama-3.2-1B-Instruct-4bit,260.0,12829.0,0.0,0
2026-06-26T13:23:36.649,timeseries,3,Weather Report Extended v2,mlx-community/Llama-3.2-1B-Instruct-4bit,421.0,14021.0,0.0,0
2026-06-26T13:23:36.712,timeseries,3,Weather Report Extended v2,mlx-community/Llama-3.2-1B-Instruct-4bit,285.0,14286.0,0.0,0
2026-06-26T13:23:36.775,timeseries,3,Weather Report Extended v2,mlx-community/Llama-3.2-1B-Instruct-4bit,255.0,12584.0,0.0,0
2026-06-26T13:23:36.837,timeseries,3,Weather Report Extended v2,mlx-community/Llama-3.2-1B-Instruct-4bit,237.0,14340.0,0.0,0
2026-06-26T13:23:36.900,timeseries,3,Weather Report Extended v2,mlx-community/Llama-3.2-1B-Instruct-4bit,256.0,12663.0,0.0,0
2026-06-26T13:23:36.965,timeseries,3,Weather Report Extended v2,mlx-community/Llama-3.2-1B-Instruct-4bit,271.0,14416.0,0.0,0
2026-06-26T13:23:37.030,timeseries,3,Weather Report Extended v2,mlx-community/Llama-3.2-1B-Instruct-4bit,238.0,12532.0,0.0,0
2026-06-26T13:23:37.092,timeseries,3,Weather Report Extended v2,mlx-community/Llama-3.2-1B-Instruct-4bit,296.0,14071.0,0.0,0
2026-06-26T13:23:37.154,timeseries,3,Weather Report Extended v2,mlx-community/Llama-3.2-1B-Instruct-4bit,399.0,13830.0,0.0,0
2026-06-26T13:23:37.217,timeseries,3,Weather Report Extended v2,mlx-community/Llama-3.2-1B-Instruct-4bit,323.0,12866.0,0.0,0
2026-06-26T13:23:37.280,timeseries,3,Weather Report Extended v2,mlx-community/Llama-3.2-1B-Instruct-4bit,256.0,14507.0,0.0,0
2026-06-26T13:23:37.342,timeseries,3,Weather Report Extended v2,mlx-community/Llama-3.2-1B-Instruct-4bit,352.0,12596.0,0.0,0
2026-06-26T13:23:37.405,timeseries,3,Weather Report Extended v2,mlx-community/Llama-3.2-1B-Instruct-4bit,896.0,14127.0,0.0,0
2026-06-26T13:23:37.466,timeseries,3,Weather Report Extended v2,mlx-community/Llama-3.2-1B-Instruct-4bit,515.0,12834.0,0.0,0
2026-06-26T13:23:37.528,timeseries,3,Weather Report Extended v2,mlx-community/Llama-3.2-1B-Instruct-4bit,435.0,14613.0,0.0,0
2026-06-26T13:23:37.591,timeseries,3,Weather Report Extended v2,mlx-community/Llama-3.2-1B-Instruct-4bit,406.0,12942.0,0.0,0
2026-06-26T13:23:37.653,timeseries,3,Weather Report Extended v2,mlx-community/Llama-3.2-1B-Instruct-4bit,472.0,14831.0,0.0,0
2026-06-26T13:23:37.715,timeseries,3,Weather Report Extended v2,mlx-community/Llama-3.2-1B-Instruct-4bit,362.0,12365.0,0.0,0
2026-06-26T13:23:37.778,timeseries,3,Weather Report Extended v2,mlx-community/Llama-3.2-1B-Instruct-4bit,258.0,12767.0,0.0,0
2026-06-26T13:23:37.842,timeseries,3,Weather Report Extended v2,mlx-community/Llama-3.2-1B-Instruct-4bit,257.0,14569.0,0.0,0
2026-06-26T13:23:37.905,timeseries,3,Weather Report Extended v2,mlx-community/Llama-3.2-1B-Instruct-4bit,253.0,14340.0,0.0,0
2026-06-26T13:23:37.966,timeseries,3,Weather Report Extended v2,mlx-community/Llama-3.2-1B-Instruct-4bit,301.0,12475.0,0.0,0
2026-06-26T13:23:38.031,timeseries,3,Weather Report Extended v2,mlx-community/Llama-3.2-1B-Instruct-4bit,254.0,14396.0,0.0,0
2026-06-26T13:23:38.095,timeseries,3,Weather Report Extended v2,mlx-community/Llama-3.2-1B-Instruct-4bit,307.0,12692.0,0.0,0
2026-06-26T13:23:38.158,timeseries,3,Weather Report Extended v2,mlx-community/Llama-3.2-1B-Instruct-4bit,338.0,13900.0,0.0,0
2026-06-26T13:23:38.222,timeseries,3,Weather Report Extended v2,mlx-community/Llama-3.2-1B-Instruct-4bit,285.0,14343.0,0.0,0
2026-06-26T13:23:38.284,timeseries,3,Weather Report Extended v2,mlx-community/Llama-3.2-1B-Instruct-4bit,238.0,12533.0,0.0,0
2026-06-26T13:23:38.346,timeseries,3,Weather Report Extended v2,mlx-community/Llama-3.2-1B-Instruct-4bit,497.0,13871.0,0.0,0
2026-06-26T13:23:38.408,timeseries,3,Weather Report Extended v2,mlx-community/Llama-3.2-1B-Instruct-4bit,279.0,13003.0,0.0,0
2026-06-26T13:23:38.473,timeseries,3,Weather Report Extended v2,mlx-community/Llama-3.2-1B-Instruct-4bit,302.0,14281.0,0.0,0
2026-06-26T13:23:38.534,timeseries,3,Weather Report Extended v2,mlx-community/Llama-3.2-1B-Instruct-4bit,257.0,12726.0,0.0,0
2026-06-26T13:23:38.597,timeseries,3,Weather Report Extended v2,mlx-community/Llama-3.2-1B-Instruct-4bit,1118.0,13772.0,0.0,0
2026-06-26T13:23:38.659,timeseries,3,Weather Report Extended v2,mlx-community/Llama-3.2-1B-Instruct-4bit,3743.0,12781.0,0.0,0
2026-06-26T13:23:38.720,timeseries,3,Weather Report Extended v2,mlx-community/Llama-3.2-1B-Instruct-4bit,822.0,14413.0,0.0,0
2026-06-26T13:23:38.783,timeseries,3,Weather Report Extended v2,mlx-community/Llama-3.2-1B-Instruct-4bit,539.0,13029.0,0.0,0
2026-06-26T13:23:38.845,timeseries,3,Weather Report Extended v2,mlx-community/Llama-3.2-1B-Instruct-4bit,501.0,14614.0,0.0,0
2026-06-26T13:23:38.907,timeseries,3,Weather Report Extended v2,mlx-community/Llama-3.2-1B-Instruct-4bit,611.0,12835.0,0.0,0
2026-06-26T13:23:38.969,timeseries,3,Weather Report Extended v2,mlx-community/Llama-3.2-1B-Instruct-4bit,756.0,12874.0,0.0,0
2026-06-26T13:23:39.032,timeseries,3,Weather Report Extended v2,mlx-community/Llama-3.2-1B-Instruct-4bit,702.0,14500.0,0.0,0
2026-06-26T13:23:39.093,timeseries,3,Weather Report Extended v2,mlx-community/Llama-3.2-1B-Instruct-4bit,1073.0,12855.0,0.0,0
2026-06-26T13:23:39.156,timeseries,3,Weather Report Extended v2,mlx-community/Llama-3.2-1B-Instruct-4bit,763.0,14520.0,0.0,0
2026-06-26T13:23:39.219,timeseries,3,Weather Report Extended v2,mlx-community/Llama-3.2-1B-Instruct-4bit,697.0,13007.0,0.0,0
2026-06-26T13:23:39.281,timeseries,3,Weather Report Extended v2,mlx-community/Llama-3.2-1B-Instruct-4bit,871.0,14389.0,0.0,0
2026-06-26T13:23:39.342,timeseries,3,Weather Report Extended v2,mlx-community/Llama-3.2-1B-Instruct-4bit,980.0,12767.0,0.0,0
2026-06-26T13:23:39.403,timeseries,3,Weather Report Extended v2,mlx-community/Llama-3.2-1B-Instruct-4bit,648.0,14798.0,0.0,0
2026-06-26T13:23:39.466,timeseries,3,Weather Report Extended v2,mlx-community/Llama-3.2-1B-Instruct-4bit,718.0,12937.0,0.0,0
2026-06-26T13:23:39.528,timeseries,3,Weather Report Extended v2,mlx-community/Llama-3.2-1B-Instruct-4bit,941.0,14831.0,0.0,0
2026-06-26T13:23:39.591,timeseries,3,Weather Report Extended v2,mlx-community/Llama-3.2-1B-Instruct-4bit,1154.0,12745.0,0.0,0
2026-06-26T13:23:39.653,timeseries,3,Weather Report Extended v2,mlx-community/Llama-3.2-1B-Instruct-4bit,705.0,14700.0,0.0,0
2026-06-26T13:23:39.715,timeseries,3,Weather Report Extended v2,mlx-community/Llama-3.2-1B-Instruct-4bit,700.0,12609.0,0.0,0
2026-06-26T13:23:39.777,timeseries,3,Weather Report Extended v2,mlx-community/Llama-3.2-1B-Instruct-4bit,770.0,12860.0,0.0,0
2026-06-26T13:23:39.840,timeseries,3,Weather Report Extended v2,mlx-community/Llama-3.2-1B-Instruct-4bit,697.0,14797.0,0.0,0
2026-06-26T13:23:39.903,timeseries,3,Weather Report Extended v2,mlx-community/Llama-3.2-1B-Instruct-4bit,730.0,12948.0,0.0,0
2026-06-26T13:23:39.965,timeseries,3,Weather Report Extended v2,mlx-community/Llama-3.2-1B-Instruct-4bit,696.0,14338.0,0.0,0
2026-06-26T13:23:40.028,timeseries,3,Weather Report Extended v2,mlx-community/Llama-3.2-1B-Instruct-4bit,713.0,12536.0,0.0,0
2026-06-26T13:23:40.096,timeseries,3,Weather Report Extended v2,mlx-community/Llama-3.2-1B-Instruct-4bit,1222.0,14629.0,0.0,0
2026-06-26T13:23:40.159,timeseries,3,Weather Report Extended v2,mlx-community/Llama-3.2-1B-Instruct-4bit,808.0,14424.0,0.0,0
2026-06-26T13:23:40.225,timeseries,3,Weather Report Extended v2,mlx-community/Llama-3.2-1B-Instruct-4bit,968.0,13531.0,0.0,0
2026-06-26T13:23:40.287,timeseries,3,Weather Report Extended v2,mlx-community/Llama-3.2-1B-Instruct-4bit,987.0,14282.0,0.0,0
2026-06-26T13:23:40.349,timeseries,3,Weather Report Extended v2,mlx-community/Llama-3.2-1B-Instruct-4bit,982.0,11976.0,0.0,0
2026-06-26T13:23:40.412,timeseries,3,Weather Report Extended v2,mlx-community/Llama-3.2-1B-Instruct-4bit,704.0,14562.0,0.0,0
2026-06-26T13:23:40.476,timeseries,3,Weather Report Extended v2,mlx-community/Llama-3.2-1B-Instruct-4bit,678.0,12896.0,0.0,0
2026-06-26T13:23:40.539,timeseries,3,Weather Report Extended v2,mlx-community/Llama-3.2-1B-Instruct-4bit,1708.0,12702.0,0.0,0
2026-06-26T13:23:40.601,timeseries,3,Weather Report Extended v2,mlx-community/Llama-3.2-1B-Instruct-4bit,3131.0,11301.0,0.0,0
2026-06-26T13:23:40.663,timeseries,3,Weather Report Extended v2,mlx-community/Llama-3.2-1B-Instruct-4bit,606.0,14612.0,0.0,0
2026-06-26T13:23:40.724,timeseries,3,Weather Report Extended v2,mlx-community/Llama-3.2-1B-Instruct-4bit,533.0,12969.0,0.0,0
2026-06-26T13:23:40.788,timeseries,3,Weather Report Extended v2,mlx-community/Llama-3.2-1B-Instruct-4bit,400.0,14474.0,0.0,0
2026-06-26T13:23:40.851,timeseries,3,Weather Report Extended v2,mlx-community/Llama-3.2-1B-Instruct-4bit,294.0,12963.0,0.0,0
2026-06-26T13:23:40.914,timeseries,3,Weather Report Extended v2,mlx-community/Llama-3.2-1B-Instruct-4bit,304.0,14456.0,0.0,0
2026-06-26T13:23:40.978,timeseries,3,Weather Report Extended v2,mlx-community/Llama-3.2-1B-Instruct-4bit,251.0,12489.0,0.0,0
2026-06-26T13:23:41.040,timeseries,3,Weather Report Extended v2,mlx-community/Llama-3.2-1B-Instruct-4bit,236.0,14299.0,0.0,0
2026-06-26T13:23:41.104,timeseries,3,Weather Report Extended v2,mlx-community/Llama-3.2-1B-Instruct-4bit,362.0,12365.0,0.0,0
2026-06-26T13:23:41.167,timeseries,3,Weather Report Extended v2,mlx-community/Llama-3.2-1B-Instruct-4bit,288.0,14462.0,0.0,0
2026-06-26T13:23:41.231,timeseries,3,Weather Report Extended v2,mlx-community/Llama-3.2-1B-Instruct-4bit,268.0,14358.0,0.0,0
2026-06-26T13:23:41.292,timeseries,3,Weather Report Extended v2,mlx-community/Llama-3.2-1B-Instruct-4bit,252.0,12499.0,0.0,0
2026-06-26T13:23:41.356,timeseries,3,Weather Report Extended v2,mlx-community/Llama-3.2-1B-Instruct-4bit,416.0,14390.0,0.0,0
2026-06-26T13:23:41.420,timeseries,3,Weather Report Extended v2,mlx-community/Llama-3.2-1B-Instruct-4bit,274.0,12804.0,0.0,0
2026-06-26T13:23:41.483,timeseries,3,Weather Report Extended v2,mlx-community/Llama-3.2-1B-Instruct-4bit,250.0,14194.0,0.0,0
2026-06-26T13:23:41.544,timeseries,3,Weather Report Extended v2,mlx-community/Llama-3.2-1B-Instruct-4bit,236.0,14209.0,0.0,0
2026-06-26T13:23:41.607,timeseries,3,Weather Report Extended v2,mlx-community/Llama-3.2-1B-Instruct-4bit,557.0,12628.0,0.0,0
2026-06-26T13:23:41.671,timeseries,3,Weather Report Extended v2,mlx-community/Llama-3.2-1B-Instruct-4bit,426.0,13070.0,0.0,0
2026-06-26T13:23:41.735,timeseries,3,Weather Report Extended v2,mlx-community/Llama-3.2-1B-Instruct-4bit,285.0,14333.0,0.0,0
2026-06-26T13:23:41.798,timeseries,3,Weather Report Extended v2,mlx-community/Llama-3.2-1B-Instruct-4bit,234.0,14219.0,0.0,0
2026-06-26T13:23:41.862,timeseries,3,Weather Report Extended v2,mlx-community/Llama-3.2-1B-Instruct-4bit,265.0,12398.0,0.0,0
2026-06-26T13:23:41.925,timeseries,3,Weather Report Extended v2,mlx-community/Llama-3.2-1B-Instruct-4bit,252.0,14261.0,0.0,0
2026-06-26T13:23:41.988,timeseries,3,Weather Report Extended v2,mlx-community/Llama-3.2-1B-Instruct-4bit,251.0,14222.0,0.0,0
2026-06-26T13:23:42.050,timeseries,3,Weather Report Extended v2,mlx-community/Llama-3.2-1B-Instruct-4bit,240.0,12756.0,0.0,0
2026-06-26T13:23:42.112,timeseries,3,Weather Report Extended v2,mlx-community/Llama-3.2-1B-Instruct-4bit,411.0,14166.0,0.0,0
2026-06-26T13:23:42.175,timeseries,3,Weather Report Extended v2,mlx-community/Llama-3.2-1B-Instruct-4bit,340.0,12899.0,0.0,0
2026-06-26T13:23:42.239,timeseries,3,Weather Report Extended v2,mlx-community/Llama-3.2-1B-Instruct-4bit,256.0,14470.0,0.0,0
2026-06-26T13:23:42.302,timeseries,3,Weather Report Extended v2,mlx-community/Llama-3.2-1B-Instruct-4bit,240.0,12765.0,0.0,0
2026-06-26T13:23:42.367,timeseries,3,Weather Report Extended v2,mlx-community/Llama-3.2-1B-Instruct-4bit,389.0,14034.0,0.0,0
2026-06-26T13:23:42.430,timeseries,3,Weather Report Extended v2,mlx-community/Llama-3.2-1B-Instruct-4bit,268.0,14295.0,0.0,0
2026-06-26T13:23:42.492,timeseries,3,Weather Report Extended v2,mlx-community/Llama-3.2-1B-Instruct-4bit,265.0,12384.0,0.0,0
2026-06-26T13:23:42.555,timeseries,3,Weather Report Extended v2,mlx-community/Llama-3.2-1B-Instruct-4bit,255.0,14444.0,0.0,0
2026-06-26T13:23:42.617,timeseries,3,Weather Report Extended v2,mlx-community/Llama-3.2-1B-Instruct-4bit,495.0,12640.0,0.0,0
2026-06-26T13:23:42.679,timeseries,3,Weather Report Extended v2,mlx-community/Llama-3.2-1B-Instruct-4bit,463.0,14646.0,0.0,0
2026-06-26T13:23:42.741,timeseries,3,Weather Report Extended v2,mlx-community/Llama-3.2-1B-Instruct-4bit,292.0,12863.0,0.0,0
2026-06-26T13:23:42.804,timeseries,3,Weather Report Extended v2,mlx-community/Llama-3.2-1B-Instruct-4bit,257.0,14569.0,0.0,0
2026-06-26T13:23:42.868,timeseries,3,Weather Report Extended v2,mlx-community/Llama-3.2-1B-Instruct-4bit,240.0,12806.0,0.0,0
2026-06-26T13:23:42.932,timeseries,3,Weather Report Extended v2,mlx-community/Llama-3.2-1B-Instruct-4bit,285.0,14396.0,0.0,0
2026-06-26T13:23:42.997,timeseries,3,Weather Report Extended v2,mlx-community/Llama-3.2-1B-Instruct-4bit,234.0,12409.0,0.0,0
2026-06-26T13:23:43.058,timeseries,3,Weather Report Extended v2,mlx-community/Llama-3.2-1B-Instruct-4bit,265.0,14232.0,0.0,0
2026-06-26T13:23:43.121,timeseries,3,Weather Report Extended v2,mlx-community/Llama-3.2-1B-Instruct-4bit,371.0,13973.0,0.0,0
2026-06-26T13:23:43.184,timeseries,3,Weather Report Extended v2,mlx-community/Llama-3.2-1B-Instruct-4bit,360.0,13096.0,0.0,0
2026-06-26T13:23:43.248,timeseries,3,Weather Report Extended v2,mlx-community/Llama-3.2-1B-Instruct-4bit,255.0,14522.0,0.0,0
2026-06-26T13:23:43.311,timeseries,3,Weather Report Extended v2,mlx-community/Llama-3.2-1B-Instruct-4bit,291.0,12889.0,0.0,0
2026-06-26T13:23:43.373,timeseries,3,Weather Report Extended v2,mlx-community/Llama-3.2-1B-Instruct-4bit,355.0,13975.0,0.0,0
2026-06-26T13:23:43.436,timeseries,3,Weather Report Extended v2,mlx-community/Llama-3.2-1B-Instruct-4bit,268.0,12520.0,0.0,0
2026-06-26T13:23:43.500,timeseries,3,Weather Report Extended v2,mlx-community/Llama-3.2-1B-Instruct-4bit,257.0,14657.0,0.0,0
2026-06-26T13:23:43.562,timeseries,3,Weather Report Extended v2,mlx-community/Llama-3.2-1B-Instruct-4bit,239.0,14481.0,0.0,0
2026-06-26T13:23:43.624,timeseries,3,Weather Report Extended v2,mlx-community/Llama-3.2-1B-Instruct-4bit,476.0,12515.0,0.0,0
2026-06-26T13:23:43.686,timeseries,3,Weather Report Extended v2,mlx-community/Llama-3.2-1B-Instruct-4bit,398.0,12643.0,0.0,0
2026-06-26T13:23:43.750,timeseries,3,Weather Report Extended v2,mlx-community/Llama-3.2-1B-Instruct-4bit,280.0,14998.0,0.0,0
2026-06-26T13:23:43.814,timeseries,3,Weather Report Extended v2,mlx-community/Llama-3.2-1B-Instruct-4bit,253.0,14384.0,0.0,0
2026-06-26T13:23:43.876,timeseries,3,Weather Report Extended v2,mlx-community/Llama-3.2-1B-Instruct-4bit,250.0,12385.0,0.0,0
2026-06-26T13:23:43.939,timeseries,3,Weather Report Extended v2,mlx-community/Llama-3.2-1B-Instruct-4bit,267.0,14195.0,0.0,0
2026-06-26T13:23:44.003,timeseries,3,Weather Report Extended v2,mlx-community/Llama-3.2-1B-Instruct-4bit,244.0,13000.0,0.0,0
2026-06-26T13:23:44.065,timeseries,3,Weather Report Extended v2,mlx-community/Llama-3.2-1B-Instruct-4bit,250.0,14235.0,0.0,0
2026-06-26T13:23:44.129,timeseries,3,Weather Report Extended v2,mlx-community/Llama-3.2-1B-Instruct-4bit,409.0,12423.0,0.0,0
2026-06-26T13:23:44.191,timeseries,3,Weather Report Extended v2,mlx-community/Llama-3.2-1B-Instruct-4bit,318.0,14562.0,0.0,0
2026-06-26T13:23:44.257,timeseries,3,Weather Report Extended v2,mlx-community/Llama-3.2-1B-Instruct-4bit,253.0,14353.0,0.0,0
2026-06-26T13:23:44.319,timeseries,3,Weather Report Extended v2,mlx-community/Llama-3.2-1B-Instruct-4bit,256.0,12740.0,0.0,0
2026-06-26T13:23:44.383,timeseries,3,Weather Report Extended v2,mlx-community/Llama-3.2-1B-Instruct-4bit,458.0,13712.0,0.0,0
2026-06-26T13:23:44.446,timeseries,3,Weather Report Extended v2,mlx-community/Llama-3.2-1B-Instruct-4bit,287.0,14489.0,0.0,0
2026-06-26T13:23:44.509,timeseries,3,Weather Report Extended v2,mlx-community/Llama-3.2-1B-Instruct-4bit,301.0,12661.0,0.0,0
2026-06-26T13:23:44.570,timeseries,3,Weather Report Extended v2,mlx-community/Llama-3.2-1B-Instruct-4bit,268.0,14363.0,0.0,0
2026-06-26T13:23:44.634,timeseries,3,Weather Report Extended v2,mlx-community/Llama-3.2-1B-Instruct-4bit,436.0,12811.0,0.0,0
2026-06-26T13:23:44.697,timeseries,3,Weather Report Extended v2,mlx-community/Llama-3.2-1B-Instruct-4bit,303.0,14540.0,0.0,0
2026-06-26T13:23:44.760,timeseries,3,Weather Report Extended v2,mlx-community/Llama-3.2-1B-Instruct-4bit,394.0,12485.0,0.0,0
2026-06-26T13:23:44.820,timeseries,3,Weather Report Extended v2,mlx-community/Llama-3.2-1B-Instruct-4bit,431.0,13029.0,0.0,0
2026-06-26T13:23:44.882,timeseries,3,Weather Report Extended v2,mlx-community/Llama-3.2-1B-Instruct-4bit,522.0,11381.0,0.0,0
2026-06-26T13:23:44.945,timeseries,3,Weather Report Extended v2,mlx-community/Llama-3.2-1B-Instruct-4bit,329.0,13192.0,0.0,0
2026-06-26T13:23:45.009,timeseries,3,Weather Report Extended v2,mlx-community/Llama-3.2-1B-Instruct-4bit,340.0,14700.0,0.0,0
2026-06-26T13:23:45.073,timeseries,3,Weather Report Extended v2,mlx-community/Llama-3.2-1B-Instruct-4bit,285.0,14471.0,0.0,0
2026-06-26T13:23:45.133,timeseries,3,Weather Report Extended v2,mlx-community/Llama-3.2-1B-Instruct-4bit,438.0,12271.0,0.0,0
2026-06-26T13:23:45.196,timeseries,3,Weather Report Extended v2,mlx-community/Llama-3.2-1B-Instruct-4bit,511.0,14475.0,0.0,0
2026-06-26T13:23:45.260,timeseries,3,Weather Report Extended v2,mlx-community/Llama-3.2-1B-Instruct-4bit,362.0,13037.0,0.0,0
2026-06-26T13:23:45.323,timeseries,3,Weather Report Extended v2,mlx-community/Llama-3.2-1B-Instruct-4bit,349.0,14291.0,0.0,0
2026-06-26T13:23:45.384,timeseries,3,Weather Report Extended v2,mlx-community/Llama-3.2-1B-Instruct-4bit,449.0,12336.0,0.0,0
2026-06-26T13:23:45.448,timeseries,3,Weather Report Extended v2,mlx-community/Llama-3.2-1B-Instruct-4bit,289.0,14631.0,0.0,0
2026-06-26T13:23:45.513,timeseries,3,Weather Report Extended v2,mlx-community/Llama-3.2-1B-Instruct-4bit,226.0,12906.0,0.0,0
2026-06-26T13:23:45.577,timeseries,3,Weather Report Extended v2,mlx-community/Llama-3.2-1B-Instruct-4bit,266.0,14255.0,0.0,0
2026-06-26T13:23:45.638,timeseries,3,Weather Report Extended v2,mlx-community/Llama-3.2-1B-Instruct-4bit,386.0,13943.0,0.0,0
2026-06-26T13:23:45.700,timeseries,3,Weather Report Extended v2,mlx-community/Llama-3.2-1B-Instruct-4bit,407.0,12399.0,0.0,0
2026-06-26T13:23:45.763,timeseries,3,Weather Report Extended v2,mlx-community/Llama-3.2-1B-Instruct-4bit,2556.0,14845.0,0.0,0
2026-06-26T13:23:45.825,timeseries,3,Weather Report Extended v2,mlx-community/Llama-3.2-1B-Instruct-4bit,775.0,13051.0,0.0,0
2026-06-26T13:23:45.888,timeseries,3,Weather Report Extended v2,mlx-community/Llama-3.2-1B-Instruct-4bit,625.0,14681.0,0.0,0
2026-06-26T13:23:45.949,timeseries,3,Weather Report Extended v2,mlx-community/Llama-3.2-1B-Instruct-4bit,466.0,12876.0,0.0,0
2026-06-26T13:23:46.014,timeseries,3,Weather Report Extended v2,mlx-community/Llama-3.2-1B-Instruct-4bit,669.0,12751.0,0.0,0
2026-06-26T13:23:46.078,timeseries,3,Weather Report Extended v2,mlx-community/Llama-3.2-1B-Instruct-4bit,360.0,14899.0,0.0,0
2026-06-26T13:23:46.141,timeseries,3,Weather Report Extended v2,mlx-community/Llama-3.2-1B-Instruct-4bit,565.0,13805.0,0.0,0
2026-06-26T13:23:46.203,timeseries,3,Weather Report Extended v2,mlx-community/Llama-3.2-1B-Instruct-4bit,328.0,14166.0,0.0,0
2026-06-26T13:23:46.267,timeseries,3,Weather Report Extended v2,mlx-community/Llama-3.2-1B-Instruct-4bit,255.0,12686.0,0.0,0
2026-06-26T13:23:46.330,timeseries,3,Weather Report Extended v2,mlx-community/Llama-3.2-1B-Instruct-4bit,368.0,14420.0,0.0,0
2026-06-26T13:23:46.392,timeseries,3,Weather Report Extended v2,mlx-community/Llama-3.2-1B-Instruct-4bit,316.0,12686.0,0.0,0
2026-06-26T13:23:46.454,timeseries,3,Weather Report Extended v2,mlx-community/Llama-3.2-1B-Instruct-4bit,1446.0,14206.0,0.0,0
2026-06-26T13:23:46.516,timeseries,3,Weather Report Extended v2,mlx-community/Llama-3.2-1B-Instruct-4bit,2064.0,12987.0,0.0,0
2026-06-26T13:23:46.580,timeseries,3,Weather Report Extended v2,mlx-community/Llama-3.2-1B-Instruct-4bit,790.0,14713.0,0.0,0
2026-06-26T13:23:46.642,timeseries,3,Weather Report Extended v2,mlx-community/Llama-3.2-1B-Instruct-4bit,873.0,12931.0,0.0,0
2026-06-26T13:23:46.705,timeseries,3,Weather Report Extended v2,mlx-community/Llama-3.2-1B-Instruct-4bit,717.0,14174.0,0.0,0
2026-06-26T13:23:46.770,timeseries,3,Weather Report Extended v2,mlx-community/Llama-3.2-1B-Instruct-4bit,499.0,12855.0,0.0,0
2026-06-26T13:23:46.832,timeseries,3,Weather Report Extended v2,mlx-community/Llama-3.2-1B-Instruct-4bit,966.0,14305.0,0.0,0
2026-06-26T13:23:46.895,timeseries,3,Weather Report Extended v2,mlx-community/Llama-3.2-1B-Instruct-4bit,865.0,12199.0,0.0,0
2026-06-26T13:23:46.957,timeseries,3,Weather Report Extended v2,mlx-community/Llama-3.2-1B-Instruct-4bit,660.0,14716.0,0.0,0
2026-06-26T13:23:47.019,timeseries,3,Weather Report Extended v2,mlx-community/Llama-3.2-1B-Instruct-4bit,689.0,12856.0,0.0,0
2026-06-26T13:23:47.081,timeseries,3,Weather Report Extended v2,mlx-community/Llama-3.2-1B-Instruct-4bit,1206.0,14726.0,0.0,0
2026-06-26T13:23:47.144,timeseries,3,Weather Report Extended v2,mlx-community/Llama-3.2-1B-Instruct-4bit,785.0,12988.0,0.0,0
2026-06-26T13:23:47.206,timeseries,3,Weather Report Extended v2,mlx-community/Llama-3.2-1B-Instruct-4bit,691.0,14695.0,0.0,0
2026-06-26T13:23:47.268,timeseries,3,Weather Report Extended v2,mlx-community/Llama-3.2-1B-Instruct-4bit,628.0,12892.0,0.0,0
2026-06-26T13:23:47.331,timeseries,3,Weather Report Extended v2,mlx-community/Llama-3.2-1B-Instruct-4bit,1032.0,14759.0,0.0,0
2026-06-26T13:23:47.393,timeseries,3,Weather Report Extended v2,mlx-community/Llama-3.2-1B-Instruct-4bit,733.0,12841.0,0.0,0
2026-06-26T13:23:47.455,timeseries,3,Weather Report Extended v2,mlx-community/Llama-3.2-1B-Instruct-4bit,1733.0,14571.0,0.0,0
2026-06-26T13:23:47.518,timeseries,3,Weather Report Extended v2,mlx-community/Llama-3.2-1B-Instruct-4bit,548.0,12921.0,0.0,0
2026-06-26T13:23:47.580,timeseries,3,Weather Report Extended v2,mlx-community/Llama-3.2-1B-Instruct-4bit,1074.0,14687.0,0.0,0
2026-06-26T13:23:47.642,timeseries,3,Weather Report Extended v2,mlx-community/Llama-3.2-1B-Instruct-4bit,869.0,12960.0,0.0,0
2026-06-26T13:23:47.704,timeseries,3,Weather Report Extended v2,mlx-community/Llama-3.2-1B-Instruct-4bit,744.0,14532.0,0.0,0
2026-06-26T13:23:47.766,timeseries,3,Weather Report Extended v2,mlx-community/Llama-3.2-1B-Instruct-4bit,635.0,13065.0,0.0,0
2026-06-26T13:23:47.828,timeseries,3,Weather Report Extended v2,mlx-community/Llama-3.2-1B-Instruct-4bit,678.0,14793.0,0.0,0
2026-06-26T13:23:47.891,timeseries,3,Weather Report Extended v2,mlx-community/Llama-3.2-1B-Instruct-4bit,992.0,12894.0,0.0,0
2026-06-26T13:23:47.952,timeseries,3,Weather Report Extended v2,mlx-community/Llama-3.2-1B-Instruct-4bit,676.0,14767.0,0.0,0
2026-06-26T13:23:48.016,timeseries,3,Weather Report Extended v2,mlx-community/Llama-3.2-1B-Instruct-4bit,625.0,12898.0,0.0,0
2026-06-26T13:23:48.079,timeseries,3,Weather Report Extended v2,mlx-community/Llama-3.2-1B-Instruct-4bit,798.0,13059.0,0.0,0
2026-06-26T13:23:48.141,timeseries,3,Weather Report Extended v2,mlx-community/Llama-3.2-1B-Instruct-4bit,1120.0,14455.0,0.0,0
2026-06-26T13:23:48.204,timeseries,3,Weather Report Extended v2,mlx-community/Llama-3.2-1B-Instruct-4bit,713.0,14537.0,0.0,0
2026-06-26T13:23:48.266,timeseries,3,Weather Report Extended v2,mlx-community/Llama-3.2-1B-Instruct-4bit,770.0,12914.0,0.0,0
2026-06-26T13:23:48.329,timeseries,3,Weather Report Extended v2,mlx-community/Llama-3.2-1B-Instruct-4bit,923.0,14805.0,0.0,0
2026-06-26T13:23:48.391,timeseries,3,Weather Report Extended v2,mlx-community/Llama-3.2-1B-Instruct-4bit,790.0,12587.0,0.0,0
2026-06-26T13:23:48.454,timeseries,3,Weather Report Extended v2,mlx-community/Llama-3.2-1B-Instruct-4bit,718.0,14663.0,0.0,0
2026-06-26T13:23:48.517,timeseries,3,Weather Report Extended v2,mlx-community/Llama-3.2-1B-Instruct-4bit,723.0,12930.0,0.0,0
2026-06-26T13:23:48.580,timeseries,3,Weather Report Extended v2,mlx-community/Llama-3.2-1B-Instruct-4bit,796.0,14558.0,0.0,0
2026-06-26T13:23:48.642,timeseries,3,Weather Report Extended v2,mlx-community/Llama-3.2-1B-Instruct-4bit,2089.0,12712.0,0.0,0
2026-06-26T13:23:48.705,timeseries,3,Weather Report Extended v2,mlx-community/Llama-3.2-1B-Instruct-4bit,1695.0,14285.0,0.0,0
2026-06-26T13:23:48.769,timeseries,3,Weather Report Extended v2,mlx-community/Llama-3.2-1B-Instruct-4bit,420.0,12981.0,0.0,0
2026-06-26T13:23:48.833,timeseries,3,Weather Report Extended v2,mlx-community/Llama-3.2-1B-Instruct-4bit,254.0,14519.0,0.0,0
2026-06-26T13:23:48.895,timeseries,3,Weather Report Extended v2,mlx-community/Llama-3.2-1B-Instruct-4bit,311.0,14235.0,0.0,0
2026-06-26T13:23:48.958,timeseries,3,Weather Report Extended v2,mlx-community/Llama-3.2-1B-Instruct-4bit,316.0,12581.0,0.0,0
2026-06-26T13:23:49.023,timeseries,3,Weather Report Extended v2,mlx-community/Llama-3.2-1B-Instruct-4bit,240.0,14631.0,0.0,0
2026-06-26T13:23:49.085,timeseries,3,Weather Report Extended v2,mlx-community/Llama-3.2-1B-Instruct-4bit,271.0,12764.0,0.0,0
2026-06-26T13:23:49.148,timeseries,3,Weather Report Extended v2,mlx-community/Llama-3.2-1B-Instruct-4bit,720.0,11348.0,0.0,0
2026-06-26T13:23:49.212,timeseries,3,Weather Report Extended v2,mlx-community/Llama-3.2-1B-Instruct-4bit,420.0,12928.0,0.0,0
2026-06-26T13:23:49.274,timeseries,3,Weather Report Extended v2,mlx-community/Llama-3.2-1B-Instruct-4bit,286.0,14531.0,0.0,0
2026-06-26T13:23:49.337,timeseries,3,Weather Report Extended v2,mlx-community/Llama-3.2-1B-Instruct-4bit,377.0,14155.0,0.0,0
2026-06-26T13:23:49.401,timeseries,3,Weather Report Extended v2,mlx-community/Llama-3.2-1B-Instruct-4bit,288.0,12767.0,0.0,0
2026-06-26T13:23:49.465,timeseries,3,Weather Report Extended v2,mlx-community/Llama-3.2-1B-Instruct-4bit,239.0,14434.0,0.0,0
2026-06-26T13:23:49.531,timeseries,3,Weather Report Extended v2,mlx-community/Llama-3.2-1B-Instruct-4bit,251.0,12587.0,0.0,0
2026-06-26T13:23:49.593,timeseries,3,Weather Report Extended v2,mlx-community/Llama-3.2-1B-Instruct-4bit,264.0,14044.0,0.0,0
2026-06-26T13:23:49.656,timeseries,3,Weather Report Extended v2,mlx-community/Llama-3.2-1B-Instruct-4bit,449.0,14062.0,0.0,0
2026-06-26T13:23:49.720,timeseries,3,Weather Report Extended v2,mlx-community/Llama-3.2-1B-Instruct-4bit,319.0,12646.0,0.0,0
2026-06-26T13:23:49.784,timeseries,3,Weather Report Extended v2,mlx-community/Llama-3.2-1B-Instruct-4bit,252.0,14265.0,0.0,0
2026-06-26T13:23:49.847,timeseries,3,Weather Report Extended v2,mlx-community/Llama-3.2-1B-Instruct-4bit,250.0,14266.0,0.0,0
2026-06-26T13:23:49.909,timeseries,3,Weather Report Extended v2,mlx-community/Llama-3.2-1B-Instruct-4bit,251.0,12472.0,0.0,0
2026-06-26T13:23:49.973,timeseries,3,Weather Report Extended v2,mlx-community/Llama-3.2-1B-Instruct-4bit,409.0,14310.0,0.0,0
2026-06-26T13:23:50.034,timeseries,3,Weather Report Extended v2,mlx-community/Llama-3.2-1B-Instruct-4bit,259.0,12918.0,0.0,0
2026-06-26T13:23:50.096,timeseries,3,Weather Report Extended v2,mlx-community/Llama-3.2-1B-Instruct-4bit,315.0,14214.0,0.0,0
2026-06-26T13:23:50.159,timeseries,3,Weather Report Extended v2,mlx-community/Llama-3.2-1B-Instruct-4bit,330.0,13243.0,0.0,0
2026-06-26T13:23:50.224,timeseries,3,Weather Report Extended v2,mlx-community/Llama-3.2-1B-Instruct-4bit,271.0,14541.0,0.0,0
2026-06-26T13:23:50.285,timeseries,3,Weather Report Extended v2,mlx-community/Llama-3.2-1B-Instruct-4bit,301.0,12630.0,0.0,0
2026-06-26T13:23:50.348,timeseries,3,Weather Report Extended v2,mlx-community/Llama-3.2-1B-Instruct-4bit,494.0,13905.0,0.0,0
2026-06-26T13:23:50.412,timeseries,3,Weather Report Extended v2,mlx-community/Llama-3.2-1B-Instruct-4bit,292.0,12958.0,0.0,0
2026-06-26T13:23:50.474,timeseries,3,Weather Report Extended v2,mlx-community/Llama-3.2-1B-Instruct-4bit,286.0,14425.0,0.0,0
2026-06-26T13:23:50.536,timeseries,3,Weather Report Extended v2,mlx-community/Llama-3.2-1B-Instruct-4bit,237.0,14375.0,0.0,0
2026-06-26T13:23:50.599,timeseries,3,Weather Report Extended v2,mlx-community/Llama-3.2-1B-Instruct-4bit,366.0,12630.0,0.0,0
2026-06-26T13:23:50.660,timeseries,3,Weather Report Extended v2,mlx-community/Llama-3.2-1B-Instruct-4bit,325.0,14866.0,0.0,0
2026-06-26T13:23:50.722,timeseries,3,Weather Report Extended v2,mlx-community/Llama-3.2-1B-Instruct-4bit,1265.0,12574.0,0.0,0
2026-06-26T13:23:50.783,timeseries,3,Weather Report Extended v2,mlx-community/Llama-3.2-1B-Instruct-4bit,5202.0,13235.0,0.0,0
2026-06-26T13:23:50.844,timeseries,3,Weather Report Extended v2,mlx-community/Llama-3.2-1B-Instruct-4bit,6173.0,14957.0,0.0,0
2026-06-26T13:23:50.907,timeseries,3,Weather Report Extended v2,mlx-community/Llama-3.2-1B-Instruct-4bit,8110.0,12877.0,0.0,0
2026-06-26T13:23:50.968,timeseries,3,Weather Report Extended v2,mlx-community/Llama-3.2-1B-Instruct-4bit,6226.0,13169.0,0.0,0
2026-06-26T13:23:51.031,timeseries,3,Weather Report Extended v2,mlx-community/Llama-3.2-1B-Instruct-4bit,6360.0,14989.0,0.0,0
2026-06-26T13:23:51.093,timeseries,3,Weather Report Extended v2,mlx-community/Llama-3.2-1B-Instruct-4bit,3076.0,13154.0,0.0,0
2026-06-26T13:23:51.155,timeseries,3,Weather Report Extended v2,mlx-community/Llama-3.2-1B-Instruct-4bit,760.0,14654.0,0.0,0
2026-06-26T13:23:51.217,timeseries,3,Weather Report Extended v2,mlx-community/Llama-3.2-1B-Instruct-4bit,580.0,12935.0,0.0,0
2026-06-26T13:23:51.280,timeseries,3,Weather Report Extended v2,mlx-community/Llama-3.2-1B-Instruct-4bit,575.0,14625.0,0.0,0
2026-06-26T13:23:51.342,timeseries,3,Weather Report Extended v2,mlx-community/Llama-3.2-1B-Instruct-4bit,908.0,12836.0,0.0,0
2026-06-26T13:23:51.405,timeseries,3,Weather Report Extended v2,mlx-community/Llama-3.2-1B-Instruct-4bit,701.0,14686.0,0.0,0
2026-06-26T13:23:51.467,timeseries,3,Weather Report Extended v2,mlx-community/Llama-3.2-1B-Instruct-4bit,695.0,12987.0,0.0,0
2026-06-26T13:23:51.530,timeseries,3,Weather Report Extended v2,mlx-community/Llama-3.2-1B-Instruct-4bit,780.0,14533.0,0.0,0
2026-06-26T13:23:51.593,timeseries,3,Weather Report Extended v2,mlx-community/Llama-3.2-1B-Instruct-4bit,1050.0,12855.0,0.0,0
2026-06-26T13:23:51.655,timeseries,3,Weather Report Extended v2,mlx-community/Llama-3.2-1B-Instruct-4bit,724.0,14454.0,0.0,0
2026-06-26T13:23:51.717,timeseries,3,Weather Report Extended v2,mlx-community/Llama-3.2-1B-Instruct-4bit,701.0,12813.0,0.0,0
2026-06-26T13:23:51.779,timeseries,3,Weather Report Extended v2,mlx-community/Llama-3.2-1B-Instruct-4bit,773.0,14765.0,0.0,0
2026-06-26T13:23:51.842,timeseries,3,Weather Report Extended v2,mlx-community/Llama-3.2-1B-Instruct-4bit,625.0,13103.0,0.0,0
2026-06-26T13:23:51.904,timeseries,3,Weather Report Extended v2,mlx-community/Llama-3.2-1B-Instruct-4bit,695.0,14506.0,0.0,0
2026-06-26T13:23:51.966,timeseries,3,Weather Report Extended v2,mlx-community/Llama-3.2-1B-Instruct-4bit,720.0,12845.0,0.0,0
2026-06-26T13:23:52.029,timeseries,3,Weather Report Extended v2,mlx-community/Llama-3.2-1B-Instruct-4bit,897.0,12824.0,0.0,0
2026-06-26T13:23:52.091,timeseries,3,Weather Report Extended v2,mlx-community/Llama-3.2-1B-Instruct-4bit,1057.0,14878.0,0.0,0
2026-06-26T13:23:52.153,timeseries,3,Weather Report Extended v2,mlx-community/Llama-3.2-1B-Instruct-4bit,728.0,14517.0,0.0,0
2026-06-26T13:23:52.216,timeseries,3,Weather Report Extended v2,mlx-community/Llama-3.2-1B-Instruct-4bit,737.0,12871.0,0.0,0
2026-06-26T13:23:52.278,timeseries,3,Weather Report Extended v2,mlx-community/Llama-3.2-1B-Instruct-4bit,691.0,14706.0,0.0,0
2026-06-26T13:23:52.340,timeseries,3,Weather Report Extended v2,mlx-community/Llama-3.2-1B-Instruct-4bit,1404.0,12685.0,0.0,0
2026-06-26T13:23:52.402,timeseries,3,Weather Report Extended v2,mlx-community/Llama-3.2-1B-Instruct-4bit,765.0,13154.0,0.0,0
2026-06-26T13:23:52.465,timeseries,3,Weather Report Extended v2,mlx-community/Llama-3.2-1B-Instruct-4bit,720.0,14696.0,0.0,0
2026-06-26T13:23:52.527,timeseries,3,Weather Report Extended v2,mlx-community/Llama-3.2-1B-Instruct-4bit,629.0,12901.0,0.0,0
2026-06-26T13:23:52.590,timeseries,3,Weather Report Extended v2,mlx-community/Llama-3.2-1B-Instruct-4bit,1228.0,14628.0,0.0,0
2026-06-26T13:23:52.652,timeseries,3,Weather Report Extended v2,mlx-community/Llama-3.2-1B-Instruct-4bit,704.0,12925.0,0.0,0
2026-06-26T13:23:52.714,timeseries,3,Weather Report Extended v2,mlx-community/Llama-3.2-1B-Instruct-4bit,699.0,14509.0,0.0,0
2026-06-26T13:23:52.776,timeseries,3,Weather Report Extended v2,mlx-community/Llama-3.2-1B-Instruct-4bit,663.0,12887.0,0.0,0
2026-06-26T13:23:52.839,timeseries,3,Weather Report Extended v2,mlx-community/Llama-3.2-1B-Instruct-4bit,789.0,14830.0,0.0,0
2026-06-26T13:23:52.902,timeseries,3,Weather Report Extended v2,mlx-community/Llama-3.2-1B-Instruct-4bit,693.0,12986.0,0.0,0
2026-06-26T13:23:52.964,timeseries,3,Weather Report Extended v2,mlx-community/Llama-3.2-1B-Instruct-4bit,780.0,14572.0,0.0,0
2026-06-26T13:23:53.027,timeseries,3,Weather Report Extended v2,mlx-community/Llama-3.2-1B-Instruct-4bit,704.0,12811.0,0.0,0
2026-06-26T13:23:53.089,timeseries,3,Weather Report Extended v2,mlx-community/Llama-3.2-1B-Instruct-4bit,1329.0,14634.0,0.0,0
2026-06-26T13:23:53.151,timeseries,3,Weather Report Extended v2,mlx-community/Llama-3.2-1B-Instruct-4bit,713.0,12792.0,0.0,0
2026-06-26T13:23:53.214,timeseries,3,Weather Report Extended v2,mlx-community/Llama-3.2-1B-Instruct-4bit,677.0,14940.0,0.0,0
2026-06-26T13:23:53.276,timeseries,3,Weather Report Extended v2,mlx-community/Llama-3.2-1B-Instruct-4bit,678.0,12938.0,0.0,0
2026-06-26T13:23:53.338,timeseries,3,Weather Report Extended v2,mlx-community/Llama-3.2-1B-Instruct-4bit,1038.0,14653.0,0.0,0
2026-06-26T13:23:53.399,timeseries,3,Weather Report Extended v2,mlx-community/Llama-3.2-1B-Instruct-4bit,731.0,12994.0,0.0,0
2026-06-26T13:23:53.461,timeseries,3,Weather Report Extended v2,mlx-community/Llama-3.2-1B-Instruct-4bit,1262.0,10303.0,0.0,0
2026-06-26T13:23:53.524,timeseries,3,Weather Report Extended v2,mlx-community/Llama-3.2-1B-Instruct-4bit,599.0,14863.0,0.0,0
2026-06-26T13:23:53.586,timeseries,3,Weather Report Extended v2,mlx-community/Llama-3.2-1B-Instruct-4bit,1170.0,12858.0,0.0,0
2026-06-26T13:23:53.647,timeseries,3,Weather Report Extended v2,mlx-community/Llama-3.2-1B-Instruct-4bit,769.0,14703.0,0.0,0
2026-06-26T13:23:53.710,timeseries,3,Weather Report Extended v2,mlx-community/Llama-3.2-1B-Instruct-4bit,727.0,13004.0,0.0,0
2026-06-26T13:23:53.773,timeseries,3,Weather Report Extended v2,mlx-community/Llama-3.2-1B-Instruct-4bit,694.0,14936.0,0.0,0
2026-06-26T13:23:53.835,timeseries,3,Weather Report Extended v2,mlx-community/Llama-3.2-1B-Instruct-4bit,781.0,12863.0,0.0,0
2026-06-26T13:23:53.898,timeseries,3,Weather Report Extended v2,mlx-community/Llama-3.2-1B-Instruct-4bit,703.0,14708.0,0.0,0
2026-06-26T13:23:53.959,timeseries,3,Weather Report Extended v2,mlx-community/Llama-3.2-1B-Instruct-4bit,697.0,13093.0,0.0,0
2026-06-26T13:23:54.022,timeseries,3,Weather Report Extended v2,mlx-community/Llama-3.2-1B-Instruct-4bit,635.0,14606.0,0.0,0
2026-06-26T13:23:54.083,timeseries,3,Weather Report Extended v2,mlx-community/Llama-3.2-1B-Instruct-4bit,1119.0,13023.0,0.0,0
2026-06-26T13:23:54.146,timeseries,3,Weather Report Extended v2,mlx-community/Llama-3.2-1B-Instruct-4bit,976.0,14841.0,0.0,0
2026-06-26T13:23:54.208,timeseries,3,Weather Report Extended v2,mlx-community/Llama-3.2-1B-Instruct-4bit,717.0,13189.0,0.0,0
2026-06-26T13:23:54.270,timeseries,3,Weather Report Extended v2,mlx-community/Llama-3.2-1B-Instruct-4bit,624.0,14795.0,0.0,0
2026-06-26T13:23:54.332,timeseries,3,Weather Report Extended v2,mlx-community/Llama-3.2-1B-Instruct-4bit,1012.0,12882.0,0.0,0
2026-06-26T13:23:54.395,timeseries,3,Weather Report Extended v2,mlx-community/Llama-3.2-1B-Instruct-4bit,771.0,13029.0,0.0,0
2026-06-26T13:23:54.457,timeseries,3,Weather Report Extended v2,mlx-community/Llama-3.2-1B-Instruct-4bit,629.0,14834.0,0.0,0
2026-06-26T13:23:54.519,timeseries,3,Weather Report Extended v2,mlx-community/Llama-3.2-1B-Instruct-4bit,696.0,12705.0,0.0,0
2026-06-26T13:23:54.581,timeseries,3,Weather Report Extended v2,mlx-community/Llama-3.2-1B-Instruct-4bit,1065.0,14904.0,0.0,0
2026-06-26T13:23:54.643,timeseries,3,Weather Report Extended v2,mlx-community/Llama-3.2-1B-Instruct-4bit,833.0,13300.0,0.0,0
2026-06-26T13:23:54.706,timeseries,3,Weather Report Extended v2,mlx-community/Llama-3.2-1B-Instruct-4bit,653.0,14785.0,0.0,0
2026-06-26T13:23:54.767,timeseries,3,Weather Report Extended v2,mlx-community/Llama-3.2-1B-Instruct-4bit,698.0,13069.0,0.0,0
2026-06-26T13:23:54.829,timeseries,3,Weather Report Extended v2,mlx-community/Llama-3.2-1B-Instruct-4bit,685.0,14652.0,0.0,0
2026-06-26T13:23:54.892,timeseries,3,Weather Report Extended v2,mlx-community/Llama-3.2-1B-Instruct-4bit,772.0,13390.0,0.0,0
2026-06-26T13:23:54.954,timeseries,3,Weather Report Extended v2,mlx-community/Llama-3.2-1B-Instruct-4bit,666.0,14574.0,0.0,0
2026-06-26T13:23:55.017,timeseries,3,Weather Report Extended v2,mlx-community/Llama-3.2-1B-Instruct-4bit,677.0,13017.0,0.0,0
2026-06-26T13:23:55.080,timeseries,3,Weather Report Extended v2,mlx-community/Llama-3.2-1B-Instruct-4bit,885.0,14790.0,0.0,0
2026-06-26T13:23:55.143,timeseries,3,Weather Report Extended v2,mlx-community/Llama-3.2-1B-Instruct-4bit,1123.0,12840.0,0.0,0
2026-06-26T13:23:55.204,timeseries,3,Weather Report Extended v2,mlx-community/Llama-3.2-1B-Instruct-4bit,740.0,14462.0,0.0,0
2026-06-26T13:23:55.268,timeseries,3,Weather Report Extended v2,mlx-community/Llama-3.2-1B-Instruct-4bit,758.0,12936.0,0.0,0
2026-06-26T13:23:55.332,timeseries,3,Weather Report Extended v2,mlx-community/Llama-3.2-1B-Instruct-4bit,1000.0,14862.0,0.0,0
2026-06-26T13:23:55.393,timeseries,3,Weather Report Extended v2,mlx-community/Llama-3.2-1B-Instruct-4bit,709.0,12817.0,0.0,0
2026-06-26T13:23:55.456,timeseries,3,Weather Report Extended v2,mlx-community/Llama-3.2-1B-Instruct-4bit,766.0,14450.0,0.0,0
2026-06-26T13:23:55.518,timeseries,3,Weather Report Extended v2,mlx-community/Llama-3.2-1B-Instruct-4bit,632.0,13069.0,0.0,0
2026-06-26T13:23:55.581,timeseries,3,Weather Report Extended v2,mlx-community/Llama-3.2-1B-Instruct-4bit,1072.0,14672.0,0.0,0
2026-06-26T13:23:55.642,timeseries,3,Weather Report Extended v2,mlx-community/Llama-3.2-1B-Instruct-4bit,777.0,13210.0,0.0,0
2026-06-26T13:23:55.704,timeseries,3,Weather Report Extended v2,mlx-community/Llama-3.2-1B-Instruct-4bit,700.0,14727.0,0.0,0
2026-06-26T13:23:55.766,timeseries,3,Weather Report Extended v2,mlx-community/Llama-3.2-1B-Instruct-4bit,713.0,13058.0,0.0,0
2026-06-26T13:23:55.827,timeseries,3,Weather Report Extended v2,mlx-community/Llama-3.2-1B-Instruct-4bit,680.0,13090.0,0.0,0
2026-06-26T13:23:55.889,timeseries,3,Weather Report Extended v2,mlx-community/Llama-3.2-1B-Instruct-4bit,736.0,15089.0,0.0,0
2026-06-26T13:23:55.951,timeseries,3,Weather Report Extended v2,mlx-community/Llama-3.2-1B-Instruct-4bit,1339.0,13114.0,0.0,0
2026-06-26T13:23:56.014,timeseries,3,Weather Report Extended v2,mlx-community/Llama-3.2-1B-Instruct-4bit,3162.0,14490.0,0.0,0
2026-06-26T13:23:56.075,timeseries,3,Weather Report Extended v2,mlx-community/Llama-3.2-1B-Instruct-4bit,522.0,13193.0,0.0,0
2026-06-26T13:23:56.137,timeseries,3,Weather Report Extended v2,mlx-community/Llama-3.2-1B-Instruct-4bit,712.0,14525.0,0.0,0
2026-06-26T13:23:56.200,timeseries,3,Weather Report Extended v2,mlx-community/Llama-3.2-1B-Instruct-4bit,539.0,13137.0,0.0,0
2026-06-26T13:23:56.262,timeseries,3,Weather Report Extended v2,mlx-community/Llama-3.2-1B-Instruct-4bit,354.0,14771.0,0.0,0
2026-06-26T13:23:56.324,timeseries,3,Weather Report Extended v2,mlx-community/Llama-3.2-1B-Instruct-4bit,413.0,12641.0,0.0,0
2026-06-26T13:23:56.388,timeseries,3,Weather Report Extended v2,mlx-community/Llama-3.2-1B-Instruct-4bit,358.0,14869.0,0.0,0
2026-06-26T13:23:56.451,timeseries,3,Weather Report Extended v2,mlx-community/Llama-3.2-1B-Instruct-4bit,288.0,12803.0,0.0,0
2026-06-26T13:23:56.514,timeseries,3,Weather Report Extended v2,mlx-community/Llama-3.2-1B-Instruct-4bit,252.0,14421.0,0.0,0
2026-06-26T13:23:56.576,timeseries,3,Weather Report Extended v2,mlx-community/Llama-3.2-1B-Instruct-4bit,241.0,12902.0,0.0,0
2026-06-26T13:23:56.640,timeseries,3,Weather Report Extended v2,mlx-community/Llama-3.2-1B-Instruct-4bit,469.0,14378.0,0.0,0
2026-06-26T13:23:56.704,timeseries,3,Weather Report Extended v2,mlx-community/Llama-3.2-1B-Instruct-4bit,257.0,12934.0,0.0,0
2026-06-26T13:23:56.766,timeseries,3,Weather Report Extended v2,mlx-community/Llama-3.2-1B-Instruct-4bit,266.0,14429.0,0.0,0
2026-06-26T13:23:56.830,timeseries,3,Weather Report Extended v2,mlx-community/Llama-3.2-1B-Instruct-4bit,252.0,14339.0,0.0,0
2026-06-26T13:23:56.894,timeseries,3,Weather Report Extended v2,mlx-community/Llama-3.2-1B-Instruct-4bit,256.0,12908.0,0.0,0
2026-06-26T13:23:56.958,timeseries,3,Weather Report Extended v2,mlx-community/Llama-3.2-1B-Instruct-4bit,233.0,14331.0,0.0,0
2026-06-26T13:23:57.022,timeseries,3,Weather Report Extended v2,mlx-community/Llama-3.2-1B-Instruct-4bit,252.0,14416.0,0.0,0
2026-06-26T13:23:57.084,timeseries,3,Weather Report Extended v2,mlx-community/Llama-3.2-1B-Instruct-4bit,267.0,12591.0,0.0,0
2026-06-26T13:23:57.149,timeseries,3,Weather Report Extended v2,mlx-community/Llama-3.2-1B-Instruct-4bit,375.0,14328.0,0.0,0
2026-06-26T13:23:57.212,timeseries,3,Weather Report Extended v2,mlx-community/Llama-3.2-1B-Instruct-4bit,240.0,12947.0,0.0,0
2026-06-26T13:23:57.273,timeseries,3,Weather Report Extended v2,mlx-community/Llama-3.2-1B-Instruct-4bit,387.0,14146.0,0.0,0
2026-06-26T13:23:57.336,timeseries,3,Weather Report Extended v2,mlx-community/Llama-3.2-1B-Instruct-4bit,551.0,12508.0,0.0,0
2026-06-26T13:23:57.398,timeseries,3,Weather Report Extended v2,mlx-community/Llama-3.2-1B-Instruct-4bit,297.0,15114.0,0.0,0
2026-06-26T13:23:57.459,timeseries,3,Weather Report Extended v2,mlx-community/Llama-3.2-1B-Instruct-4bit,761.0,12568.0,0.0,0
2026-06-26T13:23:57.522,timeseries,3,Weather Report Extended v2,mlx-community/Llama-3.2-1B-Instruct-4bit,475.0,15129.0,0.0,0
2026-06-26T13:23:57.584,timeseries,3,Weather Report Extended v2,mlx-community/Llama-3.2-1B-Instruct-4bit,403.0,12984.0,0.0,0
2026-06-26T13:23:57.646,timeseries,3,Weather Report Extended v2,mlx-community/Llama-3.2-1B-Instruct-4bit,571.0,14503.0,0.0,0
2026-06-26T13:23:57.709,timeseries,3,Weather Report Extended v2,mlx-community/Llama-3.2-1B-Instruct-4bit,294.0,13206.0,0.0,0
2026-06-26T13:23:57.772,timeseries,3,Weather Report Extended v2,mlx-community/Llama-3.2-1B-Instruct-4bit,603.0,11738.0,0.0,0
2026-06-26T13:23:57.834,timeseries,3,Weather Report Extended v2,mlx-community/Llama-3.2-1B-Instruct-4bit,400.0,12873.0,0.0,0
2026-06-26T13:23:57.897,timeseries,3,Weather Report Extended v2,mlx-community/Llama-3.2-1B-Instruct-4bit,302.0,14559.0,0.0,0
2026-06-26T13:23:57.959,timeseries,3,Weather Report Extended v2,mlx-community/Llama-3.2-1B-Instruct-4bit,258.0,13020.0,0.0,0
2026-06-26T13:23:58.024,timeseries,3,Weather Report Extended v2,mlx-community/Llama-3.2-1B-Instruct-4bit,253.0,14471.0,0.0,0
2026-06-26T13:23:58.087,timeseries,3,Weather Report Extended v2,mlx-community/Llama-3.2-1B-Instruct-4bit,272.0,14525.0,0.0,0
2026-06-26T13:23:58.149,timeseries,3,Weather Report Extended v2,mlx-community/Llama-3.2-1B-Instruct-4bit,415.0,12332.0,0.0,0
2026-06-26T13:23:58.214,timeseries,3,Weather Report Extended v2,mlx-community/Llama-3.2-1B-Instruct-4bit,305.0,14766.0,0.0,0
2026-06-26T13:23:58.275,timeseries,3,Weather Report Extended v2,mlx-community/Llama-3.2-1B-Instruct-4bit,224.0,12945.0,0.0,0
2026-06-26T13:23:58.338,timeseries,3,Weather Report Extended v2,mlx-community/Llama-3.2-1B-Instruct-4bit,509.0,13928.0,0.0,0
2026-06-26T13:23:58.402,timeseries,3,Weather Report Extended v2,mlx-community/Llama-3.2-1B-Instruct-4bit,296.0,13158.0,0.0,0
2026-06-26T13:23:58.465,timeseries,3,Weather Report Extended v2,mlx-community/Llama-3.2-1B-Instruct-4bit,238.0,14580.0,0.0,0
2026-06-26T13:23:58.528,timeseries,3,Weather Report Extended v2,mlx-community/Llama-3.2-1B-Instruct-4bit,250.0,12508.0,0.0,0
2026-06-26T13:23:58.591,timeseries,3,Weather Report Extended v2,mlx-community/Llama-3.2-1B-Instruct-4bit,303.0,14636.0,0.0,0
2026-06-26T13:23:58.655,timeseries,3,Weather Report Extended v2,mlx-community/Llama-3.2-1B-Instruct-4bit,412.0,14541.0,0.0,0
2026-06-26T13:23:58.717,timeseries,3,Weather Report Extended v2,mlx-community/Llama-3.2-1B-Instruct-4bit,1481.0,12334.0,0.0,0
2026-06-26T13:23:58.779,timeseries,3,Weather Report Extended v2,mlx-community/Llama-3.2-1B-Instruct-4bit,798.0,14428.0,0.0,0
2026-06-26T13:23:58.840,timeseries,3,Weather Report Extended v2,mlx-community/Llama-3.2-1B-Instruct-4bit,472.0,13154.0,0.0,0
2026-06-26T13:23:58.903,timeseries,3,Weather Report Extended v2,mlx-community/Llama-3.2-1B-Instruct-4bit,417.0,12937.0,0.0,0
2026-06-26T13:23:58.967,timeseries,3,Weather Report Extended v2,mlx-community/Llama-3.2-1B-Instruct-4bit,342.0,14982.0,0.0,0
2026-06-26T13:23:59.031,timeseries,3,Weather Report Extended v2,mlx-community/Llama-3.2-1B-Instruct-4bit,240.0,14732.0,0.0,0
2026-06-26T13:23:59.093,timeseries,3,Weather Report Extended v2,mlx-community/Llama-3.2-1B-Instruct-4bit,302.0,12715.0,0.0,0
2026-06-26T13:23:59.157,timeseries,3,Weather Report Extended v2,mlx-community/Llama-3.2-1B-Instruct-4bit,461.0,14028.0,0.0,0
2026-06-26T13:23:59.221,timeseries,3,Weather Report Extended v2,mlx-community/Llama-3.2-1B-Instruct-4bit,273.0,12954.0,0.0,0
2026-06-26T13:23:59.283,timeseries,3,Weather Report Extended v2,mlx-community/Llama-3.2-1B-Instruct-4bit,223.0,14542.0,0.0,0
2026-06-26T13:23:59.346,timeseries,3,Weather Report Extended v2,mlx-community/Llama-3.2-1B-Instruct-4bit,525.0,14057.0,0.0,0
2026-06-26T13:23:59.409,timeseries,3,Weather Report Extended v2,mlx-community/Llama-3.2-1B-Instruct-4bit,387.0,13003.0,0.0,0
2026-06-26T13:23:59.473,timeseries,3,Weather Report Extended v2,mlx-community/Llama-3.2-1B-Instruct-4bit,253.0,14401.0,0.0,0
2026-06-26T13:23:59.534,timeseries,3,Weather Report Extended v2,mlx-community/Llama-3.2-1B-Instruct-4bit,253.0,12722.0,0.0,0
2026-06-26T13:23:59.598,timeseries,3,Weather Report Extended v2,mlx-community/Llama-3.2-1B-Instruct-4bit,334.0,14579.0,0.0,0
2026-06-26T13:23:59.661,timeseries,3,Weather Report Extended v2,mlx-community/Llama-3.2-1B-Instruct-4bit,371.0,13047.0,0.0,0
2026-06-26T13:23:59.723,timeseries,3,Weather Report Extended v2,mlx-community/Llama-3.2-1B-Instruct-4bit,300.0,14415.0,0.0,0
2026-06-26T13:23:59.786,timeseries,3,Weather Report Extended v2,mlx-community/Llama-3.2-1B-Instruct-4bit,238.0,12795.0,0.0,0
2026-06-26T13:23:59.850,timeseries,3,Weather Report Extended v2,mlx-community/Llama-3.2-1B-Instruct-4bit,255.0,14672.0,0.0,0
2026-06-26T13:23:59.913,timeseries,3,Weather Report Extended v2,mlx-community/Llama-3.2-1B-Instruct-4bit,240.0,14665.0,0.0,0
2026-06-26T13:23:59.976,timeseries,3,Weather Report Extended v2,mlx-community/Llama-3.2-1B-Instruct-4bit,283.0,12689.0,0.0,0
2026-06-26T13:24:00.039,timeseries,3,Weather Report Extended v2,mlx-community/Llama-3.2-1B-Instruct-4bit,282.0,14308.0,0.0,0
2026-06-26T13:24:00.102,timeseries,3,Weather Report Extended v2,mlx-community/Llama-3.2-1B-Instruct-4bit,336.0,12704.0,0.0,0
2026-06-26T13:24:00.165,timeseries,3,Weather Report Extended v2,mlx-community/Llama-3.2-1B-Instruct-4bit,349.0,14596.0,0.0,0
2026-06-26T13:24:00.229,timeseries,3,Weather Report Extended v2,mlx-community/Llama-3.2-1B-Instruct-4bit,238.0,12725.0,0.0,0
2026-06-26T13:24:00.291,timeseries,3,Weather Report Extended v2,mlx-community/Llama-3.2-1B-Instruct-4bit,237.0,14442.0,0.0,0
2026-06-26T13:24:00.352,timeseries,3,Weather Report Extended v2,mlx-community/Llama-3.2-1B-Instruct-4bit,454.0,12371.0,0.0,0
2026-06-26T13:24:00.416,timeseries,3,Weather Report Extended v2,mlx-community/Llama-3.2-1B-Instruct-4bit,392.0,14946.0,0.0,0
2026-06-26T13:24:00.479,timeseries,3,Weather Report Extended v2,mlx-community/Llama-3.2-1B-Instruct-4bit,259.0,12979.0,0.0,0
2026-06-26T13:24:00.540,timeseries,3,Weather Report Extended v2,mlx-community/Llama-3.2-1B-Instruct-4bit,266.0,14464.0,0.0,0
2026-06-26T13:24:00.604,timeseries,3,Weather Report Extended v2,mlx-community/Llama-3.2-1B-Instruct-4bit,333.0,12700.0,0.0,0
2026-06-26T13:24:00.666,timeseries,3,Weather Report Extended v2,mlx-community/Llama-3.2-1B-Instruct-4bit,389.0,14846.0,0.0,0
2026-06-26T13:24:00.729,timeseries,3,Weather Report Extended v2,mlx-community/Llama-3.2-1B-Instruct-4bit,267.0,14357.0,0.0,0
2026-06-26T13:24:00.792,timeseries,3,Weather Report Extended v2,mlx-community/Llama-3.2-1B-Instruct-4bit,258.0,12942.0,0.0,0
2026-06-26T13:24:00.854,timeseries,3,Weather Report Extended v2,mlx-community/Llama-3.2-1B-Instruct-4bit,238.0,14458.0,0.0,0
2026-06-26T13:24:00.918,timeseries,3,Weather Report Extended v2,mlx-community/Llama-3.2-1B-Instruct-4bit,271.0,12768.0,0.0,0
2026-06-26T13:24:00.981,timeseries,3,Weather Report Extended v2,mlx-community/Llama-3.2-1B-Instruct-4bit,256.0,14656.0,0.0,0
2026-06-26T13:24:01.043,timeseries,3,Weather Report Extended v2,mlx-community/Llama-3.2-1B-Instruct-4bit,301.0,12739.0,0.0,0
2026-06-26T13:24:01.106,timeseries,3,Weather Report Extended v2,mlx-community/Llama-3.2-1B-Instruct-4bit,2442.0,14431.0,0.0,0
2026-06-26T13:24:01.167,timeseries,3,Weather Report Extended v2,mlx-community/Llama-3.2-1B-Instruct-4bit,846.0,12879.0,0.0,0
2026-06-26T13:24:01.229,timeseries,3,Weather Report Extended v2,mlx-community/Llama-3.2-1B-Instruct-4bit,545.0,14784.0,0.0,0
2026-06-26T13:24:01.291,timeseries,3,Weather Report Extended v2,mlx-community/Llama-3.2-1B-Instruct-4bit,391.0,13104.0,0.0,0
2026-06-26T13:24:01.354,timeseries,3,Weather Report Extended v2,mlx-community/Llama-3.2-1B-Instruct-4bit,567.0,14749.0,0.0,0
2026-06-26T13:24:01.416,timeseries,3,Weather Report Extended v2,mlx-community/Llama-3.2-1B-Instruct-4bit,274.0,12974.0,0.0,0
2026-06-26T13:24:01.479,timeseries,3,Weather Report Extended v2,mlx-community/Llama-3.2-1B-Instruct-4bit,379.0,12649.0,0.0,0
2026-06-26T13:24:01.542,timeseries,3,Weather Report Extended v2,mlx-community/Llama-3.2-1B-Instruct-4bit,260.0,14950.0,0.0,0
2026-06-26T13:24:01.604,timeseries,3,Weather Report Extended v2,mlx-community/Llama-3.2-1B-Instruct-4bit,300.0,14466.0,0.0,0
2026-06-26T13:24:01.667,timeseries,3,Weather Report Extended v2,mlx-community/Llama-3.2-1B-Instruct-4bit,385.0,12874.0,0.0,0
2026-06-26T13:24:01.731,timeseries,3,Weather Report Extended v2,mlx-community/Llama-3.2-1B-Instruct-4bit,320.0,14671.0,0.0,0
2026-06-26T13:24:01.793,timeseries,3,Weather Report Extended v2,mlx-community/Llama-3.2-1B-Instruct-4bit,270.0,12762.0,0.0,0
2026-06-26T13:24:01.856,timeseries,3,Weather Report Extended v2,mlx-community/Llama-3.2-1B-Instruct-4bit,251.0,14366.0,0.0,0
2026-06-26T13:24:01.919,timeseries,3,Weather Report Extended v2,mlx-community/Llama-3.2-1B-Instruct-4bit,258.0,13011.0,0.0,0
2026-06-26T13:24:01.983,timeseries,3,Weather Report Extended v2,mlx-community/Llama-3.2-1B-Instruct-4bit,253.0,14472.0,0.0,0
2026-06-26T13:24:02.044,timeseries,3,Weather Report Extended v2,mlx-community/Llama-3.2-1B-Instruct-4bit,238.0,14537.0,0.0,0
2026-06-26T13:24:02.106,timeseries,3,Weather Report Extended v2,mlx-community/Llama-3.2-1B-Instruct-4bit,395.0,12604.0,0.0,0
2026-06-26T13:24:02.169,timeseries,3,Weather Report Extended v2,mlx-community/Llama-3.2-1B-Instruct-4bit,644.0,10566.0,0.0,0
2026-06-26T13:24:02.233,timeseries,3,Weather Report Extended v2,mlx-community/Llama-3.2-1B-Instruct-4bit,410.0,14303.0,0.0,0
2026-06-26T13:24:02.294,timeseries,3,Weather Report Extended v2,mlx-community/Llama-3.2-1B-Instruct-4bit,287.0,14599.0,0.0,0
2026-06-26T13:24:02.357,timeseries,3,Weather Report Extended v2,mlx-community/Llama-3.2-1B-Instruct-4bit,398.0,12697.0,0.0,0
2026-06-26T13:24:02.421,timeseries,3,Weather Report Extended v2,mlx-community/Llama-3.2-1B-Instruct-4bit,274.0,13029.0,0.0,0
2026-06-26T13:24:02.485,timeseries,3,Weather Report Extended v2,mlx-community/Llama-3.2-1B-Instruct-4bit,269.0,14496.0,0.0,0
2026-06-26T13:24:02.547,timeseries,3,Weather Report Extended v2,mlx-community/Llama-3.2-1B-Instruct-4bit,436.0,14000.0,0.0,0
2026-06-26T13:24:02.608,timeseries,3,Weather Report Extended v2,mlx-community/Llama-3.2-1B-Instruct-4bit,565.0,12439.0,0.0,0
2026-06-26T13:24:02.672,timeseries,3,Weather Report Extended v2,mlx-community/Llama-3.2-1B-Instruct-4bit,645.0,14822.0,0.0,0
2026-06-26T13:24:02.735,timeseries,3,Weather Report Extended v2,mlx-community/Llama-3.2-1B-Instruct-4bit,393.0,13119.0,0.0,0
2026-06-26T13:24:02.799,timeseries,3,Weather Report Extended v2,mlx-community/Llama-3.2-1B-Instruct-4bit,346.0,14409.0,0.0,0
2026-06-26T13:24:02.862,timeseries,3,Weather Report Extended v2,mlx-community/Llama-3.2-1B-Instruct-4bit,252.0,12639.0,0.0,0
2026-06-26T13:24:02.926,timeseries,3,Weather Report Extended v2,mlx-community/Llama-3.2-1B-Instruct-4bit,409.0,14427.0,0.0,0
2026-06-26T13:24:02.989,timeseries,3,Weather Report Extended v2,mlx-community/Llama-3.2-1B-Instruct-4bit,348.0,14362.0,0.0,0
2026-06-26T13:24:03.051,timeseries,3,Weather Report Extended v2,mlx-community/Llama-3.2-1B-Instruct-4bit,390.0,12471.0,0.0,0
2026-06-26T13:24:03.115,timeseries,3,Weather Report Extended v2,mlx-community/Llama-3.2-1B-Instruct-4bit,443.0,14452.0,0.0,0
2026-06-26T13:24:03.179,timeseries,3,Weather Report Extended v2,mlx-community/Llama-3.2-1B-Instruct-4bit,389.0,13019.0,0.0,0
2026-06-26T13:24:03.243,timeseries,3,Weather Report Extended v2,mlx-community/Llama-3.2-1B-Instruct-4bit,343.0,14167.0,0.0,0
2026-06-26T13:24:03.307,timeseries,3,Weather Report Extended v2,mlx-community/Llama-3.2-1B-Instruct-4bit,392.0,14276.0,0.0,0
2026-06-26T13:24:03.370,timeseries,3,Weather Report Extended v2,mlx-community/Llama-3.2-1B-Instruct-4bit,453.0,12441.0,0.0,0
2026-06-26T13:24:03.433,timeseries,3,Weather Report Extended v2,mlx-community/Llama-3.2-1B-Instruct-4bit,375.0,14314.0,0.0,0
2026-06-26T13:24:03.497,timeseries,3,Weather Report Extended v2,mlx-community/Llama-3.2-1B-Instruct-4bit,270.0,14616.0,0.0,0
2026-06-26T13:24:03.559,timeseries,3,Weather Report Extended v2,mlx-community/Llama-3.2-1B-Instruct-4bit,431.0,12718.0,0.0,0
2026-06-26T13:24:03.622,timeseries,3,Weather Report Extended v2,mlx-community/Llama-3.2-1B-Instruct-4bit,595.0,14175.0,0.0,0
2026-06-26T13:24:03.686,timeseries,3,Weather Report Extended v2,mlx-community/Llama-3.2-1B-Instruct-4bit,402.0,12987.0,0.0,0
2026-06-26T13:24:03.746,timeseries,3,Weather Report Extended v2,mlx-community/Llama-3.2-1B-Instruct-4bit,393.0,14350.0,0.0,0
2026-06-26T13:24:03.812,timeseries,3,Weather Report Extended v2,mlx-community/Llama-3.2-1B-Instruct-4bit,959.0,12298.0,0.0,0
2026-06-26T13:24:03.875,timeseries,3,Weather Report Extended v2,mlx-community/Llama-3.2-1B-Instruct-4bit,700.0,14977.0,0.0,0
2026-06-26T13:24:03.938,timeseries,3,Weather Report Extended v2,mlx-community/Llama-3.2-1B-Instruct-4bit,348.0,13843.0,0.0,0
2026-06-26T13:24:04.002,timeseries,3,Weather Report Extended v2,mlx-community/Llama-3.2-1B-Instruct-4bit,322.0,12800.0,0.0,0
2026-06-26T13:24:04.062,timeseries,3,Weather Report Extended v2,mlx-community/Llama-3.2-1B-Instruct-4bit,579.0,14137.0,0.0,0
2026-06-26T13:24:04.123,timeseries,3,Weather Report Extended v2,mlx-community/Llama-3.2-1B-Instruct-4bit,859.0,12367.0,0.0,0
2026-06-26T13:24:04.185,timeseries,3,Weather Report Extended v2,mlx-community/Llama-3.2-1B-Instruct-4bit,843.0,13501.0,0.0,0
2026-06-26T13:24:04.249,timeseries,3,Weather Report Extended v2,mlx-community/Llama-3.2-1B-Instruct-4bit,602.0,14964.0,0.0,0
2026-06-26T13:24:04.311,timeseries,3,Weather Report Extended v2,mlx-community/Llama-3.2-1B-Instruct-4bit,627.0,12741.0,0.0,0
2026-06-26T13:24:04.374,timeseries,3,Weather Report Extended v2,mlx-community/Llama-3.2-1B-Instruct-4bit,554.0,14430.0,0.0,0
2026-06-26T13:24:04.436,timeseries,3,Weather Report Extended v2,mlx-community/Llama-3.2-1B-Instruct-4bit,288.0,12929.0,0.0,0
2026-06-26T13:24:04.499,timeseries,3,Weather Report Extended v2,mlx-community/Llama-3.2-1B-Instruct-4bit,334.0,14652.0,0.0,0
2026-06-26T13:24:04.563,timeseries,3,Weather Report Extended v2,mlx-community/Llama-3.2-1B-Instruct-4bit,273.0,14795.0,0.0,0
2026-06-26T13:24:04.626,timeseries,3,Weather Report Extended v2,mlx-community/Llama-3.2-1B-Instruct-4bit,490.0,12660.0,0.0,0
2026-06-26T13:24:04.690,timeseries,3,Weather Report Extended v2,mlx-community/Llama-3.2-1B-Instruct-4bit,447.0,14519.0,0.0,0
2026-06-26T13:24:04.754,timeseries,3,Weather Report Extended v2,mlx-community/Llama-3.2-1B-Instruct-4bit,580.0,12409.0,0.0,0
2026-06-26T13:24:04.816,timeseries,3,Weather Report Extended v2,mlx-community/Llama-3.2-1B-Instruct-4bit,684.0,13998.0,0.0,0
2026-06-26T13:24:04.880,timeseries,3,Weather Report Extended v2,mlx-community/Llama-3.2-1B-Instruct-4bit,646.0,12474.0,0.0,0
2026-06-26T13:24:04.943,timeseries,3,Weather Report Extended v2,mlx-community/Llama-3.2-1B-Instruct-4bit,577.0,14641.0,0.0,0
2026-06-26T13:24:05.007,timeseries,3,Weather Report Extended v2,mlx-community/Llama-3.2-1B-Instruct-4bit,281.0,14387.0,0.0,0
2026-06-26T13:24:05.070,timeseries,3,Weather Report Extended v2,mlx-community/Llama-3.2-1B-Instruct-4bit,270.0,12753.0,0.0,0
2026-06-26T13:24:05.132,timeseries,3,Weather Report Extended v2,mlx-community/Llama-3.2-1B-Instruct-4bit,626.0,14119.0,0.0,0
2026-06-26T13:24:05.195,timeseries,3,Weather Report Extended v2,mlx-community/Llama-3.2-1B-Instruct-4bit,272.0,12829.0,0.0,0
2026-06-26T13:24:05.259,timeseries,3,Weather Report Extended v2,mlx-community/Llama-3.2-1B-Instruct-4bit,241.0,14772.0,0.0,0
2026-06-26T13:24:05.321,timeseries,3,Weather Report Extended v2,mlx-community/Llama-3.2-1B-Instruct-4bit,316.0,14383.0,0.0,0
2026-06-26T13:24:05.385,timeseries,3,Weather Report Extended v2,mlx-community/Llama-3.2-1B-Instruct-4bit,472.0,12491.0,0.0,0
2026-06-26T13:24:05.449,timeseries,3,Weather Report Extended v2,mlx-community/Llama-3.2-1B-Instruct-4bit,289.0,14816.0,0.0,0
2026-06-26T13:24:05.514,timeseries,3,Weather Report Extended v2,mlx-community/Llama-3.2-1B-Instruct-4bit,392.0,12578.0,0.0,0
2026-06-26T13:24:05.576,timeseries,3,Weather Report Extended v2,mlx-community/Llama-3.2-1B-Instruct-4bit,731.0,13948.0,0.0,0
2026-06-26T13:24:05.638,timeseries,3,Weather Report Extended v2,mlx-community/Llama-3.2-1B-Instruct-4bit,679.0,14069.0,0.0,0
2026-06-26T13:24:05.700,timeseries,3,Weather Report Extended v2,mlx-community/Llama-3.2-1B-Instruct-4bit,514.0,12759.0,0.0,0
2026-06-26T13:24:05.765,timeseries,3,Weather Report Extended v2,mlx-community/Llama-3.2-1B-Instruct-4bit,390.0,15029.0,0.0,0
2026-06-26T13:24:05.829,timeseries,3,Weather Report Extended v2,mlx-community/Llama-3.2-1B-Instruct-4bit,287.0,12869.0,0.0,0
2026-06-26T13:24:05.892,timeseries,3,Weather Report Extended v2,mlx-community/Llama-3.2-1B-Instruct-4bit,294.0,14268.0,0.0,0
2026-06-26T13:24:05.955,timeseries,3,Weather Report Extended v2,mlx-community/Llama-3.2-1B-Instruct-4bit,281.0,14388.0,0.0,0
2026-06-26T13:24:06.018,timeseries,3,Weather Report Extended v2,mlx-community/Llama-3.2-1B-Instruct-4bit,303.0,12779.0,0.0,0
2026-06-26T13:24:06.080,timeseries,3,Weather Report Extended v2,mlx-community/Llama-3.2-1B-Instruct-4bit,444.0,14428.0,0.0,0
2026-06-26T13:24:06.142,timeseries,3,Weather Report Extended v2,mlx-community/Llama-3.2-1B-Instruct-4bit,907.0,12711.0,0.0,0
2026-06-26T13:24:06.204,timeseries,3,Weather Report Extended v2,mlx-community/Llama-3.2-1B-Instruct-4bit,2564.0,14644.0,0.0,0
2026-06-26T13:24:06.267,timeseries,3,Weather Report Extended v2,mlx-community/Llama-3.2-1B-Instruct-4bit,741.0,12933.0,0.0,0
2026-06-26T13:24:06.331,timeseries,3,Weather Report Extended v2,mlx-community/Llama-3.2-1B-Instruct-4bit,954.0,14867.0,0.0,0
2026-06-26T13:24:06.393,timeseries,3,Weather Report Extended v2,mlx-community/Llama-3.2-1B-Instruct-4bit,445.0,12916.0,0.0,0
2026-06-26T13:24:06.456,timeseries,3,Weather Report Extended v2,mlx-community/Llama-3.2-1B-Instruct-4bit,582.0,14366.0,0.0,0
2026-06-26T13:24:06.521,timeseries,3,Weather Report Extended v2,mlx-community/Llama-3.2-1B-Instruct-4bit,353.0,12931.0,0.0,0
2026-06-26T13:24:06.584,timeseries,3,Weather Report Extended v2,mlx-community/Llama-3.2-1B-Instruct-4bit,362.0,14427.0,0.0,0
2026-06-26T13:24:06.645,timeseries,3,Weather Report Extended v2,mlx-community/Llama-3.2-1B-Instruct-4bit,739.0,11365.0,0.0,0
2026-06-26T13:24:06.709,timeseries,3,Weather Report Extended v2,mlx-community/Llama-3.2-1B-Instruct-4bit,648.0,12905.0,0.0,0
2026-06-26T13:24:06.773,timeseries,3,Weather Report Extended v2,mlx-community/Llama-3.2-1B-Instruct-4bit,437.0,14799.0,0.0,0
2026-06-26T13:24:06.835,timeseries,3,Weather Report Extended v2,mlx-community/Llama-3.2-1B-Instruct-4bit,346.0,12488.0,0.0,0
2026-06-26T13:24:06.899,timeseries,3,Weather Report Extended v2,mlx-community/Llama-3.2-1B-Instruct-4bit,392.0,14397.0,0.0,0
2026-06-26T13:24:06.963,timeseries,3,Weather Report Extended v2,mlx-community/Llama-3.2-1B-Instruct-4bit,381.0,12694.0,0.0,0
2026-06-26T13:24:07.030,timeseries,3,Weather Report Extended v2,mlx-community/Llama-3.2-1B-Instruct-4bit,313.0,14172.0,0.0,0
2026-06-26T13:24:07.093,timeseries,3,Weather Report Extended v2,mlx-community/Llama-3.2-1B-Instruct-4bit,436.0,14152.0,0.0,0
2026-06-26T13:24:07.156,timeseries,3,Weather Report Extended v2,mlx-community/Llama-3.2-1B-Instruct-4bit,453.0,13689.0,0.0,0
2026-06-26T13:24:07.218,timeseries,3,Weather Report Extended v2,mlx-community/Llama-3.2-1B-Instruct-4bit,352.0,12777.0,0.0,0
2026-06-26T13:24:07.282,timeseries,3,Weather Report Extended v2,mlx-community/Llama-3.2-1B-Instruct-4bit,485.0,14164.0,0.0,0
2026-06-26T13:24:07.344,timeseries,3,Weather Report Extended v2,mlx-community/Llama-3.2-1B-Instruct-4bit,496.0,12570.0,0.0,0
2026-06-26T13:24:07.408,timeseries,3,Weather Report Extended v2,mlx-community/Llama-3.2-1B-Instruct-4bit,422.0,14275.0,0.0,0
2026-06-26T13:24:07.471,timeseries,3,Weather Report Extended v2,mlx-community/Llama-3.2-1B-Instruct-4bit,467.0,14580.0,0.0,0
2026-06-26T13:24:07.532,timeseries,3,Weather Report Extended v2,mlx-community/Llama-3.2-1B-Instruct-4bit,800.0,12532.0,0.0,0
2026-06-26T13:24:07.596,timeseries,3,Weather Report Extended v2,mlx-community/Llama-3.2-1B-Instruct-4bit,690.0,12845.0,0.0,0
2026-06-26T13:24:07.660,timeseries,3,Weather Report Extended v2,mlx-community/Llama-3.2-1B-Instruct-4bit,469.0,14832.0,0.0,0
2026-06-26T13:24:07.723,timeseries,3,Weather Report Extended v2,mlx-community/Llama-3.2-1B-Instruct-4bit,486.0,14268.0,0.0,0
2026-06-26T13:24:07.784,timeseries,3,Weather Report Extended v2,mlx-community/Llama-3.2-1B-Instruct-4bit,457.0,12548.0,0.0,0
2026-06-26T13:24:07.848,timeseries,3,Weather Report Extended v2,mlx-community/Llama-3.2-1B-Instruct-4bit,273.0,14730.0,0.0,0
2026-06-26T13:24:07.912,timeseries,3,Weather Report Extended v2,mlx-community/Llama-3.2-1B-Instruct-4bit,273.0,12964.0,0.0,0
2026-06-26T13:24:07.974,timeseries,3,Weather Report Extended v2,mlx-community/Llama-3.2-1B-Instruct-4bit,237.0,14485.0,0.0,0
2026-06-26T13:24:08.038,timeseries,3,Weather Report Extended v2,mlx-community/Llama-3.2-1B-Instruct-4bit,456.0,12532.0,0.0,0
2026-06-26T13:24:08.099,timeseries,3,Weather Report Extended v2,mlx-community/Llama-3.2-1B-Instruct-4bit,574.0,14398.0,0.0,0
2026-06-26T13:24:08.162,timeseries,3,Weather Report Extended v2,mlx-community/Llama-3.2-1B-Instruct-4bit,499.0,14234.0,0.0,0
2026-06-26T13:24:08.225,timeseries,3,Weather Report Extended v2,mlx-community/Llama-3.2-1B-Instruct-4bit,521.0,12929.0,0.0,0
2026-06-26T13:24:08.289,timeseries,3,Weather Report Extended v2,mlx-community/Llama-3.2-1B-Instruct-4bit,349.0,14436.0,0.0,0
2026-06-26T13:24:08.353,timeseries,3,Weather Report Extended v2,mlx-community/Llama-3.2-1B-Instruct-4bit,493.0,12685.0,0.0,0
2026-06-26T13:24:08.416,timeseries,3,Weather Report Extended v2,mlx-community/Llama-3.2-1B-Instruct-4bit,282.0,14323.0,0.0,0
2026-06-26T13:24:08.479,timeseries,3,Weather Report Extended v2,mlx-community/Llama-3.2-1B-Instruct-4bit,439.0,12458.0,0.0,0
2026-06-26T13:24:08.542,timeseries,3,Weather Report Extended v2,mlx-community/Llama-3.2-1B-Instruct-4bit,1662.0,13835.0,0.0,0
2026-06-26T13:24:08.607,timeseries,3,Weather Report Extended v2,mlx-community/Llama-3.2-1B-Instruct-4bit,1019.0,14139.0,0.0,0
2026-06-26T13:24:08.671,timeseries,3,Weather Report Extended v2,mlx-community/Llama-3.2-1B-Instruct-4bit,2326.0,12636.0,0.0,0
2026-06-26T13:24:08.736,timeseries,3,Weather Report Extended v2,mlx-community/Llama-3.2-1B-Instruct-4bit,2114.0,13846.0,0.0,0
2026-06-26T13:24:08.799,timeseries,3,Weather Report Extended v2,mlx-community/Llama-3.2-1B-Instruct-4bit,2619.0,14305.0,0.0,0
2026-06-26T13:24:08.865,timeseries,3,Weather Report Extended v2,mlx-community/Llama-3.2-1B-Instruct-4bit,780.0,13964.0,0.0,0
2026-06-26T13:24:08.929,timeseries,3,Weather Report Extended v2,mlx-community/Llama-3.2-1B-Instruct-4bit,773.0,12560.0,0.0,0
2026-06-26T13:24:08.996,timeseries,3,Weather Report Extended v2,mlx-community/Llama-3.2-1B-Instruct-4bit,652.0,13866.0,0.0,0
2026-06-26T13:24:09.058,timeseries,3,Weather Report Extended v2,mlx-community/Llama-3.2-1B-Instruct-4bit,1064.0,14253.0,0.0,0
2026-06-26T13:24:09.124,timeseries,3,Weather Report Extended v2,mlx-community/Llama-3.2-1B-Instruct-4bit,1148.0,13527.0,0.0,0
2026-06-26T13:24:09.188,timeseries,3,Weather Report Extended v2,mlx-community/Llama-3.2-1B-Instruct-4bit,964.0,13050.0,0.0,0
2026-06-26T13:24:09.253,timeseries,3,Weather Report Extended v2,mlx-community/Llama-3.2-1B-Instruct-4bit,1012.0,13720.0,0.0,0
2026-06-26T13:24:09.316,timeseries,3,Weather Report Extended v2,mlx-community/Llama-3.2-1B-Instruct-4bit,957.0,14456.0,0.0,0
2026-06-26T13:24:09.383,timeseries,3,Weather Report Extended v2,mlx-community/Llama-3.2-1B-Instruct-4bit,1056.0,13854.0,0.0,0
2026-06-26T13:24:09.450,timeseries,3,Weather Report Extended v2,mlx-community/Llama-3.2-1B-Instruct-4bit,769.0,14426.0,0.0,0
2026-06-26T13:24:09.515,timeseries,3,Weather Report Extended v2,mlx-community/Llama-3.2-1B-Instruct-4bit,905.0,13856.0,0.0,0
2026-06-26T13:24:09.582,timeseries,3,Weather Report Extended v2,mlx-community/Llama-3.2-1B-Instruct-4bit,732.0,12141.0,0.0,0
2026-06-26T13:24:09.648,timeseries,3,Weather Report Extended v2,mlx-community/Llama-3.2-1B-Instruct-4bit,1242.0,14042.0,0.0,0
2026-06-26T13:24:09.711,timeseries,3,Weather Report Extended v2,mlx-community/Llama-3.2-1B-Instruct-4bit,671.0,13734.0,0.0,0
2026-06-26T13:24:09.777,timeseries,3,Weather Report Extended v2,mlx-community/Llama-3.2-1B-Instruct-4bit,766.0,14012.0,0.0,0
2026-06-26T13:24:09.843,timeseries,3,Weather Report Extended v2,mlx-community/Llama-3.2-1B-Instruct-4bit,1001.0,14630.0,0.0,0
2026-06-26T13:24:09.909,timeseries,3,Weather Report Extended v2,mlx-community/Llama-3.2-1B-Instruct-4bit,655.0,14040.0,0.0,0
2026-06-26T13:24:09.976,timeseries,3,Weather Report Extended v2,mlx-community/Llama-3.2-1B-Instruct-4bit,642.0,13793.0,0.0,0
2026-06-26T13:24:10.043,timeseries,3,Weather Report Extended v2,mlx-community/Llama-3.2-1B-Instruct-4bit,626.0,14148.0,0.0,0
2026-06-26T13:24:10.107,timeseries,3,Weather Report Extended v2,mlx-community/Llama-3.2-1B-Instruct-4bit,1025.0,13635.0,0.0,0
2026-06-26T13:24:10.174,timeseries,3,Weather Report Extended v2,mlx-community/Llama-3.2-1B-Instruct-4bit,938.0,12200.0,0.0,0
2026-06-26T13:24:10.241,timeseries,3,Weather Report Extended v2,mlx-community/Llama-3.2-1B-Instruct-4bit,645.0,14181.0,0.0,0
2026-06-26T13:24:10.301,timeseries,3,Weather Report Extended v2,mlx-community/Llama-3.2-1B-Instruct-4bit,643.0,13842.0,0.0,0
2026-06-26T13:24:10.367,timeseries,3,Weather Report Extended v2,mlx-community/Llama-3.2-1B-Instruct-4bit,1047.0,13696.0,0.0,0
2026-06-26T13:24:10.432,timeseries,3,Weather Report Extended v2,mlx-community/Llama-3.2-1B-Instruct-4bit,750.0,15291.0,0.0,0
2026-06-26T13:24:10.500,timeseries,3,Weather Report Extended v2,mlx-community/Llama-3.2-1B-Instruct-4bit,662.0,11990.0,0.0,0
2026-06-26T13:24:10.567,timeseries,3,Weather Report Extended v2,mlx-community/Llama-3.2-1B-Instruct-4bit,815.0,14124.0,0.0,0
2026-06-26T13:24:10.633,timeseries,3,Weather Report Extended v2,mlx-community/Llama-3.2-1B-Instruct-4bit,1246.0,15372.0,0.0,0
2026-06-26T13:24:10.699,timeseries,3,Weather Report Extended v2,mlx-community/Llama-3.2-1B-Instruct-4bit,832.0,13777.0,0.0,0
2026-06-26T13:24:10.767,timeseries,3,Weather Report Extended v2,mlx-community/Llama-3.2-1B-Instruct-4bit,698.0,12271.0,0.0,0
2026-06-26T13:24:10.832,timeseries,3,Weather Report Extended v2,mlx-community/Llama-3.2-1B-Instruct-4bit,801.0,15891.0,0.0,0
2026-06-26T13:24:10.898,timeseries,3,Weather Report Extended v2,mlx-community/Llama-3.2-1B-Instruct-4bit,959.0,11822.0,0.0,0
2026-06-26T13:24:10.965,timeseries,3,Weather Report Extended v2,mlx-community/Llama-3.2-1B-Instruct-4bit,625.0,14031.0,0.0,0
2026-06-26T13:24:11.033,timeseries,3,Weather Report Extended v2,mlx-community/Llama-3.2-1B-Instruct-4bit,835.0,14098.0,0.0,0
2026-06-26T13:24:11.100,timeseries,3,Weather Report Extended v2,mlx-community/Llama-3.2-1B-Instruct-4bit,1630.0,13553.0,0.0,0
2026-06-26T13:24:11.165,timeseries,3,Weather Report Extended v2,mlx-community/Llama-3.2-1B-Instruct-4bit,920.0,12716.0,0.0,0
2026-06-26T13:24:11.230,timeseries,3,Weather Report Extended v2,mlx-community/Llama-3.2-1B-Instruct-4bit,447.0,12001.0,0.0,0
2026-06-26T13:24:11.297,timeseries,3,Weather Report Extended v2,mlx-community/Llama-3.2-1B-Instruct-4bit,1497.0,14056.0,0.0,0
2026-06-26T13:24:11.357,timeseries,3,Weather Report Extended v2,mlx-community/Llama-3.2-1B-Instruct-4bit,3124.0,14143.0,0.0,0
2026-06-26T13:24:11.421,timeseries,3,Weather Report Extended v2,mlx-community/Llama-3.2-1B-Instruct-4bit,560.0,12269.0,0.0,0
2026-06-26T13:24:11.487,timeseries,3,Weather Report Extended v2,mlx-community/Llama-3.2-1B-Instruct-4bit,489.0,15058.0,0.0,0
2026-06-26T13:24:11.549,timeseries,3,Weather Report Extended v2,mlx-community/Llama-3.2-1B-Instruct-4bit,264.0,14078.0,0.0,0
2026-06-26T13:24:11.615,timeseries,3,Weather Report Extended v2,mlx-community/Llama-3.2-1B-Instruct-4bit,455.0,12243.0,0.0,0
2026-06-26T13:24:11.683,timeseries,3,Weather Report Extended v2,mlx-community/Llama-3.2-1B-Instruct-4bit,309.0,14866.0,0.0,0
2026-06-26T13:24:11.750,timeseries,3,Weather Report Extended v2,mlx-community/Llama-3.2-1B-Instruct-4bit,425.0,13939.0,0.0,0
2026-06-26T13:24:11.815,timeseries,3,Weather Report Extended v2,mlx-community/Llama-3.2-1B-Instruct-4bit,194.0,15521.0,0.0,0
2026-06-26T13:24:11.883,timeseries,3,Weather Report Extended v2,mlx-community/Llama-3.2-1B-Instruct-4bit,366.0,11695.0,0.0,0
2026-06-26T13:24:11.944,timeseries,3,Weather Report Extended v2,mlx-community/Llama-3.2-1B-Instruct-4bit,340.0,14282.0,0.0,0
2026-06-26T13:24:12.011,timeseries,3,Weather Report Extended v2,mlx-community/Llama-3.2-1B-Instruct-4bit,251.0,13521.0,0.0,0
2026-06-26T13:24:12.074,timeseries,3,Weather Report Extended v2,mlx-community/Llama-3.2-1B-Instruct-4bit,355.0,14849.0,0.0,0
2026-06-26T13:24:12.140,timeseries,3,Weather Report Extended v2,mlx-community/Llama-3.2-1B-Instruct-4bit,419.0,11968.0,0.0,0
2026-06-26T13:24:12.207,timeseries,3,Weather Report Extended v2,mlx-community/Llama-3.2-1B-Instruct-4bit,432.0,14674.0,0.0,0
2026-06-26T13:24:12.272,timeseries,3,Weather Report Extended v2,mlx-community/Llama-3.2-1B-Instruct-4bit,197.0,13960.0,0.0,0
2026-06-26T13:24:12.336,timeseries,3,Weather Report Extended v2,mlx-community/Llama-3.2-1B-Instruct-4bit,341.0,13456.0,0.0,0
2026-06-26T13:24:12.399,timeseries,3,Weather Report Extended v2,mlx-community/Llama-3.2-1B-Instruct-4bit,388.0,14286.0,0.0,0
2026-06-26T13:24:12.467,timeseries,3,Weather Report Extended v2,mlx-community/Llama-3.2-1B-Instruct-4bit,250.0,12563.0,0.0,0
2026-06-26T13:24:12.532,timeseries,3,Weather Report Extended v2,mlx-community/Llama-3.2-1B-Instruct-4bit,366.0,16532.0,0.0,0
2026-06-26T13:24:12.595,timeseries,3,Weather Report Extended v2,mlx-community/Llama-3.2-1B-Instruct-4bit,263.0,11601.0,0.0,0
2026-06-26T13:24:12.658,timeseries,3,Weather Report Extended v2,mlx-community/Llama-3.2-1B-Instruct-4bit,475.0,14186.0,0.0,0
2026-06-26T13:24:12.726,timeseries,3,Weather Report Extended v2,mlx-community/Llama-3.2-1B-Instruct-4bit,270.0,12690.0,0.0,0
2026-06-26T13:24:12.793,timeseries,3,Weather Report Extended v2,mlx-community/Llama-3.2-1B-Instruct-4bit,369.0,16651.0,0.0,0
2026-06-26T13:24:12.855,timeseries,3,Weather Report Extended v2,mlx-community/Llama-3.2-1B-Instruct-4bit,209.0,13869.0,0.0,0
2026-06-26T13:24:12.923,timeseries,3,Weather Report Extended v2,mlx-community/Llama-3.2-1B-Instruct-4bit,308.0,11723.0,0.0,0
2026-06-26T13:24:12.988,timeseries,3,Weather Report Extended v2,mlx-community/Llama-3.2-1B-Instruct-4bit,388.0,14850.0,0.0,0
2026-06-26T13:24:13.050,timeseries,3,Weather Report Extended v2,mlx-community/Llama-3.2-1B-Instruct-4bit,248.0,13324.0,0.0,0
2026-06-26T13:24:13.116,timeseries,3,Weather Report Extended v2,mlx-community/Llama-3.2-1B-Instruct-4bit,471.0,14307.0,0.0,0
2026-06-26T13:24:13.184,timeseries,3,Weather Report Extended v2,mlx-community/Llama-3.2-1B-Instruct-4bit,271.0,12890.0,0.0,0
2026-06-26T13:24:13.249,timeseries,3,Weather Report Extended v2,mlx-community/Llama-3.2-1B-Instruct-4bit,363.0,15682.0,0.0,0
2026-06-26T13:24:13.310,timeseries,3,Weather Report Extended v2,mlx-community/Llama-3.2-1B-Instruct-4bit,222.0,11871.0,0.0,0
2026-06-26T13:24:13.376,timeseries,3,Weather Report Extended v2,mlx-community/Llama-3.2-1B-Instruct-4bit,443.0,14025.0,0.0,0
2026-06-26T13:24:13.439,timeseries,3,Weather Report Extended v2,mlx-community/Llama-3.2-1B-Instruct-4bit,373.0,14937.0,0.0,0
2026-06-26T13:24:13.506,timeseries,3,Weather Report Extended v2,mlx-community/Llama-3.2-1B-Instruct-4bit,288.0,12138.0,0.0,0
2026-06-26T13:24:13.569,timeseries,3,Weather Report Extended v2,mlx-community/Llama-3.2-1B-Instruct-4bit,320.0,14767.0,0.0,0
2026-06-26T13:24:13.638,timeseries,3,Weather Report Extended v2,mlx-community/Llama-3.2-1B-Instruct-4bit,404.0,13618.0,0.0,0
2026-06-26T13:24:13.705,timeseries,3,Weather Report Extended v2,mlx-community/Llama-3.2-1B-Instruct-4bit,348.0,14585.0,0.0,0
2026-06-26T13:24:13.771,timeseries,3,Weather Report Extended v2,mlx-community/Llama-3.2-1B-Instruct-4bit,204.0,13423.0,0.0,0
2026-06-26T13:24:13.839,timeseries,3,Weather Report Extended v2,mlx-community/Llama-3.2-1B-Instruct-4bit,402.0,13656.0,0.0,0
2026-06-26T13:24:13.907,timeseries,3,Weather Report Extended v2,mlx-community/Llama-3.2-1B-Instruct-4bit,290.0,14050.0,0.0,0
2026-06-26T13:24:13.974,timeseries,3,Weather Report Extended v2,mlx-community/Llama-3.2-1B-Instruct-4bit,437.0,13333.0,0.0,0
2026-06-26T13:24:14.040,timeseries,3,Weather Report Extended v2,mlx-community/Llama-3.2-1B-Instruct-4bit,454.0,13274.0,0.0,0
2026-06-26T13:24:14.103,timeseries,3,Weather Report Extended v2,mlx-community/Llama-3.2-1B-Instruct-4bit,780.0,13203.0,0.0,0
2026-06-26T13:24:14.168,timeseries,3,Weather Report Extended v2,mlx-community/Llama-3.2-1B-Instruct-4bit,862.0,13951.0,0.0,0
2026-06-26T13:24:14.236,timeseries,3,Weather Report Extended v2,mlx-community/Llama-3.2-1B-Instruct-4bit,1020.0,13820.0,0.0,0
2026-06-26T13:24:14.300,timeseries,3,Weather Report Extended v2,mlx-community/Llama-3.2-1B-Instruct-4bit,606.0,14020.0,0.0,0
2026-06-26T13:24:14.367,timeseries,3,Weather Report Extended v2,mlx-community/Llama-3.2-1B-Instruct-4bit,635.0,13198.0,0.0,0
2026-06-26T13:24:14.431,timeseries,3,Weather Report Extended v2,mlx-community/Llama-3.2-1B-Instruct-4bit,755.0,14232.0,0.0,0
2026-06-26T13:24:14.499,timeseries,3,Weather Report Extended v2,mlx-community/Llama-3.2-1B-Instruct-4bit,473.0,11636.0,0.0,0
2026-06-26T13:24:14.561,timeseries,3,Weather Report Extended v2,mlx-community/Llama-3.2-1B-Instruct-4bit,729.0,14075.0,0.0,0
2026-06-26T13:24:14.625,timeseries,3,Weather Report Extended v2,mlx-community/Llama-3.2-1B-Instruct-4bit,726.0,13387.0,0.0,0
2026-06-26T13:24:14.693,timeseries,3,Weather Report Extended v2,mlx-community/Llama-3.2-1B-Instruct-4bit,499.0,14652.0,0.0,0
2026-06-26T13:24:14.760,timeseries,3,Weather Report Extended v2,mlx-community/Llama-3.2-1B-Instruct-4bit,327.0,14366.0,0.0,0
2026-06-26T13:24:14.827,timeseries,3,Weather Report Extended v2,mlx-community/Llama-3.2-1B-Instruct-4bit,596.0,13548.0,0.0,0
2026-06-26T13:24:14.896,timeseries,3,Weather Report Extended v2,mlx-community/Llama-3.2-1B-Instruct-4bit,312.0,13510.0,0.0,0
2026-06-26T13:24:14.960,timeseries,3,Weather Report Extended v2,mlx-community/Llama-3.2-1B-Instruct-4bit,551.0,13592.0,0.0,0
2026-06-26T13:24:15.026,timeseries,3,Weather Report Extended v2,mlx-community/Llama-3.2-1B-Instruct-4bit,421.0,13298.0,0.0,0
2026-06-26T13:24:15.088,timeseries,3,Weather Report Extended v2,mlx-community/Llama-3.2-1B-Instruct-4bit,758.0,14025.0,0.0,0
2026-06-26T13:24:15.153,timeseries,3,Weather Report Extended v2,mlx-community/Llama-3.2-1B-Instruct-4bit,843.0,12308.0,0.0,0
2026-06-26T13:24:15.222,timeseries,3,Weather Report Extended v2,mlx-community/Llama-3.2-1B-Instruct-4bit,639.0,14478.0,0.0,0
2026-06-26T13:24:15.287,timeseries,3,Weather Report Extended v2,mlx-community/Llama-3.2-1B-Instruct-4bit,355.0,14286.0,0.0,0
2026-06-26T13:24:15.357,timeseries,3,Weather Report Extended v2,mlx-community/Llama-3.2-1B-Instruct-4bit,505.0,13156.0,0.0,0
2026-06-26T13:24:15.425,timeseries,3,Weather Report Extended v2,mlx-community/Llama-3.2-1B-Instruct-4bit,615.0,13957.0,0.0,0
2026-06-26T13:24:15.491,timeseries,3,Weather Report Extended v2,mlx-community/Llama-3.2-1B-Instruct-4bit,320.0,14944.0,0.0,0
2026-06-26T13:24:15.560,timeseries,3,Weather Report Extended v2,mlx-community/Llama-3.2-1B-Instruct-4bit,505.0,11420.0,0.0,0
2026-06-26T13:24:15.624,timeseries,3,Weather Report Extended v2,mlx-community/Llama-3.2-1B-Instruct-4bit,733.0,13270.0,0.0,0
2026-06-26T13:24:15.690,timeseries,3,Weather Report Extended v2,mlx-community/Llama-3.2-1B-Instruct-4bit,735.0,11059.0,0.0,0
2026-06-26T13:24:15.757,timeseries,3,Weather Report Extended v2,mlx-community/Llama-3.2-1B-Instruct-4bit,552.0,14411.0,0.0,0
2026-06-26T13:24:15.822,timeseries,3,Weather Report Extended v2,mlx-community/Llama-3.2-1B-Instruct-4bit,329.0,13685.0,0.0,0
2026-06-26T13:24:15.890,timeseries,3,Weather Report Extended v2,mlx-community/Llama-3.2-1B-Instruct-4bit,649.0,13666.0,0.0,0
2026-06-26T13:24:15.957,timeseries,3,Weather Report Extended v2,mlx-community/Llama-3.2-1B-Instruct-4bit,335.0,13896.0,0.0,0
2026-06-26T13:24:16.021,timeseries,3,Weather Report Extended v2,mlx-community/Llama-3.2-1B-Instruct-4bit,632.0,13303.0,0.0,0
2026-06-26T13:24:16.083,timeseries,3,Weather Report Extended v2,mlx-community/Llama-3.2-1B-Instruct-4bit,652.0,13789.0,0.0,0
2026-06-26T13:24:16.148,timeseries,3,Weather Report Extended v2,mlx-community/Llama-3.2-1B-Instruct-4bit,1158.0,14004.0,0.0,0
2026-06-26T13:24:16.218,timeseries,3,Weather Report Extended v2,mlx-community/Llama-3.2-1B-Instruct-4bit,629.0,12802.0,0.0,0
2026-06-26T13:24:16.282,timeseries,3,Weather Report Extended v2,mlx-community/Llama-3.2-1B-Instruct-4bit,707.0,15644.0,0.0,0
2026-06-26T13:24:16.348,timeseries,3,Weather Report Extended v2,mlx-community/Llama-3.2-1B-Instruct-4bit,991.0,11160.0,0.0,0
2026-06-26T13:24:16.417,timeseries,3,Weather Report Extended v2,mlx-community/Llama-3.2-1B-Instruct-4bit,1930.0,13886.0,0.0,0
2026-06-26T13:24:16.479,timeseries,3,Weather Report Extended v2,mlx-community/Llama-3.2-1B-Instruct-4bit,2508.0,15378.0,0.0,0
2026-06-26T13:24:16.546,timeseries,3,Weather Report Extended v2,mlx-community/Llama-3.2-1B-Instruct-4bit,695.0,11774.0,0.0,0
2026-06-26T13:24:16.610,timeseries,3,Weather Report Extended v2,mlx-community/Llama-3.2-1B-Instruct-4bit,1067.0,14867.0,0.0,0
2026-06-26T13:24:16.674,timeseries,3,Weather Report Extended v2,mlx-community/Llama-3.2-1B-Instruct-4bit,434.0,13811.0,0.0,0
2026-06-26T13:24:16.744,timeseries,3,Weather Report Extended v2,mlx-community/Llama-3.2-1B-Instruct-4bit,512.0,12495.0,0.0,0
2026-06-26T13:24:16.808,timeseries,3,Weather Report Extended v2,mlx-community/Llama-3.2-1B-Instruct-4bit,219.0,16156.0,0.0,0
2026-06-26T13:24:16.877,timeseries,3,Weather Report Extended v2,mlx-community/Llama-3.2-1B-Instruct-4bit,434.0,12851.0,0.0,0
2026-06-26T13:24:16.938,timeseries,3,Weather Report Extended v2,mlx-community/Llama-3.2-1B-Instruct-4bit,371.0,14239.0,0.0,0
2026-06-26T13:24:17.007,timeseries,3,Weather Report Extended v2,mlx-community/Llama-3.2-1B-Instruct-4bit,290.0,11562.0,0.0,0
2026-06-26T13:24:17.072,timeseries,3,Weather Report Extended v2,mlx-community/Llama-3.2-1B-Instruct-4bit,366.0,15334.0,0.0,0
2026-06-26T13:24:17.135,timeseries,3,Weather Report Extended v2,mlx-community/Llama-3.2-1B-Instruct-4bit,533.0,13194.0,0.0,0
2026-06-26T13:24:17.202,timeseries,3,Weather Report Extended v2,mlx-community/Llama-3.2-1B-Instruct-4bit,447.0,14300.0,0.0,0
2026-06-26T13:24:17.265,timeseries,3,Weather Report Extended v2,mlx-community/Llama-3.2-1B-Instruct-4bit,252.0,14508.0,0.0,0
2026-06-26T13:24:17.332,timeseries,3,Weather Report Extended v2,mlx-community/Llama-3.2-1B-Instruct-4bit,332.0,11965.0,0.0,0
2026-06-26T13:24:17.397,timeseries,3,Weather Report Extended v2,mlx-community/Llama-3.2-1B-Instruct-4bit,469.0,14413.0,0.0,0
2026-06-26T13:24:17.460,timeseries,3,Weather Report Extended v2,mlx-community/Llama-3.2-1B-Instruct-4bit,373.0,13732.0,0.0,0
2026-06-26T13:24:17.524,timeseries,3,Weather Report Extended v2,mlx-community/Llama-3.2-1B-Instruct-4bit,431.0,14093.0,0.0,0
2026-06-26T13:24:17.584,timeseries,3,Weather Report Extended v2,mlx-community/Llama-3.2-1B-Instruct-4bit,824.0,12741.0,0.0,0
2026-06-26T13:24:17.647,timeseries,3,Weather Report Extended v2,mlx-community/Llama-3.2-1B-Instruct-4bit,646.0,14582.0,0.0,0
2026-06-26T13:24:17.715,timeseries,3,Weather Report Extended v2,mlx-community/Llama-3.2-1B-Instruct-4bit,319.0,13641.0,0.0,0
2026-06-26T13:24:17.782,timeseries,3,Weather Report Extended v2,mlx-community/Llama-3.2-1B-Instruct-4bit,391.0,14297.0,0.0,0
2026-06-26T13:24:17.849,timeseries,3,Weather Report Extended v2,mlx-community/Llama-3.2-1B-Instruct-4bit,210.0,13875.0,0.0,0
2026-06-26T13:24:17.917,timeseries,3,Weather Report Extended v2,mlx-community/Llama-3.2-1B-Instruct-4bit,220.0,13626.0,0.0,0
2026-06-26T13:24:17.984,timeseries,3,Weather Report Extended v2,mlx-community/Llama-3.2-1B-Instruct-4bit,372.0,15441.0,0.0,0
2026-06-26T13:24:18.047,timeseries,3,Weather Report Extended v2,mlx-community/Llama-3.2-1B-Instruct-4bit,209.0,13821.0,0.0,0
2026-06-26T13:24:18.110,timeseries,3,Weather Report Extended v2,mlx-community/Llama-3.2-1B-Instruct-4bit,518.0,11917.0,0.0,0
2026-06-26T13:24:18.173,timeseries,3,Weather Report Extended v2,mlx-community/Llama-3.2-1B-Instruct-4bit,304.0,14775.0,0.0,0
2026-06-26T13:24:18.242,timeseries,3,Weather Report Extended v2,mlx-community/Llama-3.2-1B-Instruct-4bit,542.0,12790.0,0.0,0
2026-06-26T13:24:18.307,timeseries,3,Weather Report Extended v2,mlx-community/Llama-3.2-1B-Instruct-4bit,271.0,16546.0,0.0,0
2026-06-26T13:24:18.373,timeseries,3,Weather Report Extended v2,mlx-community/Llama-3.2-1B-Instruct-4bit,686.0,11180.0,0.0,0
2026-06-26T13:24:18.440,timeseries,3,Weather Report Extended v2,mlx-community/Llama-3.2-1B-Instruct-4bit,460.0,14190.0,0.0,0
2026-06-26T13:24:18.508,timeseries,3,Weather Report Extended v2,mlx-community/Llama-3.2-1B-Instruct-4bit,241.0,13923.0,0.0,0
2026-06-26T13:24:18.573,timeseries,3,Weather Report Extended v2,mlx-community/Llama-3.2-1B-Instruct-4bit,405.0,15416.0,0.0,0
2026-06-26T13:24:18.638,timeseries,3,Weather Report Extended v2,mlx-community/Llama-3.2-1B-Instruct-4bit,350.0,11725.0,0.0,0
2026-06-26T13:24:18.705,timeseries,3,Weather Report Extended v2,mlx-community/Llama-3.2-1B-Instruct-4bit,405.0,14214.0,0.0,0
2026-06-26T13:24:18.772,timeseries,3,Weather Report Extended v2,mlx-community/Llama-3.2-1B-Instruct-4bit,200.0,14240.0,0.0,0
2026-06-26T13:24:18.839,timeseries,3,Weather Report Extended v2,mlx-community/Llama-3.2-1B-Instruct-4bit,1356.0,13278.0,0.0,0
2026-06-26T13:24:18.901,timeseries,3,Weather Report Extended v2,mlx-community/Llama-3.2-1B-Instruct-4bit,745.0,13874.0,0.0,0
2026-06-26T13:24:18.964,timeseries,3,Weather Report Extended v2,mlx-community/Llama-3.2-1B-Instruct-4bit,483.0,13880.0,0.0,0
2026-06-26T13:24:19.029,timeseries,3,Weather Report Extended v2,mlx-community/Llama-3.2-1B-Instruct-4bit,669.0,12743.0,0.0,0
2026-06-26T13:24:19.091,timeseries,3,Weather Report Extended v2,mlx-community/Llama-3.2-1B-Instruct-4bit,382.0,14444.0,0.0,0
2026-06-26T13:24:19.156,timeseries,3,Weather Report Extended v2,mlx-community/Llama-3.2-1B-Instruct-4bit,588.0,12526.0,0.0,0
2026-06-26T13:24:19.221,timeseries,3,Weather Report Extended v2,mlx-community/Llama-3.2-1B-Instruct-4bit,273.0,14827.0,0.0,0
2026-06-26T13:24:19.284,timeseries,3,Weather Report Extended v2,mlx-community/Llama-3.2-1B-Instruct-4bit,464.0,14250.0,0.0,0
2026-06-26T13:24:19.349,timeseries,3,Weather Report Extended v2,mlx-community/Llama-3.2-1B-Instruct-4bit,356.0,14190.0,0.0,0
2026-06-26T13:24:19.418,timeseries,3,Weather Report Extended v2,mlx-community/Llama-3.2-1B-Instruct-4bit,253.0,12767.0,0.0,0
2026-06-26T13:24:19.483,timeseries,3,Weather Report Extended v2,mlx-community/Llama-3.2-1B-Instruct-4bit,416.0,15986.0,0.0,0
2026-06-26T13:24:19.546,timeseries,3,Weather Report Extended v2,mlx-community/Llama-3.2-1B-Instruct-4bit,247.0,13308.0,0.0,0
2026-06-26T13:24:19.609,timeseries,3,Weather Report Extended v2,mlx-community/Llama-3.2-1B-Instruct-4bit,428.0,12247.0,0.0,0
2026-06-26T13:24:19.674,timeseries,3,Weather Report Extended v2,mlx-community/Llama-3.2-1B-Instruct-4bit,350.0,14616.0,0.0,0
2026-06-26T13:24:19.740,timeseries,3,Weather Report Extended v2,mlx-community/Llama-3.2-1B-Instruct-4bit,386.0,12986.0,0.0,0
2026-06-26T13:24:19.810,timeseries,3,Weather Report Extended v2,mlx-community/Llama-3.2-1B-Instruct-4bit,242.0,13908.0,0.0,0
2026-06-26T13:24:19.874,timeseries,3,Weather Report Extended v2,mlx-community/Llama-3.2-1B-Instruct-4bit,200.0,15794.0,0.0,0
2026-06-26T13:24:19.942,timeseries,3,Weather Report Extended v2,mlx-community/Llama-3.2-1B-Instruct-4bit,532.0,11570.0,0.0,0
2026-06-26T13:24:20.007,timeseries,3,Weather Report Extended v2,mlx-community/Llama-3.2-1B-Instruct-4bit,338.0,15759.0,0.0,0
2026-06-26T13:24:20.074,timeseries,3,Weather Report Extended v2,mlx-community/Llama-3.2-1B-Instruct-4bit,606.0,11827.0,0.0,0
2026-06-26T13:24:20.135,timeseries,3,Weather Report Extended v2,mlx-community/Llama-3.2-1B-Instruct-4bit,563.0,13001.0,0.0,0
2026-06-26T13:24:20.200,timeseries,3,Weather Report Extended v2,mlx-community/Llama-3.2-1B-Instruct-4bit,816.0,11787.0,0.0,0
2026-06-26T13:24:20.260,timeseries,3,Weather Report Extended v2,mlx-community/Llama-3.2-1B-Instruct-4bit,309.0,14958.0,0.0,0
2026-06-26T13:24:20.325,timeseries,3,Weather Report Extended v2,mlx-community/Llama-3.2-1B-Instruct-4bit,482.0,12350.0,0.0,0
2026-06-26T13:24:20.388,timeseries,3,Weather Report Extended v2,mlx-community/Llama-3.2-1B-Instruct-4bit,462.0,15208.0,0.0,0
2026-06-26T13:24:20.456,timeseries,3,Weather Report Extended v2,mlx-community/Llama-3.2-1B-Instruct-4bit,324.0,12345.0,0.0,0
2026-06-26T13:24:20.520,timeseries,3,Weather Report Extended v2,mlx-community/Llama-3.2-1B-Instruct-4bit,380.0,14614.0,0.0,0
2026-06-26T13:24:20.585,timeseries,3,Weather Report Extended v2,mlx-community/Llama-3.2-1B-Instruct-4bit,382.0,13407.0,0.0,0
2026-06-26T13:24:20.648,timeseries,3,Weather Report Extended v2,mlx-community/Llama-3.2-1B-Instruct-4bit,450.0,14279.0,0.0,0
2026-06-26T13:24:20.717,timeseries,3,Weather Report Extended v2,mlx-community/Llama-3.2-1B-Instruct-4bit,310.0,12416.0,0.0,0
2026-06-26T13:24:20.783,timeseries,3,Weather Report Extended v2,mlx-community/Llama-3.2-1B-Instruct-4bit,286.0,16632.0,0.0,0
2026-06-26T13:24:20.851,timeseries,3,Weather Report Extended v2,mlx-community/Llama-3.2-1B-Instruct-4bit,203.0,11670.0,0.0,0
2026-06-26T13:24:20.917,timeseries,3,Weather Report Extended v2,mlx-community/Llama-3.2-1B-Instruct-4bit,424.0,15734.0,0.0,0
2026-06-26T13:24:20.985,timeseries,3,Weather Report Extended v2,mlx-community/Llama-3.2-1B-Instruct-4bit,206.0,13657.0,0.0,0
2026-06-26T13:24:21.048,timeseries,3,Weather Report Extended v2,mlx-community/Llama-3.2-1B-Instruct-4bit,408.0,13765.0,0.0,0
2026-06-26T13:24:21.112,timeseries,3,Weather Report Extended v2,mlx-community/Llama-3.2-1B-Instruct-4bit,310.0,11872.0,0.0,0
2026-06-26T13:24:21.177,timeseries,3,Weather Report Extended v2,mlx-community/Llama-3.2-1B-Instruct-4bit,440.0,14409.0,0.0,0
2026-06-26T13:24:21.244,timeseries,3,Weather Report Extended v2,mlx-community/Llama-3.2-1B-Instruct-4bit,218.0,14381.0,0.0,0
2026-06-26T13:24:21.307,timeseries,3,Weather Report Extended v2,mlx-community/Llama-3.2-1B-Instruct-4bit,293.0,14025.0,0.0,0
2026-06-26T13:24:21.373,timeseries,3,Weather Report Extended v2,mlx-community/Llama-3.2-1B-Instruct-4bit,695.0,11932.0,0.0,0
2026-06-26T13:24:21.437,timeseries,3,Weather Report Extended v2,mlx-community/Llama-3.2-1B-Instruct-4bit,298.0,14295.0,0.0,0
2026-06-26T13:24:21.505,timeseries,3,Weather Report Extended v2,mlx-community/Llama-3.2-1B-Instruct-4bit,887.0,13377.0,0.0,0
2026-06-26T13:24:21.570,timeseries,3,Weather Report Extended v2,mlx-community/Llama-3.2-1B-Instruct-4bit,2292.0,14273.0,0.0,0
2026-06-26T13:24:21.633,timeseries,3,Weather Report Extended v2,mlx-community/Llama-3.2-1B-Instruct-4bit,1227.0,13659.0,0.0,0
2026-06-26T13:24:21.695,timeseries,3,Weather Report Extended v2,mlx-community/Llama-3.2-1B-Instruct-4bit,520.0,14032.0,0.0,0
2026-06-26T13:24:21.759,timeseries,3,Weather Report Extended v2,mlx-community/Llama-3.2-1B-Instruct-4bit,706.0,12977.0,0.0,0
2026-06-26T13:24:21.821,timeseries,3,Weather Report Extended v2,mlx-community/Llama-3.2-1B-Instruct-4bit,353.0,14609.0,0.0,0
2026-06-26T13:24:21.887,timeseries,3,Weather Report Extended v2,mlx-community/Llama-3.2-1B-Instruct-4bit,331.0,12681.0,0.0,0
2026-06-26T13:24:21.951,timeseries,3,Weather Report Extended v2,mlx-community/Llama-3.2-1B-Instruct-4bit,428.0,14820.0,0.0,0
2026-06-26T13:24:22.020,timeseries,3,Weather Report Extended v2,mlx-community/Llama-3.2-1B-Instruct-4bit,246.0,14055.0,0.0,0
2026-06-26T13:24:22.083,timeseries,3,Weather Report Extended v2,mlx-community/Llama-3.2-1B-Instruct-4bit,339.0,14223.0,0.0,0
2026-06-26T13:24:22.149,timeseries,3,Weather Report Extended v2,mlx-community/Llama-3.2-1B-Instruct-4bit,437.0,13303.0,0.0,0
2026-06-26T13:24:22.217,timeseries,3,Weather Report Extended v2,mlx-community/Llama-3.2-1B-Instruct-4bit,448.0,12842.0,0.0,0
2026-06-26T13:24:22.281,timeseries,3,Weather Report Extended v2,mlx-community/Llama-3.2-1B-Instruct-4bit,299.0,15480.0,0.0,0
2026-06-26T13:24:22.344,timeseries,3,Weather Report Extended v2,mlx-community/Llama-3.2-1B-Instruct-4bit,548.0,11786.0,0.0,0
2026-06-26T13:24:22.406,timeseries,3,Weather Report Extended v2,mlx-community/Llama-3.2-1B-Instruct-4bit,373.0,14231.0,0.0,0
2026-06-26T13:24:22.473,timeseries,3,Weather Report Extended v2,mlx-community/Llama-3.2-1B-Instruct-4bit,317.0,12665.0,0.0,0
2026-06-26T13:24:22.534,timeseries,3,Weather Report Extended v2,mlx-community/Llama-3.2-1B-Instruct-4bit,293.0,15057.0,0.0,0
2026-06-26T13:24:22.600,timeseries,3,Weather Report Extended v2,mlx-community/Llama-3.2-1B-Instruct-4bit,363.0,13763.0,0.0,0
2026-06-26T13:24:22.661,timeseries,3,Weather Report Extended v2,mlx-community/Llama-3.2-1B-Instruct-4bit,435.0,14838.0,0.0,0
2026-06-26T13:24:22.730,timeseries,3,Weather Report Extended v2,mlx-community/Llama-3.2-1B-Instruct-4bit,275.0,12241.0,0.0,0
2026-06-26T13:24:22.798,timeseries,3,Weather Report Extended v2,mlx-community/Llama-3.2-1B-Instruct-4bit,324.0,14926.0,0.0,0
2026-06-26T13:24:22.862,timeseries,3,Weather Report Extended v2,mlx-community/Llama-3.2-1B-Instruct-4bit,221.0,13629.0,0.0,0
2026-06-26T13:24:22.931,timeseries,3,Weather Report Extended v2,mlx-community/Llama-3.2-1B-Instruct-4bit,321.0,13264.0,0.0,0
2026-06-26T13:24:22.996,timeseries,3,Weather Report Extended v2,mlx-community/Llama-3.2-1B-Instruct-4bit,294.0,14314.0,0.0,0
2026-06-26T13:24:23.058,timeseries,3,Weather Report Extended v2,mlx-community/Llama-3.2-1B-Instruct-4bit,205.0,13414.0,0.0,0
2026-06-26T13:24:23.124,timeseries,3,Weather Report Extended v2,mlx-community/Llama-3.2-1B-Instruct-4bit,579.0,14009.0,0.0,0
2026-06-26T13:24:23.191,timeseries,3,Weather Report Extended v2,mlx-community/Llama-3.2-1B-Instruct-4bit,290.0,13023.0,0.0,0
2026-06-26T13:24:23.256,timeseries,3,Weather Report Extended v2,mlx-community/Llama-3.2-1B-Instruct-4bit,408.0,15608.0,0.0,0
2026-06-26T13:24:23.320,timeseries,3,Weather Report Extended v2,mlx-community/Llama-3.2-1B-Instruct-4bit,224.0,11970.0,0.0,0
2026-06-26T13:24:23.382,timeseries,3,Weather Report Extended v2,mlx-community/Llama-3.2-1B-Instruct-4bit,372.0,14168.0,0.0,0
2026-06-26T13:24:23.446,timeseries,3,Weather Report Extended v2,mlx-community/Llama-3.2-1B-Instruct-4bit,518.0,12553.0,0.0,0
2026-06-26T13:24:23.511,timeseries,3,Weather Report Extended v2,mlx-community/Llama-3.2-1B-Instruct-4bit,318.0,14623.0,0.0,0
2026-06-26T13:24:23.573,timeseries,3,Weather Report Extended v2,mlx-community/Llama-3.2-1B-Instruct-4bit,395.0,14395.0,0.0,0
2026-06-26T13:24:23.636,timeseries,3,Weather Report Extended v2,mlx-community/Llama-3.2-1B-Instruct-4bit,463.0,12369.0,0.0,0
2026-06-26T13:24:23.702,timeseries,3,Weather Report Extended v2,mlx-community/Llama-3.2-1B-Instruct-4bit,418.0,14824.0,0.0,0
2026-06-26T13:24:23.769,timeseries,3,Weather Report Extended v2,mlx-community/Llama-3.2-1B-Instruct-4bit,303.0,14719.0,0.0,0
2026-06-26T13:24:23.836,timeseries,3,Weather Report Extended v2,mlx-community/Llama-3.2-1B-Instruct-4bit,213.0,14051.0,0.0,0
2026-06-26T13:24:23.903,timeseries,3,Weather Report Extended v2,mlx-community/Llama-3.2-1B-Instruct-4bit,403.0,13635.0,0.0,0
2026-06-26T13:24:23.971,timeseries,3,Weather Report Extended v2,mlx-community/Llama-3.2-1B-Instruct-4bit,223.0,13769.0,0.0,0
2026-06-26T13:24:24.035,timeseries,3,Weather Report Extended v2,mlx-community/Llama-3.2-1B-Instruct-4bit,354.0,13690.0,0.0,0
2026-06-26T13:24:24.100,timeseries,3,Weather Report Extended v2,mlx-community/Llama-3.2-1B-Instruct-4bit,281.0,13635.0,0.0,0
2026-06-26T13:24:24.164,timeseries,3,Weather Report Extended v2,mlx-community/Llama-3.2-1B-Instruct-4bit,465.0,14284.0,0.0,0
2026-06-26T13:24:24.231,timeseries,3,Weather Report Extended v2,mlx-community/Llama-3.2-1B-Instruct-4bit,310.0,12512.0,0.0,0
2026-06-26T13:24:24.296,timeseries,3,Weather Report Extended v2,mlx-community/Llama-3.2-1B-Instruct-4bit,220.0,14441.0,0.0,0
2026-06-26T13:24:24.362,timeseries,3,Weather Report Extended v2,mlx-community/Llama-3.2-1B-Instruct-4bit,581.0,13541.0,0.0,0
2026-06-26T13:24:24.430,timeseries,3,Weather Report Extended v2,mlx-community/Llama-3.2-1B-Instruct-4bit,229.0,14039.0,0.0,0
2026-06-26T13:24:24.497,timeseries,3,Weather Report Extended v2,mlx-community/Llama-3.2-1B-Instruct-4bit,521.0,13995.0,0.0,0
2026-06-26T13:24:24.562,timeseries,3,Weather Report Extended v2,mlx-community/Llama-3.2-1B-Instruct-4bit,293.0,13455.0,0.0,0
2026-06-26T13:24:24.632,timeseries,3,Weather Report Extended v2,mlx-community/Llama-3.2-1B-Instruct-4bit,494.0,13787.0,0.0,0
2026-06-26T13:24:24.697,timeseries,3,Weather Report Extended v2,mlx-community/Llama-3.2-1B-Instruct-4bit,245.0,13008.0,0.0,0
2026-06-26T13:24:24.760,timeseries,3,Weather Report Extended v2,mlx-community/Llama-3.2-1B-Instruct-4bit,797.0,11788.0,0.0,0
2026-06-26T13:24:24.826,timeseries,3,Weather Report Extended v2,mlx-community/Llama-3.2-1B-Instruct-4bit,332.0,13882.0,0.0,0
2026-06-26T13:24:24.894,timeseries,3,Weather Report Extended v2,mlx-community/Llama-3.2-1B-Instruct-4bit,238.0,14539.0,0.0,0
2026-06-26T13:24:24.959,timeseries,3,Weather Report Extended v2,mlx-community/Llama-3.2-1B-Instruct-4bit,442.0,14106.0,0.0,0
2026-06-26T13:24:25.025,timeseries,3,Weather Report Extended v2,mlx-community/Llama-3.2-1B-Instruct-4bit,220.0,13480.0,0.0,0
2026-06-26T13:24:25.090,timeseries,3,Weather Report Extended v2,mlx-community/Llama-3.2-1B-Instruct-4bit,429.0,14042.0,0.0,0
2026-06-26T13:24:25.158,timeseries,3,Weather Report Extended v2,mlx-community/Llama-3.2-1B-Instruct-4bit,364.0,12104.0,0.0,0
2026-06-26T13:24:25.225,timeseries,3,Weather Report Extended v2,mlx-community/Llama-3.2-1B-Instruct-4bit,476.0,13962.0,0.0,0
2026-06-26T13:24:25.291,timeseries,3,Weather Report Extended v2,mlx-community/Llama-3.2-1B-Instruct-4bit,266.0,15397.0,0.0,0
2026-06-26T13:24:25.358,timeseries,3,Weather Report Extended v2,mlx-community/Llama-3.2-1B-Instruct-4bit,329.0,11935.0,0.0,0
2026-06-26T13:24:25.427,timeseries,3,Weather Report Extended v2,mlx-community/Llama-3.2-1B-Instruct-4bit,436.0,15583.0,0.0,0
2026-06-26T13:24:25.489,timeseries,3,Weather Report Extended v2,mlx-community/Llama-3.2-1B-Instruct-4bit,240.0,13832.0,0.0,0
2026-06-26T13:24:25.551,timeseries,3,Weather Report Extended v2,mlx-community/Llama-3.2-1B-Instruct-4bit,480.0,11687.0,0.0,0
2026-06-26T13:24:25.615,timeseries,3,Weather Report Extended v2,mlx-community/Llama-3.2-1B-Instruct-4bit,479.0,14750.0,0.0,0
2026-06-26T13:24:25.682,timeseries,3,Weather Report Extended v2,mlx-community/Llama-3.2-1B-Instruct-4bit,475.0,13247.0,0.0,0
2026-06-26T13:24:25.751,timeseries,3,Weather Report Extended v2,mlx-community/Llama-3.2-1B-Instruct-4bit,218.0,14347.0,0.0,0
2026-06-26T13:24:25.818,timeseries,3,Weather Report Extended v2,mlx-community/Llama-3.2-1B-Instruct-4bit,252.0,15473.0,0.0,0
2026-06-26T13:24:25.886,timeseries,3,Weather Report Extended v2,mlx-community/Llama-3.2-1B-Instruct-4bit,409.0,13466.0,0.0,0
2026-06-26T13:24:25.953,timeseries,3,Weather Report Extended v2,mlx-community/Llama-3.2-1B-Instruct-4bit,207.0,13698.0,0.0,0
2026-06-26T13:24:26.016,timeseries,3,Weather Report Extended v2,mlx-community/Llama-3.2-1B-Instruct-4bit,371.0,13610.0,0.0,0
2026-06-26T13:24:26.078,timeseries,3,Weather Report Extended v2,mlx-community/Llama-3.2-1B-Instruct-4bit,347.0,12177.0,0.0,0
2026-06-26T13:24:26.142,timeseries,3,Weather Report Extended v2,mlx-community/Llama-3.2-1B-Instruct-4bit,720.0,14343.0,0.0,0
2026-06-26T13:24:26.209,timeseries,3,Weather Report Extended v2,mlx-community/Llama-3.2-1B-Instruct-4bit,322.0,14954.0,0.0,0
2026-06-26T13:24:26.273,timeseries,3,Weather Report Extended v2,mlx-community/Llama-3.2-1B-Instruct-4bit,235.0,14479.0,0.0,0
2026-06-26T13:24:26.337,timeseries,3,Weather Report Extended v2,mlx-community/Llama-3.2-1B-Instruct-4bit,503.0,11685.0,0.0,0
2026-06-26T13:24:26.400,timeseries,3,Weather Report Extended v2,mlx-community/Llama-3.2-1B-Instruct-4bit,364.0,14749.0,0.0,0
2026-06-26T13:24:26.467,timeseries,3,Weather Report Extended v2,mlx-community/Llama-3.2-1B-Instruct-4bit,253.0,12734.0,0.0,0
2026-06-26T13:24:26.529,timeseries,3,Weather Report Extended v2,mlx-community/Llama-3.2-1B-Instruct-4bit,460.0,16482.0,0.0,0
2026-06-26T13:24:26.596,timeseries,3,Weather Report Extended v2,mlx-community/Llama-3.2-1B-Instruct-4bit,1001.0,11699.0,0.0,0
2026-06-26T13:24:26.659,timeseries,3,Weather Report Extended v2,mlx-community/Llama-3.2-1B-Instruct-4bit,2420.0,14614.0,0.0,0
2026-06-26T13:24:26.726,timeseries,3,Weather Report Extended v2,mlx-community/Llama-3.2-1B-Instruct-4bit,719.0,13922.0,0.0,0
2026-06-26T13:24:26.788,timeseries,3,Weather Report Extended v2,mlx-community/Llama-3.2-1B-Instruct-4bit,555.0,14827.0,0.0,0
2026-06-26T13:24:26.852,timeseries,3,Weather Report Extended v2,mlx-community/Llama-3.2-1B-Instruct-4bit,433.0,12134.0,0.0,0
2026-06-26T13:24:26.920,timeseries,3,Weather Report Extended v2,mlx-community/Llama-3.2-1B-Instruct-4bit,516.0,14756.0,0.0,0
2026-06-26T13:24:26.986,timeseries,3,Weather Report Extended v2,mlx-community/Llama-3.2-1B-Instruct-4bit,217.0,14373.0,0.0,0
2026-06-26T13:24:27.047,timeseries,3,Weather Report Extended v2,mlx-community/Llama-3.2-1B-Instruct-4bit,403.0,13762.0,0.0,0
2026-06-26T13:24:27.113,timeseries,3,Weather Report Extended v2,mlx-community/Llama-3.2-1B-Instruct-4bit,376.0,12145.0,0.0,0
2026-06-26T13:24:27.181,timeseries,3,Weather Report Extended v2,mlx-community/Llama-3.2-1B-Instruct-4bit,470.0,14953.0,0.0,0
2026-06-26T13:24:27.250,timeseries,3,Weather Report Extended v2,mlx-community/Llama-3.2-1B-Instruct-4bit,215.0,14252.0,0.0,0
2026-06-26T13:24:27.315,timeseries,3,Weather Report Extended v2,mlx-community/Llama-3.2-1B-Instruct-4bit,204.0,15086.0,0.0,0
2026-06-26T13:24:27.380,timeseries,3,Weather Report Extended v2,mlx-community/Llama-3.2-1B-Instruct-4bit,497.0,11700.0,0.0,0
2026-06-26T13:24:27.448,timeseries,3,Weather Report Extended v2,mlx-community/Llama-3.2-1B-Instruct-4bit,232.0,14260.0,0.0,0
2026-06-26T13:24:27.514,timeseries,3,Weather Report Extended v2,mlx-community/Llama-3.2-1B-Instruct-4bit,384.0,14238.0,0.0,0
2026-06-26T13:24:27.580,timeseries,3,Weather Report Extended v2,mlx-community/Llama-3.2-1B-Instruct-4bit,500.0,13529.0,0.0,0
2026-06-26T13:24:27.644,timeseries,3,Weather Report Extended v2,mlx-community/Llama-3.2-1B-Instruct-4bit,1104.0,14076.0,0.0,0
2026-06-26T13:24:27.708,timeseries,3,Weather Report Extended v2,mlx-community/Llama-3.2-1B-Instruct-4bit,406.0,14072.0,0.0,0
2026-06-26T13:24:27.774,timeseries,3,Weather Report Extended v2,mlx-community/Llama-3.2-1B-Instruct-4bit,490.0,14539.0,0.0,0
2026-06-26T13:24:27.837,timeseries,3,Weather Report Extended v2,mlx-community/Llama-3.2-1B-Instruct-4bit,203.0,12650.0,0.0,0
2026-06-26T13:24:27.907,timeseries,3,Weather Report Extended v2,mlx-community/Llama-3.2-1B-Instruct-4bit,256.0,13948.0,0.0,0
2026-06-26T13:24:27.970,timeseries,3,Weather Report Extended v2,mlx-community/Llama-3.2-1B-Instruct-4bit,395.0,14761.0,0.0,0
2026-06-26T13:24:28.033,timeseries,3,Weather Report Extended v2,mlx-community/Llama-3.2-1B-Instruct-4bit,245.0,13259.0,0.0,0
2026-06-26T13:24:28.100,timeseries,3,Weather Report Extended v2,mlx-community/Llama-3.2-1B-Instruct-4bit,424.0,12687.0,0.0,0
2026-06-26T13:24:28.168,timeseries,3,Weather Report Extended v2,mlx-community/Llama-3.2-1B-Instruct-4bit,321.0,14808.0,0.0,0
2026-06-26T13:24:28.233,timeseries,3,Weather Report Extended v2,mlx-community/Llama-3.2-1B-Instruct-4bit,390.0,15462.0,0.0,0
2026-06-26T13:24:28.297,timeseries,3,Weather Report Extended v2,mlx-community/Llama-3.2-1B-Instruct-4bit,190.0,13632.0,0.0,0
2026-06-26T13:24:28.364,timeseries,3,Weather Report Extended v2,mlx-community/Llama-3.2-1B-Instruct-4bit,354.0,12356.0,0.0,0
2026-06-26T13:24:28.429,timeseries,3,Weather Report Extended v2,mlx-community/Llama-3.2-1B-Instruct-4bit,388.0,14345.0,0.0,0
2026-06-26T13:24:28.497,timeseries,3,Weather Report Extended v2,mlx-community/Llama-3.2-1B-Instruct-4bit,226.0,13877.0,0.0,0
2026-06-26T13:24:28.561,timeseries,3,Weather Report Extended v2,mlx-community/Llama-3.2-1B-Instruct-4bit,383.0,14201.0,0.0,0
2026-06-26T13:24:28.623,timeseries,3,Weather Report Extended v2,mlx-community/Llama-3.2-1B-Instruct-4bit,340.0,13533.0,0.0,0
2026-06-26T13:24:28.690,timeseries,3,Weather Report Extended v2,mlx-community/Llama-3.2-1B-Instruct-4bit,530.0,12657.0,0.0,0
2026-06-26T13:24:28.756,timeseries,3,Weather Report Extended v2,mlx-community/Llama-3.2-1B-Instruct-4bit,261.0,15195.0,0.0,0
2026-06-26T13:24:28.819,timeseries,3,Weather Report Extended v2,mlx-community/Llama-3.2-1B-Instruct-4bit,475.0,13686.0,0.0,0
2026-06-26T13:24:28.884,timeseries,3,Weather Report Extended v2,mlx-community/Llama-3.2-1B-Instruct-4bit,1044.0,13835.0,0.0,0
2026-06-26T13:24:28.951,timeseries,3,Weather Report Extended v2,mlx-community/Llama-3.2-1B-Instruct-4bit,1049.0,14469.0,0.0,0
2026-06-26T13:24:29.016,timeseries,3,Weather Report Extended v2,mlx-community/Llama-3.2-1B-Instruct-4bit,417.0,14444.0,0.0,0
2026-06-26T13:24:29.078,timeseries,3,Weather Report Extended v2,mlx-community/Llama-3.2-1B-Instruct-4bit,583.0,11874.0,0.0,0
2026-06-26T13:24:29.143,timeseries,3,Weather Report Extended v2,mlx-community/Llama-3.2-1B-Instruct-4bit,587.0,14155.0,0.0,0
2026-06-26T13:24:29.211,timeseries,3,Weather Report Extended v2,mlx-community/Llama-3.2-1B-Instruct-4bit,575.0,14613.0,0.0,0
2026-06-26T13:24:29.274,timeseries,3,Weather Report Extended v2,mlx-community/Llama-3.2-1B-Instruct-4bit,608.0,11857.0,0.0,0
2026-06-26T13:24:29.339,timeseries,3,Weather Report Extended v2,mlx-community/Llama-3.2-1B-Instruct-4bit,578.0,11652.0,0.0,0
2026-06-26T13:24:29.409,timeseries,3,Weather Report Extended v2,mlx-community/Llama-3.2-1B-Instruct-4bit,546.0,14262.0,0.0,0
2026-06-26T13:24:29.480,timeseries,3,Weather Report Extended v2,mlx-community/Llama-3.2-1B-Instruct-4bit,401.0,15613.0,0.0,0
2026-06-26T13:24:29.545,timeseries,3,Weather Report Extended v2,mlx-community/Llama-3.2-1B-Instruct-4bit,844.0,12881.0,0.0,0
2026-06-26T13:24:29.610,timeseries,3,Weather Report Extended v2,mlx-community/Llama-3.2-1B-Instruct-4bit,511.0,12771.0,0.0,0
2026-06-26T13:24:29.674,timeseries,3,Weather Report Extended v2,mlx-community/Llama-3.2-1B-Instruct-4bit,540.0,14145.0,0.0,0
2026-06-26T13:24:29.737,timeseries,3,Weather Report Extended v2,mlx-community/Llama-3.2-1B-Instruct-4bit,382.0,12344.0,0.0,0
2026-06-26T13:24:29.802,timeseries,3,Weather Report Extended v2,mlx-community/Llama-3.2-1B-Instruct-4bit,372.0,14228.0,0.0,0
2026-06-26T13:24:29.869,timeseries,3,Weather Report Extended v2,mlx-community/Llama-3.2-1B-Instruct-4bit,482.0,14887.0,0.0,0
2026-06-26T13:24:29.935,timeseries,3,Weather Report Extended v2,mlx-community/Llama-3.2-1B-Instruct-4bit,212.0,14066.0,0.0,0
2026-06-26T13:24:30.004,timeseries,3,Weather Report Extended v2,mlx-community/Llama-3.2-1B-Instruct-4bit,373.0,13692.0,0.0,0
2026-06-26T13:24:30.066,timeseries,3,Weather Report Extended v2,mlx-community/Llama-3.2-1B-Instruct-4bit,382.0,14151.0,0.0,0
2026-06-26T13:24:30.135,timeseries,3,Weather Report Extended v2,mlx-community/Llama-3.2-1B-Instruct-4bit,568.0,13232.0,0.0,0
2026-06-26T13:24:30.203,timeseries,3,Weather Report Extended v2,mlx-community/Llama-3.2-1B-Instruct-4bit,271.0,14814.0,0.0,0
2026-06-26T13:24:30.268,timeseries,3,Weather Report Extended v2,mlx-community/Llama-3.2-1B-Instruct-4bit,234.0,13602.0,0.0,0
2026-06-26T13:24:30.333,timeseries,3,Weather Report Extended v2,mlx-community/Llama-3.2-1B-Instruct-4bit,487.0,13485.0,0.0,0
2026-06-26T13:24:30.401,timeseries,3,Weather Report Extended v2,mlx-community/Llama-3.2-1B-Instruct-4bit,275.0,14143.0,0.0,0
2026-06-26T13:24:30.470,timeseries,3,Weather Report Extended v2,mlx-community/Llama-3.2-1B-Instruct-4bit,414.0,14122.0,0.0,0
2026-06-26T13:24:30.532,timeseries,3,Weather Report Extended v2,mlx-community/Llama-3.2-1B-Instruct-4bit,264.0,13627.0,0.0,0
2026-06-26T13:24:30.600,timeseries,3,Weather Report Extended v2,mlx-community/Llama-3.2-1B-Instruct-4bit,487.0,11798.0,0.0,0
2026-06-26T13:24:30.663,timeseries,3,Weather Report Extended v2,mlx-community/Llama-3.2-1B-Instruct-4bit,332.0,16342.0,0.0,0
2026-06-26T13:24:30.727,timeseries,3,Weather Report Extended v2,mlx-community/Llama-3.2-1B-Instruct-4bit,355.0,11900.0,0.0,0
2026-06-26T13:24:30.794,timeseries,3,Weather Report Extended v2,mlx-community/Llama-3.2-1B-Instruct-4bit,616.0,14461.0,0.0,0
2026-06-26T13:24:30.859,timeseries,3,Weather Report Extended v2,mlx-community/Llama-3.2-1B-Instruct-4bit,343.0,14353.0,0.0,0
2026-06-26T13:24:30.925,timeseries,3,Weather Report Extended v2,mlx-community/Llama-3.2-1B-Instruct-4bit,345.0,13739.0,0.0,0
2026-06-26T13:24:30.988,timeseries,3,Weather Report Extended v2,mlx-community/Llama-3.2-1B-Instruct-4bit,340.0,12408.0,0.0,0
2026-06-26T13:24:31.051,timeseries,3,Weather Report Extended v2,mlx-community/Llama-3.2-1B-Instruct-4bit,600.0,14015.0,0.0,0
2026-06-26T13:24:31.117,timeseries,3,Weather Report Extended v2,mlx-community/Llama-3.2-1B-Instruct-4bit,388.0,14247.0,0.0,0
2026-06-26T13:24:31.185,timeseries,3,Weather Report Extended v2,mlx-community/Llama-3.2-1B-Instruct-4bit,528.0,14660.0,0.0,0
2026-06-26T13:24:31.251,timeseries,3,Weather Report Extended v2,mlx-community/Llama-3.2-1B-Instruct-4bit,210.0,13995.0,0.0,0
2026-06-26T13:24:31.316,timeseries,3,Weather Report Extended v2,mlx-community/Llama-3.2-1B-Instruct-4bit,238.0,13588.0,0.0,0
2026-06-26T13:24:31.381,timeseries,3,Weather Report Extended v2,mlx-community/Llama-3.2-1B-Instruct-4bit,538.0,12055.0,0.0,0
2026-06-26T13:24:31.451,timeseries,3,Weather Report Extended v2,mlx-community/Llama-3.2-1B-Instruct-4bit,247.0,14202.0,0.0,0
2026-06-26T13:24:31.519,timeseries,3,Weather Report Extended v2,mlx-community/Llama-3.2-1B-Instruct-4bit,369.0,16000.0,0.0,0
2026-06-26T13:24:31.585,timeseries,3,Weather Report Extended v2,mlx-community/Llama-3.2-1B-Instruct-4bit,201.0,13260.0,0.0,0
2026-06-26T13:24:31.653,timeseries,3,Weather Report Extended v2,mlx-community/Llama-3.2-1B-Instruct-4bit,498.0,13556.0,0.0,0
2026-06-26T13:24:31.718,timeseries,3,Weather Report Extended v2,mlx-community/Llama-3.2-1B-Instruct-4bit,197.0,14082.0,0.0,0
2026-06-26T13:24:31.784,timeseries,3,Weather Report Extended v2,mlx-community/Llama-3.2-1B-Instruct-4bit,1468.0,13362.0,0.0,0
2026-06-26T13:24:31.845,timeseries,3,Weather Report Extended v2,mlx-community/Llama-3.2-1B-Instruct-4bit,1472.0,14534.0,0.0,0
2026-06-26T13:24:31.910,timeseries,3,Weather Report Extended v2,mlx-community/Llama-3.2-1B-Instruct-4bit,645.0,12121.0,0.0,0
2026-06-26T13:24:31.974,timeseries,3,Weather Report Extended v2,mlx-community/Llama-3.2-1B-Instruct-4bit,574.0,15315.0,0.0,0
2026-06-26T13:24:32.035,timeseries,3,Weather Report Extended v2,mlx-community/Llama-3.2-1B-Instruct-4bit,367.0,12459.0,0.0,0
2026-06-26T13:24:32.098,timeseries,3,Weather Report Extended v2,mlx-community/Llama-3.2-1B-Instruct-4bit,534.0,14441.0,0.0,0
2026-06-26T13:24:32.166,timeseries,3,Weather Report Extended v2,mlx-community/Llama-3.2-1B-Instruct-4bit,377.0,13233.0,0.0,0
2026-06-26T13:24:32.233,timeseries,3,Weather Report Extended v2,mlx-community/Llama-3.2-1B-Instruct-4bit,384.0,14850.0,0.0,0
2026-06-26T13:24:32.297,timeseries,3,Weather Report Extended v2,mlx-community/Llama-3.2-1B-Instruct-4bit,205.0,15310.0,0.0,0
2026-06-26T13:24:32.362,timeseries,3,Weather Report Extended v2,mlx-community/Llama-3.2-1B-Instruct-4bit,474.0,11873.0,0.0,0
2026-06-26T13:24:32.427,timeseries,3,Weather Report Extended v2,mlx-community/Llama-3.2-1B-Instruct-4bit,219.0,14583.0,0.0,0
2026-06-26T13:24:32.496,timeseries,3,Weather Report Extended v2,mlx-community/Llama-3.2-1B-Instruct-4bit,391.0,14342.0,0.0,0
2026-06-26T13:24:32.558,timeseries,3,Weather Report Extended v2,mlx-community/Llama-3.2-1B-Instruct-4bit,213.0,14079.0,0.0,0
2026-06-26T13:24:32.624,timeseries,3,Weather Report Extended v2,mlx-community/Llama-3.2-1B-Instruct-4bit,364.0,13346.0,0.0,0
2026-06-26T13:24:32.692,timeseries,3,Weather Report Extended v2,mlx-community/Llama-3.2-1B-Instruct-4bit,413.0,12942.0,0.0,0
2026-06-26T13:24:32.762,timeseries,3,Weather Report Extended v2,mlx-community/Llama-3.2-1B-Instruct-4bit,186.0,16061.0,0.0,0
2026-06-26T13:24:32.829,timeseries,3,Weather Report Extended v2,mlx-community/Llama-3.2-1B-Instruct-4bit,451.0,13491.0,0.0,0
2026-06-26T13:24:32.895,timeseries,3,Weather Report Extended v2,mlx-community/Llama-3.2-1B-Instruct-4bit,246.0,13402.0,0.0,0
2026-06-26T13:24:32.964,timeseries,3,Weather Report Extended v2,mlx-community/Llama-3.2-1B-Instruct-4bit,367.0,13565.0,0.0,0
2026-06-26T13:24:33.030,timeseries,3,Weather Report Extended v2,mlx-community/Llama-3.2-1B-Instruct-4bit,183.0,14209.0,0.0,0
2026-06-26T13:24:33.096,timeseries,3,Weather Report Extended v2,mlx-community/Llama-3.2-1B-Instruct-4bit,398.0,13538.0,0.0,0
2026-06-26T13:24:33.157,timeseries,3,Weather Report Extended v2,mlx-community/Llama-3.2-1B-Instruct-4bit,328.0,13899.0,0.0,0
2026-06-26T13:24:33.225,timeseries,3,Weather Report Extended v2,mlx-community/Llama-3.2-1B-Instruct-4bit,318.0,12287.0,0.0,0
2026-06-26T13:24:33.289,timeseries,3,Weather Report Extended v2,mlx-community/Llama-3.2-1B-Instruct-4bit,362.0,17123.0,0.0,0
2026-06-26T13:24:33.351,timeseries,3,Weather Report Extended v2,mlx-community/Llama-3.2-1B-Instruct-4bit,307.0,11795.0,0.0,0
2026-06-26T13:24:33.419,timeseries,3,Weather Report Extended v2,mlx-community/Llama-3.2-1B-Instruct-4bit,523.0,14556.0,0.0,0
2026-06-26T13:24:33.485,timeseries,3,Weather Report Extended v2,mlx-community/Llama-3.2-1B-Instruct-4bit,207.0,14856.0,0.0,0
2026-06-26T13:24:33.548,timeseries,3,Weather Report Extended v2,mlx-community/Llama-3.2-1B-Instruct-4bit,387.0,13737.0,0.0,0
2026-06-26T13:24:33.610,timeseries,3,Weather Report Extended v2,mlx-community/Llama-3.2-1B-Instruct-4bit,346.0,12198.0,0.0,0
2026-06-26T13:24:33.678,timeseries,3,Weather Report Extended v2,mlx-community/Llama-3.2-1B-Instruct-4bit,316.0,14625.0,0.0,0
2026-06-26T13:24:33.745,timeseries,3,Weather Report Extended v2,mlx-community/Llama-3.2-1B-Instruct-4bit,341.0,15149.0,0.0,0
2026-06-26T13:24:33.813,timeseries,3,Weather Report Extended v2,mlx-community/Llama-3.2-1B-Instruct-4bit,191.0,13647.0,0.0,0
2026-06-26T13:24:33.880,timeseries,3,Weather Report Extended v2,mlx-community/Llama-3.2-1B-Instruct-4bit,561.0,11682.0,0.0,0
2026-06-26T13:24:33.943,timeseries,3,Weather Report Extended v2,mlx-community/Llama-3.2-1B-Instruct-4bit,575.0,12774.0,0.0,0
2026-06-26T13:24:34.008,timeseries,3,Weather Report Extended v2,mlx-community/Llama-3.2-1B-Instruct-4bit,483.0,13925.0,0.0,0
2026-06-26T13:24:34.070,timeseries,3,Weather Report Extended v2,mlx-community/Llama-3.2-1B-Instruct-4bit,301.0,12757.0,0.0,0
2026-06-26T13:24:34.136,timeseries,3,Weather Report Extended v2,mlx-community/Llama-3.2-1B-Instruct-4bit,694.0,13973.0,0.0,0
2026-06-26T13:24:34.202,timeseries,3,Weather Report Extended v2,mlx-community/Llama-3.2-1B-Instruct-4bit,334.0,14548.0,0.0,0
2026-06-26T13:24:34.266,timeseries,3,Weather Report Extended v2,mlx-community/Llama-3.2-1B-Instruct-4bit,573.0,13812.0,0.0,0
2026-06-26T13:24:34.334,timeseries,3,Weather Report Extended v2,mlx-community/Llama-3.2-1B-Instruct-4bit,372.0,12409.0,0.0,0
2026-06-26T13:24:34.399,timeseries,3,Weather Report Extended v2,mlx-community/Llama-3.2-1B-Instruct-4bit,400.0,15757.0,0.0,0
2026-06-26T13:24:34.468,timeseries,3,Weather Report Extended v2,mlx-community/Llama-3.2-1B-Instruct-4bit,530.0,11774.0,0.0,0
2026-06-26T13:24:34.533,timeseries,3,Weather Report Extended v2,mlx-community/Llama-3.2-1B-Instruct-4bit,306.0,15508.0,0.0,0
2026-06-26T13:24:34.600,timeseries,3,Weather Report Extended v2,mlx-community/Llama-3.2-1B-Instruct-4bit,556.0,13344.0,0.0,0
2026-06-26T13:24:34.666,timeseries,3,Weather Report Extended v2,mlx-community/Llama-3.2-1B-Instruct-4bit,308.0,14181.0,0.0,0
2026-06-26T13:24:34.732,timeseries,3,Weather Report Extended v2,mlx-community/Llama-3.2-1B-Instruct-4bit,476.0,11986.0,0.0,0
2026-06-26T13:24:34.800,timeseries,3,Weather Report Extended v2,mlx-community/Llama-3.2-1B-Instruct-4bit,243.0,14097.0,0.0,0
2026-06-26T13:24:34.864,timeseries,3,Weather Report Extended v2,mlx-community/Llama-3.2-1B-Instruct-4bit,1216.0,15941.0,0.0,0
2026-06-26T13:24:34.933,timeseries,3,Weather Report Extended v2,mlx-community/Llama-3.2-1B-Instruct-4bit,644.0,12229.0,0.0,0
2026-06-26T13:24:34.995,timeseries,3,Weather Report Extended v2,mlx-community/Llama-3.2-1B-Instruct-4bit,311.0,15057.0,0.0,0
2026-06-26T13:24:35.058,timeseries,3,Weather Report Extended v2,mlx-community/Llama-3.2-1B-Instruct-4bit,540.0,13902.0,0.0,0
2026-06-26T13:24:35.121,timeseries,3,Weather Report Extended v2,mlx-community/Llama-3.2-1B-Instruct-4bit,386.0,13300.0,0.0,0
2026-06-26T13:24:35.188,timeseries,3,Weather Report Extended v2,mlx-community/Llama-3.2-1B-Instruct-4bit,319.0,15280.0,0.0,0
2026-06-26T13:24:35.255,timeseries,3,Weather Report Extended v2,mlx-community/Llama-3.2-1B-Instruct-4bit,396.0,15173.0,0.0,0
2026-06-26T13:24:35.317,timeseries,3,Weather Report Extended v2,mlx-community/Llama-3.2-1B-Instruct-4bit,208.0,14274.0,0.0,0
2026-06-26T13:24:35.386,timeseries,3,Weather Report Extended v2,mlx-community/Llama-3.2-1B-Instruct-4bit,558.0,14186.0,0.0,0
2026-06-26T13:24:35.449,timeseries,3,Weather Report Extended v2,mlx-community/Llama-3.2-1B-Instruct-4bit,448.0,15344.0,0.0,0
2026-06-26T13:24:35.516,timeseries,3,Weather Report Extended v2,mlx-community/Llama-3.2-1B-Instruct-4bit,334.0,11950.0,0.0,0
2026-06-26T13:24:35.580,timeseries,3,Weather Report Extended v2,mlx-community/Llama-3.2-1B-Instruct-4bit,596.0,14912.0,0.0,0
2026-06-26T13:24:35.644,timeseries,3,Weather Report Extended v2,mlx-community/Llama-3.2-1B-Instruct-4bit,449.0,14090.0,0.0,0
2026-06-26T13:24:35.715,timeseries,3,Weather Report Extended v2,mlx-community/Llama-3.2-1B-Instruct-4bit,672.0,14758.0,0.0,0
2026-06-26T13:24:35.780,timeseries,3,Weather Report Extended v2,mlx-community/Llama-3.2-1B-Instruct-4bit,316.0,15054.0,0.0,0
2026-06-26T13:24:35.846,timeseries,3,Weather Report Extended v2,mlx-community/Llama-3.2-1B-Instruct-4bit,309.0,13348.0,0.0,0
2026-06-26T13:24:35.913,timeseries,3,Weather Report Extended v2,mlx-community/Llama-3.2-1B-Instruct-4bit,630.0,14582.0,0.0,0
2026-06-26T13:24:35.980,timeseries,3,Weather Report Extended v2,mlx-community/Llama-3.2-1B-Instruct-4bit,300.0,14338.0,0.0,0
2026-06-26T13:24:36.047,timeseries,3,Weather Report Extended v2,mlx-community/Llama-3.2-1B-Instruct-4bit,555.0,14170.0,0.0,0
2026-06-26T13:24:36.110,timeseries,3,Weather Report Extended v2,mlx-community/Llama-3.2-1B-Instruct-4bit,616.0,14222.0,0.0,0
2026-06-26T13:24:36.175,timeseries,3,Weather Report Extended v2,mlx-community/Llama-3.2-1B-Instruct-4bit,523.0,14306.0,0.0,0
2026-06-26T13:24:36.242,timeseries,3,Weather Report Extended v2,mlx-community/Llama-3.2-1B-Instruct-4bit,284.0,15052.0,0.0,0
2026-06-26T13:24:36.307,timeseries,3,Weather Report Extended v2,mlx-community/Llama-3.2-1B-Instruct-4bit,291.0,14507.0,0.0,0
2026-06-26T13:24:36.371,timeseries,3,Weather Report Extended v2,mlx-community/Llama-3.2-1B-Instruct-4bit,912.0,12391.0,0.0,0
2026-06-26T13:24:36.436,timeseries,3,Weather Report Extended v2,mlx-community/Llama-3.2-1B-Instruct-4bit,491.0,14687.0,0.0,0
2026-06-26T13:24:36.504,timeseries,3,Weather Report Extended v2,mlx-community/Llama-3.2-1B-Instruct-4bit,544.0,15112.0,0.0,0
2026-06-26T13:24:36.567,timeseries,3,Weather Report Extended v2,mlx-community/Llama-3.2-1B-Instruct-4bit,272.0,14409.0,0.0,0
2026-06-26T13:24:36.634,timeseries,3,Weather Report Extended v2,mlx-community/Llama-3.2-1B-Instruct-4bit,622.0,13960.0,0.0,0
2026-06-26T13:24:36.700,timeseries,3,Weather Report Extended v2,mlx-community/Llama-3.2-1B-Instruct-4bit,315.0,15070.0,0.0,0
2026-06-26T13:24:36.768,timeseries,3,Weather Report Extended v2,mlx-community/Llama-3.2-1B-Instruct-4bit,438.0,14465.0,0.0,0
2026-06-26T13:24:36.837,timeseries,3,Weather Report Extended v2,mlx-community/Llama-3.2-1B-Instruct-4bit,240.0,14428.0,0.0,0
2026-06-26T13:24:36.901,timeseries,3,Weather Report Extended v2,mlx-community/Llama-3.2-1B-Instruct-4bit,236.0,14244.0,0.0,0
2026-06-26T13:24:36.968,timeseries,3,Weather Report Extended v2,mlx-community/Llama-3.2-1B-Instruct-4bit,1868.0,13729.0,0.0,0
2026-06-26T13:24:37.033,timeseries,3,Weather Report Extended v2,mlx-community/Llama-3.2-1B-Instruct-4bit,1191.0,14852.0,0.0,0
2026-06-26T13:24:37.100,timeseries,3,Weather Report Extended v2,mlx-community/Llama-3.2-1B-Instruct-4bit,983.0,14396.0,0.0,0
2026-06-26T13:24:37.162,timeseries,3,Weather Report Extended v2,mlx-community/Llama-3.2-1B-Instruct-4bit,446.0,14911.0,0.0,0
2026-06-26T13:24:37.228,timeseries,3,Weather Report Extended v2,mlx-community/Llama-3.2-1B-Instruct-4bit,578.0,12368.0,0.0,0
2026-06-26T13:24:37.291,timeseries,3,Weather Report Extended v2,mlx-community/Llama-3.2-1B-Instruct-4bit,271.0,15273.0,0.0,0
2026-06-26T13:24:37.356,timeseries,3,Weather Report Extended v2,mlx-community/Llama-3.2-1B-Instruct-4bit,562.0,12692.0,0.0,0
2026-06-26T13:24:37.424,timeseries,3,Weather Report Extended v2,mlx-community/Llama-3.2-1B-Instruct-4bit,533.0,15403.0,0.0,0
2026-06-26T13:24:37.487,timeseries,3,Weather Report Extended v2,mlx-community/Llama-3.2-1B-Instruct-4bit,229.0,14742.0,0.0,0
2026-06-26T13:24:37.554,timeseries,3,Weather Report Extended v2,mlx-community/Llama-3.2-1B-Instruct-4bit,477.0,14169.0,0.0,0
2026-06-26T13:24:37.618,timeseries,3,Weather Report Extended v2,mlx-community/Llama-3.2-1B-Instruct-4bit,720.0,14850.0,0.0,0
2026-06-26T13:24:37.684,timeseries,3,Weather Report Extended v2,mlx-community/Llama-3.2-1B-Instruct-4bit,806.0,14245.0,0.0,0
2026-06-26T13:24:37.748,timeseries,3,Weather Report Extended v2,mlx-community/Llama-3.2-1B-Instruct-4bit,371.0,14802.0,0.0,0
2026-06-26T13:24:37.814,timeseries,3,Weather Report Extended v2,mlx-community/Llama-3.2-1B-Instruct-4bit,262.0,12864.0,0.0,0
2026-06-26T13:24:37.883,timeseries,3,Weather Report Extended v2,mlx-community/Llama-3.2-1B-Instruct-4bit,462.0,14743.0,0.0,0
2026-06-26T13:24:37.951,timeseries,3,Weather Report Extended v2,mlx-community/Llama-3.2-1B-Instruct-4bit,258.0,14536.0,0.0,0
2026-06-26T13:24:38.016,timeseries,3,Weather Report Extended v2,mlx-community/Llama-3.2-1B-Instruct-4bit,440.0,15785.0,0.0,0
2026-06-26T13:24:38.079,timeseries,3,Weather Report Extended v2,mlx-community/Llama-3.2-1B-Instruct-4bit,263.0,12209.0,0.0,0
2026-06-26T13:24:38.143,timeseries,3,Weather Report Extended v2,mlx-community/Llama-3.2-1B-Instruct-4bit,710.0,14685.0,0.0,0
2026-06-26T13:24:38.210,timeseries,3,Weather Report Extended v2,mlx-community/Llama-3.2-1B-Instruct-4bit,392.0,15039.0,0.0,0
2026-06-26T13:24:38.273,timeseries,3,Weather Report Extended v2,mlx-community/Llama-3.2-1B-Instruct-4bit,237.0,15253.0,0.0,0
2026-06-26T13:24:38.338,timeseries,3,Weather Report Extended v2,mlx-community/Llama-3.2-1B-Instruct-4bit,602.0,12558.0,0.0,0
2026-06-26T13:24:38.404,timeseries,3,Weather Report Extended v2,mlx-community/Llama-3.2-1B-Instruct-4bit,457.0,15003.0,0.0,0
2026-06-26T13:24:38.472,timeseries,3,Weather Report Extended v2,mlx-community/Llama-3.2-1B-Instruct-4bit,476.0,14616.0,0.0,0
2026-06-26T13:24:38.535,timeseries,3,Weather Report Extended v2,mlx-community/Llama-3.2-1B-Instruct-4bit,255.0,14347.0,0.0,0
2026-06-26T13:24:38.601,timeseries,3,Weather Report Extended v2,mlx-community/Llama-3.2-1B-Instruct-4bit,593.0,13920.0,0.0,0
2026-06-26T13:24:38.667,timeseries,3,Weather Report Extended v2,mlx-community/Llama-3.2-1B-Instruct-4bit,2253.0,15139.0,0.0,0
2026-06-26T13:24:38.735,timeseries,3,Weather Report Extended v2,mlx-community/Llama-3.2-1B-Instruct-4bit,1970.0,11823.0,0.0,0
2026-06-26T13:24:38.801,timeseries,3,Weather Report Extended v2,mlx-community/Llama-3.2-1B-Instruct-4bit,779.0,14223.0,0.0,0
2026-06-26T13:24:38.865,timeseries,3,Weather Report Extended v2,mlx-community/Llama-3.2-1B-Instruct-4bit,472.0,14308.0,0.0,0
2026-06-26T13:24:38.930,timeseries,3,Weather Report Extended v2,mlx-community/Llama-3.2-1B-Instruct-4bit,1373.0,12460.0,0.0,0
2026-06-26T13:24:38.991,timeseries,3,Weather Report Extended v2,mlx-community/Llama-3.2-1B-Instruct-4bit,1082.0,15099.0,0.0,0
2026-06-26T13:24:39.058,timeseries,3,Weather Report Extended v2,mlx-community/Llama-3.2-1B-Instruct-4bit,634.0,12963.0,0.0,0
2026-06-26T13:24:39.122,timeseries,3,Weather Report Extended v2,mlx-community/Llama-3.2-1B-Instruct-4bit,1067.0,15419.0,0.0,0
2026-06-26T13:24:39.186,timeseries,3,Weather Report Extended v2,mlx-community/Llama-3.2-1B-Instruct-4bit,725.0,14315.0,0.0,0
2026-06-26T13:24:39.252,timeseries,3,Weather Report Extended v2,mlx-community/Llama-3.2-1B-Instruct-4bit,409.0,15067.0,0.0,0
2026-06-26T13:24:39.313,timeseries,3,Weather Report Extended v2,mlx-community/Llama-3.2-1B-Instruct-4bit,263.0,14797.0,0.0,0
2026-06-26T13:24:39.382,timeseries,3,Weather Report Extended v2,mlx-community/Llama-3.2-1B-Instruct-4bit,622.0,12534.0,0.0,0
2026-06-26T13:24:39.447,timeseries,3,Weather Report Extended v2,mlx-community/Llama-3.2-1B-Instruct-4bit,456.0,15595.0,0.0,0
2026-06-26T13:24:39.515,timeseries,3,Weather Report Extended v2,mlx-community/Llama-3.2-1B-Instruct-4bit,233.0,13966.0,0.0,0
2026-06-26T13:24:39.580,timeseries,3,Weather Report Extended v2,mlx-community/Llama-3.2-1B-Instruct-4bit,708.0,14554.0,0.0,0
2026-06-26T13:24:39.643,timeseries,3,Weather Report Extended v2,mlx-community/Llama-3.2-1B-Instruct-4bit,470.0,13916.0,0.0,0
2026-06-26T13:24:39.712,timeseries,3,Weather Report Extended v2,mlx-community/Llama-3.2-1B-Instruct-4bit,633.0,14657.0,0.0,0
2026-06-26T13:24:39.777,timeseries,3,Weather Report Extended v2,mlx-community/Llama-3.2-1B-Instruct-4bit,270.0,15111.0,0.0,0
2026-06-26T13:24:39.842,timeseries,3,Weather Report Extended v2,mlx-community/Llama-3.2-1B-Instruct-4bit,358.0,13556.0,0.0,0
2026-06-26T13:24:39.908,timeseries,3,Weather Report Extended v2,mlx-community/Llama-3.2-1B-Instruct-4bit,648.0,14691.0,0.0,0
2026-06-26T13:24:39.975,timeseries,3,Weather Report Extended v2,mlx-community/Llama-3.2-1B-Instruct-4bit,354.0,12766.0,0.0,0
2026-06-26T13:24:40.039,timeseries,3,Weather Report Extended v2,mlx-community/Llama-3.2-1B-Instruct-4bit,662.0,14682.0,0.0,0
2026-06-26T13:24:40.101,timeseries,3,Weather Report Extended v2,mlx-community/Llama-3.2-1B-Instruct-4bit,325.0,14032.0,0.0,0
2026-06-26T13:24:40.165,timeseries,3,Weather Report Extended v2,mlx-community/Llama-3.2-1B-Instruct-4bit,545.0,14819.0,0.0,0
2026-06-26T13:24:40.231,timeseries,3,Weather Report Extended v2,mlx-community/Llama-3.2-1B-Instruct-4bit,368.0,13328.0,0.0,0
2026-06-26T13:24:40.294,timeseries,3,Weather Report Extended v2,mlx-community/Llama-3.2-1B-Instruct-4bit,220.0,15083.0,0.0,0
2026-06-26T13:24:40.363,timeseries,3,Weather Report Extended v2,mlx-community/Llama-3.2-1B-Instruct-4bit,695.0,14270.0,0.0,0
2026-06-26T13:24:40.429,timeseries,3,Weather Report Extended v2,mlx-community/Llama-3.2-1B-Instruct-4bit,289.0,15397.0,0.0,0
2026-06-26T13:24:40.498,timeseries,3,Weather Report Extended v2,mlx-community/Llama-3.2-1B-Instruct-4bit,475.0,13709.0,0.0,0
2026-06-26T13:24:40.560,timeseries,3,Weather Report Extended v2,mlx-community/Llama-3.2-1B-Instruct-4bit,242.0,14473.0,0.0,0
2026-06-26T13:24:40.625,timeseries,3,Weather Report Extended v2,mlx-community/Llama-3.2-1B-Instruct-4bit,471.0,14027.0,0.0,0
2026-06-26T13:24:40.692,timeseries,3,Weather Report Extended v2,mlx-community/Llama-3.2-1B-Instruct-4bit,271.0,15269.0,0.0,0
2026-06-26T13:24:40.762,timeseries,3,Weather Report Extended v2,mlx-community/Llama-3.2-1B-Instruct-4bit,367.0,14650.0,0.0,0
2026-06-26T13:24:40.829,timeseries,3,Weather Report Extended v2,mlx-community/Llama-3.2-1B-Instruct-4bit,330.0,14430.0,0.0,0
2026-06-26T13:24:40.892,timeseries,3,Weather Report Extended v2,mlx-community/Llama-3.2-1B-Instruct-4bit,215.0,13779.0,0.0,0
2026-06-26T13:24:40.958,timeseries,3,Weather Report Extended v2,mlx-community/Llama-3.2-1B-Instruct-4bit,254.0,14299.0,0.0,0
2026-06-26T13:24:41.023,timeseries,3,Weather Report Extended v2,mlx-community/Llama-3.2-1B-Instruct-4bit,411.0,15126.0,0.0,0
2026-06-26T13:24:41.087,timeseries,3,Weather Report Extended v2,mlx-community/Llama-3.2-1B-Instruct-4bit,242.0,12728.0,0.0,0
2026-06-26T13:24:41.152,timeseries,3,Weather Report Extended v2,mlx-community/Llama-3.2-1B-Instruct-4bit,573.0,14957.0,0.0,0
2026-06-26T13:24:41.215,timeseries,3,Weather Report Extended v2,mlx-community/Llama-3.2-1B-Instruct-4bit,264.0,14825.0,0.0,0
2026-06-26T13:24:41.278,timeseries,3,Weather Report Extended v2,mlx-community/Llama-3.2-1B-Instruct-4bit,544.0,13031.0,0.0,0
2026-06-26T13:24:41.343,timeseries,3,Weather Report Extended v2,mlx-community/Llama-3.2-1B-Instruct-4bit,532.0,14918.0,0.0,0
2026-06-26T13:24:41.411,timeseries,3,Weather Report Extended v2,mlx-community/Llama-3.2-1B-Instruct-4bit,318.0,15303.0,0.0,0
2026-06-26T13:24:41.480,timeseries,3,Weather Report Extended v2,mlx-community/Llama-3.2-1B-Instruct-4bit,467.0,15033.0,0.0,0
2026-06-26T13:24:41.543,timeseries,3,Weather Report Extended v2,mlx-community/Llama-3.2-1B-Instruct-4bit,235.0,14087.0,0.0,0
2026-06-26T13:24:41.608,timeseries,3,Weather Report Extended v2,mlx-community/Llama-3.2-1B-Instruct-4bit,538.0,13999.0,0.0,0
2026-06-26T13:24:41.673,timeseries,3,Weather Report Extended v2,mlx-community/Llama-3.2-1B-Instruct-4bit,331.0,13309.0,0.0,0
2026-06-26T13:24:41.740,timeseries,3,Weather Report Extended v2,mlx-community/Llama-3.2-1B-Instruct-4bit,521.0,14525.0,0.0,0
2026-06-26T13:24:41.803,timeseries,3,Weather Report Extended v2,mlx-community/Llama-3.2-1B-Instruct-4bit,414.0,14552.0,0.0,0
2026-06-26T13:24:41.869,timeseries,3,Weather Report Extended v2,mlx-community/Llama-3.2-1B-Instruct-4bit,337.0,14511.0,0.0,0
2026-06-26T13:24:41.937,timeseries,3,Weather Report Extended v2,mlx-community/Llama-3.2-1B-Instruct-4bit,525.0,14725.0,0.0,0
2026-06-26T13:24:42.003,timeseries,3,Weather Report Extended v2,mlx-community/Llama-3.2-1B-Instruct-4bit,273.0,14439.0,0.0,0
2026-06-26T13:24:42.070,timeseries,3,Weather Report Extended v2,mlx-community/Llama-3.2-1B-Instruct-4bit,1885.0,13887.0,0.0,0
2026-06-26T13:24:42.133,timeseries,3,Weather Report Extended v2,mlx-community/Llama-3.2-1B-Instruct-4bit,1802.0,14505.0,0.0,0
2026-06-26T13:24:42.200,timeseries,3,Weather Report Extended v2,mlx-community/Llama-3.2-1B-Instruct-4bit,800.0,14446.0,0.0,0
2026-06-26T13:24:42.261,timeseries,3,Weather Report Extended v2,mlx-community/Llama-3.2-1B-Instruct-4bit,546.0,14987.0,0.0,0
2026-06-26T13:24:42.324,timeseries,3,Weather Report Extended v2,mlx-community/Llama-3.2-1B-Instruct-4bit,660.0,12541.0,0.0,0
2026-06-26T13:24:42.392,timeseries,3,Weather Report Extended v2,mlx-community/Llama-3.2-1B-Instruct-4bit,876.0,13745.0,0.0,0
2026-06-26T13:24:42.458,timeseries,3,Weather Report Extended v2,mlx-community/Llama-3.2-1B-Instruct-4bit,299.0,16812.0,0.0,0
2026-06-26T13:24:42.523,timeseries,3,Weather Report Extended v2,mlx-community/Llama-3.2-1B-Instruct-4bit,865.0,12211.0,0.0,0
2026-06-26T13:24:42.587,timeseries,3,Weather Report Extended v2,mlx-community/Llama-3.2-1B-Instruct-4bit,440.0,14500.0,0.0,0
2026-06-26T13:24:42.653,timeseries,3,Weather Report Extended v2,mlx-community/Llama-3.2-1B-Instruct-4bit,647.0,14635.0,0.0,0
2026-06-26T13:24:42.718,timeseries,3,Weather Report Extended v2,mlx-community/Llama-3.2-1B-Instruct-4bit,264.0,14949.0,0.0,0
2026-06-26T13:24:42.783,timeseries,3,Weather Report Extended v2,mlx-community/Llama-3.2-1B-Instruct-4bit,244.0,14628.0,0.0,0
2026-06-26T13:24:42.852,timeseries,3,Weather Report Extended v2,mlx-community/Llama-3.2-1B-Instruct-4bit,447.0,12812.0,0.0,0
2026-06-26T13:24:42.921,timeseries,3,Weather Report Extended v2,mlx-community/Llama-3.2-1B-Instruct-4bit,246.0,16756.0,0.0,0
2026-06-26T13:24:42.990,timeseries,3,Weather Report Extended v2,mlx-community/Llama-3.2-1B-Instruct-4bit,466.0,13929.0,0.0,0
2026-06-26T13:24:43.052,timeseries,3,Weather Report Extended v2,mlx-community/Llama-3.2-1B-Instruct-4bit,275.0,13940.0,0.0,0
2026-06-26T13:24:43.117,timeseries,3,Weather Report Extended v2,mlx-community/Llama-3.2-1B-Instruct-4bit,552.0,13769.0,0.0,0
2026-06-26T13:24:43.180,timeseries,3,Weather Report Extended v2,mlx-community/Llama-3.2-1B-Instruct-4bit,336.0,15401.0,0.0,0
2026-06-26T13:24:43.248,timeseries,3,Weather Report Extended v2,mlx-community/Llama-3.2-1B-Instruct-4bit,352.0,12701.0,0.0,0
2026-06-26T13:24:43.311,timeseries,3,Weather Report Extended v2,mlx-community/Llama-3.2-1B-Instruct-4bit,606.0,15202.0,0.0,0
2026-06-26T13:24:43.373,timeseries,3,Weather Report Extended v2,mlx-community/Llama-3.2-1B-Instruct-4bit,736.0,13998.0,0.0,0
2026-06-26T13:24:43.438,timeseries,3,Weather Report Extended v2,mlx-community/Llama-3.2-1B-Instruct-4bit,704.0,13404.0,0.0,0
2026-06-26T13:24:43.503,timeseries,3,Weather Report Extended v2,mlx-community/Llama-3.2-1B-Instruct-4bit,574.0,15123.0,0.0,0
2026-06-26T13:24:43.572,timeseries,3,Weather Report Extended v2,mlx-community/Llama-3.2-1B-Instruct-4bit,387.0,14722.0,0.0,0
2026-06-26T13:24:43.636,timeseries,3,Weather Report Extended v2,mlx-community/Llama-3.2-1B-Instruct-4bit,871.0,12860.0,0.0,0
2026-06-26T13:24:43.701,timeseries,3,Weather Report Extended v2,mlx-community/Llama-3.2-1B-Instruct-4bit,450.0,12528.0,0.0,0
2026-06-26T13:24:43.769,timeseries,3,Weather Report Extended v2,mlx-community/Llama-3.2-1B-Instruct-4bit,473.0,15000.0,0.0,0
2026-06-26T13:24:43.837,timeseries,3,Weather Report Extended v2,mlx-community/Llama-3.2-1B-Instruct-4bit,289.0,14576.0,0.0,0
2026-06-26T13:24:43.903,timeseries,3,Weather Report Extended v2,mlx-community/Llama-3.2-1B-Instruct-4bit,282.0,14127.0,0.0,0
2026-06-26T13:24:43.972,timeseries,3,Weather Report Extended v2,mlx-community/Llama-3.2-1B-Instruct-4bit,498.0,14067.0,0.0,0
2026-06-26T13:24:44.034,timeseries,3,Weather Report Extended v2,mlx-community/Llama-3.2-1B-Instruct-4bit,211.0,14453.0,0.0,0
2026-06-26T13:24:44.098,timeseries,3,Weather Report Extended v2,mlx-community/Llama-3.2-1B-Instruct-4bit,610.0,13747.0,0.0,0
2026-06-26T13:24:44.165,timeseries,3,Weather Report Extended v2,mlx-community/Llama-3.2-1B-Instruct-4bit,325.0,13562.0,0.0,0
2026-06-26T13:24:44.234,timeseries,3,Weather Report Extended v2,mlx-community/Llama-3.2-1B-Instruct-4bit,528.0,14900.0,0.0,0
2026-06-26T13:24:44.296,timeseries,3,Weather Report Extended v2,mlx-community/Llama-3.2-1B-Instruct-4bit,357.0,14141.0,0.0,0
2026-06-26T13:24:44.360,timeseries,3,Weather Report Extended v2,mlx-community/Llama-3.2-1B-Instruct-4bit,638.0,14077.0,0.0,0
2026-06-26T13:24:44.426,timeseries,3,Weather Report Extended v2,mlx-community/Llama-3.2-1B-Instruct-4bit,645.0,15126.0,0.0,0
2026-06-26T13:24:44.493,timeseries,3,Weather Report Extended v2,mlx-community/Llama-3.2-1B-Instruct-4bit,267.0,15013.0,0.0,0
2026-06-26T13:24:44.557,timeseries,3,Weather Report Extended v2,mlx-community/Llama-3.2-1B-Instruct-4bit,517.0,14532.0,0.0,0
2026-06-26T13:24:44.618,timeseries,3,Weather Report Extended v2,mlx-community/Llama-3.2-1B-Instruct-4bit,371.0,12515.0,0.0,0
2026-06-26T13:24:44.686,timeseries,3,Weather Report Extended v2,mlx-community/Llama-3.2-1B-Instruct-4bit,375.0,14945.0,0.0,0
2026-06-26T13:24:44.752,timeseries,3,Weather Report Extended v2,mlx-community/Llama-3.2-1B-Instruct-4bit,328.0,15860.0,0.0,0
2026-06-26T13:24:44.818,timeseries,3,Weather Report Extended v2,mlx-community/Llama-3.2-1B-Instruct-4bit,223.0,14320.0,0.0,0
2026-06-26T13:24:44.886,timeseries,3,Weather Report Extended v2,mlx-community/Llama-3.2-1B-Instruct-4bit,254.0,14359.0,0.0,0
2026-06-26T13:24:44.950,timeseries,3,Weather Report Extended v2,mlx-community/Llama-3.2-1B-Instruct-4bit,426.0,14599.0,0.0,0
2026-06-26T13:24:45.017,timeseries,3,Weather Report Extended v2,mlx-community/Llama-3.2-1B-Instruct-4bit,282.0,14110.0,0.0,0
2026-06-26T13:24:45.082,timeseries,3,Weather Report Extended v2,mlx-community/Llama-3.2-1B-Instruct-4bit,401.0,14682.0,0.0,0
2026-06-26T13:24:45.144,timeseries,3,Weather Report Extended v2,mlx-community/Llama-3.2-1B-Instruct-4bit,326.0,12448.0,0.0,0
2026-06-26T13:24:45.209,timeseries,3,Weather Report Extended v2,mlx-community/Llama-3.2-1B-Instruct-4bit,721.0,14675.0,0.0,0
2026-06-26T13:24:45.273,timeseries,3,Weather Report Extended v2,mlx-community/Llama-3.2-1B-Instruct-4bit,294.0,15745.0,0.0,0
2026-06-26T13:24:45.338,timeseries,3,Weather Report Extended v2,mlx-community/Llama-3.2-1B-Instruct-4bit,354.0,12948.0,0.0,0
2026-06-26T13:24:45.404,timeseries,3,Weather Report Extended v2,mlx-community/Llama-3.2-1B-Instruct-4bit,974.0,14661.0,0.0,0
2026-06-26T13:24:45.467,timeseries,3,Weather Report Extended v2,mlx-community/Llama-3.2-1B-Instruct-4bit,526.0,14703.0,0.0,0
2026-06-26T13:24:45.533,timeseries,3,Weather Report Extended v2,mlx-community/Llama-3.2-1B-Instruct-4bit,458.0,14450.0,0.0,0
2026-06-26T13:24:45.597,timeseries,3,Weather Report Extended v2,mlx-community/Llama-3.2-1B-Instruct-4bit,645.0,13079.0,0.0,0
2026-06-26T13:24:45.664,timeseries,3,Weather Report Extended v2,mlx-community/Llama-3.2-1B-Instruct-4bit,910.0,14422.0,0.0,0
2026-06-26T13:24:45.733,timeseries,3,Weather Report Extended v2,mlx-community/Llama-3.2-1B-Instruct-4bit,610.0,15032.0,0.0,0
2026-06-26T13:24:45.796,timeseries,3,Weather Report Extended v2,mlx-community/Llama-3.2-1B-Instruct-4bit,282.0,14323.0,0.0,0
2026-06-26T13:24:45.864,timeseries,3,Weather Report Extended v2,mlx-community/Llama-3.2-1B-Instruct-4bit,305.0,13994.0,0.0,0
2026-06-26T13:24:45.927,timeseries,3,Weather Report Extended v2,mlx-community/Llama-3.2-1B-Instruct-4bit,366.0,15329.0,0.0,0
2026-06-26T13:24:45.996,timeseries,3,Weather Report Extended v2,mlx-community/Llama-3.2-1B-Instruct-4bit,323.0,14026.0,0.0,0
2026-06-26T13:24:46.060,timeseries,3,Weather Report Extended v2,mlx-community/Llama-3.2-1B-Instruct-4bit,410.0,15124.0,0.0,0
2026-06-26T13:24:46.123,timeseries,3,Weather Report Extended v2,mlx-community/Llama-3.2-1B-Instruct-4bit,550.0,13812.0,0.0,0
2026-06-26T13:24:46.187,timeseries,3,Weather Report Extended v2,mlx-community/Llama-3.2-1B-Instruct-4bit,553.0,13405.0,0.0,0
2026-06-26T13:24:46.254,timeseries,3,Weather Report Extended v2,mlx-community/Llama-3.2-1B-Instruct-4bit,316.0,15157.0,0.0,0
2026-06-26T13:24:46.318,timeseries,3,Weather Report Extended v2,mlx-community/Llama-3.2-1B-Instruct-4bit,330.0,14981.0,0.0,0
2026-06-26T13:24:46.383,timeseries,3,Weather Report Extended v2,mlx-community/Llama-3.2-1B-Instruct-4bit,1012.0,14113.0,0.0,0
2026-06-26T13:24:46.447,timeseries,3,Weather Report Extended v2,mlx-community/Llama-3.2-1B-Instruct-4bit,531.0,14691.0,0.0,0
2026-06-26T13:24:46.513,timeseries,3,Weather Report Extended v2,mlx-community/Llama-3.2-1B-Instruct-4bit,745.0,12644.0,0.0,0
2026-06-26T13:24:46.577,timeseries,3,Weather Report Extended v2,mlx-community/Llama-3.2-1B-Instruct-4bit,1628.0,14954.0,0.0,0
2026-06-26T13:24:46.642,timeseries,3,Weather Report Extended v2,mlx-community/Llama-3.2-1B-Instruct-4bit,1454.0,14403.0,0.0,0
2026-06-26T13:24:46.706,timeseries,3,Weather Report Extended v2,mlx-community/Llama-3.2-1B-Instruct-4bit,1752.0,12961.0,0.0,0
2026-06-26T13:24:46.774,timeseries,3,Weather Report Extended v2,mlx-community/Llama-3.2-1B-Instruct-4bit,982.0,15027.0,0.0,0
2026-06-26T13:24:46.839,timeseries,3,Weather Report Extended v2,mlx-community/Llama-3.2-1B-Instruct-4bit,587.0,14728.0,0.0,0
2026-06-26T13:24:46.904,timeseries,3,Weather Report Extended v2,mlx-community/Llama-3.2-1B-Instruct-4bit,547.0,13978.0,0.0,0
2026-06-26T13:24:46.972,timeseries,3,Weather Report Extended v2,mlx-community/Llama-3.2-1B-Instruct-4bit,447.0,14705.0,0.0,0
2026-06-26T13:24:47.037,timeseries,3,Weather Report Extended v2,mlx-community/Llama-3.2-1B-Instruct-4bit,215.0,14804.0,0.0,0
2026-06-26T13:24:47.104,timeseries,3,Weather Report Extended v2,mlx-community/Llama-3.2-1B-Instruct-4bit,676.0,13903.0,0.0,0
2026-06-26T13:24:47.169,timeseries,3,Weather Report Extended v2,mlx-community/Llama-3.2-1B-Instruct-4bit,2640.0,14533.0,0.0,0
2026-06-26T13:24:47.236,timeseries,3,Weather Report Extended v2,mlx-community/Llama-3.2-1B-Instruct-4bit,1154.0,14415.0,0.0,0
2026-06-26T13:24:47.302,timeseries,3,Weather Report Extended v2,mlx-community/Llama-3.2-1B-Instruct-4bit,535.0,14783.0,0.0,0
2026-06-26T13:24:47.365,timeseries,3,Weather Report Extended v2,mlx-community/Llama-3.2-1B-Instruct-4bit,808.0,14468.0,0.0,0
2026-06-26T13:24:47.428,timeseries,3,Weather Report Extended v2,mlx-community/Llama-3.2-1B-Instruct-4bit,701.0,12720.0,0.0,0
2026-06-26T13:24:47.492,timeseries,3,Weather Report Extended v2,mlx-community/Llama-3.2-1B-Instruct-4bit,286.0,15360.0,0.0,0
2026-06-26T13:24:47.555,timeseries,3,Weather Report Extended v2,mlx-community/Llama-3.2-1B-Instruct-4bit,607.0,15195.0,0.0,0
2026-06-26T13:24:47.621,timeseries,3,Weather Report Extended v2,mlx-community/Llama-3.2-1B-Instruct-4bit,464.0,13096.0,0.0,0
2026-06-26T13:24:47.683,timeseries,3,Weather Report Extended v2,mlx-community/Llama-3.2-1B-Instruct-4bit,1261.0,14988.0,0.0,0
2026-06-26T13:24:47.747,timeseries,3,Weather Report Extended v2,mlx-community/Llama-3.2-1B-Instruct-4bit,397.0,12841.0,0.0,0
2026-06-26T13:24:47.813,timeseries,3,Weather Report Extended v2,mlx-community/Llama-3.2-1B-Instruct-4bit,360.0,15733.0,0.0,0
2026-06-26T13:24:47.883,timeseries,3,Weather Report Extended v2,mlx-community/Llama-3.2-1B-Instruct-4bit,478.0,14821.0,0.0,0
2026-06-26T13:24:47.947,timeseries,3,Weather Report Extended v2,mlx-community/Llama-3.2-1B-Instruct-4bit,242.0,14640.0,0.0,0
2026-06-26T13:24:48.012,timeseries,3,Weather Report Extended v2,mlx-community/Llama-3.2-1B-Instruct-4bit,478.0,13851.0,0.0,0
2026-06-26T13:24:48.075,timeseries,3,Weather Report Extended v2,mlx-community/Llama-3.2-1B-Instruct-4bit,263.0,14918.0,0.0,0
2026-06-26T13:24:48.142,timeseries,3,Weather Report Extended v2,mlx-community/Llama-3.2-1B-Instruct-4bit,688.0,14565.0,0.0,0
2026-06-26T13:24:48.209,timeseries,3,Weather Report Extended v2,mlx-community/Llama-3.2-1B-Instruct-4bit,317.0,15239.0,0.0,0
2026-06-26T13:24:48.271,timeseries,3,Weather Report Extended v2,mlx-community/Llama-3.2-1B-Instruct-4bit,595.0,14063.0,0.0,0
2026-06-26T13:24:48.336,timeseries,3,Weather Report Extended v2,mlx-community/Llama-3.2-1B-Instruct-4bit,522.0,12443.0,0.0,0
2026-06-26T13:24:48.401,timeseries,3,Weather Report Extended v2,mlx-community/Llama-3.2-1B-Instruct-4bit,565.0,15496.0,0.0,0
2026-06-26T13:24:48.465,timeseries,3,Weather Report Extended v2,mlx-community/Llama-3.2-1B-Instruct-4bit,454.0,15051.0,0.0,0
2026-06-26T13:24:48.531,timeseries,3,Weather Report Extended v2,mlx-community/Llama-3.2-1B-Instruct-4bit,369.0,12926.0,0.0,0
2026-06-26T13:24:48.593,timeseries,3,Weather Report Extended v2,mlx-community/Llama-3.2-1B-Instruct-4bit,1069.0,12861.0,0.0,0
2026-06-26T13:24:48.657,timeseries,3,Weather Report Extended v2,mlx-community/Llama-3.2-1B-Instruct-4bit,704.0,13152.0,0.0,0
2026-06-26T13:24:48.723,timeseries,3,Weather Report Extended v2,mlx-community/Llama-3.2-1B-Instruct-4bit,730.0,13438.0,0.0,0
2026-06-26T13:24:48.788,timeseries,3,Weather Report Extended v2,mlx-community/Llama-3.2-1B-Instruct-4bit,436.0,14782.0,0.0,0
2026-06-26T13:24:48.853,timeseries,3,Weather Report Extended v2,mlx-community/Llama-3.2-1B-Instruct-4bit,381.0,14477.0,0.0,0
2026-06-26T13:24:48.917,timeseries,3,Weather Report Extended v2,mlx-community/Llama-3.2-1B-Instruct-4bit,585.0,14529.0,0.0,0
2026-06-26T13:24:48.982,timeseries,3,Weather Report Extended v2,mlx-community/Llama-3.2-1B-Instruct-4bit,738.0,14507.0,0.0,0
2026-06-26T13:24:49.048,timeseries,3,Weather Report Extended v2,mlx-community/Llama-3.2-1B-Instruct-4bit,1557.0,12875.0,0.0,0
2026-06-26T13:24:49.111,timeseries,3,Weather Report Extended v2,mlx-community/Llama-3.2-1B-Instruct-4bit,874.0,14884.0,0.0,0
2026-06-26T13:24:49.177,timeseries,3,Weather Report Extended v2,mlx-community/Llama-3.2-1B-Instruct-4bit,610.0,14247.0,0.0,0
2026-06-26T13:24:49.250,timeseries,3,Weather Report Extended v2,mlx-community/Llama-3.2-1B-Instruct-4bit,501.0,15468.0,0.0,0
2026-06-26T13:24:49.313,timeseries,3,Weather Report Extended v2,mlx-community/Llama-3.2-1B-Instruct-4bit,300.0,14304.0,0.0,0
2026-06-26T13:24:49.377,timeseries,3,Weather Report Extended v2,mlx-community/Llama-3.2-1B-Instruct-4bit,1006.0,12921.0,0.0,0
2026-06-26T13:24:49.446,timeseries,3,Weather Report Extended v2,mlx-community/Llama-3.2-1B-Instruct-4bit,543.0,15208.0,0.0,0
2026-06-26T13:24:49.517,timeseries,3,Weather Report Extended v2,mlx-community/Llama-3.2-1B-Instruct-4bit,554.0,14602.0,0.0,0
2026-06-26T13:24:49.580,timeseries,3,Weather Report Extended v2,mlx-community/Llama-3.2-1B-Instruct-4bit,347.0,15669.0,0.0,0
2026-06-26T13:24:49.643,timeseries,3,Weather Report Extended v2,mlx-community/Llama-3.2-1B-Instruct-4bit,716.0,11836.0,0.0,0
2026-06-26T13:24:49.709,timeseries,3,Weather Report Extended v2,mlx-community/Llama-3.2-1B-Instruct-4bit,437.0,14951.0,0.0,0
2026-06-26T13:24:49.773,timeseries,3,Weather Report Extended v2,mlx-community/Llama-3.2-1B-Instruct-4bit,289.0,15421.0,0.0,0
2026-06-26T13:24:49.839,timeseries,3,Weather Report Extended v2,mlx-community/Llama-3.2-1B-Instruct-4bit,315.0,12526.0,0.0,0
2026-06-26T13:24:49.903,timeseries,3,Weather Report Extended v2,mlx-community/Llama-3.2-1B-Instruct-4bit,488.0,15163.0,0.0,0
2026-06-26T13:24:49.971,timeseries,3,Weather Report Extended v2,mlx-community/Llama-3.2-1B-Instruct-4bit,254.0,14312.0,0.0,0
2026-06-26T13:24:50.035,timeseries,3,Weather Report Extended v2,mlx-community/Llama-3.2-1B-Instruct-4bit,522.0,15352.0,0.0,0
2026-06-26T13:24:50.101,timeseries,3,Weather Report Extended v2,mlx-community/Llama-3.2-1B-Instruct-4bit,308.0,13919.0,0.0,0
2026-06-26T13:24:50.170,timeseries,3,Weather Report Extended v2,mlx-community/Llama-3.2-1B-Instruct-4bit,589.0,14894.0,0.0,0
2026-06-26T13:24:50.237,timeseries,3,Weather Report Extended v2,mlx-community/Llama-3.2-1B-Instruct-4bit,274.0,14626.0,0.0,0
2026-06-26T13:24:50.301,timeseries,3,Weather Report Extended v2,mlx-community/Llama-3.2-1B-Instruct-4bit,292.0,14041.0,0.0,0
2026-06-26T13:24:50.367,timeseries,3,Weather Report Extended v2,mlx-community/Llama-3.2-1B-Instruct-4bit,950.0,13992.0,0.0,0
2026-06-26T13:24:50.432,timeseries,3,Weather Report Extended v2,mlx-community/Llama-3.2-1B-Instruct-4bit,535.0,13229.0,0.0,0
2026-06-26T13:24:50.501,timeseries,3,Weather Report Extended v2,mlx-community/Llama-3.2-1B-Instruct-4bit,700.0,14448.0,0.0,0
2026-06-26T13:24:50.565,timeseries,3,Weather Report Extended v2,mlx-community/Llama-3.2-1B-Instruct-4bit,351.0,16410.0,0.0,0
2026-06-26T13:24:50.629,timeseries,3,Weather Report Extended v2,mlx-community/Llama-3.2-1B-Instruct-4bit,734.0,11875.0,0.0,0
2026-06-26T13:24:50.693,timeseries,3,Weather Report Extended v2,mlx-community/Llama-3.2-1B-Instruct-4bit,612.0,15044.0,0.0,0
2026-06-26T13:24:50.758,timeseries,3,Weather Report Extended v2,mlx-community/Llama-3.2-1B-Instruct-4bit,577.0,14824.0,0.0,0
2026-06-26T13:24:50.826,timeseries,3,Weather Report Extended v2,mlx-community/Llama-3.2-1B-Instruct-4bit,361.0,15078.0,0.0,0
2026-06-26T13:24:50.892,timeseries,3,Weather Report Extended v2,mlx-community/Llama-3.2-1B-Instruct-4bit,274.0,14656.0,0.0,0
2026-06-26T13:24:50.961,timeseries,3,Weather Report Extended v2,mlx-community/Llama-3.2-1B-Instruct-4bit,494.0,14327.0,0.0,0
2026-06-26T13:24:51.023,timeseries,3,Weather Report Extended v2,mlx-community/Llama-3.2-1B-Instruct-4bit,226.0,14487.0,0.0,0
2026-06-26T13:24:51.088,timeseries,3,Weather Report Extended v2,mlx-community/Llama-3.2-1B-Instruct-4bit,660.0,12171.0,0.0,0
2026-06-26T13:24:51.152,timeseries,3,Weather Report Extended v2,mlx-community/Llama-3.2-1B-Instruct-4bit,3798.0,15098.0,0.0,0
2026-06-26T13:24:51.217,timeseries,3,Weather Report Extended v2,mlx-community/Llama-3.2-1B-Instruct-4bit,6212.0,14755.0,0.0,0
2026-06-26T13:24:51.280,timeseries,3,Weather Report Extended v2,mlx-community/Llama-3.2-1B-Instruct-4bit,6382.0,15171.0,0.0,0
2026-06-26T13:24:51.341,timeseries,3,Weather Report Extended v2,mlx-community/Llama-3.2-1B-Instruct-4bit,6577.0,12850.0,0.0,0
2026-06-26T13:24:51.409,timeseries,3,Weather Report Extended v2,mlx-community/Llama-3.2-1B-Instruct-4bit,6403.0,13653.0,0.0,0
2026-06-26T13:24:51.472,timeseries,3,Weather Report Extended v2,mlx-community/Llama-3.2-1B-Instruct-4bit,3617.0,17696.0,0.0,0
2026-06-26T13:24:51.538,timeseries,3,Weather Report Extended v2,mlx-community/Llama-3.2-1B-Instruct-4bit,593.0,12530.0,0.0,0
2026-06-26T13:24:51.606,timeseries,3,Weather Report Extended v2,mlx-community/Llama-3.2-1B-Instruct-4bit,1052.0,15288.0,0.0,0
2026-06-26T13:24:51.669,timeseries,3,Weather Report Extended v2,mlx-community/Llama-3.2-1B-Instruct-4bit,442.0,14680.0,0.0,0
2026-06-26T13:24:51.735,timeseries,3,Weather Report Extended v2,mlx-community/Llama-3.2-1B-Instruct-4bit,747.0,14189.0,0.0,0
2026-06-26T13:24:51.801,timeseries,3,Weather Report Extended v2,mlx-community/Llama-3.2-1B-Instruct-4bit,272.0,15489.0,0.0,0
2026-06-26T13:24:51.868,timeseries,3,Weather Report Extended v2,mlx-community/Llama-3.2-1B-Instruct-4bit,241.0,14497.0,0.0,0
2026-06-26T13:24:51.936,timeseries,3,Weather Report Extended v2,mlx-community/Llama-3.2-1B-Instruct-4bit,520.0,14668.0,0.0,0
2026-06-26T13:24:52.003,timeseries,3,Weather Report Extended v2,mlx-community/Llama-3.2-1B-Instruct-4bit,240.0,14475.0,0.0,0
2026-06-26T13:24:52.067,timeseries,3,Weather Report Extended v2,mlx-community/Llama-3.2-1B-Instruct-4bit,435.0,14038.0,0.0,0
2026-06-26T13:24:52.134,timeseries,3,Weather Report Extended v2,mlx-community/Llama-3.2-1B-Instruct-4bit,346.0,14431.0,0.0,0
2026-06-26T13:24:52.199,timeseries,3,Weather Report Extended v2,mlx-community/Llama-3.2-1B-Instruct-4bit,497.0,14921.0,0.0,0
2026-06-26T13:24:52.262,timeseries,3,Weather Report Extended v2,mlx-community/Llama-3.2-1B-Instruct-4bit,1634.0,12396.0,0.0,0
2026-06-26T13:24:52.327,timeseries,3,Weather Report Extended v2,mlx-community/Llama-3.2-1B-Instruct-4bit,1606.0,14734.0,0.0,0
2026-06-26T13:24:52.391,timeseries,3,Weather Report Extended v2,mlx-community/Llama-3.2-1B-Instruct-4bit,1167.0,15373.0,0.0,0
2026-06-26T13:24:52.455,timeseries,3,Weather Report Extended v2,mlx-community/Llama-3.2-1B-Instruct-4bit,453.0,13266.0,0.0,0
2026-06-26T13:24:52.521,timeseries,3,Weather Report Extended v2,mlx-community/Llama-3.2-1B-Instruct-4bit,601.0,14856.0,0.0,0
2026-06-26T13:24:52.585,timeseries,3,Weather Report Extended v2,mlx-community/Llama-3.2-1B-Instruct-4bit,266.0,14959.0,0.0,0
2026-06-26T13:24:52.656,timeseries,3,Weather Report Extended v2,mlx-community/Llama-3.2-1B-Instruct-4bit,540.0,14466.0,0.0,0
2026-06-26T13:24:52.721,timeseries,3,Weather Report Extended v2,mlx-community/Llama-3.2-1B-Instruct-4bit,219.0,15208.0,0.0,0
2026-06-26T13:24:52.788,timeseries,3,Weather Report Extended v2,mlx-community/Llama-3.2-1B-Instruct-4bit,528.0,13665.0,0.0,0
2026-06-26T13:24:52.855,timeseries,3,Weather Report Extended v2,mlx-community/Llama-3.2-1B-Instruct-4bit,215.0,14959.0,0.0,0
2026-06-26T13:24:52.922,timeseries,3,Weather Report Extended v2,mlx-community/Llama-3.2-1B-Instruct-4bit,209.0,14460.0,0.0,0
2026-06-26T13:24:52.987,timeseries,3,Weather Report Extended v2,mlx-community/Llama-3.2-1B-Instruct-4bit,465.0,14434.0,0.0,0
2026-06-26T13:24:53.050,timeseries,3,Weather Report Extended v2,mlx-community/Llama-3.2-1B-Instruct-4bit,269.0,14406.0,0.0,0
2026-06-26T13:24:53.117,timeseries,3,Weather Report Extended v2,mlx-community/Llama-3.2-1B-Instruct-4bit,582.0,14680.0,0.0,0
2026-06-26T13:24:53.186,timeseries,3,Weather Report Extended v2,mlx-community/Llama-3.2-1B-Instruct-4bit,299.0,15295.0,0.0,0
2026-06-26T13:24:53.253,timeseries,3,Weather Report Extended v2,mlx-community/Llama-3.2-1B-Instruct-4bit,404.0,14383.0,0.0,0
2026-06-26T13:24:53.317,timeseries,3,Weather Report Extended v2,mlx-community/Llama-3.2-1B-Instruct-4bit,233.0,13877.0,0.0,0
2026-06-26T13:24:53.382,timeseries,3,Weather Report Extended v2,mlx-community/Llama-3.2-1B-Instruct-4bit,538.0,14339.0,0.0,0
2026-06-26T13:24:53.450,timeseries,3,Weather Report Extended v2,mlx-community/Llama-3.2-1B-Instruct-4bit,342.0,12944.0,0.0,0
2026-06-26T13:24:53.517,timeseries,3,Weather Report Extended v2,mlx-community/Llama-3.2-1B-Instruct-4bit,373.0,17006.0,0.0,0
2026-06-26T13:24:53.582,timeseries,3,Weather Report Extended v2,mlx-community/Llama-3.2-1B-Instruct-4bit,465.0,11662.0,0.0,0
2026-06-26T13:24:53.646,timeseries,3,Weather Report Extended v2,mlx-community/Llama-3.2-1B-Instruct-4bit,1064.0,11915.0,0.0,0
2026-06-26T13:24:53.710,timeseries,3,Weather Report Extended v2,mlx-community/Llama-3.2-1B-Instruct-4bit,505.0,14568.0,0.0,0
2026-06-26T13:24:53.778,timeseries,3,Weather Report Extended v2,mlx-community/Llama-3.2-1B-Instruct-4bit,502.0,15061.0,0.0,0
2026-06-26T13:24:53.844,timeseries,3,Weather Report Extended v2,mlx-community/Llama-3.2-1B-Instruct-4bit,331.0,15212.0,0.0,0
2026-06-26T13:24:53.909,timeseries,3,Weather Report Extended v2,mlx-community/Llama-3.2-1B-Instruct-4bit,321.0,13955.0,0.0,0
2026-06-26T13:24:53.977,timeseries,3,Weather Report Extended v2,mlx-community/Llama-3.2-1B-Instruct-4bit,623.0,14463.0,0.0,0
2026-06-26T13:24:54.040,timeseries,3,Weather Report Extended v2,mlx-community/Llama-3.2-1B-Instruct-4bit,259.0,14581.0,0.0,0
2026-06-26T13:24:54.108,timeseries,3,Weather Report Extended v2,mlx-community/Llama-3.2-1B-Instruct-4bit,562.0,12399.0,0.0,0
2026-06-26T13:24:54.173,timeseries,3,Weather Report Extended v2,mlx-community/Llama-3.2-1B-Instruct-4bit,317.0,15227.0,0.0,0
2026-06-26T13:24:54.243,timeseries,3,Weather Report Extended v2,mlx-community/Llama-3.2-1B-Instruct-4bit,470.0,14135.0,0.0,0
2026-06-26T13:24:54.307,timeseries,3,Weather Report Extended v2,mlx-community/Llama-3.2-1B-Instruct-4bit,230.0,16643.0,0.0,0
2026-06-26T13:24:54.375,timeseries,3,Weather Report Extended v2,mlx-community/Llama-3.2-1B-Instruct-4bit,579.0,12123.0,0.0,0
2026-06-26T13:24:54.442,timeseries,3,Weather Report Extended v2,mlx-community/Llama-3.2-1B-Instruct-4bit,478.0,16735.0,0.0,0
2026-06-26T13:24:54.508,timeseries,3,Weather Report Extended v2,mlx-community/Llama-3.2-1B-Instruct-4bit,239.0,14332.0,0.0,0
2026-06-26T13:24:54.574,timeseries,3,Weather Report Extended v2,mlx-community/Llama-3.2-1B-Instruct-4bit,785.0,12565.0,0.0,0
2026-06-26T13:24:54.639,timeseries,3,Weather Report Extended v2,mlx-community/Llama-3.2-1B-Instruct-4bit,637.0,14431.0,0.0,0
2026-06-26T13:24:54.708,timeseries,3,Weather Report Extended v2,mlx-community/Llama-3.2-1B-Instruct-4bit,810.0,14116.0,0.0,0
2026-06-26T13:24:54.774,timeseries,3,Weather Report Extended v2,mlx-community/Llama-3.2-1B-Instruct-4bit,262.0,14847.0,0.0,0
2026-06-26T13:24:54.839,timeseries,3,Weather Report Extended v2,mlx-community/Llama-3.2-1B-Instruct-4bit,234.0,14123.0,0.0,0
2026-06-26T13:24:54.907,timeseries,3,Weather Report Extended v2,mlx-community/Llama-3.2-1B-Instruct-4bit,499.0,14498.0,0.0,0
2026-06-26T13:24:54.971,timeseries,3,Weather Report Extended v2,mlx-community/Llama-3.2-1B-Instruct-4bit,353.0,14723.0,0.0,0
2026-06-26T13:24:55.035,timeseries,3,Weather Report Extended v2,mlx-community/Llama-3.2-1B-Instruct-4bit,632.0,13972.0,0.0,0
2026-06-26T13:24:55.100,timeseries,3,Weather Report Extended v2,mlx-community/Llama-3.2-1B-Instruct-4bit,373.0,14829.0,0.0,0
2026-06-26T13:24:55.166,timeseries,3,Weather Report Extended v2,mlx-community/Llama-3.2-1B-Instruct-4bit,594.0,13004.0,0.0,0
2026-06-26T13:24:55.235,timeseries,3,Weather Report Extended v2,mlx-community/Llama-3.2-1B-Instruct-4bit,264.0,15092.0,0.0,0
2026-06-26T13:24:55.297,timeseries,3,Weather Report Extended v2,mlx-community/Llama-3.2-1B-Instruct-4bit,285.0,16144.0,0.0,0
2026-06-26T13:24:55.365,timeseries,3,Weather Report Extended v2,mlx-community/Llama-3.2-1B-Instruct-4bit,813.0,12406.0,0.0,0
2026-06-26T13:24:55.433,timeseries,3,Weather Report Extended v2,mlx-community/Llama-3.2-1B-Instruct-4bit,333.0,15363.0,0.0,0
2026-06-26T13:24:55.500,timeseries,3,Weather Report Extended v2,mlx-community/Llama-3.2-1B-Instruct-4bit,484.0,14183.0,0.0,0
2026-06-26T13:24:55.566,timeseries,3,Weather Report Extended v2,mlx-community/Llama-3.2-1B-Instruct-4bit,266.0,16010.0,0.0,0
2026-06-26T13:24:55.630,timeseries,3,Weather Report Extended v2,mlx-community/Llama-3.2-1B-Instruct-4bit,714.0,12312.0,0.0,0
2026-06-26T13:24:55.695,timeseries,3,Weather Report Extended v2,mlx-community/Llama-3.2-1B-Instruct-4bit,339.0,14652.0,0.0,0
2026-06-26T13:24:55.763,timeseries,3,Weather Report Extended v2,mlx-community/Llama-3.2-1B-Instruct-4bit,557.0,14752.0,0.0,0
2026-06-26T13:24:55.826,timeseries,3,Weather Report Extended v2,mlx-community/Llama-3.2-1B-Instruct-4bit,290.0,14654.0,0.0,0
2026-06-26T13:24:55.891,timeseries,3,Weather Report Extended v2,mlx-community/Llama-3.2-1B-Instruct-4bit,411.0,13877.0,0.0,0
2026-06-26T13:24:55.953,timeseries,3,Weather Report Extended v2,mlx-community/Llama-3.2-1B-Instruct-4bit,482.0,13702.0,0.0,0
2026-06-26T13:24:56.021,timeseries,3,Weather Report Extended v2,mlx-community/Llama-3.2-1B-Instruct-4bit,289.0,14610.0,0.0,0
2026-06-26T13:24:56.082,timeseries,3,Weather Report Extended v2,mlx-community/Llama-3.2-1B-Instruct-4bit,355.0,15592.0,0.0,0
2026-06-26T13:24:56.149,timeseries,3,Weather Report Extended v2,mlx-community/Llama-3.2-1B-Instruct-4bit,667.0,12385.0,0.0,0
2026-06-26T13:24:56.217,timeseries,3,Weather Report Extended v2,mlx-community/Llama-3.2-1B-Instruct-4bit,422.0,15745.0,0.0,0
2026-06-26T13:24:56.281,timeseries,3,Weather Report Extended v2,mlx-community/Llama-3.2-1B-Instruct-4bit,254.0,16410.0,0.0,0
2026-06-26T13:24:56.347,timeseries,3,Weather Report Extended v2,mlx-community/Llama-3.2-1B-Instruct-4bit,563.0,12260.0,0.0,0
2026-06-26T13:24:56.412,timeseries,3,Weather Report Extended v2,mlx-community/Llama-3.2-1B-Instruct-4bit,266.0,15111.0,0.0,0
2026-06-26T13:24:56.480,timeseries,3,Weather Report Extended v2,mlx-community/Llama-3.2-1B-Instruct-4bit,430.0,14821.0,0.0,0
2026-06-26T13:24:56.543,timeseries,3,Weather Report Extended v2,mlx-community/Llama-3.2-1B-Instruct-4bit,227.0,14606.0,0.0,0
2026-06-26T13:24:56.609,timeseries,3,Weather Report Extended v2,mlx-community/Llama-3.2-1B-Instruct-4bit,520.0,14301.0,0.0,0
2026-06-26T13:24:56.671,timeseries,3,Weather Report Extended v2,mlx-community/Llama-3.2-1B-Instruct-4bit,268.0,15259.0,0.0,0
2026-06-26T13:24:56.740,timeseries,3,Weather Report Extended v2,mlx-community/Llama-3.2-1B-Instruct-4bit,315.0,12600.0,0.0,0
2026-06-26T13:24:56.807,timeseries,3,Weather Report Extended v2,mlx-community/Llama-3.2-1B-Instruct-4bit,275.0,15648.0,0.0,0
2026-06-26T13:24:56.873,timeseries,3,Weather Report Extended v2,mlx-community/Llama-3.2-1B-Instruct-4bit,219.0,14227.0,0.0,0
2026-06-26T13:24:56.939,timeseries,3,Weather Report Extended v2,mlx-community/Llama-3.2-1B-Instruct-4bit,448.0,14209.0,0.0,0
2026-06-26T13:24:57.008,timeseries,3,Weather Report Extended v2,mlx-community/Llama-3.2-1B-Instruct-4bit,284.0,14405.0,0.0,0
2026-06-26T13:24:57.073,timeseries,3,Weather Report Extended v2,mlx-community/Llama-3.2-1B-Instruct-4bit,411.0,14663.0,0.0,0
2026-06-26T13:24:57.137,timeseries,3,Weather Report Extended v2,mlx-community/Llama-3.2-1B-Instruct-4bit,481.0,13842.0,0.0,0
2026-06-26T13:24:57.205,timeseries,3,Weather Report Extended v2,mlx-community/Llama-3.2-1B-Instruct-4bit,543.0,14734.0,0.0,0
2026-06-26T13:24:57.268,timeseries,3,Weather Report Extended v2,mlx-community/Llama-3.2-1B-Instruct-4bit,293.0,14760.0,0.0,0
2026-06-26T13:24:57.333,timeseries,3,Weather Report Extended v2,mlx-community/Llama-3.2-1B-Instruct-4bit,475.0,13933.0,0.0,0
2026-06-26T13:24:57.401,timeseries,3,Weather Report Extended v2,mlx-community/Llama-3.2-1B-Instruct-4bit,1092.0,13087.0,0.0,0
2026-06-26T13:24:57.468,timeseries,3,Weather Report Extended v2,mlx-community/Llama-3.2-1B-Instruct-4bit,2238.0,16577.0,0.0,0
2026-06-26T13:24:57.531,timeseries,3,Weather Report Extended v2,mlx-community/Llama-3.2-1B-Instruct-4bit,877.0,14441.0,0.0,0
2026-06-26T13:24:57.595,timeseries,3,Weather Report Extended v2,mlx-community/Llama-3.2-1B-Instruct-4bit,732.0,12565.0,0.0,0
2026-06-26T13:24:57.659,timeseries,3,Weather Report Extended v2,mlx-community/Llama-3.2-1B-Instruct-4bit,789.0,15166.0,0.0,0
2026-06-26T13:24:57.721,timeseries,3,Weather Report Extended v2,mlx-community/Llama-3.2-1B-Instruct-4bit,1022.0,14760.0,0.0,0
2026-06-26T13:24:57.788,timeseries,3,Weather Report Extended v2,mlx-community/Llama-3.2-1B-Instruct-4bit,663.0,13346.0,0.0,0
2026-06-26T13:24:57.852,timeseries,3,Weather Report Extended v2,mlx-community/Llama-3.2-1B-Instruct-4bit,369.0,15336.0,0.0,0
2026-06-26T13:24:57.919,timeseries,3,Weather Report Extended v2,mlx-community/Llama-3.2-1B-Instruct-4bit,345.0,14356.0,0.0,0
2026-06-26T13:24:57.984,timeseries,3,Weather Report Extended v2,mlx-community/Llama-3.2-1B-Instruct-4bit,576.0,14954.0,0.0,0
2026-06-26T13:24:58.046,timeseries,3,Weather Report Extended v2,mlx-community/Llama-3.2-1B-Instruct-4bit,372.0,14226.0,0.0,0
2026-06-26T13:24:58.111,timeseries,3,Weather Report Extended v2,mlx-community/Llama-3.2-1B-Instruct-4bit,584.0,12842.0,0.0,0
2026-06-26T13:24:58.179,timeseries,3,Weather Report Extended v2,mlx-community/Llama-3.2-1B-Instruct-4bit,354.0,15468.0,0.0,0
2026-06-26T13:24:58.245,timeseries,3,Weather Report Extended v2,mlx-community/Llama-3.2-1B-Instruct-4bit,449.0,14831.0,0.0,0
2026-06-26T13:24:58.313,timeseries,3,Weather Report Extended v2,mlx-community/Llama-3.2-1B-Instruct-4bit,312.0,14276.0,0.0,0
2026-06-26T13:24:58.379,timeseries,3,Weather Report Extended v2,mlx-community/Llama-3.2-1B-Instruct-4bit,644.0,14327.0,0.0,0
2026-06-26T13:24:58.445,timeseries,3,Weather Report Extended v2,mlx-community/Llama-3.2-1B-Instruct-4bit,704.0,13982.0,0.0,0
2026-06-26T13:24:58.510,timeseries,3,Weather Report Extended v2,mlx-community/Llama-3.2-1B-Instruct-4bit,352.0,14759.0,0.0,0
2026-06-26T13:24:58.575,timeseries,3,Weather Report Extended v2,mlx-community/Llama-3.2-1B-Instruct-4bit,760.0,12072.0,0.0,0
2026-06-26T13:24:58.639,timeseries,3,Weather Report Extended v2,mlx-community/Llama-3.2-1B-Instruct-4bit,797.0,13954.0,0.0,0
2026-06-26T13:24:58.706,timeseries,3,Weather Report Extended v2,mlx-community/Llama-3.2-1B-Instruct-4bit,754.0,12692.0,0.0,0
2026-06-26T13:24:58.769,timeseries,3,Weather Report Extended v2,mlx-community/Llama-3.2-1B-Instruct-4bit,404.0,14879.0,0.0,0
2026-06-26T13:24:58.835,timeseries,3,Weather Report Extended v2,mlx-community/Llama-3.2-1B-Instruct-4bit,285.0,14301.0,0.0,0
2026-06-26T13:24:58.899,timeseries,3,Weather Report Extended v2,mlx-community/Llama-3.2-1B-Instruct-4bit,502.0,14983.0,0.0,0
2026-06-26T13:24:58.961,timeseries,3,Weather Report Extended v2,mlx-community/Llama-3.2-1B-Instruct-4bit,305.0,12730.0,0.0,0
2026-06-26T13:24:59.025,timeseries,3,Weather Report Extended v2,mlx-community/Llama-3.2-1B-Instruct-4bit,739.0,15024.0,0.0,0
2026-06-26T13:24:59.092,timeseries,3,Weather Report Extended v2,mlx-community/Llama-3.2-1B-Instruct-4bit,1886.0,15414.0,0.0,0
2026-06-26T13:24:59.160,timeseries,3,Weather Report Extended v2,mlx-community/Llama-3.2-1B-Instruct-4bit,775.0,15041.0,0.0,0
2026-06-26T13:24:59.225,timeseries,3,Weather Report Extended v2,mlx-community/Llama-3.2-1B-Instruct-4bit,480.0,14463.0,0.0,0
2026-06-26T13:24:59.287,timeseries,3,Weather Report Extended v2,mlx-community/Llama-3.2-1B-Instruct-4bit,698.0,12351.0,0.0,0
2026-06-26T13:24:59.350,timeseries,3,Weather Report Extended v2,mlx-community/Llama-3.2-1B-Instruct-4bit,737.0,14765.0,0.0,0
2026-06-26T13:24:59.415,timeseries,3,Weather Report Extended v2,mlx-community/Llama-3.2-1B-Instruct-4bit,540.0,13281.0,0.0,0
2026-06-26T13:24:59.482,timeseries,3,Weather Report Extended v2,mlx-community/Llama-3.2-1B-Instruct-4bit,625.0,15378.0,0.0,0
2026-06-26T13:24:59.546,timeseries,3,Weather Report Extended v2,mlx-community/Llama-3.2-1B-Instruct-4bit,275.0,14719.0,0.0,0
2026-06-26T13:24:59.610,timeseries,3,Weather Report Extended v2,mlx-community/Llama-3.2-1B-Instruct-4bit,603.0,14430.0,0.0,0
2026-06-26T13:24:59.677,timeseries,3,Weather Report Extended v2,mlx-community/Llama-3.2-1B-Instruct-4bit,405.0,15059.0,0.0,0
2026-06-26T13:24:59.744,timeseries,3,Weather Report Extended v2,mlx-community/Llama-3.2-1B-Instruct-4bit,655.0,14988.0,0.0,0
2026-06-26T13:24:59.808,timeseries,3,Weather Report Extended v2,mlx-community/Llama-3.2-1B-Instruct-4bit,269.0,14415.0,0.0,0
2026-06-26T13:24:59.876,timeseries,3,Weather Report Extended v2,mlx-community/Llama-3.2-1B-Instruct-4bit,358.0,12478.0,0.0,0
2026-06-26T13:24:59.941,timeseries,3,Weather Report Extended v2,mlx-community/Llama-3.2-1B-Instruct-4bit,514.0,16907.0,0.0,0
2026-06-26T13:25:00.010,timeseries,3,Weather Report Extended v2,mlx-community/Llama-3.2-1B-Instruct-4bit,266.0,12509.0,0.0,0
2026-06-26T13:25:00.076,timeseries,3,Weather Report Extended v2,mlx-community/Llama-3.2-1B-Instruct-4bit,564.0,16326.0,0.0,0
2026-06-26T13:25:00.143,timeseries,3,Weather Report Extended v2,mlx-community/Llama-3.2-1B-Instruct-4bit,434.0,13733.0,0.0,0
2026-06-26T13:25:00.211,timeseries,3,Weather Report Extended v2,mlx-community/Llama-3.2-1B-Instruct-4bit,459.0,14740.0,0.0,0
2026-06-26T13:25:00.275,timeseries,3,Weather Report Extended v2,mlx-community/Llama-3.2-1B-Instruct-4bit,252.0,14240.0,0.0,0
2026-06-26T13:25:00.340,timeseries,3,Weather Report Extended v2,mlx-community/Llama-3.2-1B-Instruct-4bit,398.0,13950.0,0.0,0
2026-06-26T13:25:00.406,timeseries,3,Weather Report Extended v2,mlx-community/Llama-3.2-1B-Instruct-4bit,936.0,13148.0,0.0,0
2026-06-26T13:25:00.473,timeseries,3,Weather Report Extended v2,mlx-community/Llama-3.2-1B-Instruct-4bit,529.0,14960.0,0.0,0
2026-06-26T13:25:00.536,timeseries,3,Weather Report Extended v2,mlx-community/Llama-3.2-1B-Instruct-4bit,241.0,14344.0,0.0,0
2026-06-26T13:25:00.603,timeseries,3,Weather Report Extended v2,mlx-community/Llama-3.2-1B-Instruct-4bit,570.0,14449.0,0.0,0
2026-06-26T13:25:00.670,timeseries,3,Weather Report Extended v2,mlx-community/Llama-3.2-1B-Instruct-4bit,315.0,15204.0,0.0,0
2026-06-26T13:25:00.737,timeseries,3,Weather Report Extended v2,mlx-community/Llama-3.2-1B-Instruct-4bit,435.0,14550.0,0.0,0
2026-06-26T13:25:00.802,timeseries,3,Weather Report Extended v2,mlx-community/Llama-3.2-1B-Instruct-4bit,207.0,14293.0,0.0,0
2026-06-26T13:25:00.869,timeseries,3,Weather Report Extended v2,mlx-community/Llama-3.2-1B-Instruct-4bit,213.0,14667.0,0.0,0
2026-06-26T13:25:00.931,timeseries,3,Weather Report Extended v2,mlx-community/Llama-3.2-1B-Instruct-4bit,453.0,14632.0,0.0,0
2026-06-26T13:25:00.998,timeseries,3,Weather Report Extended v2,mlx-community/Llama-3.2-1B-Instruct-4bit,333.0,12619.0,0.0,0
2026-06-26T13:25:01.059,timeseries,3,Weather Report Extended v2,mlx-community/Llama-3.2-1B-Instruct-4bit,622.0,15542.0,0.0,0
2026-06-26T13:25:01.123,timeseries,3,Weather Report Extended v2,mlx-community/Llama-3.2-1B-Instruct-4bit,471.0,14554.0,0.0,0
2026-06-26T13:25:01.187,timeseries,3,Weather Report Extended v2,mlx-community/Llama-3.2-1B-Instruct-4bit,705.0,13622.0,0.0,0
2026-06-26T13:25:01.254,timeseries,3,Weather Report Extended v2,mlx-community/Llama-3.2-1B-Instruct-4bit,315.0,15175.0,0.0,0
2026-06-26T13:25:01.318,timeseries,3,Weather Report Extended v2,mlx-community/Llama-3.2-1B-Instruct-4bit,233.0,15195.0,0.0,0
2026-06-26T13:25:01.382,timeseries,3,Weather Report Extended v2,mlx-community/Llama-3.2-1B-Instruct-4bit,494.0,14356.0,0.0,0
2026-06-26T13:25:01.448,timeseries,3,Weather Report Extended v2,mlx-community/Llama-3.2-1B-Instruct-4bit,646.0,13134.0,0.0,0
2026-06-26T13:25:01.514,timeseries,3,Weather Report Extended v2,mlx-community/Llama-3.2-1B-Instruct-4bit,357.0,14984.0,0.0,0
2026-06-26T13:25:01.579,timeseries,3,Weather Report Extended v2,mlx-community/Llama-3.2-1B-Instruct-4bit,558.0,14437.0,0.0,0
2026-06-26T13:25:01.644,timeseries,3,Weather Report Extended v2,mlx-community/Llama-3.2-1B-Instruct-4bit,363.0,14615.0,0.0,0
2026-06-26T13:25:01.712,timeseries,3,Weather Report Extended v2,mlx-community/Llama-3.2-1B-Instruct-4bit,540.0,14825.0,0.0,0
2026-06-26T13:25:01.776,timeseries,3,Weather Report Extended v2,mlx-community/Llama-3.2-1B-Instruct-4bit,245.0,14844.0,0.0,0
2026-06-26T13:25:01.842,timeseries,3,Weather Report Extended v2,mlx-community/Llama-3.2-1B-Instruct-4bit,280.0,14144.0,0.0,0
2026-06-26T13:25:01.905,timeseries,3,Weather Report Extended v2,mlx-community/Llama-3.2-1B-Instruct-4bit,489.0,15143.0,0.0,0
2026-06-26T13:25:01.971,timeseries,3,Weather Report Extended v2,mlx-community/Llama-3.2-1B-Instruct-4bit,345.0,12597.0,0.0,0
2026-06-26T13:25:02.035,timeseries,3,Weather Report Extended v2,mlx-community/Llama-3.2-1B-Instruct-4bit,509.0,15256.0,0.0,0
2026-06-26T13:25:02.099,timeseries,3,Weather Report Extended v2,mlx-community/Llama-3.2-1B-Instruct-4bit,456.0,14318.0,0.0,0
2026-06-26T13:25:02.162,timeseries,3,Weather Report Extended v2,mlx-community/Llama-3.2-1B-Instruct-4bit,524.0,13462.0,0.0,0
2026-06-26T13:25:02.230,timeseries,3,Weather Report Extended v2,mlx-community/Llama-3.2-1B-Instruct-4bit,398.0,14509.0,0.0,0
2026-06-26T13:25:02.293,timeseries,3,Weather Report Extended v2,mlx-community/Llama-3.2-1B-Instruct-4bit,463.0,15358.0,0.0,0
2026-06-26T13:25:02.360,timeseries,3,Weather Report Extended v2,mlx-community/Llama-3.2-1B-Instruct-4bit,443.0,14188.0,0.0,0
2026-06-26T13:25:02.423,timeseries,3,Weather Report Extended v2,mlx-community/Llama-3.2-1B-Instruct-4bit,239.0,15446.0,0.0,0
2026-06-26T13:25:02.488,timeseries,3,Weather Report Extended v2,mlx-community/Llama-3.2-1B-Instruct-4bit,506.0,12576.0,0.0,0
2026-06-26T13:25:02.551,timeseries,3,Weather Report Extended v2,mlx-community/Llama-3.2-1B-Instruct-4bit,2238.0,15235.0,0.0,0
2026-06-26T13:25:02.618,timeseries,3,Weather Report Extended v2,mlx-community/Llama-3.2-1B-Instruct-4bit,1046.0,14843.0,0.0,0
2026-06-26T13:25:02.677,timeseries,3,Weather Report Extended v2,mlx-community/Llama-3.2-1B-Instruct-4bit,615.0,15380.0,0.0,0
2026-06-26T13:25:02.743,timeseries,3,Weather Report Extended v2,mlx-community/Llama-3.2-1B-Instruct-4bit,512.0,12691.0,0.0,0
2026-06-26T13:25:02.811,timeseries,3,Weather Report Extended v2,mlx-community/Llama-3.2-1B-Instruct-4bit,449.0,16101.0,0.0,0
2026-06-26T13:25:02.872,timeseries,3,Weather Report Extended v2,mlx-community/Llama-3.2-1B-Instruct-4bit,215.0,14972.0,0.0,0
2026-06-26T13:25:02.939,timeseries,3,Weather Report Extended v2,mlx-community/Llama-3.2-1B-Instruct-4bit,279.0,12438.0,0.0,0
2026-06-26T13:25:03.002,timeseries,3,Weather Report Extended v2,mlx-community/Llama-3.2-1B-Instruct-4bit,393.0,15780.0,0.0,0
2026-06-26T13:25:03.066,timeseries,3,Weather Report Extended v2,mlx-community/Llama-3.2-1B-Instruct-4bit,312.0,14272.0,0.0,0
2026-06-26T13:25:03.134,timeseries,3,Weather Report Extended v2,mlx-community/Llama-3.2-1B-Instruct-4bit,559.0,13382.0,0.0,0
2026-06-26T13:25:03.198,timeseries,3,Weather Report Extended v2,mlx-community/Llama-3.2-1B-Instruct-4bit,234.0,16924.0,0.0,0
2026-06-26T13:25:03.263,timeseries,3,Weather Report Extended v2,mlx-community/Llama-3.2-1B-Instruct-4bit,500.0,12413.0,0.0,0
2026-06-26T13:25:03.329,timeseries,3,Weather Report Extended v2,mlx-community/Llama-3.2-1B-Instruct-4bit,247.0,14844.0,0.0,0
2026-06-26T13:25:03.397,timeseries,3,Weather Report Extended v2,mlx-community/Llama-3.2-1B-Instruct-4bit,390.0,15117.0,0.0,0
2026-06-26T13:25:03.466,timeseries,3,Weather Report Extended v2,mlx-community/Llama-3.2-1B-Instruct-4bit,435.0,14462.0,0.0,0
2026-06-26T13:25:03.533,timeseries,3,Weather Report Extended v2,mlx-community/Llama-3.2-1B-Instruct-4bit,192.0,14282.0,0.0,0
2026-06-26T13:25:03.596,timeseries,3,Weather Report Extended v2,mlx-community/Llama-3.2-1B-Instruct-4bit,784.0,11563.0,0.0,0
2026-06-26T13:25:03.661,timeseries,3,Weather Report Extended v2,mlx-community/Llama-3.2-1B-Instruct-4bit,645.0,13777.0,0.0,0
2026-06-26T13:25:03.727,timeseries,3,Weather Report Extended v2,mlx-community/Llama-3.2-1B-Instruct-4bit,611.0,15029.0,0.0,0
2026-06-26T13:25:03.795,timeseries,3,Weather Report Extended v2,mlx-community/Llama-3.2-1B-Instruct-4bit,297.0,15097.0,0.0,0
2026-06-26T13:25:03.861,timeseries,3,Weather Report Extended v2,mlx-community/Llama-3.2-1B-Instruct-4bit,285.0,14380.0,0.0,0
2026-06-26T13:25:03.928,timeseries,3,Weather Report Extended v2,mlx-community/Llama-3.2-1B-Instruct-4bit,429.0,14394.0,0.0,0
2026-06-26T13:25:03.994,timeseries,3,Weather Report Extended v2,mlx-community/Llama-3.2-1B-Instruct-4bit,227.0,14610.0,0.0,0
2026-06-26T13:25:04.058,timeseries,3,Weather Report Extended v2,mlx-community/Llama-3.2-1B-Instruct-4bit,517.0,14304.0,0.0,0
2026-06-26T13:25:04.123,timeseries,3,Weather Report Extended v2,mlx-community/Llama-3.2-1B-Instruct-4bit,307.0,13089.0,0.0,0
2026-06-26T13:25:04.189,timeseries,3,Weather Report Extended v2,mlx-community/Llama-3.2-1B-Instruct-4bit,516.0,15108.0,0.0,0
2026-06-26T13:25:04.255,timeseries,3,Weather Report Extended v2,mlx-community/Llama-3.2-1B-Instruct-4bit,337.0,14618.0,0.0,0
2026-06-26T13:25:04.320,timeseries,3,Weather Report Extended v2,mlx-community/Llama-3.2-1B-Instruct-4bit,436.0,14228.0,0.0,0
2026-06-26T13:25:04.386,timeseries,3,Weather Report Extended v2,mlx-community/Llama-3.2-1B-Instruct-4bit,1028.0,14683.0,0.0,0
2026-06-26T13:25:04.453,timeseries,3,Weather Report Extended v2,mlx-community/Llama-3.2-1B-Instruct-4bit,374.0,15015.0,0.0,0
2026-06-26T13:25:04.520,timeseries,3,Weather Report Extended v2,mlx-community/Llama-3.2-1B-Instruct-4bit,466.0,14592.0,0.0,0
2026-06-26T13:25:04.584,timeseries,3,Weather Report Extended v2,mlx-community/Llama-3.2-1B-Instruct-4bit,271.0,14567.0,0.0,0
2026-06-26T13:25:04.651,timeseries,3,Weather Report Extended v2,mlx-community/Llama-3.2-1B-Instruct-4bit,847.0,14139.0,0.0,0
2026-06-26T13:25:04.716,timeseries,3,Weather Report Extended v2,mlx-community/Llama-3.2-1B-Instruct-4bit,393.0,15106.0,0.0,0
2026-06-26T13:25:04.783,timeseries,3,Weather Report Extended v2,mlx-community/Llama-3.2-1B-Instruct-4bit,865.0,12451.0,0.0,0
2026-06-26T13:25:04.851,timeseries,3,Weather Report Extended v2,mlx-community/Llama-3.2-1B-Instruct-4bit,414.0,14744.0,0.0,0
2026-06-26T13:25:04.917,timeseries,3,Weather Report Extended v2,mlx-community/Llama-3.2-1B-Instruct-4bit,315.0,16161.0,0.0,0
2026-06-26T13:25:04.982,timeseries,3,Weather Report Extended v2,mlx-community/Llama-3.2-1B-Instruct-4bit,588.0,14152.0,0.0,0
2026-06-26T13:25:05.045,timeseries,3,Weather Report Extended v2,mlx-community/Llama-3.2-1B-Instruct-4bit,304.0,12827.0,0.0,0
2026-06-26T13:25:05.112,timeseries,3,Weather Report Extended v2,mlx-community/Llama-3.2-1B-Instruct-4bit,671.0,14504.0,0.0,0
2026-06-26T13:25:05.176,timeseries,3,Weather Report Extended v2,mlx-community/Llama-3.2-1B-Instruct-4bit,318.0,15420.0,0.0,0
2026-06-26T13:25:05.245,timeseries,3,Weather Report Extended v2,mlx-community/Llama-3.2-1B-Instruct-4bit,465.0,14334.0,0.0,0
2026-06-26T13:25:05.306,timeseries,3,Weather Report Extended v2,mlx-community/Llama-3.2-1B-Instruct-4bit,216.0,14960.0,0.0,0
2026-06-26T13:25:05.370,timeseries,3,Weather Report Extended v2,mlx-community/Llama-3.2-1B-Instruct-4bit,518.0,12531.0,0.0,0
2026-06-26T13:25:05.438,timeseries,3,Weather Report Extended v2,mlx-community/Llama-3.2-1B-Instruct-4bit,574.0,15406.0,0.0,0
2026-06-26T13:25:05.505,timeseries,3,Weather Report Extended v2,mlx-community/Llama-3.2-1B-Instruct-4bit,219.0,15118.0,0.0,0
2026-06-26T13:25:05.570,timeseries,3,Weather Report Extended v2,mlx-community/Llama-3.2-1B-Instruct-4bit,429.0,14320.0,0.0,0
2026-06-26T13:25:05.638,timeseries,3,Weather Report Extended v2,mlx-community/Llama-3.2-1B-Instruct-4bit,345.0,14529.0,0.0,0
2026-06-26T13:25:05.706,timeseries,3,Weather Report Extended v2,mlx-community/Llama-3.2-1B-Instruct-4bit,434.0,15083.0,0.0,0
2026-06-26T13:25:05.773,timeseries,3,Weather Report Extended v2,mlx-community/Llama-3.2-1B-Instruct-4bit,231.0,14068.0,0.0,0
2026-06-26T13:25:05.837,timeseries,3,Weather Report Extended v2,mlx-community/Llama-3.2-1B-Instruct-4bit,223.0,14410.0,0.0,0
2026-06-26T13:25:05.903,timeseries,3,Weather Report Extended v2,mlx-community/Llama-3.2-1B-Instruct-4bit,506.0,14379.0,0.0,0
2026-06-26T13:25:05.969,timeseries,3,Weather Report Extended v2,mlx-community/Llama-3.2-1B-Instruct-4bit,221.0,15332.0,0.0,0
2026-06-26T13:25:06.034,timeseries,3,Weather Report Extended v2,mlx-community/Llama-3.2-1B-Instruct-4bit,423.0,14688.0,0.0,0
2026-06-26T13:25:06.094,timeseries,3,Weather Report Extended v2,mlx-community/Llama-3.2-1B-Instruct-4bit,300.0,14528.0,0.0,0
2026-06-26T13:25:06.158,timeseries,3,Weather Report Extended v2,mlx-community/Llama-3.2-1B-Instruct-4bit,712.0,12987.0,0.0,0
2026-06-26T13:25:06.225,timeseries,3,Weather Report Extended v2,mlx-community/Llama-3.2-1B-Instruct-4bit,397.0,13990.0,0.0,0
2026-06-26T13:25:06.287,timeseries,3,Weather Report Extended v2,mlx-community/Llama-3.2-1B-Instruct-4bit,311.0,15057.0,0.0,0
2026-06-26T13:25:06.349,timeseries,3,Weather Report Extended v2,mlx-community/Llama-3.2-1B-Instruct-4bit,812.0,14335.0,0.0,0
2026-06-26T13:25:06.414,timeseries,3,Weather Report Extended v2,mlx-community/Llama-3.2-1B-Instruct-4bit,622.0,13749.0,0.0,0
2026-06-26T13:25:06.482,timeseries,3,Weather Report Extended v2,mlx-community/Llama-3.2-1B-Instruct-4bit,411.0,15077.0,0.0,0
2026-06-26T13:25:06.545,timeseries,3,Weather Report Extended v2,mlx-community/Llama-3.2-1B-Instruct-4bit,417.0,14905.0,0.0,0
2026-06-26T13:25:06.610,timeseries,3,Weather Report Extended v2,mlx-community/Llama-3.2-1B-Instruct-4bit,381.0,14177.0,0.0,0
2026-06-26T13:25:06.677,timeseries,3,Weather Report Extended v2,mlx-community/Llama-3.2-1B-Instruct-4bit,414.0,15396.0,0.0,0
2026-06-26T13:25:06.743,timeseries,3,Weather Report Extended v2,mlx-community/Llama-3.2-1B-Instruct-4bit,295.0,15003.0,0.0,0
2026-06-26T13:25:06.807,timeseries,3,Weather Report Extended v2,mlx-community/Llama-3.2-1B-Instruct-4bit,353.0,14050.0,0.0,0
2026-06-26T13:25:06.874,timeseries,3,Weather Report Extended v2,mlx-community/Llama-3.2-1B-Instruct-4bit,639.0,12927.0,0.0,0
2026-06-26T13:25:06.939,timeseries,3,Weather Report Extended v2,mlx-community/Llama-3.2-1B-Instruct-4bit,362.0,15035.0,0.0,0
2026-06-26T13:25:07.006,timeseries,3,Weather Report Extended v2,mlx-community/Llama-3.2-1B-Instruct-4bit,578.0,14281.0,0.0,0
2026-06-26T13:25:07.070,timeseries,3,Weather Report Extended v2,mlx-community/Llama-3.2-1B-Instruct-4bit,246.0,14905.0,0.0,0
2026-06-26T13:25:07.135,timeseries,3,Weather Report Extended v2,mlx-community/Llama-3.2-1B-Instruct-4bit,578.0,14154.0,0.0,0
2026-06-26T13:25:07.200,timeseries,3,Weather Report Extended v2,mlx-community/Llama-3.2-1B-Instruct-4bit,284.0,15384.0,0.0,0
2026-06-26T13:25:07.264,timeseries,3,Weather Report Extended v2,mlx-community/Llama-3.2-1B-Instruct-4bit,404.0,13008.0,0.0,0
2026-06-26T13:25:07.331,timeseries,3,Weather Report Extended v2,mlx-community/Llama-3.2-1B-Instruct-4bit,318.0,14645.0,0.0,0
2026-06-26T13:25:07.392,timeseries,3,Weather Report Extended v2,mlx-community/Llama-3.2-1B-Instruct-4bit,466.0,15160.0,0.0,0
2026-06-26T13:25:07.460,timeseries,3,Weather Report Extended v2,mlx-community/Llama-3.2-1B-Instruct-4bit,391.0,14402.0,0.0,0
2026-06-26T13:25:07.524,timeseries,3,Weather Report Extended v2,mlx-community/Llama-3.2-1B-Instruct-4bit,359.0,15959.0,0.0,0
2026-06-26T13:25:07.587,timeseries,3,Weather Report Extended v2,mlx-community/Llama-3.2-1B-Instruct-4bit,297.0,12532.0,0.0,0
2026-06-26T13:25:07.654,timeseries,3,Weather Report Extended v2,mlx-community/Llama-3.2-1B-Instruct-4bit,808.0,14965.0,0.0,0
2026-06-26T13:25:07.720,timeseries,3,Weather Report Extended v2,mlx-community/Llama-3.2-1B-Instruct-4bit,3166.0,15209.0,0.0,0
2026-06-26T13:25:07.787,timeseries,3,Weather Report Extended v2,mlx-community/Llama-3.2-1B-Instruct-4bit,1197.0,14325.0,0.0,0
2026-06-26T13:25:07.847,timeseries,3,Weather Report Extended v2,mlx-community/Llama-3.2-1B-Instruct-4bit,719.0,14958.0,0.0,0
2026-06-26T13:25:07.914,timeseries,3,Weather Report Extended v2,mlx-community/Llama-3.2-1B-Instruct-4bit,610.0,12568.0,0.0,0
2026-06-26T13:25:07.978,timeseries,3,Weather Report Extended v2,mlx-community/Llama-3.2-1B-Instruct-4bit,363.0,16016.0,0.0,0
2026-06-26T13:25:08.040,timeseries,3,Weather Report Extended v2,mlx-community/Llama-3.2-1B-Instruct-4bit,241.0,14559.0,0.0,0
2026-06-26T13:25:08.108,timeseries,3,Weather Report Extended v2,mlx-community/Llama-3.2-1B-Instruct-4bit,575.0,13197.0,0.0,0
2026-06-26T13:25:08.174,timeseries,3,Weather Report Extended v2,mlx-community/Llama-3.2-1B-Instruct-4bit,273.0,15541.0,0.0,0
2026-06-26T13:25:08.242,timeseries,3,Weather Report Extended v2,mlx-community/Llama-3.2-1B-Instruct-4bit,445.0,14417.0,0.0,0
2026-06-26T13:25:08.306,timeseries,3,Weather Report Extended v2,mlx-community/Llama-3.2-1B-Instruct-4bit,197.0,14736.0,0.0,0
2026-06-26T13:25:08.371,timeseries,3,Weather Report Extended v2,mlx-community/Llama-3.2-1B-Instruct-4bit,455.0,14160.0,0.0,0
2026-06-26T13:25:08.436,timeseries,3,Weather Report Extended v2,mlx-community/Llama-3.2-1B-Instruct-4bit,591.0,14972.0,0.0,0
2026-06-26T13:25:08.502,timeseries,3,Weather Report Extended v2,mlx-community/Llama-3.2-1B-Instruct-4bit,398.0,14527.0,0.0,0
2026-06-26T13:25:08.573,timeseries,3,Weather Report Extended v2,mlx-community/Llama-3.2-1B-Instruct-4bit,665.0,14930.0,0.0,0
2026-06-26T13:25:08.639,timeseries,3,Weather Report Extended v2,mlx-community/Llama-3.2-1B-Instruct-4bit,1112.0,13173.0,0.0,0
2026-06-26T13:25:08.707,timeseries,3,Weather Report Extended v2,mlx-community/Llama-3.2-1B-Instruct-4bit,2816.0,11486.0,0.0,0
2026-06-26T13:25:08.773,timeseries,3,Weather Report Extended v2,mlx-community/Llama-3.2-1B-Instruct-4bit,682.0,14792.0,0.0,0
2026-06-26T13:25:08.838,timeseries,3,Weather Report Extended v2,mlx-community/Llama-3.2-1B-Instruct-4bit,486.0,14150.0,0.0,0
2026-06-26T13:25:08.905,timeseries,3,Weather Report Extended v2,mlx-community/Llama-3.2-1B-Instruct-4bit,676.0,15069.0,0.0,0
2026-06-26T13:25:08.972,timeseries,3,Weather Report Extended v2,mlx-community/Llama-3.2-1B-Instruct-4bit,552.0,14871.0,0.0,0
2026-06-26T13:25:09.038,timeseries,3,Weather Report Extended v2,mlx-community/Llama-3.2-1B-Instruct-4bit,1006.0,14459.0,0.0,0
2026-06-26T13:25:09.104,timeseries,3,Weather Report Extended v2,mlx-community/Llama-3.2-1B-Instruct-4bit,2138.0,14490.0,0.0,0
2026-06-26T13:25:09.171,timeseries,3,Weather Report Extended v2,mlx-community/Llama-3.2-1B-Instruct-4bit,1494.0,14508.0,0.0,0
2026-06-26T13:25:09.240,timeseries,3,Weather Report Extended v2,mlx-community/Llama-3.2-1B-Instruct-4bit,363.0,14667.0,0.0,0
2026-06-26T13:25:09.307,timeseries,3,Weather Report Extended v2,mlx-community/Llama-3.2-1B-Instruct-4bit,210.0,14500.0,0.0,0
2026-06-26T13:25:09.374,timeseries,3,Weather Report Extended v2,mlx-community/Llama-3.2-1B-Instruct-4bit,769.0,13957.0,0.0,0
2026-06-26T13:25:09.442,timeseries,3,Weather Report Extended v2,mlx-community/Llama-3.2-1B-Instruct-4bit,282.0,14299.0,0.0,0
2026-06-26T13:25:09.507,timeseries,3,Weather Report Extended v2,mlx-community/Llama-3.2-1B-Instruct-4bit,437.0,16325.0,0.0,0
2026-06-26T13:25:09.569,timeseries,3,Weather Report Extended v2,mlx-community/Llama-3.2-1B-Instruct-4bit,293.0,12502.0,0.0,0
2026-06-26T13:25:09.635,timeseries,3,Weather Report Extended v2,mlx-community/Llama-3.2-1B-Instruct-4bit,780.0,14940.0,0.0,0
2026-06-26T13:25:09.700,timeseries,3,Weather Report Extended v2,mlx-community/Llama-3.2-1B-Instruct-4bit,380.0,15314.0,0.0,0
2026-06-26T13:25:09.768,timeseries,3,Weather Report Extended v2,mlx-community/Llama-3.2-1B-Instruct-4bit,651.0,14508.0,0.0,0
2026-06-26T13:25:09.835,timeseries,3,Weather Report Extended v2,mlx-community/Llama-3.2-1B-Instruct-4bit,339.0,14897.0,0.0,0
2026-06-26T13:25:09.900,timeseries,3,Weather Report Extended v2,mlx-community/Llama-3.2-1B-Instruct-4bit,313.0,14320.0,0.0,0
2026-06-26T13:25:09.969,timeseries,3,Weather Report Extended v2,mlx-community/Llama-3.2-1B-Instruct-4bit,566.0,12443.0,0.0,0
2026-06-26T13:25:10.034,timeseries,3,Weather Report Extended v2,mlx-community/Llama-3.2-1B-Instruct-4bit,290.0,16485.0,0.0,0
2026-06-26T13:25:10.098,timeseries,3,Weather Report Extended v2,mlx-community/Llama-3.2-1B-Instruct-4bit,678.0,13806.0,0.0,0
2026-06-26T13:25:10.164,timeseries,3,Weather Report Extended v2,mlx-community/Llama-3.2-1B-Instruct-4bit,346.0,13204.0,0.0,0
2026-06-26T13:25:10.231,timeseries,3,Weather Report Extended v2,mlx-community/Llama-3.2-1B-Instruct-4bit,589.0,14904.0,0.0,0
2026-06-26T13:25:10.295,timeseries,3,Weather Report Extended v2,mlx-community/Llama-3.2-1B-Instruct-4bit,287.0,14464.0,0.0,0
2026-06-26T13:25:10.360,timeseries,3,Weather Report Extended v2,mlx-community/Llama-3.2-1B-Instruct-4bit,548.0,14571.0,0.0,0
2026-06-26T13:25:10.430,timeseries,3,Weather Report Extended v2,mlx-community/Llama-3.2-1B-Instruct-4bit,595.0,14581.0,0.0,0
2026-06-26T13:25:10.497,timeseries,3,Weather Report Extended v2,mlx-community/Llama-3.2-1B-Instruct-4bit,293.0,14888.0,0.0,0
2026-06-26T13:25:10.560,timeseries,3,Weather Report Extended v2,mlx-community/Llama-3.2-1B-Instruct-4bit,514.0,13646.0,0.0,0
2026-06-26T13:25:10.626,timeseries,3,Weather Report Extended v2,mlx-community/Llama-3.2-1B-Instruct-4bit,432.0,14436.0,0.0,0
2026-06-26T13:25:10.693,timeseries,3,Weather Report Extended v2,mlx-community/Llama-3.2-1B-Instruct-4bit,416.0,15507.0,0.0,0
2026-06-26T13:25:10.762,timeseries,3,Weather Report Extended v2,mlx-community/Llama-3.2-1B-Instruct-4bit,228.0,14742.0,0.0,0
2026-06-26T13:25:10.829,timeseries,3,Weather Report Extended v2,mlx-community/Llama-3.2-1B-Instruct-4bit,178.0,14361.0,0.0,0
2026-06-26T13:25:10.897,timeseries,3,Weather Report Extended v2,mlx-community/Llama-3.2-1B-Instruct-4bit,433.0,13941.0,0.0,0
2026-06-26T13:25:10.962,timeseries,3,Weather Report Extended v2,mlx-community/Llama-3.2-1B-Instruct-4bit,196.0,14654.0,0.0,0
2026-06-26T13:25:11.026,timeseries,3,Weather Report Extended v2,mlx-community/Llama-3.2-1B-Instruct-4bit,441.0,14169.0,0.0,0
2026-06-26T13:25:11.090,timeseries,3,Weather Report Extended v2,mlx-community/Llama-3.2-1B-Instruct-4bit,245.0,14830.0,0.0,0
2026-06-26T13:25:11.156,timeseries,3,Weather Report Extended v2,mlx-community/Llama-3.2-1B-Instruct-4bit,606.0,13183.0,0.0,0
2026-06-26T13:25:11.223,timeseries,3,Weather Report Extended v2,mlx-community/Llama-3.2-1B-Instruct-4bit,250.0,15173.0,0.0,0
2026-06-26T13:25:11.288,timeseries,3,Weather Report Extended v2,mlx-community/Llama-3.2-1B-Instruct-4bit,198.0,14726.0,0.0,0
2026-06-26T13:25:11.355,timeseries,3,Weather Report Extended v2,mlx-community/Llama-3.2-1B-Instruct-4bit,675.0,14392.0,0.0,0
2026-06-26T13:25:11.422,timeseries,3,Weather Report Extended v2,mlx-community/Llama-3.2-1B-Instruct-4bit,384.0,14887.0,0.0,0
2026-06-26T13:25:11.489,timeseries,3,Weather Report Extended v2,mlx-community/Llama-3.2-1B-Instruct-4bit,613.0,14344.0,0.0,0
2026-06-26T13:25:11.551,timeseries,3,Weather Report Extended v2,mlx-community/Llama-3.2-1B-Instruct-4bit,282.0,14296.0,0.0,0
2026-06-26T13:25:11.617,timeseries,3,Weather Report Extended v2,mlx-community/Llama-3.2-1B-Instruct-4bit,748.0,14202.0,0.0,0
2026-06-26T13:25:11.683,timeseries,3,Weather Report Extended v2,mlx-community/Llama-3.2-1B-Instruct-4bit,406.0,15613.0,0.0,0
2026-06-26T13:25:11.749,timeseries,3,Weather Report Extended v2,mlx-community/Llama-3.2-1B-Instruct-4bit,559.0,12657.0,0.0,0
2026-06-26T13:25:11.815,timeseries,3,Weather Report Extended v2,mlx-community/Llama-3.2-1B-Instruct-4bit,316.0,14457.0,0.0,0
2026-06-26T13:25:11.881,timeseries,3,Weather Report Extended v2,mlx-community/Llama-3.2-1B-Instruct-4bit,305.0,14566.0,0.0,0
2026-06-26T13:25:11.945,timeseries,3,Weather Report Extended v2,mlx-community/Llama-3.2-1B-Instruct-4bit,542.0,14570.0,0.0,0
2026-06-26T13:25:12.010,timeseries,3,Weather Report Extended v2,mlx-community/Llama-3.2-1B-Instruct-4bit,276.0,14808.0,0.0,0
2026-06-26T13:25:12.075,timeseries,3,Weather Report Extended v2,mlx-community/Llama-3.2-1B-Instruct-4bit,554.0,14732.0,0.0,0
2026-06-26T13:25:12.140,timeseries,3,Weather Report Extended v2,mlx-community/Llama-3.2-1B-Instruct-4bit,413.0,12863.0,0.0,0
2026-06-26T13:25:12.208,timeseries,3,Weather Report Extended v2,mlx-community/Llama-3.2-1B-Instruct-4bit,587.0,14838.0,0.0,0
2026-06-26T13:25:12.269,timeseries,3,Weather Report Extended v2,mlx-community/Llama-3.2-1B-Instruct-4bit,290.0,14713.0,0.0,0
2026-06-26T13:25:12.330,timeseries,3,Weather Report Extended v2,mlx-community/Llama-3.2-1B-Instruct-4bit,390.0,14248.0,0.0,0
2026-06-26T13:25:12.394,timeseries,3,Weather Report Extended v2,mlx-community/Llama-3.2-1B-Instruct-4bit,605.0,13777.0,0.0,0
2026-06-26T13:25:12.457,timeseries,3,Weather Report Extended v2,mlx-community/Llama-3.2-1B-Instruct-4bit,500.0,15514.0,0.0,0
2026-06-26T13:25:12.522,timeseries,3,Weather Report Extended v2,mlx-community/Llama-3.2-1B-Instruct-4bit,407.0,13251.0,0.0,0
2026-06-26T13:25:12.584,timeseries,3,Weather Report Extended v2,mlx-community/Llama-3.2-1B-Instruct-4bit,556.0,15248.0,0.0,0
2026-06-26T13:25:12.647,timeseries,3,Weather Report Extended v2,mlx-community/Llama-3.2-1B-Instruct-4bit,652.0,14705.0,0.0,0
2026-06-26T13:25:12.715,timeseries,3,Weather Report Extended v2,mlx-community/Llama-3.2-1B-Instruct-4bit,543.0,13379.0,0.0,0
2026-06-26T13:25:12.777,timeseries,3,Weather Report Extended v2,mlx-community/Llama-3.2-1B-Instruct-4bit,238.0,15430.0,0.0,0
2026-06-26T13:25:12.845,timeseries,3,Weather Report Extended v2,mlx-community/Llama-3.2-1B-Instruct-4bit,902.0,14069.0,0.0,0
2026-06-26T13:25:12.908,timeseries,3,Weather Report Extended v2,mlx-community/Llama-3.2-1B-Instruct-4bit,2207.0,15371.0,0.0,0
2026-06-26T13:25:12.974,timeseries,3,Weather Report Extended v2,mlx-community/Llama-3.2-1B-Instruct-4bit,921.0,12622.0,0.0,0
2026-06-26T13:25:13.040,timeseries,3,Weather Report Extended v2,mlx-community/Llama-3.2-1B-Instruct-4bit,547.0,15155.0,0.0,0
2026-06-26T13:25:13.105,timeseries,3,Weather Report Extended v2,mlx-community/Llama-3.2-1B-Instruct-4bit,989.0,14729.0,0.0,0
2026-06-26T13:25:13.168,timeseries,3,Weather Report Extended v2,mlx-community/Llama-3.2-1B-Instruct-4bit,403.0,14941.0,0.0,0
2026-06-26T13:25:13.236,timeseries,3,Weather Report Extended v2,mlx-community/Llama-3.2-1B-Instruct-4bit,345.0,14494.0,0.0,0
2026-06-26T13:25:13.299,timeseries,3,Weather Report Extended v2,mlx-community/Llama-3.2-1B-Instruct-4bit,402.0,15630.0,0.0,0
2026-06-26T13:25:13.369,timeseries,3,Weather Report Extended v2,mlx-community/Llama-3.2-1B-Instruct-4bit,394.0,12228.0,0.0,0
2026-06-26T13:25:13.437,timeseries,3,Weather Report Extended v2,mlx-community/Llama-3.2-1B-Instruct-4bit,253.0,17281.0,0.0,0
2026-06-26T13:25:13.505,timeseries,3,Weather Report Extended v2,mlx-community/Llama-3.2-1B-Instruct-4bit,443.0,13884.0,0.0,0
2026-06-26T13:25:13.568,timeseries,3,Weather Report Extended v2,mlx-community/Llama-3.2-1B-Instruct-4bit,177.0,14262.0,0.0,0
2026-06-26T13:25:13.630,timeseries,3,Weather Report Extended v2,mlx-community/Llama-3.2-1B-Instruct-4bit,542.0,14158.0,0.0,0
2026-06-26T13:25:13.692,timeseries,3,Weather Report Extended v2,mlx-community/Llama-3.2-1B-Instruct-4bit,277.0,13593.0,0.0,0
2026-06-26T13:25:13.756,timeseries,3,Weather Report Extended v2,mlx-community/Llama-3.2-1B-Instruct-4bit,905.0,10347.0,0.0,0
2026-06-26T13:25:13.821,timeseries,3,Weather Report Extended v2,mlx-community/Llama-3.2-1B-Instruct-4bit,436.0,15667.0,0.0,0
2026-06-26T13:25:13.890,timeseries,3,Weather Report Extended v2,mlx-community/Llama-3.2-1B-Instruct-4bit,249.0,15108.0,0.0,0
2026-06-26T13:25:13.958,timeseries,3,Weather Report Extended v2,mlx-community/Llama-3.2-1B-Instruct-4bit,415.0,14793.0,0.0,0
2026-06-26T13:25:14.021,timeseries,3,Weather Report Extended v2,mlx-community/Llama-3.2-1B-Instruct-4bit,232.0,14058.0,0.0,0
2026-06-26T13:25:14.088,timeseries,3,Weather Report Extended v2,mlx-community/Llama-3.2-1B-Instruct-4bit,265.0,14209.0,0.0,0
2026-06-26T13:25:14.154,timeseries,3,Weather Report Extended v2,mlx-community/Llama-3.2-1B-Instruct-4bit,566.0,15192.0,0.0,0
2026-06-26T13:25:14.221,timeseries,3,Weather Report Extended v2,mlx-community/Llama-3.2-1B-Instruct-4bit,240.0,14375.0,0.0,0
2026-06-26T13:25:14.283,timeseries,3,Weather Report Extended v2,mlx-community/Llama-3.2-1B-Instruct-4bit,427.0,14812.0,0.0,0
2026-06-26T13:25:14.350,timeseries,3,Weather Report Extended v2,mlx-community/Llama-3.2-1B-Instruct-4bit,386.0,12404.0,0.0,0
2026-06-26T13:25:14.410,timeseries,3,Weather Report Extended v2,mlx-community/Llama-3.2-1B-Instruct-4bit,273.0,15758.0,0.0,0
2026-06-26T13:25:14.478,timeseries,3,Weather Report Extended v2,mlx-community/Llama-3.2-1B-Instruct-4bit,303.0,14665.0,0.0,0
2026-06-26T13:25:14.540,timeseries,3,Weather Report Extended v2,mlx-community/Llama-3.2-1B-Instruct-4bit,329.0,16049.0,0.0,0
2026-06-26T13:25:14.603,timeseries,3,Weather Report Extended v2,mlx-community/Llama-3.2-1B-Instruct-4bit,426.0,12330.0,0.0,0
2026-06-26T13:25:14.668,timeseries,3,Weather Report Extended v2,mlx-community/Llama-3.2-1B-Instruct-4bit,492.0,15842.0,0.0,0
2026-06-26T13:25:14.732,timeseries,3,Weather Report Extended v2,mlx-community/Llama-3.2-1B-Instruct-4bit,282.0,15091.0,0.0,0
2026-06-26T13:25:14.797,timeseries,3,Weather Report Extended v2,mlx-community/Llama-3.2-1B-Instruct-4bit,461.0,12911.0,0.0,0
2026-06-26T13:25:14.865,timeseries,3,Weather Report Extended v2,mlx-community/Llama-3.2-1B-Instruct-4bit,233.0,15179.0,0.0,0
2026-06-26T13:25:14.933,timeseries,3,Weather Report Extended v2,mlx-community/Llama-3.2-1B-Instruct-4bit,231.0,14910.0,0.0,0
2026-06-26T13:25:15.000,timeseries,3,Weather Report Extended v2,mlx-community/Llama-3.2-1B-Instruct-4bit,431.0,14349.0,0.0,0
2026-06-26T13:25:15.064,timeseries,3,Weather Report Extended v2,mlx-community/Llama-3.2-1B-Instruct-4bit,320.0,14061.0,0.0,0
2026-06-26T13:25:15.129,timeseries,3,Weather Report Extended v2,mlx-community/Llama-3.2-1B-Instruct-4bit,525.0,14408.0,0.0,0
2026-06-26T13:25:15.195,timeseries,3,Weather Report Extended v2,mlx-community/Llama-3.2-1B-Instruct-4bit,249.0,15083.0,0.0,0
2026-06-26T13:25:15.257,timeseries,3,Weather Report Extended v2,mlx-community/Llama-3.2-1B-Instruct-4bit,431.0,14901.0,0.0,0
2026-06-26T13:25:15.323,timeseries,3,Weather Report Extended v2,mlx-community/Llama-3.2-1B-Instruct-4bit,305.0,13021.0,0.0,0
2026-06-26T13:25:15.389,timeseries,3,Weather Report Extended v2,mlx-community/Llama-3.2-1B-Instruct-4bit,495.0,15455.0,0.0,0
2026-06-26T13:25:15.458,timeseries,3,Weather Report Extended v2,mlx-community/Llama-3.2-1B-Instruct-4bit,506.0,14843.0,0.0,0
2026-06-26T13:25:15.523,timeseries,3,Weather Report Extended v2,mlx-community/Llama-3.2-1B-Instruct-4bit,225.0,14625.0,0.0,0
2026-06-26T13:25:15.588,timeseries,3,Weather Report Extended v2,mlx-community/Llama-3.2-1B-Instruct-4bit,361.0,13951.0,0.0,0
2026-06-26T13:25:15.652,timeseries,3,Weather Report Extended v2,mlx-community/Llama-3.2-1B-Instruct-4bit,508.0,14846.0,0.0,0
2026-06-26T13:25:15.719,timeseries,3,Weather Report Extended v2,mlx-community/Llama-3.2-1B-Instruct-4bit,294.0,14887.0,0.0,0
2026-06-26T13:25:15.786,timeseries,3,Weather Report Extended v2,mlx-community/Llama-3.2-1B-Instruct-4bit,487.0,15212.0,0.0,0
2026-06-26T13:25:15.849,timeseries,3,Weather Report Extended v2,mlx-community/Llama-3.2-1B-Instruct-4bit,252.0,14397.0,0.0,0
2026-06-26T13:25:15.918,timeseries,3,Weather Report Extended v2,mlx-community/Llama-3.2-1B-Instruct-4bit,253.0,12450.0,0.0,0
2026-06-26T13:25:15.982,timeseries,3,Weather Report Extended v2,mlx-community/Llama-3.2-1B-Instruct-4bit,444.0,17457.0,0.0,0
2026-06-26T13:25:16.044,timeseries,3,Weather Report Extended v2,mlx-community/Llama-3.2-1B-Instruct-4bit,234.0,12257.0,0.0,0
2026-06-26T13:25:16.109,timeseries,3,Weather Report Extended v2,mlx-community/Llama-3.2-1B-Instruct-4bit,602.0,14922.0,0.0,0
2026-06-26T13:25:16.172,timeseries,3,Weather Report Extended v2,mlx-community/Llama-3.2-1B-Instruct-4bit,555.0,14039.0,0.0,0
2026-06-26T13:25:16.238,timeseries,3,Weather Report Extended v2,mlx-community/Llama-3.2-1B-Instruct-4bit,526.0,14905.0,0.0,0
2026-06-26T13:25:16.301,timeseries,3,Weather Report Extended v2,mlx-community/Llama-3.2-1B-Instruct-4bit,250.0,15264.0,0.0,0
2026-06-26T13:25:16.367,timeseries,3,Weather Report Extended v2,mlx-community/Llama-3.2-1B-Instruct-4bit,454.0,14525.0,0.0,0
2026-06-26T13:25:16.435,timeseries,3,Weather Report Extended v2,mlx-community/Llama-3.2-1B-Instruct-4bit,420.0,13445.0,0.0,0
2026-06-26T13:25:16.500,timeseries,3,Weather Report Extended v2,mlx-community/Llama-3.2-1B-Instruct-4bit,226.0,16447.0,0.0,0
2026-06-26T13:25:16.568,timeseries,3,Weather Report Extended v2,mlx-community/Llama-3.2-1B-Instruct-4bit,444.0,14322.0,0.0,0
2026-06-26T13:25:16.633,timeseries,3,Weather Report Extended v2,mlx-community/Llama-3.2-1B-Instruct-4bit,575.0,14378.0,0.0,0
2026-06-26T13:25:16.700,timeseries,3,Weather Report Extended v2,mlx-community/Llama-3.2-1B-Instruct-4bit,446.0,12536.0,0.0,0
2026-06-26T13:25:16.770,timeseries,3,Weather Report Extended v2,mlx-community/Llama-3.2-1B-Instruct-4bit,229.0,16736.0,0.0,0
2026-06-26T13:25:16.834,timeseries,3,Weather Report Extended v2,mlx-community/Llama-3.2-1B-Instruct-4bit,253.0,14383.0,0.0,0
2026-06-26T13:25:16.901,timeseries,3,Weather Report Extended v2,mlx-community/Llama-3.2-1B-Instruct-4bit,710.0,13562.0,0.0,0
2026-06-26T13:25:16.962,timeseries,3,Weather Report Extended v2,mlx-community/Llama-3.2-1B-Instruct-4bit,464.0,14940.0,0.0,0
2026-06-26T13:25:17.027,timeseries,3,Weather Report Extended v2,mlx-community/Llama-3.2-1B-Instruct-4bit,389.0,12533.0,0.0,0
2026-06-26T13:25:17.092,timeseries,3,Weather Report Extended v2,mlx-community/Llama-3.2-1B-Instruct-4bit,427.0,15930.0,0.0,0
2026-06-26T13:25:17.159,timeseries,3,Weather Report Extended v2,mlx-community/Llama-3.2-1B-Instruct-4bit,492.0,12936.0,0.0,0
2026-06-26T13:25:17.228,timeseries,3,Weather Report Extended v2,mlx-community/Llama-3.2-1B-Instruct-4bit,492.0,16546.0,0.0,0
2026-06-26T13:25:17.291,timeseries,3,Weather Report Extended v2,mlx-community/Llama-3.2-1B-Instruct-4bit,238.0,14466.0,0.0,0
2026-06-26T13:25:17.357,timeseries,3,Weather Report Extended v2,mlx-community/Llama-3.2-1B-Instruct-4bit,539.0,12260.0,0.0,0
2026-06-26T13:25:17.424,timeseries,3,Weather Report Extended v2,mlx-community/Llama-3.2-1B-Instruct-4bit,409.0,15242.0,0.0,0
2026-06-26T13:25:17.489,timeseries,3,Weather Report Extended v2,mlx-community/Llama-3.2-1B-Instruct-4bit,227.0,14695.0,0.0,0
2026-06-26T13:25:17.555,timeseries,3,Weather Report Extended v2,mlx-community/Llama-3.2-1B-Instruct-4bit,434.0,14591.0,0.0,0
2026-06-26T13:25:17.618,timeseries,3,Weather Report Extended v2,mlx-community/Llama-3.2-1B-Instruct-4bit,367.0,14536.0,0.0,0
2026-06-26T13:25:17.685,timeseries,3,Weather Report Extended v2,mlx-community/Llama-3.2-1B-Instruct-4bit,612.0,14839.0,0.0,0
2026-06-26T13:25:17.749,timeseries,3,Weather Report Extended v2,mlx-community/Llama-3.2-1B-Instruct-4bit,801.0,15147.0,0.0,0
2026-06-26T13:25:17.814,timeseries,3,Weather Report Extended v2,mlx-community/Llama-3.2-1B-Instruct-4bit,478.0,12646.0,0.0,0
2026-06-26T13:25:17.878,timeseries,3,Weather Report Extended v2,mlx-community/Llama-3.2-1B-Instruct-4bit,566.0,15230.0,0.0,0
2026-06-26T13:25:17.942,timeseries,3,Weather Report Extended v2,mlx-community/Llama-3.2-1B-Instruct-4bit,1139.0,14556.0,0.0,0
2026-06-26T13:25:18.008,timeseries,3,Weather Report Extended v2,mlx-community/Llama-3.2-1B-Instruct-4bit,2472.0,13348.0,0.0,0
2026-06-26T13:25:18.072,timeseries,3,Weather Report Extended v2,mlx-community/Llama-3.2-1B-Instruct-4bit,657.0,15193.0,0.0,0
2026-06-26T13:25:18.134,timeseries,3,Weather Report Extended v2,mlx-community/Llama-3.2-1B-Instruct-4bit,1023.0,14653.0,0.0,0
2026-06-26T13:25:18.199,timeseries,3,Weather Report Extended v2,mlx-community/Llama-3.2-1B-Instruct-4bit,454.0,15209.0,0.0,0
2026-06-26T13:25:18.260,timeseries,3,Weather Report Extended v2,mlx-community/Llama-3.2-1B-Instruct-4bit,547.0,13710.0,0.0,0
2026-06-26T13:25:18.323,timeseries,3,Weather Report Extended v2,mlx-community/Llama-3.2-1B-Instruct-4bit,386.0,14983.0,0.0,0
2026-06-26T13:25:18.390,timeseries,3,Weather Report Extended v2,mlx-community/Llama-3.2-1B-Instruct-4bit,444.0,14037.0,0.0,0
2026-06-26T13:25:18.458,timeseries,3,Weather Report Extended v2,mlx-community/Llama-3.2-1B-Instruct-4bit,478.0,15410.0,0.0,0
2026-06-26T13:25:18.523,timeseries,3,Weather Report Extended v2,mlx-community/Llama-3.2-1B-Instruct-4bit,209.0,14415.0,0.0,0
2026-06-26T13:25:18.589,timeseries,3,Weather Report Extended v2,mlx-community/Llama-3.2-1B-Instruct-4bit,428.0,14374.0,0.0,0
2026-06-26T13:25:18.657,timeseries,3,Weather Report Extended v2,mlx-community/Llama-3.2-1B-Instruct-4bit,364.0,14626.0,0.0,0
2026-06-26T13:25:18.724,timeseries,3,Weather Report Extended v2,mlx-community/Llama-3.2-1B-Instruct-4bit,426.0,14759.0,0.0,0
2026-06-26T13:25:18.788,timeseries,3,Weather Report Extended v2,mlx-community/Llama-3.2-1B-Instruct-4bit,249.0,14025.0,0.0,0
2026-06-26T13:25:18.852,timeseries,3,Weather Report Extended v2,mlx-community/Llama-3.2-1B-Instruct-4bit,668.0,11255.0,0.0,0
2026-06-26T13:25:18.915,timeseries,3,Weather Report Extended v2,mlx-community/Llama-3.2-1B-Instruct-4bit,522.0,15215.0,0.0,0
2026-06-26T13:25:18.983,timeseries,3,Weather Report Extended v2,mlx-community/Llama-3.2-1B-Instruct-4bit,345.0,13190.0,0.0,0
2026-06-26T13:25:19.046,timeseries,3,Weather Report Extended v2,mlx-community/Llama-3.2-1B-Instruct-4bit,459.0,15294.0,0.0,0
2026-06-26T13:25:19.111,timeseries,3,Weather Report Extended v2,mlx-community/Llama-3.2-1B-Instruct-4bit,306.0,14098.0,0.0,0
2026-06-26T13:25:19.177,timeseries,3,Weather Report Extended v2,mlx-community/Llama-3.2-1B-Instruct-4bit,1703.0,15263.0,0.0,0
2026-06-26T13:25:19.243,timeseries,3,Weather Report Extended v2,mlx-community/Llama-3.2-1B-Instruct-4bit,591.0,15154.0,0.0,0
2026-06-26T13:25:19.306,timeseries,3,Weather Report Extended v2,mlx-community/Llama-3.2-1B-Instruct-4bit,508.0,14624.0,0.0,0
2026-06-26T13:25:19.371,timeseries,3,Weather Report Extended v2,mlx-community/Llama-3.2-1B-Instruct-4bit,1051.0,12998.0,0.0,0
2026-06-26T13:25:19.437,timeseries,3,Weather Report Extended v2,mlx-community/Llama-3.2-1B-Instruct-4bit,507.0,15360.0,0.0,0
2026-06-26T13:25:19.505,timeseries,3,Weather Report Extended v2,mlx-community/Llama-3.2-1B-Instruct-4bit,790.0,14770.0,0.0,0
2026-06-26T13:25:19.570,timeseries,3,Weather Report Extended v2,mlx-community/Llama-3.2-1B-Instruct-4bit,419.0,14598.0,0.0,0
2026-06-26T13:25:19.638,timeseries,3,Weather Report Extended v2,mlx-community/Llama-3.2-1B-Instruct-4bit,590.0,14081.0,0.0,0
2026-06-26T13:25:19.704,timeseries,3,Weather Report Extended v2,mlx-community/Llama-3.2-1B-Instruct-4bit,324.0,14995.0,0.0,0
2026-06-26T13:25:19.769,timeseries,3,Weather Report Extended v2,mlx-community/Llama-3.2-1B-Instruct-4bit,222.0,14501.0,0.0,0
2026-06-26T13:25:19.838,timeseries,3,Weather Report Extended v2,mlx-community/Llama-3.2-1B-Instruct-4bit,468.0,14501.0,0.0,0
2026-06-26T13:25:19.901,timeseries,3,Weather Report Extended v2,mlx-community/Llama-3.2-1B-Instruct-4bit,290.0,14876.0,0.0,0
2026-06-26T13:25:19.968,timeseries,3,Weather Report Extended v2,mlx-community/Llama-3.2-1B-Instruct-4bit,467.0,14142.0,0.0,0
2026-06-26T13:25:20.032,timeseries,3,Weather Report Extended v2,mlx-community/Llama-3.2-1B-Instruct-4bit,268.0,15478.0,0.0,0
2026-06-26T13:25:20.097,timeseries,3,Weather Report Extended v2,mlx-community/Llama-3.2-1B-Instruct-4bit,527.0,12415.0,0.0,0
2026-06-26T13:25:20.163,timeseries,3,Weather Report Extended v2,mlx-community/Llama-3.2-1B-Instruct-4bit,391.0,14909.0,0.0,0
2026-06-26T13:25:20.228,timeseries,3,Weather Report Extended v2,mlx-community/Llama-3.2-1B-Instruct-4bit,509.0,14369.0,0.0,0
2026-06-26T13:25:20.292,timeseries,3,Weather Report Extended v2,mlx-community/Llama-3.2-1B-Instruct-4bit,363.0,14203.0,0.0,0
2026-06-26T13:25:20.360,timeseries,3,Weather Report Extended v2,mlx-community/Llama-3.2-1B-Instruct-4bit,416.0,14202.0,0.0,0
2026-06-26T13:25:20.423,timeseries,3,Weather Report Extended v2,mlx-community/Llama-3.2-1B-Instruct-4bit,619.0,14387.0,0.0,0
2026-06-26T13:25:20.489,timeseries,3,Weather Report Extended v2,mlx-community/Llama-3.2-1B-Instruct-4bit,302.0,12292.0,0.0,0
2026-06-26T13:25:20.551,timeseries,3,Weather Report Extended v2,mlx-community/Llama-3.2-1B-Instruct-4bit,511.0,14485.0,0.0,0
2026-06-26T13:25:20.616,timeseries,3,Weather Report Extended v2,mlx-community/Llama-3.2-1B-Instruct-4bit,397.0,14302.0,0.0,0
2026-06-26T13:25:20.682,timeseries,3,Weather Report Extended v2,mlx-community/Llama-3.2-1B-Instruct-4bit,368.0,13249.0,0.0,0
2026-06-26T13:25:20.747,timeseries,3,Weather Report Extended v2,mlx-community/Llama-3.2-1B-Instruct-4bit,291.0,14528.0,0.0,0
2026-06-26T13:25:20.807,timeseries,3,Weather Report Extended v2,mlx-community/Llama-3.2-1B-Instruct-4bit,247.0,14574.0,0.0,0
2026-06-26T13:25:20.866,timeseries,3,Weather Report Extended v2,mlx-community/Llama-3.2-1B-Instruct-4bit,696.0,12051.0,0.0,0
2026-06-26T13:25:20.924,timeseries,3,Weather Report Extended v2,mlx-community/Llama-3.2-1B-Instruct-4bit,1722.0,13107.0,0.0,0
2026-06-26T13:25:20.985,timeseries,3,Weather Report Extended v2,mlx-community/Llama-3.2-1B-Instruct-4bit,598.0,14047.0,0.0,0
2026-06-26T13:25:21.050,timeseries,3,Weather Report Extended v2,mlx-community/Llama-3.2-1B-Instruct-4bit,1266.0,15926.0,0.0,0
2026-06-26T13:25:21.113,timeseries,3,Weather Report Extended v2,mlx-community/Llama-3.2-1B-Instruct-4bit,651.0,13369.0,0.0,0
2026-06-26T13:25:21.176,timeseries,3,Weather Report Extended v2,mlx-community/Llama-3.2-1B-Instruct-4bit,498.0,14639.0,0.0,0
2026-06-26T13:25:21.238,timeseries,3,Weather Report Extended v2,mlx-community/Llama-3.2-1B-Instruct-4bit,411.0,14819.0,0.0,0
2026-06-26T13:25:21.301,timeseries,3,Weather Report Extended v2,mlx-community/Llama-3.2-1B-Instruct-4bit,462.0,12924.0,0.0,0
2026-06-26T13:25:21.364,timeseries,3,Weather Report Extended v2,mlx-community/Llama-3.2-1B-Instruct-4bit,626.0,15142.0,0.0,0
2026-06-26T13:25:21.426,timeseries,3,Weather Report Extended v2,mlx-community/Llama-3.2-1B-Instruct-4bit,269.0,13173.0,0.0,0
2026-06-26T13:25:21.490,timeseries,3,Weather Report Extended v2,mlx-community/Llama-3.2-1B-Instruct-4bit,209.0,15331.0,0.0,0
2026-06-26T13:25:21.552,timeseries,3,Weather Report Extended v2,mlx-community/Llama-3.2-1B-Instruct-4bit,224.0,13361.0,0.0,0
2026-06-26T13:25:21.614,timeseries,3,Weather Report Extended v2,mlx-community/Llama-3.2-1B-Instruct-4bit,375.0,14582.0,0.0,0
2026-06-26T13:25:21.677,timeseries,3,Weather Report Extended v2,mlx-community/Llama-3.2-1B-Instruct-4bit,460.0,13657.0,0.0,0
2026-06-26T13:25:21.740,timeseries,3,Weather Report Extended v2,mlx-community/Llama-3.2-1B-Instruct-4bit,222.0,15108.0,0.0,0
2026-06-26T13:25:21.805,timeseries,3,Weather Report Extended v2,mlx-community/Llama-3.2-1B-Instruct-4bit,254.0,13066.0,0.0,0
2026-06-26T13:25:21.871,timeseries,3,Weather Report Extended v2,mlx-community/Llama-3.2-1B-Instruct-4bit,537.0,14870.0,0.0,0
2026-06-26T13:25:21.936,timeseries,3,Weather Report Extended v2,mlx-community/Llama-3.2-1B-Instruct-4bit,505.0,14304.0,0.0,0
2026-06-26T13:25:22.000,timeseries,3,Weather Report Extended v2,mlx-community/Llama-3.2-1B-Instruct-4bit,815.0,14173.0,0.0,0
2026-06-26T13:25:22.061,timeseries,3,Weather Report Extended v2,mlx-community/Llama-3.2-1B-Instruct-4bit,213.0,12672.0,0.0,0
2026-06-26T13:25:22.124,timeseries,3,Weather Report Extended v2,mlx-community/Llama-3.2-1B-Instruct-4bit,667.0,14833.0,0.0,0
2026-06-26T13:25:22.185,timeseries,3,Weather Report Extended v2,mlx-community/Llama-3.2-1B-Instruct-4bit,324.0,13487.0,0.0,0
2026-06-26T13:25:22.248,timeseries,3,Weather Report Extended v2,mlx-community/Llama-3.2-1B-Instruct-4bit,350.0,14971.0,0.0,0
2026-06-26T13:25:22.314,timeseries,3,Weather Report Extended v2,mlx-community/Llama-3.2-1B-Instruct-4bit,1279.0,12938.0,0.0,0
2026-06-26T13:25:22.381,timeseries,3,Weather Report Extended v2,mlx-community/Llama-3.2-1B-Instruct-4bit,471.0,14785.0,0.0,0
2026-06-26T13:25:22.450,timeseries,3,Weather Report Extended v2,mlx-community/Llama-3.2-1B-Instruct-4bit,534.0,14202.0,0.0,0
2026-06-26T13:25:22.515,timeseries,3,Weather Report Extended v2,mlx-community/Llama-3.2-1B-Instruct-4bit,595.0,14117.0,0.0,0
2026-06-26T13:25:22.579,timeseries,3,Weather Report Extended v2,mlx-community/Llama-3.2-1B-Instruct-4bit,322.0,13869.0,0.0,0
2026-06-26T13:25:22.646,timeseries,3,Weather Report Extended v2,mlx-community/Llama-3.2-1B-Instruct-4bit,354.0,14532.0,0.0,0
2026-06-26T13:25:22.713,timeseries,3,Weather Report Extended v2,mlx-community/Llama-3.2-1B-Instruct-4bit,247.0,14510.0,0.0,0
2026-06-26T13:25:22.781,timeseries,3,Weather Report Extended v2,mlx-community/Llama-3.2-1B-Instruct-4bit,195.0,14276.0,0.0,0
2026-06-26T13:25:22.849,timeseries,3,Weather Report Extended v2,mlx-community/Llama-3.2-1B-Instruct-4bit,420.0,14083.0,0.0,0
2026-06-26T13:25:22.918,timeseries,3,Weather Report Extended v2,mlx-community/Llama-3.2-1B-Instruct-4bit,236.0,14006.0,0.0,0
2026-06-26T13:25:22.984,timeseries,3,Weather Report Extended v2,mlx-community/Llama-3.2-1B-Instruct-4bit,175.0,15432.0,0.0,0
2026-06-26T13:25:23.052,timeseries,3,Weather Report Extended v2,mlx-community/Llama-3.2-1B-Instruct-4bit,946.0,13489.0,0.0,0
2026-06-26T13:25:23.118,timeseries,3,Weather Report Extended v2,mlx-community/Llama-3.2-1B-Instruct-4bit,2576.0,14246.0,0.0,0
2026-06-26T13:25:23.184,timeseries,3,Weather Report Extended v2,mlx-community/Llama-3.2-1B-Instruct-4bit,984.0,14099.0,0.0,0
2026-06-26T13:25:23.251,timeseries,3,Weather Report Extended v2,mlx-community/Llama-3.2-1B-Instruct-4bit,567.0,12454.0,0.0,0
2026-06-26T13:25:23.313,timeseries,3,Weather Report Extended v2,mlx-community/Llama-3.2-1B-Instruct-4bit,381.0,16235.0,0.0,0
2026-06-26T13:25:23.381,timeseries,3,Weather Report Extended v2,mlx-community/Llama-3.2-1B-Instruct-4bit,703.0,12342.0,0.0,0
2026-06-26T13:25:23.448,timeseries,3,Weather Report Extended v2,mlx-community/Llama-3.2-1B-Instruct-4bit,275.0,15317.0,0.0,0
2026-06-26T13:25:23.517,timeseries,3,Weather Report Extended v2,mlx-community/Llama-3.2-1B-Instruct-4bit,423.0,13679.0,0.0,0
2026-06-26T13:25:23.580,timeseries,3,Weather Report Extended v2,mlx-community/Llama-3.2-1B-Instruct-4bit,194.0,14052.0,0.0,0
2026-06-26T13:25:23.648,timeseries,3,Weather Report Extended v2,mlx-community/Llama-3.2-1B-Instruct-4bit,512.0,13714.0,0.0,0
2026-06-26T13:25:23.716,timeseries,3,Weather Report Extended v2,mlx-community/Llama-3.2-1B-Instruct-4bit,235.0,14704.0,0.0,0
2026-06-26T13:25:23.780,timeseries,3,Weather Report Extended v2,mlx-community/Llama-3.2-1B-Instruct-4bit,645.0,11441.0,0.0,0
2026-06-26T13:25:23.842,timeseries,3,Weather Report Extended v2,mlx-community/Llama-3.2-1B-Instruct-4bit,383.0,13089.0,0.0,0
2026-06-26T13:25:23.910,timeseries,3,Weather Report Extended v2,mlx-community/Llama-3.2-1B-Instruct-4bit,272.0,14949.0,0.0,0
2026-06-26T13:25:23.978,timeseries,3,Weather Report Extended v2,mlx-community/Llama-3.2-1B-Instruct-4bit,442.0,15022.0,0.0,0
2026-06-26T13:25:24.042,timeseries,3,Weather Report Extended v2,mlx-community/Llama-3.2-1B-Instruct-4bit,192.0,13958.0,0.0,0
2026-06-26T13:25:24.108,timeseries,3,Weather Report Extended v2,mlx-community/Llama-3.2-1B-Instruct-4bit,487.0,12076.0,0.0,0
2026-06-26T13:25:24.175,timeseries,3,Weather Report Extended v2,mlx-community/Llama-3.2-1B-Instruct-4bit,250.0,14678.0,0.0,0
2026-06-26T13:25:24.242,timeseries,3,Weather Report Extended v2,mlx-community/Llama-3.2-1B-Instruct-4bit,424.0,14105.0,0.0,0
2026-06-26T13:25:24.308,timeseries,3,Weather Report Extended v2,mlx-community/Llama-3.2-1B-Instruct-4bit,193.0,15817.0,0.0,0
2026-06-26T13:25:24.376,timeseries,3,Weather Report Extended v2,mlx-community/Llama-3.2-1B-Instruct-4bit,343.0,12146.0,0.0,0
2026-06-26T13:25:24.441,timeseries,3,Weather Report Extended v2,mlx-community/Llama-3.2-1B-Instruct-4bit,411.0,16163.0,0.0,0
2026-06-26T13:25:24.509,timeseries,3,Weather Report Extended v2,mlx-community/Llama-3.2-1B-Instruct-4bit,220.0,12016.0,0.0,0
2026-06-26T13:25:24.573,timeseries,3,Weather Report Extended v2,mlx-community/Llama-3.2-1B-Instruct-4bit,382.0,16207.0,0.0,0
2026-06-26T13:25:24.638,timeseries,3,Weather Report Extended v2,mlx-community/Llama-3.2-1B-Instruct-4bit,355.0,12231.0,0.0,0
2026-06-26T13:25:24.706,timeseries,3,Weather Report Extended v2,mlx-community/Llama-3.2-1B-Instruct-4bit,405.0,14660.0,0.0,0
2026-06-26T13:25:24.775,timeseries,3,Weather Report Extended v2,mlx-community/Llama-3.2-1B-Instruct-4bit,218.0,14691.0,0.0,0
2026-06-26T13:25:24.842,timeseries,3,Weather Report Extended v2,mlx-community/Llama-3.2-1B-Instruct-4bit,435.0,13561.0,0.0,0
2026-06-26T13:25:24.910,timeseries,3,Weather Report Extended v2,mlx-community/Llama-3.2-1B-Instruct-4bit,208.0,15786.0,0.0,0
2026-06-26T13:25:24.977,timeseries,3,Weather Report Extended v2,mlx-community/Llama-3.2-1B-Instruct-4bit,365.0,13706.0,0.0,0
2026-06-26T13:25:25.038,timeseries,3,Weather Report Extended v2,mlx-community/Llama-3.2-1B-Instruct-4bit,208.0,13954.0,0.0,0
2026-06-26T13:25:25.105,timeseries,3,Weather Report Extended v2,mlx-community/Llama-3.2-1B-Instruct-4bit,449.0,12147.0,0.0,0
2026-06-26T13:25:25.167,timeseries,3,Weather Report Extended v2,mlx-community/Llama-3.2-1B-Instruct-4bit,275.0,15311.0,0.0,0
2026-06-26T13:25:25.231,timeseries,3,Weather Report Extended v2,mlx-community/Llama-3.2-1B-Instruct-4bit,331.0,12385.0,0.0,0
2026-06-26T13:25:25.294,timeseries,3,Weather Report Extended v2,mlx-community/Llama-3.2-1B-Instruct-4bit,404.0,15236.0,0.0,0
2026-06-26T13:25:25.357,timeseries,3,Weather Report Extended v2,mlx-community/Llama-3.2-1B-Instruct-4bit,342.0,14592.0,0.0,0
2026-06-26T13:25:25.425,timeseries,3,Weather Report Extended v2,mlx-community/Llama-3.2-1B-Instruct-4bit,291.0,13214.0,0.0,0
2026-06-26T13:25:25.491,timeseries,3,Weather Report Extended v2,mlx-community/Llama-3.2-1B-Instruct-4bit,345.0,14766.0,0.0,0
2026-06-26T13:25:25.553,timeseries,3,Weather Report Extended v2,mlx-community/Llama-3.2-1B-Instruct-4bit,206.0,13839.0,0.0,0
2026-06-26T13:25:25.619,timeseries,3,Weather Report Extended v2,mlx-community/Llama-3.2-1B-Instruct-4bit,533.0,14214.0,0.0,0
2026-06-26T13:25:25.687,timeseries,3,Weather Report Extended v2,mlx-community/Llama-3.2-1B-Instruct-4bit,257.0,15195.0,0.0,0
2026-06-26T13:25:25.754,timeseries,3,Weather Report Extended v2,mlx-community/Llama-3.2-1B-Instruct-4bit,377.0,14236.0,0.0,0
2026-06-26T13:25:25.823,timeseries,3,Weather Report Extended v2,mlx-community/Llama-3.2-1B-Instruct-4bit,222.0,13985.0,0.0,0
2026-06-26T13:25:25.889,timeseries,3,Weather Report Extended v2,mlx-community/Llama-3.2-1B-Instruct-4bit,178.0,14064.0,0.0,0
2026-06-26T13:25:25.955,timeseries,3,Weather Report Extended v2,mlx-community/Llama-3.2-1B-Instruct-4bit,428.0,13853.0,0.0,0
2026-06-26T13:25:26.020,timeseries,3,Weather Report Extended v2,mlx-community/Llama-3.2-1B-Instruct-4bit,209.0,14152.0,0.0,0
2026-06-26T13:25:26.081,timeseries,3,Weather Report Extended v2,mlx-community/Llama-3.2-1B-Instruct-4bit,442.0,14355.0,0.0,0
2026-06-26T13:25:26.147,timeseries,3,Weather Report Extended v2,mlx-community/Llama-3.2-1B-Instruct-4bit,462.0,12677.0,0.0,0
2026-06-26T13:25:26.210,timeseries,3,Weather Report Extended v2,mlx-community/Llama-3.2-1B-Instruct-4bit,468.0,15112.0,0.0,0
2026-06-26T13:25:26.271,timeseries,3,Weather Report Extended v2,mlx-community/Llama-3.2-1B-Instruct-4bit,278.0,14510.0,0.0,0
2026-06-26T13:25:26.337,timeseries,3,Weather Report Extended v2,mlx-community/Llama-3.2-1B-Instruct-4bit,460.0,13097.0,0.0,0
2026-06-26T13:25:26.405,timeseries,3,Weather Report Extended v2,mlx-community/Llama-3.2-1B-Instruct-4bit,598.0,14929.0,0.0,0
2026-06-26T13:25:26.474,timeseries,3,Weather Report Extended v2,mlx-community/Llama-3.2-1B-Instruct-4bit,243.0,14272.0,0.0,0
2026-06-26T13:25:26.536,timeseries,3,Weather Report Extended v2,mlx-community/Llama-3.2-1B-Instruct-4bit,369.0,13915.0,0.0,0
2026-06-26T13:25:26.603,timeseries,3,Weather Report Extended v2,mlx-community/Llama-3.2-1B-Instruct-4bit,304.0,13577.0,0.0,0
2026-06-26T13:25:26.670,timeseries,3,Weather Report Extended v2,mlx-community/Llama-3.2-1B-Instruct-4bit,484.0,15204.0,0.0,0
2026-06-26T13:25:26.737,timeseries,3,Weather Report Extended v2,mlx-community/Llama-3.2-1B-Instruct-4bit,227.0,14330.0,0.0,0
2026-06-26T13:25:26.803,timeseries,3,Weather Report Extended v2,mlx-community/Llama-3.2-1B-Instruct-4bit,178.0,14021.0,0.0,0
2026-06-26T13:25:26.872,timeseries,3,Weather Report Extended v2,mlx-community/Llama-3.2-1B-Instruct-4bit,439.0,14188.0,0.0,0
2026-06-26T13:25:26.940,timeseries,3,Weather Report Extended v2,mlx-community/Llama-3.2-1B-Instruct-4bit,178.0,14078.0,0.0,0
2026-06-26T13:25:27.007,timeseries,3,Weather Report Extended v2,mlx-community/Llama-3.2-1B-Instruct-4bit,390.0,13565.0,0.0,0
2026-06-26T13:25:27.069,timeseries,3,Weather Report Extended v2,mlx-community/Llama-3.2-1B-Instruct-4bit,206.0,13881.0,0.0,0
2026-06-26T13:25:27.136,timeseries,3,Weather Report Extended v2,mlx-community/Llama-3.2-1B-Instruct-4bit,541.0,14088.0,0.0,0
2026-06-26T13:25:27.202,timeseries,3,Weather Report Extended v2,mlx-community/Llama-3.2-1B-Instruct-4bit,240.0,15238.0,0.0,0
2026-06-26T13:25:27.267,timeseries,3,Weather Report Extended v2,mlx-community/Llama-3.2-1B-Instruct-4bit,403.0,13977.0,0.0,0
2026-06-26T13:25:27.331,timeseries,3,Weather Report Extended v2,mlx-community/Llama-3.2-1B-Instruct-4bit,287.0,12509.0,0.0,0
2026-06-26T13:25:27.400,timeseries,3,Weather Report Extended v2,mlx-community/Llama-3.2-1B-Instruct-4bit,372.0,14566.0,0.0,0
2026-06-26T13:25:27.468,timeseries,3,Weather Report Extended v2,mlx-community/Llama-3.2-1B-Instruct-4bit,452.0,14702.0,0.0,0
2026-06-26T13:25:27.532,timeseries,3,Weather Report Extended v2,mlx-community/Llama-3.2-1B-Instruct-4bit,276.0,15289.0,0.0,0
2026-06-26T13:25:27.597,timeseries,3,Weather Report Extended v2,mlx-community/Llama-3.2-1B-Instruct-4bit,428.0,12181.0,0.0,0
2026-06-26T13:25:27.663,timeseries,3,Weather Report Extended v2,mlx-community/Llama-3.2-1B-Instruct-4bit,339.0,14664.0,0.0,0
2026-06-26T13:25:27.731,timeseries,3,Weather Report Extended v2,mlx-community/Llama-3.2-1B-Instruct-4bit,385.0,14455.0,0.0,0
2026-06-26T13:25:27.792,timeseries,3,Weather Report Extended v2,mlx-community/Llama-3.2-1B-Instruct-4bit,696.0,14201.0,0.0,0
2026-06-26T13:25:27.858,timeseries,3,Weather Report Extended v2,mlx-community/Llama-3.2-1B-Instruct-4bit,372.0,12402.0,0.0,0
2026-06-26T13:25:27.927,timeseries,3,Weather Report Extended v2,mlx-community/Llama-3.2-1B-Instruct-4bit,460.0,15488.0,0.0,0
2026-06-26T13:25:27.994,timeseries,3,Weather Report Extended v2,mlx-community/Llama-3.2-1B-Instruct-4bit,210.0,15944.0,0.0,0
2026-06-26T13:25:28.059,timeseries,3,Weather Report Extended v2,mlx-community/Llama-3.2-1B-Instruct-4bit,410.0,13900.0,0.0,0
2026-06-26T13:25:28.126,timeseries,3,Weather Report Extended v2,mlx-community/Llama-3.2-1B-Instruct-4bit,634.0,13882.0,0.0,0
2026-06-26T13:25:28.193,timeseries,3,Weather Report Extended v2,mlx-community/Llama-3.2-1B-Instruct-4bit,2498.0,14421.0,0.0,0
2026-06-26T13:25:28.260,timeseries,3,Weather Report Extended v2,mlx-community/Llama-3.2-1B-Instruct-4bit,648.0,14283.0,0.0,0
2026-06-26T13:25:28.325,timeseries,3,Weather Report Extended v2,mlx-community/Llama-3.2-1B-Instruct-4bit,651.0,14377.0,0.0,0
2026-06-26T13:25:28.391,timeseries,3,Weather Report Extended v2,mlx-community/Llama-3.2-1B-Instruct-4bit,693.0,14043.0,0.0,0
2026-06-26T13:25:28.458,timeseries,3,Weather Report Extended v2,mlx-community/Llama-3.2-1B-Instruct-4bit,349.0,12535.0,0.0,0
2026-06-26T13:25:28.522,timeseries,3,Weather Report Extended v2,mlx-community/Llama-3.2-1B-Instruct-4bit,397.0,14450.0,0.0,0
2026-06-26T13:25:28.589,timeseries,3,Weather Report Extended v2,mlx-community/Llama-3.2-1B-Instruct-4bit,253.0,14077.0,0.0,0
2026-06-26T13:25:28.652,timeseries,3,Weather Report Extended v2,mlx-community/Llama-3.2-1B-Instruct-4bit,672.0,13389.0,0.0,0
2026-06-26T13:25:28.718,timeseries,3,Weather Report Extended v2,mlx-community/Llama-3.2-1B-Instruct-4bit,544.0,12313.0,0.0,0
2026-06-26T13:25:28.786,timeseries,3,Weather Report Extended v2,mlx-community/Llama-3.2-1B-Instruct-4bit,380.0,15056.0,0.0,0
2026-06-26T13:25:28.857,timeseries,3,Weather Report Extended v2,mlx-community/Llama-3.2-1B-Instruct-4bit,195.0,14350.0,0.0,0
2026-06-26T13:25:28.924,timeseries,3,Weather Report Extended v2,mlx-community/Llama-3.2-1B-Instruct-4bit,439.0,13795.0,0.0,0
2026-06-26T13:25:28.990,timeseries,3,Weather Report Extended v2,mlx-community/Llama-3.2-1B-Instruct-4bit,213.0,13533.0,0.0,0
2026-06-26T13:25:29.052,timeseries,3,Weather Report Extended v2,mlx-community/Llama-3.2-1B-Instruct-4bit,374.0,14079.0,0.0,0
2026-06-26T13:25:29.116,timeseries,3,Weather Report Extended v2,mlx-community/Llama-3.2-1B-Instruct-4bit,301.0,14257.0,0.0,0
2026-06-26T13:25:29.184,timeseries,3,Weather Report Extended v2,mlx-community/Llama-3.2-1B-Instruct-4bit,458.0,13327.0,0.0,0
2026-06-26T13:25:29.251,timeseries,3,Weather Report Extended v2,mlx-community/Llama-3.2-1B-Instruct-4bit,1479.0,14331.0,0.0,0
2026-06-26T13:25:29.313,timeseries,3,Weather Report Extended v2,mlx-community/Llama-3.2-1B-Instruct-4bit,522.0,15926.0,0.0,0
2026-06-26T13:25:29.375,timeseries,3,Weather Report Extended v2,mlx-community/Llama-3.2-1B-Instruct-4bit,677.0,12085.0,0.0,0
2026-06-26T13:25:29.440,timeseries,3,Weather Report Extended v2,mlx-community/Llama-3.2-1B-Instruct-4bit,371.0,13322.0,0.0,0
2026-06-26T13:25:29.508,timeseries,3,Weather Report Extended v2,mlx-community/Llama-3.2-1B-Instruct-4bit,419.0,15140.0,0.0,0
2026-06-26T13:25:29.570,timeseries,3,Weather Report Extended v2,mlx-community/Llama-3.2-1B-Instruct-4bit,216.0,14710.0,0.0,0
2026-06-26T13:25:29.636,timeseries,3,Weather Report Extended v2,mlx-community/Llama-3.2-1B-Instruct-4bit,500.0,13718.0,0.0,0
2026-06-26T13:25:29.704,timeseries,3,Weather Report Extended v2,mlx-community/Llama-3.2-1B-Instruct-4bit,226.0,15268.0,0.0,0
2026-06-26T13:25:29.770,timeseries,3,Weather Report Extended v2,mlx-community/Llama-3.2-1B-Instruct-4bit,196.0,14238.0,0.0,0
2026-06-26T13:25:29.838,timeseries,3,Weather Report Extended v2,mlx-community/Llama-3.2-1B-Instruct-4bit,384.0,13905.0,0.0,0
2026-06-26T13:25:29.906,timeseries,3,Weather Report Extended v2,mlx-community/Llama-3.2-1B-Instruct-4bit,226.0,14220.0,0.0,0
2026-06-26T13:25:29.974,timeseries,3,Weather Report Extended v2,mlx-community/Llama-3.2-1B-Instruct-4bit,387.0,13935.0,0.0,0
2026-06-26T13:25:30.037,timeseries,3,Weather Report Extended v2,mlx-community/Llama-3.2-1B-Instruct-4bit,247.0,13721.0,0.0,0
2026-06-26T13:25:30.104,timeseries,3,Weather Report Extended v2,mlx-community/Llama-3.2-1B-Instruct-4bit,325.0,13762.0,0.0,0
2026-06-26T13:25:30.165,timeseries,3,Weather Report Extended v2,mlx-community/Llama-3.2-1B-Instruct-4bit,450.0,15241.0,0.0,0
2026-06-26T13:25:30.233,timeseries,3,Weather Report Extended v2,mlx-community/Llama-3.2-1B-Instruct-4bit,297.0,12101.0,0.0,0
2026-06-26T13:25:30.297,timeseries,3,Weather Report Extended v2,mlx-community/Llama-3.2-1B-Instruct-4bit,294.0,15450.0,0.0,0
2026-06-26T13:25:30.361,timeseries,3,Weather Report Extended v2,mlx-community/Llama-3.2-1B-Instruct-4bit,308.0,13809.0,0.0,0
2026-06-26T13:25:30.424,timeseries,3,Weather Report Extended v2,mlx-community/Llama-3.2-1B-Instruct-4bit,250.0,14612.0,0.0,0
2026-06-26T13:25:30.489,timeseries,3,Weather Report Extended v2,mlx-community/Llama-3.2-1B-Instruct-4bit,393.0,12969.0,0.0,0
2026-06-26T13:25:30.553,timeseries,3,Weather Report Extended v2,mlx-community/Llama-3.2-1B-Instruct-4bit,252.0,14794.0,0.0,0
2026-06-26T13:25:30.619,timeseries,3,Weather Report Extended v2,mlx-community/Llama-3.2-1B-Instruct-4bit,494.0,14500.0,0.0,0
2026-06-26T13:25:30.684,timeseries,3,Weather Report Extended v2,mlx-community/Llama-3.2-1B-Instruct-4bit,252.0,14887.0,0.0,0
2026-06-26T13:25:30.752,timeseries,3,Weather Report Extended v2,mlx-community/Llama-3.2-1B-Instruct-4bit,362.0,14288.0,0.0,0
2026-06-26T13:25:30.813,timeseries,3,Weather Report Extended v2,mlx-community/Llama-3.2-1B-Instruct-4bit,214.0,14417.0,0.0,0
2026-06-26T13:25:30.882,timeseries,3,Weather Report Extended v2,mlx-community/Llama-3.2-1B-Instruct-4bit,310.0,12150.0,0.0,0
2026-06-26T13:25:30.942,timeseries,3,Weather Report Extended v2,mlx-community/Llama-3.2-1B-Instruct-4bit,344.0,15585.0,0.0,0
2026-06-26T13:25:31.009,timeseries,3,Weather Report Extended v2,mlx-community/Llama-3.2-1B-Instruct-4bit,323.0,12085.0,0.0,0
2026-06-26T13:25:31.073,timeseries,3,Weather Report Extended v2,mlx-community/Llama-3.2-1B-Instruct-4bit,346.0,17685.0,0.0,0
2026-06-26T13:25:31.139,timeseries,3,Weather Report Extended v2,mlx-community/Llama-3.2-1B-Instruct-4bit,520.0,12126.0,0.0,0
2026-06-26T13:25:31.206,timeseries,3,Weather Report Extended v2,mlx-community/Llama-3.2-1B-Instruct-4bit,219.0,14883.0,0.0,0
2026-06-26T13:25:31.272,timeseries,3,Weather Report Extended v2,mlx-community/Llama-3.2-1B-Instruct-4bit,185.0,14597.0,0.0,0
2026-06-26T13:25:31.339,timeseries,3,Weather Report Extended v2,mlx-community/Llama-3.2-1B-Instruct-4bit,531.0,13676.0,0.0,0
2026-06-26T13:25:31.405,timeseries,3,Weather Report Extended v2,mlx-community/Llama-3.2-1B-Instruct-4bit,590.0,14041.0,0.0,0
2026-06-26T13:25:31.472,timeseries,3,Weather Report Extended v2,mlx-community/Llama-3.2-1B-Instruct-4bit,445.0,13895.0,0.0,0
2026-06-26T13:25:31.534,timeseries,3,Weather Report Extended v2,mlx-community/Llama-3.2-1B-Instruct-4bit,213.0,14352.0,0.0,0
2026-06-26T13:25:31.598,timeseries,3,Weather Report Extended v2,mlx-community/Llama-3.2-1B-Instruct-4bit,481.0,12320.0,0.0,0
2026-06-26T13:25:31.667,timeseries,3,Weather Report Extended v2,mlx-community/Llama-3.2-1B-Instruct-4bit,291.0,15305.0,0.0,0
2026-06-26T13:25:31.733,timeseries,3,Weather Report Extended v2,mlx-community/Llama-3.2-1B-Instruct-4bit,432.0,14482.0,0.0,0
2026-06-26T13:25:31.801,timeseries,3,Weather Report Extended v2,mlx-community/Llama-3.2-1B-Instruct-4bit,191.0,13969.0,0.0,0
2026-06-26T13:25:31.868,timeseries,3,Weather Report Extended v2,mlx-community/Llama-3.2-1B-Instruct-4bit,194.0,15888.0,0.0,0
2026-06-26T13:25:31.937,timeseries,3,Weather Report Extended v2,mlx-community/Llama-3.2-1B-Instruct-4bit,370.0,13827.0,0.0,0
2026-06-26T13:25:32.005,timeseries,3,Weather Report Extended v2,mlx-community/Llama-3.2-1B-Instruct-4bit,240.0,14287.0,0.0,0
2026-06-26T13:25:32.070,timeseries,3,Weather Report Extended v2,mlx-community/Llama-3.2-1B-Instruct-4bit,417.0,13534.0,0.0,0
2026-06-26T13:25:32.140,timeseries,3,Weather Report Extended v2,mlx-community/Llama-3.2-1B-Instruct-4bit,324.0,13884.0,0.0,0
2026-06-26T13:25:32.209,timeseries,3,Weather Report Extended v2,mlx-community/Llama-3.2-1B-Instruct-4bit,382.0,14333.0,0.0,0
2026-06-26T13:25:32.273,timeseries,3,Weather Report Extended v2,mlx-community/Llama-3.2-1B-Instruct-4bit,229.0,13578.0,0.0,0
2026-06-26T13:25:32.338,timeseries,3,Weather Report Extended v2,mlx-community/Llama-3.2-1B-Instruct-4bit,264.0,13867.0,0.0,0
2026-06-26T13:25:32.404,timeseries,3,Weather Report Extended v2,mlx-community/Llama-3.2-1B-Instruct-4bit,420.0,14641.0,0.0,0
2026-06-26T13:25:32.473,timeseries,3,Weather Report Extended v2,mlx-community/Llama-3.2-1B-Instruct-4bit,185.0,14621.0,0.0,0
2026-06-26T13:25:32.536,timeseries,3,Weather Report Extended v2,mlx-community/Llama-3.2-1B-Instruct-4bit,375.0,14165.0,0.0,0
2026-06-26T13:25:32.601,timeseries,3,Weather Report Extended v2,mlx-community/Llama-3.2-1B-Instruct-4bit,366.0,13726.0,0.0,0
2026-06-26T13:25:32.667,timeseries,3,Weather Report Extended v2,mlx-community/Llama-3.2-1B-Instruct-4bit,530.0,14674.0,0.0,0
2026-06-26T13:25:32.736,timeseries,3,Weather Report Extended v2,mlx-community/Llama-3.2-1B-Instruct-4bit,249.0,12907.0,0.0,0
2026-06-26T13:25:32.802,timeseries,3,Weather Report Extended v2,mlx-community/Llama-3.2-1B-Instruct-4bit,181.0,15920.0,0.0,0
2026-06-26T13:25:32.870,timeseries,3,Weather Report Extended v2,mlx-community/Llama-3.2-1B-Instruct-4bit,408.0,13766.0,0.0,0
2026-06-26T13:25:32.937,timeseries,3,Weather Report Extended v2,mlx-community/Llama-3.2-1B-Instruct-4bit,199.0,14504.0,0.0,0
2026-06-26T13:25:33.001,timeseries,3,Weather Report Extended v2,mlx-community/Llama-3.2-1B-Instruct-4bit,362.0,13738.0,0.0,0
2026-06-26T13:25:33.062,timeseries,3,Weather Report Extended v2,mlx-community/Llama-3.2-1B-Instruct-4bit,285.0,14240.0,0.0,0
2026-06-26T13:25:33.126,timeseries,3,Weather Report Extended v2,mlx-community/Llama-3.2-1B-Instruct-4bit,610.0,12793.0,0.0,0
2026-06-26T13:25:33.193,timeseries,3,Weather Report Extended v2,mlx-community/Llama-3.2-1B-Instruct-4bit,277.0,15490.0,0.0,0
2026-06-26T13:25:33.259,timeseries,3,Weather Report Extended v2,mlx-community/Llama-3.2-1B-Instruct-4bit,424.0,14771.0,0.0,0
2026-06-26T13:25:33.326,timeseries,3,Weather Report Extended v2,mlx-community/Llama-3.2-1B-Instruct-4bit,827.0,13750.0,0.0,0
2026-06-26T13:25:33.392,timeseries,3,Weather Report Extended v2,mlx-community/Llama-3.2-1B-Instruct-4bit,2098.0,14534.0,0.0,0
2026-06-26T13:25:33.458,timeseries,3,Weather Report Extended v2,mlx-community/Llama-3.2-1B-Instruct-4bit,853.0,12376.0,0.0,0
2026-06-26T13:25:33.526,timeseries,3,Weather Report Extended v2,mlx-community/Llama-3.2-1B-Instruct-4bit,402.0,14193.0,0.0,0
2026-06-26T13:25:33.592,timeseries,3,Weather Report Extended v2,mlx-community/Llama-3.2-1B-Instruct-4bit,898.0,13358.0,0.0,0
2026-06-26T13:25:33.655,timeseries,3,Weather Report Extended v2,mlx-community/Llama-3.2-1B-Instruct-4bit,692.0,11862.0,0.0,0
2026-06-26T13:25:33.723,timeseries,3,Weather Report Extended v2,mlx-community/Llama-3.2-1B-Instruct-4bit,500.0,14313.0,0.0,0
2026-06-26T13:25:33.784,timeseries,3,Weather Report Extended v2,mlx-community/Llama-3.2-1B-Instruct-4bit,223.0,15165.0,0.0,0
2026-06-26T13:25:33.851,timeseries,3,Weather Report Extended v2,mlx-community/Llama-3.2-1B-Instruct-4bit,209.0,14105.0,0.0,0
2026-06-26T13:25:33.918,timeseries,3,Weather Report Extended v2,mlx-community/Llama-3.2-1B-Instruct-4bit,465.0,15275.0,0.0,0
2026-06-26T13:25:33.986,timeseries,3,Weather Report Extended v2,mlx-community/Llama-3.2-1B-Instruct-4bit,210.0,14068.0,0.0,0
2026-06-26T13:25:34.048,timeseries,3,Weather Report Extended v2,mlx-community/Llama-3.2-1B-Instruct-4bit,401.0,14160.0,0.0,0
2026-06-26T13:25:34.113,timeseries,3,Weather Report Extended v2,mlx-community/Llama-3.2-1B-Instruct-4bit,299.0,12377.0,0.0,0
2026-06-26T13:25:34.180,timeseries,3,Weather Report Extended v2,mlx-community/Llama-3.2-1B-Instruct-4bit,477.0,15056.0,0.0,0
2026-06-26T13:25:34.243,timeseries,3,Weather Report Extended v2,mlx-community/Llama-3.2-1B-Instruct-4bit,216.0,14664.0,0.0,0
2026-06-26T13:25:34.310,timeseries,3,Weather Report Extended v2,mlx-community/Llama-3.2-1B-Instruct-4bit,237.0,13823.0,0.0,0
2026-06-26T13:25:34.371,timeseries,3,Weather Report Extended v2,mlx-community/Llama-3.2-1B-Instruct-4bit,509.0,15125.0,0.0,0
2026-06-26T13:25:34.439,timeseries,3,Weather Report Extended v2,mlx-community/Llama-3.2-1B-Instruct-4bit,328.0,12352.0,0.0,0
2026-06-26T13:25:34.500,timeseries,3,Weather Report Extended v2,mlx-community/Llama-3.2-1B-Instruct-4bit,328.0,15703.0,0.0,0
2026-06-26T13:25:34.563,timeseries,3,Weather Report Extended v2,mlx-community/Llama-3.2-1B-Instruct-4bit,294.0,13942.0,0.0,0
2026-06-26T13:25:34.625,timeseries,3,Weather Report Extended v2,mlx-community/Llama-3.2-1B-Instruct-4bit,461.0,13757.0,0.0,0
2026-06-26T13:25:34.691,timeseries,3,Weather Report Extended v2,mlx-community/Llama-3.2-1B-Instruct-4bit,379.0,13028.0,0.0,0
2026-06-26T13:25:34.759,timeseries,3,Weather Report Extended v2,mlx-community/Llama-3.2-1B-Instruct-4bit,373.0,15435.0,0.0,0
2026-06-26T13:25:34.824,timeseries,3,Weather Report Extended v2,mlx-community/Llama-3.2-1B-Instruct-4bit,197.0,14377.0,0.0,0
2026-06-26T13:25:34.888,timeseries,3,Weather Report Extended v2,mlx-community/Llama-3.2-1B-Instruct-4bit,325.0,13905.0,0.0,0
2026-06-26T13:25:34.950,timeseries,3,Weather Report Extended v2,mlx-community/Llama-3.2-1B-Instruct-4bit,263.0,14748.0,0.0,0
2026-06-26T13:25:35.018,timeseries,3,Weather Report Extended v2,mlx-community/Llama-3.2-1B-Instruct-4bit,261.0,12656.0,0.0,0
2026-06-26T13:25:35.081,timeseries,3,Weather Report Extended v2,mlx-community/Llama-3.2-1B-Instruct-4bit,342.0,17450.0,0.0,0
2026-06-26T13:25:35.148,timeseries,3,Weather Report Extended v2,mlx-community/Llama-3.2-1B-Instruct-4bit,398.0,12151.0,0.0,0
2026-06-26T13:25:35.216,timeseries,3,Weather Report Extended v2,mlx-community/Llama-3.2-1B-Instruct-4bit,314.0,14790.0,0.0,0
2026-06-26T13:25:35.279,timeseries,3,Weather Report Extended v2,mlx-community/Llama-3.2-1B-Instruct-4bit,211.0,14321.0,0.0,0
2026-06-26T13:25:35.344,timeseries,3,Weather Report Extended v2,mlx-community/Llama-3.2-1B-Instruct-4bit,429.0,13842.0,0.0,0
2026-06-26T13:25:35.404,timeseries,3,Weather Report Extended v2,mlx-community/Llama-3.2-1B-Instruct-4bit,254.0,14877.0,0.0,0
2026-06-26T13:25:35.472,timeseries,3,Weather Report Extended v2,mlx-community/Llama-3.2-1B-Instruct-4bit,341.0,12808.0,0.0,0
2026-06-26T13:25:35.534,timeseries,3,Weather Report Extended v2,mlx-community/Llama-3.2-1B-Instruct-4bit,264.0,15652.0,0.0,0
2026-06-26T13:25:35.597,timeseries,3,Weather Report Extended v2,mlx-community/Llama-3.2-1B-Instruct-4bit,337.0,13794.0,0.0,0
2026-06-26T13:25:35.660,timeseries,3,Weather Report Extended v2,mlx-community/Llama-3.2-1B-Instruct-4bit,438.0,13395.0,0.0,0
2026-06-26T13:25:35.726,timeseries,3,Weather Report Extended v2,mlx-community/Llama-3.2-1B-Instruct-4bit,282.0,14753.0,0.0,0
2026-06-26T13:25:35.793,timeseries,3,Weather Report Extended v2,mlx-community/Llama-3.2-1B-Instruct-4bit,443.0,15022.0,0.0,0
2026-06-26T13:25:35.856,timeseries,3,Weather Report Extended v2,mlx-community/Llama-3.2-1B-Instruct-4bit,216.0,14609.0,0.0,0
2026-06-26T13:25:35.922,timeseries,3,Weather Report Extended v2,mlx-community/Llama-3.2-1B-Instruct-4bit,250.0,12155.0,0.0,0
2026-06-26T13:25:35.984,timeseries,3,Weather Report Extended v2,mlx-community/Llama-3.2-1B-Instruct-4bit,365.0,15134.0,0.0,0
2026-06-26T13:25:36.048,timeseries,3,Weather Report Extended v2,mlx-community/Llama-3.2-1B-Instruct-4bit,241.0,14218.0,0.0,0
2026-06-26T13:25:36.110,timeseries,3,Weather Report Extended v2,mlx-community/Llama-3.2-1B-Instruct-4bit,500.0,13377.0,0.0,0
2026-06-26T13:25:36.176,timeseries,3,Weather Report Extended v2,mlx-community/Llama-3.2-1B-Instruct-4bit,408.0,14797.0,0.0,0
2026-06-26T13:25:36.245,timeseries,3,Weather Report Extended v2,mlx-community/Llama-3.2-1B-Instruct-4bit,419.0,15294.0,0.0,0
2026-06-26T13:25:36.307,timeseries,3,Weather Report Extended v2,mlx-community/Llama-3.2-1B-Instruct-4bit,200.0,14596.0,0.0,0
2026-06-26T13:25:36.376,timeseries,3,Weather Report Extended v2,mlx-community/Llama-3.2-1B-Instruct-4bit,448.0,11908.0,0.0,0
2026-06-26T13:25:36.438,timeseries,3,Weather Report Extended v2,mlx-community/Llama-3.2-1B-Instruct-4bit,289.0,17211.0,0.0,0
2026-06-26T13:25:36.507,timeseries,3,Weather Report Extended v2,mlx-community/Llama-3.2-1B-Instruct-4bit,233.0,12019.0,0.0,0
2026-06-26T13:25:36.570,timeseries,3,Weather Report Extended v2,mlx-community/Llama-3.2-1B-Instruct-4bit,382.0,15140.0,0.0,0
2026-06-26T13:25:36.636,timeseries,3,Weather Report Extended v2,mlx-community/Llama-3.2-1B-Instruct-4bit,379.0,13689.0,0.0,0
2026-06-26T13:25:36.703,timeseries,3,Weather Report Extended v2,mlx-community/Llama-3.2-1B-Instruct-4bit,332.0,15033.0,0.0,0
2026-06-26T13:25:36.765,timeseries,3,Weather Report Extended v2,mlx-community/Llama-3.2-1B-Instruct-4bit,229.0,14585.0,0.0,0
2026-06-26T13:25:36.834,timeseries,3,Weather Report Extended v2,mlx-community/Llama-3.2-1B-Instruct-4bit,268.0,12310.0,0.0,0
2026-06-26T13:25:36.898,timeseries,3,Weather Report Extended v2,mlx-community/Llama-3.2-1B-Instruct-4bit,369.0,15296.0,0.0,0
2026-06-26T13:25:36.967,timeseries,3,Weather Report Extended v2,mlx-community/Llama-3.2-1B-Instruct-4bit,218.0,13776.0,0.0,0
2026-06-26T13:25:37.032,timeseries,3,Weather Report Extended v2,mlx-community/Llama-3.2-1B-Instruct-4bit,404.0,16630.0,0.0,0
2026-06-26T13:25:37.097,timeseries,3,Weather Report Extended v2,mlx-community/Llama-3.2-1B-Instruct-4bit,249.0,12014.0,0.0,0
2026-06-26T13:25:37.165,timeseries,3,Weather Report Extended v2,mlx-community/Llama-3.2-1B-Instruct-4bit,486.0,14495.0,0.0,0
2026-06-26T13:25:37.233,timeseries,3,Weather Report Extended v2,mlx-community/Llama-3.2-1B-Instruct-4bit,218.0,14726.0,0.0,0
2026-06-26T13:25:37.297,timeseries,3,Weather Report Extended v2,mlx-community/Llama-3.2-1B-Instruct-4bit,409.0,13803.0,0.0,0
2026-06-26T13:25:37.361,timeseries,3,Weather Report Extended v2,mlx-community/Llama-3.2-1B-Instruct-4bit,351.0,13846.0,0.0,0
2026-06-26T13:25:37.429,timeseries,3,Weather Report Extended v2,mlx-community/Llama-3.2-1B-Instruct-4bit,236.0,14986.0,0.0,0
2026-06-26T13:25:37.495,timeseries,3,Weather Report Extended v2,mlx-community/Llama-3.2-1B-Instruct-4bit,420.0,14739.0,0.0,0
2026-06-26T13:25:37.559,timeseries,3,Weather Report Extended v2,mlx-community/Llama-3.2-1B-Instruct-4bit,221.0,13949.0,0.0,0
2026-06-26T13:25:37.624,timeseries,3,Weather Report Extended v2,mlx-community/Llama-3.2-1B-Instruct-4bit,516.0,12527.0,0.0,0
2026-06-26T13:25:37.692,timeseries,3,Weather Report Extended v2,mlx-community/Llama-3.2-1B-Instruct-4bit,266.0,14851.0,0.0,0
2026-06-26T13:25:37.757,timeseries,3,Weather Report Extended v2,mlx-community/Llama-3.2-1B-Instruct-4bit,369.0,14620.0,0.0,0
2026-06-26T13:25:37.818,timeseries,3,Weather Report Extended v2,mlx-community/Llama-3.2-1B-Instruct-4bit,574.0,13989.0,0.0,0
2026-06-26T13:25:37.881,timeseries,3,Weather Report Extended v2,mlx-community/Llama-3.2-1B-Instruct-4bit,566.0,14460.0,0.0,0
2026-06-26T13:25:37.946,timeseries,3,Weather Report Extended v2,mlx-community/Llama-3.2-1B-Instruct-4bit,559.0,13733.0,0.0,0
2026-06-26T13:25:38.015,timeseries,3,Weather Report Extended v2,mlx-community/Llama-3.2-1B-Instruct-4bit,316.0,14934.0,0.0,0
2026-06-26T13:25:38.079,timeseries,3,Weather Report Extended v2,mlx-community/Llama-3.2-1B-Instruct-4bit,415.0,14586.0,0.0,0
2026-06-26T13:25:38.147,timeseries,3,Weather Report Extended v2,mlx-community/Llama-3.2-1B-Instruct-4bit,362.0,13769.0,0.0,0
2026-06-26T13:25:38.215,timeseries,3,Weather Report Extended v2,mlx-community/Llama-3.2-1B-Instruct-4bit,392.0,14846.0,0.0,0
2026-06-26T13:25:38.278,timeseries,3,Weather Report Extended v2,mlx-community/Llama-3.2-1B-Instruct-4bit,206.0,14159.0,0.0,0
2026-06-26T13:25:38.346,timeseries,3,Weather Report Extended v2,mlx-community/Llama-3.2-1B-Instruct-4bit,324.0,13865.0,0.0,0
2026-06-26T13:25:38.412,timeseries,3,Weather Report Extended v2,mlx-community/Llama-3.2-1B-Instruct-4bit,413.0,15123.0,0.0,0
2026-06-26T13:25:38.479,timeseries,3,Weather Report Extended v2,mlx-community/Llama-3.2-1B-Instruct-4bit,395.0,13286.0,0.0,0
2026-06-26T13:25:38.545,timeseries,3,Weather Report Extended v2,mlx-community/Llama-3.2-1B-Instruct-4bit,2783.0,11465.0,0.0,0
2026-06-26T13:25:38.612,timeseries,3,Weather Report Extended v2,mlx-community/Llama-3.2-1B-Instruct-4bit,2255.0,14161.0,0.0,0
2026-06-26T13:25:38.678,timeseries,3,Weather Report Extended v2,mlx-community/Llama-3.2-1B-Instruct-4bit,2924.0,14332.0,0.0,0
2026-06-26T13:25:38.743,timeseries,3,Weather Report Extended v2,mlx-community/Llama-3.2-1B-Instruct-4bit,566.0,14152.0,0.0,0
2026-06-26T13:25:38.810,timeseries,3,Weather Report Extended v2,mlx-community/Llama-3.2-1B-Instruct-4bit,508.0,14712.0,0.0,0
2026-06-26T13:25:38.877,timeseries,3,Weather Report Extended v2,mlx-community/Llama-3.2-1B-Instruct-4bit,828.0,14259.0,0.0,0
2026-06-26T13:25:38.944,timeseries,3,Weather Report Extended v2,mlx-community/Llama-3.2-1B-Instruct-4bit,691.0,14398.0,0.0,0
2026-06-26T13:25:39.011,timeseries,3,Weather Report Extended v2,mlx-community/Llama-3.2-1B-Instruct-4bit,747.0,14186.0,0.0,0
2026-06-26T13:25:39.077,timeseries,3,Weather Report Extended v2,mlx-community/Llama-3.2-1B-Instruct-4bit,615.0,14293.0,0.0,0
2026-06-26T13:25:39.144,timeseries,3,Weather Report Extended v2,mlx-community/Llama-3.2-1B-Instruct-4bit,1228.0,14082.0,0.0,0
2026-06-26T13:25:39.210,timeseries,3,Weather Report Extended v2,mlx-community/Llama-3.2-1B-Instruct-4bit,652.0,14405.0,0.0,0
2026-06-26T13:25:39.275,timeseries,3,Weather Report Extended v2,mlx-community/Llama-3.2-1B-Instruct-4bit,2459.0,14216.0,0.0,0
2026-06-26T13:25:39.339,timeseries,3,Weather Report Extended v2,mlx-community/Llama-3.2-1B-Instruct-4bit,855.0,12348.0,0.0,0
2026-06-26T13:25:39.407,timeseries,3,Weather Report Extended v2,mlx-community/Llama-3.2-1B-Instruct-4bit,295.0,14775.0,0.0,0
2026-06-26T13:25:39.474,timeseries,3,Weather Report Extended v2,mlx-community/Llama-3.2-1B-Instruct-4bit,450.0,14669.0,0.0,0
2026-06-26T13:25:39.535,timeseries,3,Weather Report Extended v2,mlx-community/Llama-3.2-1B-Instruct-4bit,206.0,14039.0,0.0,0
2026-06-26T13:25:39.601,timeseries,3,Weather Report Extended v2,mlx-community/Llama-3.2-1B-Instruct-4bit,345.0,14059.0,0.0,0
2026-06-26T13:25:39.664,timeseries,3,Weather Report Extended v2,mlx-community/Llama-3.2-1B-Instruct-4bit,356.0,15346.0,0.0,0
2026-06-26T13:25:39.733,timeseries,3,Weather Report Extended v2,mlx-community/Llama-3.2-1B-Instruct-4bit,274.0,12620.0,0.0,0
2026-06-26T13:25:39.801,timeseries,3,Weather Report Extended v2,mlx-community/Llama-3.2-1B-Instruct-4bit,319.0,15195.0,0.0,0
2026-06-26T13:25:39.866,timeseries,3,Weather Report Extended v2,mlx-community/Llama-3.2-1B-Instruct-4bit,217.0,15470.0,0.0,0
2026-06-26T13:25:39.932,timeseries,3,Weather Report Extended v2,mlx-community/Llama-3.2-1B-Instruct-4bit,458.0,12207.0,0.0,0
2026-06-26T13:25:40.000,timeseries,3,Weather Report Extended v2,mlx-community/Llama-3.2-1B-Instruct-4bit,262.0,14674.0,0.0,0
2026-06-26T13:25:40.062,timeseries,3,Weather Report Extended v2,mlx-community/Llama-3.2-1B-Instruct-4bit,360.0,14195.0,0.0,0
2026-06-26T13:25:40.122,timeseries,3,Weather Report Extended v2,mlx-community/Llama-3.2-1B-Instruct-4bit,330.0,14289.0,0.0,0
2026-06-26T13:25:40.191,timeseries,3,Weather Report Extended v2,mlx-community/Llama-3.2-1B-Instruct-4bit,318.0,13205.0,0.0,0
2026-06-26T13:25:40.257,timeseries,3,Weather Report Extended v2,mlx-community/Llama-3.2-1B-Instruct-4bit,282.0,15746.0,0.0,0
2026-06-26T13:25:40.321,timeseries,3,Weather Report Extended v2,mlx-community/Llama-3.2-1B-Instruct-4bit,219.0,13872.0,0.0,0
2026-06-26T13:25:40.387,timeseries,3,Weather Report Extended v2,mlx-community/Llama-3.2-1B-Instruct-4bit,365.0,14343.0,0.0,0
2026-06-26T13:25:40.451,timeseries,3,Weather Report Extended v2,mlx-community/Llama-3.2-1B-Instruct-4bit,328.0,14897.0,0.0,0
2026-06-26T13:25:40.519,timeseries,3,Weather Report Extended v2,mlx-community/Llama-3.2-1B-Instruct-4bit,212.0,14402.0,0.0,0
2026-06-26T13:25:40.582,timeseries,3,Weather Report Extended v2,mlx-community/Llama-3.2-1B-Instruct-4bit,418.0,14825.0,0.0,0
2026-06-26T13:25:40.647,timeseries,3,Weather Report Extended v2,mlx-community/Llama-3.2-1B-Instruct-4bit,412.0,12177.0,0.0,0
2026-06-26T13:25:40.716,timeseries,3,Weather Report Extended v2,mlx-community/Llama-3.2-1B-Instruct-4bit,350.0,15079.0,0.0,0
2026-06-26T13:25:40.778,timeseries,3,Weather Report Extended v2,mlx-community/Llama-3.2-1B-Instruct-4bit,184.0,14663.0,0.0,0
2026-06-26T13:25:40.846,timeseries,3,Weather Report Extended v2,mlx-community/Llama-3.2-1B-Instruct-4bit,249.0,13766.0,0.0,0
2026-06-26T13:25:40.908,timeseries,3,Weather Report Extended v2,mlx-community/Llama-3.2-1B-Instruct-4bit,306.0,15347.0,0.0,0
2026-06-26T13:25:40.975,timeseries,3,Weather Report Extended v2,mlx-community/Llama-3.2-1B-Instruct-4bit,267.0,12327.0,0.0,0
2026-06-26T13:25:41.038,timeseries,3,Weather Report Extended v2,mlx-community/Llama-3.2-1B-Instruct-4bit,427.0,15031.0,0.0,0
2026-06-26T13:25:41.100,timeseries,3,Weather Report Extended v2,mlx-community/Llama-3.2-1B-Instruct-4bit,301.0,14229.0,0.0,0
2026-06-26T13:25:41.169,timeseries,3,Weather Report Extended v2,mlx-community/Llama-3.2-1B-Instruct-4bit,508.0,13316.0,0.0,0
2026-06-26T13:25:41.231,timeseries,3,Weather Report Extended v2,mlx-community/Llama-3.2-1B-Instruct-4bit,208.0,17180.0,0.0,0
2026-06-26T13:25:41.294,timeseries,3,Weather Report Extended v2,mlx-community/Llama-3.2-1B-Instruct-4bit,320.0,12071.0,0.0,0
2026-06-26T13:25:41.359,timeseries,3,Weather Report Extended v2,mlx-community/Llama-3.2-1B-Instruct-4bit,407.0,15448.0,0.0,0
2026-06-26T13:25:41.429,timeseries,3,Weather Report Extended v2,mlx-community/Llama-3.2-1B-Instruct-4bit,250.0,14864.0,0.0,0
2026-06-26T13:25:41.497,timeseries,3,Weather Report Extended v2,mlx-community/Llama-3.2-1B-Instruct-4bit,325.0,14678.0,0.0,0
2026-06-26T13:25:41.560,timeseries,3,Weather Report Extended v2,mlx-community/Llama-3.2-1B-Instruct-4bit,187.0,13675.0,0.0,0
2026-06-26T13:25:41.625,timeseries,3,Weather Report Extended v2,mlx-community/Llama-3.2-1B-Instruct-4bit,570.0,13882.0,0.0,0
2026-06-26T13:25:41.693,timeseries,3,Weather Report Extended v2,mlx-community/Llama-3.2-1B-Instruct-4bit,254.0,13160.0,0.0,0
2026-06-26T13:25:41.760,timeseries,3,Weather Report Extended v2,mlx-community/Llama-3.2-1B-Instruct-4bit,402.0,16496.0,0.0,0
2026-06-26T13:25:41.824,timeseries,3,Weather Report Extended v2,mlx-community/Llama-3.2-1B-Instruct-4bit,206.0,13947.0,0.0,0
2026-06-26T13:25:41.892,timeseries,3,Weather Report Extended v2,mlx-community/Llama-3.2-1B-Instruct-4bit,223.0,12263.0,0.0,0
2026-06-26T13:25:41.956,timeseries,3,Weather Report Extended v2,mlx-community/Llama-3.2-1B-Instruct-4bit,357.0,14763.0,0.0,0
2026-06-26T13:25:42.020,timeseries,3,Weather Report Extended v2,mlx-community/Llama-3.2-1B-Instruct-4bit,223.0,14080.0,0.0,0
2026-06-26T13:25:42.085,timeseries,3,Weather Report Extended v2,mlx-community/Llama-3.2-1B-Instruct-4bit,449.0,14717.0,0.0,0
2026-06-26T13:25:42.153,timeseries,3,Weather Report Extended v2,mlx-community/Llama-3.2-1B-Instruct-4bit,345.0,14804.0,0.0,0
2026-06-26T13:25:42.219,timeseries,3,Weather Report Extended v2,mlx-community/Llama-3.2-1B-Instruct-4bit,433.0,14702.0,0.0,0
2026-06-26T13:25:42.280,timeseries,3,Weather Report Extended v2,mlx-community/Llama-3.2-1B-Instruct-4bit,175.0,13900.0,0.0,0
2026-06-26T13:25:42.348,timeseries,3,Weather Report Extended v2,mlx-community/Llama-3.2-1B-Instruct-4bit,413.0,12555.0,0.0,0
2026-06-26T13:25:42.411,timeseries,3,Weather Report Extended v2,mlx-community/Llama-3.2-1B-Instruct-4bit,294.0,15615.0,0.0,0
2026-06-26T13:25:42.478,timeseries,3,Weather Report Extended v2,mlx-community/Llama-3.2-1B-Instruct-4bit,328.0,14135.0,0.0,0
2026-06-26T13:25:42.540,timeseries,3,Weather Report Extended v2,mlx-community/Llama-3.2-1B-Instruct-4bit,251.0,15113.0,0.0,0
2026-06-26T13:25:42.604,timeseries,3,Weather Report Extended v2,mlx-community/Llama-3.2-1B-Instruct-4bit,355.0,12176.0,0.0,0
2026-06-26T13:25:42.667,timeseries,3,Weather Report Extended v2,mlx-community/Llama-3.2-1B-Instruct-4bit,434.0,15315.0,0.0,0
2026-06-26T13:25:42.731,timeseries,3,Weather Report Extended v2,mlx-community/Llama-3.2-1B-Instruct-4bit,285.0,13144.0,0.0,0
2026-06-26T13:25:42.798,timeseries,3,Weather Report Extended v2,mlx-community/Llama-3.2-1B-Instruct-4bit,503.0,14718.0,0.0,0
2026-06-26T13:25:42.861,timeseries,3,Weather Report Extended v2,mlx-community/Llama-3.2-1B-Instruct-4bit,250.0,14940.0,0.0,0
2026-06-26T13:25:42.930,timeseries,3,Weather Report Extended v2,mlx-community/Llama-3.2-1B-Instruct-4bit,329.0,14081.0,0.0,0
2026-06-26T13:25:42.991,timeseries,3,Weather Report Extended v2,mlx-community/Llama-3.2-1B-Instruct-4bit,286.0,15165.0,0.0,0
2026-06-26T13:25:43.052,timeseries,3,Weather Report Extended v2,mlx-community/Llama-3.2-1B-Instruct-4bit,277.0,12071.0,0.0,0
2026-06-26T13:25:43.112,timeseries,3,Weather Report Extended v2,mlx-community/Llama-3.2-1B-Instruct-4bit,590.0,15440.0,0.0,0
2026-06-26T13:25:43.178,timeseries,3,Weather Report Extended v2,mlx-community/Llama-3.2-1B-Instruct-4bit,440.0,13504.0,0.0,0
2026-06-26T13:25:43.246,timeseries,3,Weather Report Extended v2,mlx-community/Llama-3.2-1B-Instruct-4bit,315.0,15845.0,0.0,0
2026-06-26T13:25:43.310,timeseries,3,Weather Report Extended v2,mlx-community/Llama-3.2-1B-Instruct-4bit,200.0,14675.0,0.0,0
2026-06-26T13:25:43.373,timeseries,3,Weather Report Extended v2,mlx-community/Llama-3.2-1B-Instruct-4bit,511.0,13784.0,0.0,0
2026-06-26T13:25:43.435,timeseries,3,Weather Report Extended v2,mlx-community/Llama-3.2-1B-Instruct-4bit,266.0,12475.0,0.0,0
2026-06-26T13:25:43.497,timeseries,3,Weather Report Extended v2,mlx-community/Llama-3.2-1B-Instruct-4bit,795.0,12158.0,0.0,0
2026-06-26T13:25:43.563,timeseries,3,Weather Report Extended v2,mlx-community/Llama-3.2-1B-Instruct-4bit,357.0,13463.0,0.0,0
2026-06-26T13:25:43.628,timeseries,3,Weather Report Extended v2,mlx-community/Llama-3.2-1B-Instruct-4bit,2692.0,14894.0,0.0,0
2026-06-26T13:25:43.694,timeseries,3,Weather Report Extended v2,mlx-community/Llama-3.2-1B-Instruct-4bit,765.0,14567.0,0.0,0
2026-06-26T13:25:43.756,timeseries,3,Weather Report Extended v2,mlx-community/Llama-3.2-1B-Instruct-4bit,726.0,14786.0,0.0,0
2026-06-26T13:25:43.819,timeseries,3,Weather Report Extended v2,mlx-community/Llama-3.2-1B-Instruct-4bit,375.0,12569.0,0.0,0
2026-06-26T13:25:43.884,timeseries,3,Weather Report Extended v2,mlx-community/Llama-3.2-1B-Instruct-4bit,323.0,15408.0,0.0,0
2026-06-26T13:25:43.952,timeseries,3,Weather Report Extended v2,mlx-community/Llama-3.2-1B-Instruct-4bit,442.0,12998.0,0.0,0
2026-06-26T13:25:44.018,timeseries,3,Weather Report Extended v2,mlx-community/Llama-3.2-1B-Instruct-4bit,217.0,16720.0,0.0,0
2026-06-26T13:25:44.081,timeseries,3,Weather Report Extended v2,mlx-community/Llama-3.2-1B-Instruct-4bit,390.0,14197.0,0.0,0
2026-06-26T13:25:44.146,timeseries,3,Weather Report Extended v2,mlx-community/Llama-3.2-1B-Instruct-4bit,490.0,12291.0,0.0,0
2026-06-26T13:25:44.212,timeseries,3,Weather Report Extended v2,mlx-community/Llama-3.2-1B-Instruct-4bit,493.0,15042.0,0.0,0
2026-06-26T13:25:44.275,timeseries,3,Weather Report Extended v2,mlx-community/Llama-3.2-1B-Instruct-4bit,216.0,14528.0,0.0,0
2026-06-26T13:25:44.341,timeseries,3,Weather Report Extended v2,mlx-community/Llama-3.2-1B-Instruct-4bit,303.0,12425.0,0.0,0
2026-06-26T13:25:44.406,timeseries,3,Weather Report Extended v2,mlx-community/Llama-3.2-1B-Instruct-4bit,475.0,15054.0,0.0,0
2026-06-26T13:25:44.475,timeseries,3,Weather Report Extended v2,mlx-community/Llama-3.2-1B-Instruct-4bit,212.0,14286.0,0.0,0
2026-06-26T13:25:44.535,timeseries,3,Weather Report Extended v2,mlx-community/Llama-3.2-1B-Instruct-4bit,399.0,14650.0,0.0,0
2026-06-26T13:25:44.598,timeseries,3,Weather Report Extended v2,mlx-community/Llama-3.2-1B-Instruct-4bit,335.0,13718.0,0.0,0
2026-06-26T13:25:44.666,timeseries,3,Weather Report Extended v2,mlx-community/Llama-3.2-1B-Instruct-4bit,500.0,13843.0,0.0,0
2026-06-26T13:25:44.732,timeseries,3,Weather Report Extended v2,mlx-community/Llama-3.2-1B-Instruct-4bit,205.0,14964.0,0.0,0
2026-06-26T13:25:44.800,timeseries,3,Weather Report Extended v2,mlx-community/Llama-3.2-1B-Instruct-4bit,207.0,14045.0,0.0,0
2026-06-26T13:25:44.864,timeseries,3,Weather Report Extended v2,mlx-community/Llama-3.2-1B-Instruct-4bit,392.0,14313.0,0.0,0
2026-06-26T13:25:44.930,timeseries,3,Weather Report Extended v2,mlx-community/Llama-3.2-1B-Instruct-4bit,237.0,14015.0,0.0,0
2026-06-26T13:25:44.995,timeseries,3,Weather Report Extended v2,mlx-community/Llama-3.2-1B-Instruct-4bit,347.0,14889.0,0.0,0
2026-06-26T13:25:45.058,timeseries,3,Weather Report Extended v2,mlx-community/Llama-3.2-1B-Instruct-4bit,255.0,14164.0,0.0,0
2026-06-26T13:25:45.122,timeseries,3,Weather Report Extended v2,mlx-community/Llama-3.2-1B-Instruct-4bit,571.0,12856.0,0.0,0
2026-06-26T13:25:45.183,timeseries,3,Weather Report Extended v2,mlx-community/Llama-3.2-1B-Instruct-4bit,317.0,14944.0,0.0,0
2026-06-26T13:25:45.248,timeseries,3,Weather Report Extended v2,mlx-community/Llama-3.2-1B-Instruct-4bit,652.0,12831.0,0.0,0
2026-06-26T13:25:45.310,timeseries,3,Weather Report Extended v2,mlx-community/Llama-3.2-1B-Instruct-4bit,326.0,15538.0,0.0,0
2026-06-26T13:25:45.378,timeseries,3,Weather Report Extended v2,mlx-community/Llama-3.2-1B-Instruct-4bit,461.0,14486.0,0.0,0
2026-06-26T13:25:45.441,timeseries,3,Weather Report Extended v2,mlx-community/Llama-3.2-1B-Instruct-4bit,388.0,15227.0,0.0,0
2026-06-26T13:25:45.508,timeseries,3,Weather Report Extended v2,mlx-community/Llama-3.2-1B-Instruct-4bit,267.0,12194.0,0.0,0
2026-06-26T13:25:45.570,timeseries,3,Weather Report Extended v2,mlx-community/Llama-3.2-1B-Instruct-4bit,333.0,15131.0,0.0,0
2026-06-26T13:25:45.637,timeseries,3,Weather Report Extended v2,mlx-community/Llama-3.2-1B-Instruct-4bit,419.0,14096.0,0.0,0
2026-06-26T13:25:45.704,timeseries,3,Weather Report Extended v2,mlx-community/Llama-3.2-1B-Instruct-4bit,318.0,15182.0,0.0,0
2026-06-26T13:25:45.773,timeseries,3,Weather Report Extended v2,mlx-community/Llama-3.2-1B-Instruct-4bit,209.0,14314.0,0.0,0
2026-06-26T13:25:45.841,timeseries,3,Weather Report Extended v2,mlx-community/Llama-3.2-1B-Instruct-4bit,407.0,14258.0,0.0,0
2026-06-26T13:25:45.908,timeseries,3,Weather Report Extended v2,mlx-community/Llama-3.2-1B-Instruct-4bit,203.0,13849.0,0.0,0
2026-06-26T13:25:45.975,timeseries,3,Weather Report Extended v2,mlx-community/Llama-3.2-1B-Instruct-4bit,398.0,13851.0,0.0,0
2026-06-26T13:25:46.040,timeseries,3,Weather Report Extended v2,mlx-community/Llama-3.2-1B-Instruct-4bit,223.0,14232.0,0.0,0
2026-06-26T13:25:46.106,timeseries,3,Weather Report Extended v2,mlx-community/Llama-3.2-1B-Instruct-4bit,445.0,13919.0,0.0,0
2026-06-26T13:25:46.167,timeseries,3,Weather Report Extended v2,mlx-community/Llama-3.2-1B-Instruct-4bit,250.0,14905.0,0.0,0
2026-06-26T13:25:46.230,timeseries,3,Weather Report Extended v2,mlx-community/Llama-3.2-1B-Instruct-4bit,628.0,14037.0,0.0,0
2026-06-26T13:25:46.293,timeseries,3,Weather Report Extended v2,mlx-community/Llama-3.2-1B-Instruct-4bit,329.0,13821.0,0.0,0
2026-06-26T13:25:46.360,timeseries,3,Weather Report Extended v2,mlx-community/Llama-3.2-1B-Instruct-4bit,409.0,14798.0,0.0,0
2026-06-26T13:25:46.427,timeseries,3,Weather Report Extended v2,mlx-community/Llama-3.2-1B-Instruct-4bit,466.0,15181.0,0.0,0
2026-06-26T13:25:46.489,timeseries,3,Weather Report Extended v2,mlx-community/Llama-3.2-1B-Instruct-4bit,209.0,14294.0,0.0,0
2026-06-26T13:25:46.550,timeseries,3,Weather Report Extended v2,mlx-community/Llama-3.2-1B-Instruct-4bit,270.0,12364.0,0.0,0
2026-06-26T13:25:46.613,timeseries,3,Weather Report Extended v2,mlx-community/Llama-3.2-1B-Instruct-4bit,485.0,13348.0,0.0,0
2026-06-26T13:25:46.678,timeseries,3,Weather Report Extended v2,mlx-community/Llama-3.2-1B-Instruct-4bit,308.0,15452.0,0.0,0
2026-06-26T13:25:46.748,timeseries,3,Weather Report Extended v2,mlx-community/Llama-3.2-1B-Instruct-4bit,745.0,14997.0,0.0,0
2026-06-26T13:25:46.814,timeseries,3,Weather Report Extended v2,mlx-community/Llama-3.2-1B-Instruct-4bit,1375.0,14649.0,0.0,0
2026-06-26T13:25:46.881,timeseries,3,Weather Report Extended v2,mlx-community/Llama-3.2-1B-Instruct-4bit,1189.0,13219.0,0.0,0
2026-06-26T13:25:46.948,timeseries,3,Weather Report Extended v2,mlx-community/Llama-3.2-1B-Instruct-4bit,1039.0,14332.0,0.0,0
2026-06-26T13:25:47.012,timeseries,3,Weather Report Extended v2,mlx-community/Llama-3.2-1B-Instruct-4bit,626.0,14105.0,0.0,0
2026-06-26T13:25:47.075,timeseries,3,Weather Report Extended v2,mlx-community/Llama-3.2-1B-Instruct-4bit,331.0,14342.0,0.0,0
2026-06-26T13:25:47.139,timeseries,3,Weather Report Extended v2,mlx-community/Llama-3.2-1B-Instruct-4bit,684.0,12812.0,0.0,0
2026-06-26T13:25:47.201,timeseries,3,Weather Report Extended v2,mlx-community/Llama-3.2-1B-Instruct-4bit,303.0,15110.0,0.0,0
2026-06-26T13:25:47.263,timeseries,3,Weather Report Extended v2,mlx-community/Llama-3.2-1B-Instruct-4bit,574.0,14492.0,0.0,0
2026-06-26T13:25:47.329,timeseries,3,Weather Report Extended v2,mlx-community/Llama-3.2-1B-Instruct-4bit,562.0,13173.0,0.0,0
2026-06-26T13:25:47.395,timeseries,3,Weather Report Extended v2,mlx-community/Llama-3.2-1B-Instruct-4bit,390.0,15332.0,0.0,0
2026-06-26T13:25:47.460,timeseries,3,Weather Report Extended v2,mlx-community/Llama-3.2-1B-Instruct-4bit,528.0,14117.0,0.0,0
2026-06-26T13:25:47.527,timeseries,3,Weather Report Extended v2,mlx-community/Llama-3.2-1B-Instruct-4bit,320.0,14263.0,0.0,0
2026-06-26T13:25:47.591,timeseries,3,Weather Report Extended v2,mlx-community/Llama-3.2-1B-Instruct-4bit,594.0,14336.0,0.0,0
2026-06-26T13:25:47.657,timeseries,3,Weather Report Extended v2,mlx-community/Llama-3.2-1B-Instruct-4bit,478.0,12244.0,0.0,0
2026-06-26T13:25:47.725,timeseries,3,Weather Report Extended v2,mlx-community/Llama-3.2-1B-Instruct-4bit,479.0,15161.0,0.0,0
2026-06-26T13:25:47.789,timeseries,3,Weather Report Extended v2,mlx-community/Llama-3.2-1B-Instruct-4bit,299.0,14167.0,0.0,0
2026-06-26T13:25:47.853,timeseries,3,Weather Report Extended v2,mlx-community/Llama-3.2-1B-Instruct-4bit,693.0,13736.0,0.0,0
2026-06-26T13:25:47.919,timeseries,3,Weather Report Extended v2,mlx-community/Llama-3.2-1B-Instruct-4bit,752.0,14777.0,0.0,0
2026-06-26T13:25:47.983,timeseries,3,Weather Report Extended v2,mlx-community/Llama-3.2-1B-Instruct-4bit,839.0,14512.0,0.0,0
2026-06-26T13:25:48.046,timeseries,3,Weather Report Extended v2,mlx-community/Llama-3.2-1B-Instruct-4bit,821.0,12318.0,0.0,0
2026-06-26T13:25:48.111,timeseries,3,Weather Report Extended v2,mlx-community/Llama-3.2-1B-Instruct-4bit,749.0,14646.0,0.0,0
2026-06-26T13:25:48.176,timeseries,3,Weather Report Extended v2,mlx-community/Llama-3.2-1B-Instruct-4bit,361.0,14928.0,0.0,0
2026-06-26T13:25:48.239,timeseries,3,Weather Report Extended v2,mlx-community/Llama-3.2-1B-Instruct-4bit,440.0,13007.0,0.0,0
2026-06-26T13:25:48.301,timeseries,3,Weather Report Extended v2,mlx-community/Llama-3.2-1B-Instruct-4bit,244.0,14487.0,0.0,0
2026-06-26T13:25:48.368,timeseries,3,Weather Report Extended v2,mlx-community/Llama-3.2-1B-Instruct-4bit,503.0,14993.0,0.0,0
2026-06-26T13:25:48.436,timeseries,3,Weather Report Extended v2,mlx-community/Llama-3.2-1B-Instruct-4bit,435.0,15231.0,0.0,0
2026-06-26T13:25:48.498,timeseries,3,Weather Report Extended v2,mlx-community/Llama-3.2-1B-Instruct-4bit,540.0,11108.0,0.0,0
2026-06-26T13:25:48.559,timeseries,3,Weather Report Extended v2,mlx-community/Llama-3.2-1B-Instruct-4bit,545.0,11954.0,0.0,0
2026-06-26T13:25:48.625,timeseries,3,Weather Report Extended v2,mlx-community/Llama-3.2-1B-Instruct-4bit,533.0,13362.0,0.0,0
2026-06-26T13:25:48.690,timeseries,3,Weather Report Extended v2,mlx-community/Llama-3.2-1B-Instruct-4bit,458.0,15463.0,0.0,0
2026-06-26T13:25:48.756,timeseries,3,Weather Report Extended v2,mlx-community/Llama-3.2-1B-Instruct-4bit,550.0,14453.0,0.0,0
2026-06-26T13:25:48.822,timeseries,3,Weather Report Extended v2,mlx-community/Llama-3.2-1B-Instruct-4bit,1931.0,14447.0,0.0,0
2026-06-26T13:25:48.887,timeseries,3,Weather Report Extended v2,mlx-community/Llama-3.2-1B-Instruct-4bit,755.0,14582.0,0.0,0
2026-06-26T13:25:48.951,timeseries,3,Weather Report Extended v2,mlx-community/Llama-3.2-1B-Instruct-4bit,506.0,14610.0,0.0,0
2026-06-26T13:25:49.018,timeseries,3,Weather Report Extended v2,mlx-community/Llama-3.2-1B-Instruct-4bit,460.0,14711.0,0.0,0
2026-06-26T13:25:49.081,timeseries,3,Weather Report Extended v2,mlx-community/Llama-3.2-1B-Instruct-4bit,250.0,14883.0,0.0,0
2026-06-26T13:25:49.151,timeseries,3,Weather Report Extended v2,mlx-community/Llama-3.2-1B-Instruct-4bit,668.0,12427.0,0.0,0
2026-06-26T13:25:49.217,timeseries,3,Weather Report Extended v2,mlx-community/Llama-3.2-1B-Instruct-4bit,222.0,15112.0,0.0,0
2026-06-26T13:25:49.285,timeseries,3,Weather Report Extended v2,mlx-community/Llama-3.2-1B-Instruct-4bit,425.0,14055.0,0.0,0
2026-06-26T13:25:49.351,timeseries,3,Weather Report Extended v2,mlx-community/Llama-3.2-1B-Instruct-4bit,1640.0,15539.0,0.0,0
2026-06-26T13:25:49.417,timeseries,3,Weather Report Extended v2,mlx-community/Llama-3.2-1B-Instruct-4bit,607.0,12311.0,0.0,0
2026-06-26T13:25:49.482,timeseries,3,Weather Report Extended v2,mlx-community/Llama-3.2-1B-Instruct-4bit,531.0,16397.0,0.0,0
2026-06-26T13:25:49.544,timeseries,3,Weather Report Extended v2,mlx-community/Llama-3.2-1B-Instruct-4bit,360.0,12475.0,0.0,0
2026-06-26T13:25:49.607,timeseries,3,Weather Report Extended v2,mlx-community/Llama-3.2-1B-Instruct-4bit,602.0,14523.0,0.0,0
2026-06-26T13:25:49.672,timeseries,3,Weather Report Extended v2,mlx-community/Llama-3.2-1B-Instruct-4bit,451.0,13389.0,0.0,0
2026-06-26T13:25:49.739,timeseries,3,Weather Report Extended v2,mlx-community/Llama-3.2-1B-Instruct-4bit,385.0,15222.0,0.0,0
2026-06-26T13:25:49.804,timeseries,3,Weather Report Extended v2,mlx-community/Llama-3.2-1B-Instruct-4bit,229.0,14611.0,0.0,0
2026-06-26T13:25:49.869,timeseries,3,Weather Report Extended v2,mlx-community/Llama-3.2-1B-Instruct-4bit,224.0,14102.0,0.0,0
2026-06-26T13:25:49.935,timeseries,3,Weather Report Extended v2,mlx-community/Llama-3.2-1B-Instruct-4bit,377.0,15061.0,0.0,0
2026-06-26T13:25:50.003,timeseries,3,Weather Report Extended v2,mlx-community/Llama-3.2-1B-Instruct-4bit,254.0,14100.0,0.0,0
2026-06-26T13:25:50.067,timeseries,3,Weather Report Extended v2,mlx-community/Llama-3.2-1B-Instruct-4bit,384.0,14674.0,0.0,0
2026-06-26T13:25:50.135,timeseries,3,Weather Report Extended v2,mlx-community/Llama-3.2-1B-Instruct-4bit,321.0,12164.0,0.0,0
2026-06-26T13:25:50.202,timeseries,3,Weather Report Extended v2,mlx-community/Llama-3.2-1B-Instruct-4bit,456.0,16758.0,0.0,0
2026-06-26T13:25:50.264,timeseries,3,Weather Report Extended v2,mlx-community/Llama-3.2-1B-Instruct-4bit,177.0,14092.0,0.0,0
2026-06-26T13:25:50.328,timeseries,3,Weather Report Extended v2,mlx-community/Llama-3.2-1B-Instruct-4bit,325.0,12210.0,0.0,0
2026-06-26T13:25:50.394,timeseries,3,Weather Report Extended v2,mlx-community/Llama-3.2-1B-Instruct-4bit,466.0,15320.0,0.0,0
2026-06-26T13:25:50.462,timeseries,3,Weather Report Extended v2,mlx-community/Llama-3.2-1B-Instruct-4bit,332.0,15033.0,0.0,0
2026-06-26T13:25:50.526,timeseries,3,Weather Report Extended v2,mlx-community/Llama-3.2-1B-Instruct-4bit,349.0,14511.0,0.0,0
2026-06-26T13:25:50.591,timeseries,3,Weather Report Extended v2,mlx-community/Llama-3.2-1B-Instruct-4bit,234.0,13880.0,0.0,0
2026-06-26T13:25:50.656,timeseries,3,Weather Report Extended v2,mlx-community/Llama-3.2-1B-Instruct-4bit,543.0,12931.0,0.0,0
2026-06-26T13:25:50.722,timeseries,3,Weather Report Extended v2,mlx-community/Llama-3.2-1B-Instruct-4bit,311.0,14870.0,0.0,0
2026-06-26T13:25:50.787,timeseries,3,Weather Report Extended v2,mlx-community/Llama-3.2-1B-Instruct-4bit,352.0,14513.0,0.0,0
2026-06-26T13:25:50.850,timeseries,3,Weather Report Extended v2,mlx-community/Llama-3.2-1B-Instruct-4bit,215.0,14688.0,0.0,0
2026-06-26T13:25:50.917,timeseries,3,Weather Report Extended v2,mlx-community/Llama-3.2-1B-Instruct-4bit,395.0,12472.0,0.0,0
2026-06-26T13:25:50.981,timeseries,3,Weather Report Extended v2,mlx-community/Llama-3.2-1B-Instruct-4bit,573.0,14992.0,0.0,0
2026-06-26T13:25:51.045,timeseries,3,Weather Report Extended v2,mlx-community/Llama-3.2-1B-Instruct-4bit,478.0,14081.0,0.0,0
2026-06-26T13:25:51.110,timeseries,3,Weather Report Extended v2,mlx-community/Llama-3.2-1B-Instruct-4bit,588.0,14649.0,0.0,0
2026-06-26T13:25:51.174,timeseries,3,Weather Report Extended v2,mlx-community/Llama-3.2-1B-Instruct-4bit,569.0,14940.0,0.0,0
2026-06-26T13:25:51.239,timeseries,3,Weather Report Extended v2,mlx-community/Llama-3.2-1B-Instruct-4bit,460.0,12728.0,0.0,0
2026-06-26T13:25:51.303,timeseries,3,Weather Report Extended v2,mlx-community/Llama-3.2-1B-Instruct-4bit,315.0,14902.0,0.0,0
2026-06-26T13:25:51.371,timeseries,3,Weather Report Extended v2,mlx-community/Llama-3.2-1B-Instruct-4bit,659.0,14310.0,0.0,0
2026-06-26T13:25:51.434,timeseries,3,Weather Report Extended v2,mlx-community/Llama-3.2-1B-Instruct-4bit,340.0,14524.0,0.0,0
2026-06-26T13:25:51.499,timeseries,3,Weather Report Extended v2,mlx-community/Llama-3.2-1B-Instruct-4bit,1888.0,13894.0,0.0,0
2026-06-26T13:25:51.566,timeseries,3,Weather Report Extended v2,mlx-community/Llama-3.2-1B-Instruct-4bit,5971.0,13205.0,0.0,0
2026-06-26T13:25:51.629,timeseries,3,Weather Report Extended v2,mlx-community/Llama-3.2-1B-Instruct-4bit,6456.0,15110.0,0.0,0
2026-06-26T13:25:51.692,timeseries,3,Weather Report Extended v2,mlx-community/Llama-3.2-1B-Instruct-4bit,6232.0,14423.0,0.0,0
2026-06-26T13:25:51.758,timeseries,3,Weather Report Extended v2,mlx-community/Llama-3.2-1B-Instruct-4bit,6215.0,15105.0,0.0,0
2026-06-26T13:25:51.820,timeseries,3,Weather Report Extended v2,mlx-community/Llama-3.2-1B-Instruct-4bit,5051.0,13149.0,0.0,0
2026-06-26T13:25:51.884,timeseries,3,Weather Report Extended v2,mlx-community/Llama-3.2-1B-Instruct-4bit,701.0,14697.0,0.0,0
2026-06-26T13:25:51.950,timeseries,3,Weather Report Extended v2,mlx-community/Llama-3.2-1B-Instruct-4bit,707.0,13425.0,0.0,0
2026-06-26T13:25:52.014,timeseries,3,Weather Report Extended v2,mlx-community/Llama-3.2-1B-Instruct-4bit,588.0,15332.0,0.0,0
2026-06-26T13:25:52.076,timeseries,3,Weather Report Extended v2,mlx-community/Llama-3.2-1B-Instruct-4bit,671.0,14184.0,0.0,0
2026-06-26T13:25:52.139,timeseries,3,Weather Report Extended v2,mlx-community/Llama-3.2-1B-Instruct-4bit,1352.0,15137.0,0.0,0
2026-06-26T13:25:52.202,timeseries,3,Weather Report Extended v2,mlx-community/Llama-3.2-1B-Instruct-4bit,908.0,13384.0,0.0,0
2026-06-26T13:25:52.267,timeseries,3,Weather Report Extended v2,mlx-community/Llama-3.2-1B-Instruct-4bit,845.0,15368.0,0.0,0
2026-06-26T13:25:52.327,timeseries,3,Weather Report Extended v2,mlx-community/Llama-3.2-1B-Instruct-4bit,1260.0,12936.0,0.0,0
2026-06-26T13:25:52.396,timeseries,3,Weather Report Extended v2,mlx-community/Llama-3.2-1B-Instruct-4bit,896.0,14681.0,0.0,0
2026-06-26T13:25:52.460,timeseries,3,Weather Report Extended v2,mlx-community/Llama-3.2-1B-Instruct-4bit,800.0,16001.0,0.0,0
2026-06-26T13:25:52.522,timeseries,3,Weather Report Extended v2,mlx-community/Llama-3.2-1B-Instruct-4bit,930.0,13914.0,0.0,0
2026-06-26T13:25:52.586,timeseries,3,Weather Report Extended v2,mlx-community/Llama-3.2-1B-Instruct-4bit,1205.0,12954.0,0.0,0
2026-06-26T13:25:52.652,timeseries,3,Weather Report Extended v2,mlx-community/Llama-3.2-1B-Instruct-4bit,924.0,15314.0,0.0,0
2026-06-26T13:25:52.719,timeseries,3,Weather Report Extended v2,mlx-community/Llama-3.2-1B-Instruct-4bit,719.0,14951.0,0.0,0
2026-06-26T13:25:52.784,timeseries,3,Weather Report Extended v2,mlx-community/Llama-3.2-1B-Instruct-4bit,689.0,14606.0,0.0,0
2026-06-26T13:25:52.850,timeseries,3,Weather Report Extended v2,mlx-community/Llama-3.2-1B-Instruct-4bit,638.0,12445.0,0.0,0
2026-06-26T13:25:52.917,timeseries,3,Weather Report Extended v2,mlx-community/Llama-3.2-1B-Instruct-4bit,844.0,14754.0,0.0,0
2026-06-26T13:25:52.984,timeseries,3,Weather Report Extended v2,mlx-community/Llama-3.2-1B-Instruct-4bit,745.0,14486.0,0.0,0
2026-06-26T13:25:53.047,timeseries,3,Weather Report Extended v2,mlx-community/Llama-3.2-1B-Instruct-4bit,985.0,14654.0,0.0,0
2026-06-26T13:25:53.114,timeseries,3,Weather Report Extended v2,mlx-community/Llama-3.2-1B-Instruct-4bit,989.0,14058.0,0.0,0
2026-06-26T13:25:53.181,timeseries,3,Weather Report Extended v2,mlx-community/Llama-3.2-1B-Instruct-4bit,873.0,15453.0,0.0,0
2026-06-26T13:25:53.248,timeseries,3,Weather Report Extended v2,mlx-community/Llama-3.2-1B-Instruct-4bit,621.0,14128.0,0.0,0
2026-06-26T13:25:53.314,timeseries,3,Weather Report Extended v2,mlx-community/Llama-3.2-1B-Instruct-4bit,895.0,14373.0,0.0,0
2026-06-26T13:25:53.379,timeseries,3,Weather Report Extended v2,mlx-community/Llama-3.2-1B-Instruct-4bit,891.0,14387.0,0.0,0
2026-06-26T13:25:53.448,timeseries,3,Weather Report Extended v2,mlx-community/Llama-3.2-1B-Instruct-4bit,823.0,14577.0,0.0,0
2026-06-26T13:25:53.508,timeseries,3,Weather Report Extended v2,mlx-community/Llama-3.2-1B-Instruct-4bit,1279.0,11952.0,0.0,0
2026-06-26T13:25:53.571,timeseries,3,Weather Report Extended v2,mlx-community/Llama-3.2-1B-Instruct-4bit,839.0,11250.0,0.0,0
2026-06-26T13:25:53.636,timeseries,3,Weather Report Extended v2,mlx-community/Llama-3.2-1B-Instruct-4bit,882.0,15851.0,0.0,0
2026-06-26T13:25:53.705,timeseries,3,Weather Report Extended v2,mlx-community/Llama-3.2-1B-Instruct-4bit,271.0,15112.0,0.0,0
2026-06-26T13:25:53.772,timeseries,3,Weather Report Extended v2,mlx-community/Llama-3.2-1B-Instruct-4bit,382.0,14581.0,0.0,0
2026-06-26T13:25:53.838,timeseries,3,Weather Report Extended v2,mlx-community/Llama-3.2-1B-Instruct-4bit,233.0,13950.0,0.0,0
2026-06-26T13:25:53.905,timeseries,3,Weather Report Extended v2,mlx-community/Llama-3.2-1B-Instruct-4bit,257.0,14144.0,0.0,0
2026-06-26T13:25:53.970,timeseries,3,Weather Report Extended v2,mlx-community/Llama-3.2-1B-Instruct-4bit,1877.0,13943.0,0.0,0
2026-06-26T13:25:54.037,timeseries,3,Weather Report Extended v2,mlx-community/Llama-3.2-1B-Instruct-4bit,995.0,14215.0,0.0,0
2026-06-26T13:25:54.100,timeseries,3,Weather Report Extended v2,mlx-community/Llama-3.2-1B-Instruct-4bit,844.0,14973.0,0.0,0
2026-06-26T13:25:54.164,timeseries,3,Weather Report Extended v2,mlx-community/Llama-3.2-1B-Instruct-4bit,447.0,12526.0,0.0,0
2026-06-26T13:25:54.228,timeseries,3,Weather Report Extended v2,mlx-community/Llama-3.2-1B-Instruct-4bit,504.0,14995.0,0.0,0
2026-06-26T13:25:54.291,timeseries,3,Weather Report Extended v2,mlx-community/Llama-3.2-1B-Instruct-4bit,236.0,14931.0,0.0,0
2026-06-26T13:25:54.357,timeseries,3,Weather Report Extended v2,mlx-community/Llama-3.2-1B-Instruct-4bit,422.0,12950.0,0.0,0
2026-06-26T13:25:54.421,timeseries,3,Weather Report Extended v2,mlx-community/Llama-3.2-1B-Instruct-4bit,376.0,14884.0,0.0,0
2026-06-26T13:25:54.485,timeseries,3,Weather Report Extended v2,mlx-community/Llama-3.2-1B-Instruct-4bit,246.0,14636.0,0.0,0
2026-06-26T13:25:54.548,timeseries,3,Weather Report Extended v2,mlx-community/Llama-3.2-1B-Instruct-4bit,528.0,14721.0,0.0,0
2026-06-26T13:25:54.612,timeseries,3,Weather Report Extended v2,mlx-community/Llama-3.2-1B-Instruct-4bit,533.0,12917.0,0.0,0
2026-06-26T13:25:54.677,timeseries,3,Weather Report Extended v2,mlx-community/Llama-3.2-1B-Instruct-4bit,588.0,14993.0,0.0,0
2026-06-26T13:25:54.740,timeseries,3,Weather Report Extended v2,mlx-community/Llama-3.2-1B-Instruct-4bit,297.0,14794.0,0.0,0
2026-06-26T13:25:54.806,timeseries,3,Weather Report Extended v2,mlx-community/Llama-3.2-1B-Instruct-4bit,259.0,12740.0,0.0,0
2026-06-26T13:25:54.871,timeseries,3,Weather Report Extended v2,mlx-community/Llama-3.2-1B-Instruct-4bit,448.0,15148.0,0.0,0
2026-06-26T13:25:54.935,timeseries,3,Weather Report Extended v2,mlx-community/Llama-3.2-1B-Instruct-4bit,271.0,14259.0,0.0,0
2026-06-26T13:25:55.001,timeseries,3,Weather Report Extended v2,mlx-community/Llama-3.2-1B-Instruct-4bit,398.0,14491.0,0.0,0
2026-06-26T13:25:55.065,timeseries,3,Weather Report Extended v2,mlx-community/Llama-3.2-1B-Instruct-4bit,281.0,14876.0,0.0,0
2026-06-26T13:25:55.130,timeseries,3,Weather Report Extended v2,mlx-community/Llama-3.2-1B-Instruct-4bit,642.0,12632.0,0.0,0
2026-06-26T13:25:55.193,timeseries,3,Weather Report Extended v2,mlx-community/Llama-3.2-1B-Instruct-4bit,309.0,14777.0,0.0,0
2026-06-26T13:25:55.258,timeseries,3,Weather Report Extended v2,mlx-community/Llama-3.2-1B-Instruct-4bit,345.0,14948.0,0.0,0
2026-06-26T13:25:55.324,timeseries,3,Weather Report Extended v2,mlx-community/Llama-3.2-1B-Instruct-4bit,251.0,13115.0,0.0,0
2026-06-26T13:25:55.390,timeseries,3,Weather Report Extended v2,mlx-community/Llama-3.2-1B-Instruct-4bit,326.0,14768.0,0.0,0
2026-06-26T13:25:55.457,timeseries,3,Weather Report Extended v2,mlx-community/Llama-3.2-1B-Instruct-4bit,468.0,14405.0,0.0,0
2026-06-26T13:25:55.523,timeseries,3,Weather Report Extended v2,mlx-community/Llama-3.2-1B-Instruct-4bit,228.0,14446.0,0.0,0
2026-06-26T13:25:55.585,timeseries,3,Weather Report Extended v2,mlx-community/Llama-3.2-1B-Instruct-4bit,416.0,14071.0,0.0,0
2026-06-26T13:25:55.651,timeseries,3,Weather Report Extended v2,mlx-community/Llama-3.2-1B-Instruct-4bit,511.0,14207.0,0.0,0
2026-06-26T13:25:55.719,timeseries,3,Weather Report Extended v2,mlx-community/Llama-3.2-1B-Instruct-4bit,451.0,15354.0,0.0,0
2026-06-26T13:25:55.788,timeseries,3,Weather Report Extended v2,mlx-community/Llama-3.2-1B-Instruct-4bit,213.0,14650.0,0.0,0
2026-06-26T13:25:55.854,timeseries,3,Weather Report Extended v2,mlx-community/Llama-3.2-1B-Instruct-4bit,191.0,14053.0,0.0,0
2026-06-26T13:25:55.923,timeseries,3,Weather Report Extended v2,mlx-community/Llama-3.2-1B-Instruct-4bit,436.0,13908.0,0.0,0
2026-06-26T13:25:55.990,timeseries,3,Weather Report Extended v2,mlx-community/Llama-3.2-1B-Instruct-4bit,197.0,14407.0,0.0,0
2026-06-26T13:25:56.053,timeseries,3,Weather Report Extended v2,mlx-community/Llama-3.2-1B-Instruct-4bit,390.0,13815.0,0.0,0
2026-06-26T13:25:56.122,timeseries,3,Weather Report Extended v2,mlx-community/Llama-3.2-1B-Instruct-4bit,312.0,14085.0,0.0,0
2026-06-26T13:25:56.185,timeseries,3,Weather Report Extended v2,mlx-community/Llama-3.2-1B-Instruct-4bit,462.0,15286.0,0.0,0
2026-06-26T13:25:56.251,timeseries,3,Weather Report Extended v2,mlx-community/Llama-3.2-1B-Instruct-4bit,352.0,13979.0,0.0,0
2026-06-26T13:25:56.318,timeseries,3,Weather Report Extended v2,mlx-community/Llama-3.2-1B-Instruct-4bit,267.0,14961.0,0.0,0
2026-06-26T13:25:56.381,timeseries,3,Weather Report Extended v2,mlx-community/Llama-3.2-1B-Instruct-4bit,516.0,14446.0,0.0,0
2026-06-26T13:25:56.448,timeseries,3,Weather Report Extended v2,mlx-community/Llama-3.2-1B-Instruct-4bit,252.0,12346.0,0.0,0
2026-06-26T13:25:56.517,timeseries,3,Weather Report Extended v2,mlx-community/Llama-3.2-1B-Instruct-4bit,420.0,15389.0,0.0,0
2026-06-26T13:25:56.578,timeseries,3,Weather Report Extended v2,mlx-community/Llama-3.2-1B-Instruct-4bit,191.0,13962.0,0.0,0
2026-06-26T13:25:56.642,timeseries,3,Weather Report Extended v2,mlx-community/Llama-3.2-1B-Instruct-4bit,656.0,13870.0,0.0,0
2026-06-26T13:25:56.708,timeseries,3,Weather Report Extended v2,mlx-community/Llama-3.2-1B-Instruct-4bit,521.0,13534.0,0.0,0
2026-06-26T13:25:56.774,timeseries,3,Weather Report Extended v2,mlx-community/Llama-3.2-1B-Instruct-4bit,595.0,14606.0,0.0,0
2026-06-26T13:25:56.841,timeseries,3,Weather Report Extended v2,mlx-community/Llama-3.2-1B-Instruct-4bit,287.0,14394.0,0.0,0
2026-06-26T13:25:56.906,timeseries,3,Weather Report Extended v2,mlx-community/Llama-3.2-1B-Instruct-4bit,365.0,14344.0,0.0,0
2026-06-26T13:25:56.974,timeseries,3,Weather Report Extended v2,mlx-community/Llama-3.2-1B-Instruct-4bit,524.0,14092.0,0.0,0
2026-06-26T13:25:57.040,timeseries,3,Weather Report Extended v2,mlx-community/Llama-3.2-1B-Instruct-4bit,341.0,14613.0,0.0,0
2026-06-26T13:25:57.103,timeseries,3,Weather Report Extended v2,mlx-community/Llama-3.2-1B-Instruct-4bit,395.0,13723.0,0.0,0
2026-06-26T13:25:57.168,timeseries,3,Weather Report Extended v2,mlx-community/Llama-3.2-1B-Instruct-4bit,616.0,14529.0,0.0,0
2026-06-26T13:25:57.235,timeseries,3,Weather Report Extended v2,mlx-community/Llama-3.2-1B-Instruct-4bit,217.0,14709.0,0.0,0
2026-06-26T13:25:57.300,timeseries,3,Weather Report Extended v2,mlx-community/Llama-3.2-1B-Instruct-4bit,478.0,14567.0,0.0,0
2026-06-26T13:25:57.365,timeseries,3,Weather Report Extended v2,mlx-community/Llama-3.2-1B-Instruct-4bit,375.0,12375.0,0.0,0
2026-06-26T13:25:57.433,timeseries,3,Weather Report Extended v2,mlx-community/Llama-3.2-1B-Instruct-4bit,215.0,14498.0,0.0,0
2026-06-26T13:25:57.499,timeseries,3,Weather Report Extended v2,mlx-community/Llama-3.2-1B-Instruct-4bit,382.0,14625.0,0.0,0
2026-06-26T13:25:57.564,timeseries,3,Weather Report Extended v2,mlx-community/Llama-3.2-1B-Instruct-4bit,221.0,14081.0,0.0,0
2026-06-26T13:25:57.630,timeseries,3,Weather Report Extended v2,mlx-community/Llama-3.2-1B-Instruct-4bit,677.0,14128.0,0.0,0
2026-06-26T13:25:57.694,timeseries,3,Weather Report Extended v2,mlx-community/Llama-3.2-1B-Instruct-4bit,374.0,14557.0,0.0,0
2026-06-26T13:25:57.758,timeseries,3,Weather Report Extended v2,mlx-community/Llama-3.2-1B-Instruct-4bit,650.0,14292.0,0.0,0
2026-06-26T13:25:57.822,timeseries,3,Weather Report Extended v2,mlx-community/Llama-3.2-1B-Instruct-4bit,374.0,13062.0,0.0,0
2026-06-26T13:25:57.888,timeseries,3,Weather Report Extended v2,mlx-community/Llama-3.2-1B-Instruct-4bit,677.0,14723.0,0.0,0
2026-06-26T13:25:57.951,timeseries,3,Weather Report Extended v2,mlx-community/Llama-3.2-1B-Instruct-4bit,701.0,14932.0,0.0,0
2026-06-26T13:25:58.017,timeseries,3,Weather Report Extended v2,mlx-community/Llama-3.2-1B-Instruct-4bit,379.0,14511.0,0.0,0
2026-06-26T13:25:58.080,timeseries,3,Weather Report Extended v2,mlx-community/Llama-3.2-1B-Instruct-4bit,393.0,13052.0,0.0,0
2026-06-26T13:25:58.144,timeseries,3,Weather Report Extended v2,mlx-community/Llama-3.2-1B-Instruct-4bit,744.0,14331.0,0.0,0
2026-06-26T13:25:58.210,timeseries,3,Weather Report Extended v2,mlx-community/Llama-3.2-1B-Instruct-4bit,317.0,15105.0,0.0,0
2026-06-26T13:25:58.274,timeseries,3,Weather Report Extended v2,mlx-community/Llama-3.2-1B-Instruct-4bit,623.0,14800.0,0.0,0
2026-06-26T13:25:58.338,timeseries,3,Weather Report Extended v2,mlx-community/Llama-3.2-1B-Instruct-4bit,448.0,12771.0,0.0,0
2026-06-26T13:25:58.402,timeseries,3,Weather Report Extended v2,mlx-community/Llama-3.2-1B-Instruct-4bit,577.0,14694.0,0.0,0
2026-06-26T13:25:58.467,timeseries,3,Weather Report Extended v2,mlx-community/Llama-3.2-1B-Instruct-4bit,395.0,14944.0,0.0,0
2026-06-26T13:25:58.533,timeseries,3,Weather Report Extended v2,mlx-community/Llama-3.2-1B-Instruct-4bit,335.0,12626.0,0.0,0
2026-06-26T13:25:58.594,timeseries,3,Weather Report Extended v2,mlx-community/Llama-3.2-1B-Instruct-4bit,912.0,12338.0,0.0,0
2026-06-26T13:25:58.660,timeseries,3,Weather Report Extended v2,mlx-community/Llama-3.2-1B-Instruct-4bit,672.0,13050.0,0.0,0
2026-06-26T13:25:58.724,timeseries,3,Weather Report Extended v2,mlx-community/Llama-3.2-1B-Instruct-4bit,325.0,15440.0,0.0,0
2026-06-26T13:25:58.790,timeseries,3,Weather Report Extended v2,mlx-community/Llama-3.2-1B-Instruct-4bit,505.0,12526.0,0.0,0
2026-06-26T13:25:58.857,timeseries,3,Weather Report Extended v2,mlx-community/Llama-3.2-1B-Instruct-4bit,311.0,14899.0,0.0,0
2026-06-26T13:25:58.925,timeseries,3,Weather Report Extended v2,mlx-community/Llama-3.2-1B-Instruct-4bit,270.0,14216.0,0.0,0
2026-06-26T13:25:58.989,timeseries,3,Weather Report Extended v2,mlx-community/Llama-3.2-1B-Instruct-4bit,434.0,14358.0,0.0,0
2026-06-26T13:25:59.055,timeseries,3,Weather Report Extended v2,mlx-community/Llama-3.2-1B-Instruct-4bit,1277.0,13561.0,0.0,0
2026-06-26T13:25:59.121,timeseries,3,Weather Report Extended v2,mlx-community/Llama-3.2-1B-Instruct-4bit,2700.0,14718.0,0.0,0
2026-06-26T13:25:59.186,timeseries,3,Weather Report Extended v2,mlx-community/Llama-3.2-1B-Instruct-4bit,629.0,14752.0,0.0,0
2026-06-26T13:25:59.249,timeseries,3,Weather Report Extended v2,mlx-community/Llama-3.2-1B-Instruct-4bit,467.0,14585.0,0.0,0
2026-06-26T13:25:59.318,timeseries,3,Weather Report Extended v2,mlx-community/Llama-3.2-1B-Instruct-4bit,615.0,12857.0,0.0,0
2026-06-26T13:25:59.385,timeseries,3,Weather Report Extended v2,mlx-community/Llama-3.2-1B-Instruct-4bit,900.0,16680.0,0.0,0
2026-06-26T13:25:59.452,timeseries,3,Weather Report Extended v2,mlx-community/Llama-3.2-1B-Instruct-4bit,1399.0,13987.0,0.0,0
2026-06-26T13:25:59.516,timeseries,3,Weather Report Extended v2,mlx-community/Llama-3.2-1B-Instruct-4bit,418.0,14475.0,0.0,0
2026-06-26T13:25:59.579,timeseries,3,Weather Report Extended v2,mlx-community/Llama-3.2-1B-Instruct-4bit,430.0,12438.0,0.0,0
2026-06-26T13:25:59.643,timeseries,3,Weather Report Extended v2,mlx-community/Llama-3.2-1B-Instruct-4bit,674.0,14969.0,0.0,0
2026-06-26T13:25:59.708,timeseries,3,Weather Report Extended v2,mlx-community/Llama-3.2-1B-Instruct-4bit,289.0,15238.0,0.0,0
2026-06-26T13:25:59.772,timeseries,3,Weather Report Extended v2,mlx-community/Llama-3.2-1B-Instruct-4bit,559.0,12877.0,0.0,0
2026-06-26T13:25:59.838,timeseries,3,Weather Report Extended v2,mlx-community/Llama-3.2-1B-Instruct-4bit,389.0,14813.0,0.0,0
2026-06-26T13:25:59.902,timeseries,3,Weather Report Extended v2,mlx-community/Llama-3.2-1B-Instruct-4bit,261.0,14657.0,0.0,0
2026-06-26T13:25:59.967,timeseries,3,Weather Report Extended v2,mlx-community/Llama-3.2-1B-Instruct-4bit,519.0,14486.0,0.0,0
2026-06-26T13:26:00.032,timeseries,3,Weather Report Extended v2,mlx-community/Llama-3.2-1B-Instruct-4bit,315.0,13166.0,0.0,0
2026-06-26T13:26:00.095,timeseries,3,Weather Report Extended v2,mlx-community/Llama-3.2-1B-Instruct-4bit,646.0,14520.0,0.0,0
2026-06-26T13:26:00.160,timeseries,3,Weather Report Extended v2,mlx-community/Llama-3.2-1B-Instruct-4bit,397.0,14552.0,0.0,0
2026-06-26T13:26:00.227,timeseries,3,Weather Report Extended v2,mlx-community/Llama-3.2-1B-Instruct-4bit,488.0,14871.0,0.0,0
2026-06-26T13:26:00.292,timeseries,3,Weather Report Extended v2,mlx-community/Llama-3.2-1B-Instruct-4bit,230.0,14718.0,0.0,0
2026-06-26T13:26:00.359,timeseries,3,Weather Report Extended v2,mlx-community/Llama-3.2-1B-Instruct-4bit,374.0,12382.0,0.0,0
2026-06-26T13:26:00.426,timeseries,3,Weather Report Extended v2,mlx-community/Llama-3.2-1B-Instruct-4bit,323.0,14553.0,0.0,0
2026-06-26T13:26:00.494,timeseries,3,Weather Report Extended v2,mlx-community/Llama-3.2-1B-Instruct-4bit,450.0,14262.0,0.0,0
2026-06-26T13:26:00.557,timeseries,3,Weather Report Extended v2,mlx-community/Llama-3.2-1B-Instruct-4bit,225.0,16132.0,0.0,0
2026-06-26T13:26:00.625,timeseries,3,Weather Report Extended v2,mlx-community/Llama-3.2-1B-Instruct-4bit,515.0,12103.0,0.0,0
2026-06-26T13:26:00.693,timeseries,3,Weather Report Extended v2,mlx-community/Llama-3.2-1B-Instruct-4bit,251.0,14951.0,0.0,0
2026-06-26T13:26:00.759,timeseries,3,Weather Report Extended v2,mlx-community/Llama-3.2-1B-Instruct-4bit,401.0,15958.0,0.0,0
2026-06-26T13:26:00.825,timeseries,3,Weather Report Extended v2,mlx-community/Llama-3.2-1B-Instruct-4bit,264.0,12328.0,0.0,0
2026-06-26T13:26:00.893,timeseries,3,Weather Report Extended v2,mlx-community/Llama-3.2-1B-Instruct-4bit,347.0,14227.0,0.0,0
2026-06-26T13:26:00.956,timeseries,3,Weather Report Extended v2,mlx-community/Llama-3.2-1B-Instruct-4bit,396.0,16385.0,0.0,0
2026-06-26T13:26:01.021,timeseries,3,Weather Report Extended v2,mlx-community/Llama-3.2-1B-Instruct-4bit,253.0,12567.0,0.0,0
2026-06-26T13:26:01.085,timeseries,3,Weather Report Extended v2,mlx-community/Llama-3.2-1B-Instruct-4bit,391.0,14990.0,0.0,0
2026-06-26T13:26:01.153,timeseries,3,Weather Report Extended v2,mlx-community/Llama-3.2-1B-Instruct-4bit,475.0,14587.0,0.0,0
2026-06-26T13:26:01.219,timeseries,3,Weather Report Extended v2,mlx-community/Llama-3.2-1B-Instruct-4bit,392.0,15075.0,0.0,0
2026-06-26T13:26:01.284,timeseries,3,Weather Report Extended v2,mlx-community/Llama-3.2-1B-Instruct-4bit,223.0,14296.0,0.0,0
2026-06-26T13:26:01.352,timeseries,3,Weather Report Extended v2,mlx-community/Llama-3.2-1B-Instruct-4bit,344.0,12485.0,0.0,0
2026-06-26T13:26:01.420,timeseries,3,Weather Report Extended v2,mlx-community/Llama-3.2-1B-Instruct-4bit,279.0,16665.0,0.0,0
2026-06-26T13:26:01.489,timeseries,3,Weather Report Extended v2,mlx-community/Llama-3.2-1B-Instruct-4bit,472.0,13992.0,0.0,0
2026-06-26T13:26:01.558,timeseries,3,Weather Report Extended v2,mlx-community/Llama-3.2-1B-Instruct-4bit,1022.0,13946.0,0.0,0
2026-06-26T13:26:01.623,timeseries,3,Weather Report Extended v2,mlx-community/Llama-3.2-1B-Instruct-4bit,5968.0,13122.0,0.0,0
2026-06-26T13:26:01.690,timeseries,3,Weather Report Extended v2,mlx-community/Llama-3.2-1B-Instruct-4bit,10502.0,13316.0,0.0,0
2026-06-26T13:26:01.758,timeseries,3,Weather Report Extended v2,mlx-community/Llama-3.2-1B-Instruct-4bit,6053.0,14772.0,0.0,0
2026-06-26T13:26:01.825,timeseries,3,Weather Report Extended v2,mlx-community/Llama-3.2-1B-Instruct-4bit,4797.0,14332.0,0.0,0
2026-06-26T13:26:01.892,timeseries,3,Weather Report Extended v2,mlx-community/Llama-3.2-1B-Instruct-4bit,6814.0,13408.0,0.0,0
2026-06-26T13:26:01.960,timeseries,3,Weather Report Extended v2,mlx-community/Llama-3.2-1B-Instruct-4bit,5140.0,13857.0,0.0,0
2026-06-26T13:26:02.029,timeseries,3,Weather Report Extended v2,mlx-community/Llama-3.2-1B-Instruct-4bit,6047.0,15724.0,0.0,0
2026-06-26T13:26:02.093,timeseries,3,Weather Report Extended v2,mlx-community/Llama-3.2-1B-Instruct-4bit,6432.0,13507.0,0.0,0
2026-06-26T13:26:02.165,timeseries,3,Weather Report Extended v2,mlx-community/Llama-3.2-1B-Instruct-4bit,10136.0,12584.0,0.0,0
2026-06-26T13:26:02.231,timeseries,3,Weather Report Extended v2,mlx-community/Llama-3.2-1B-Instruct-4bit,14299.0,13589.0,0.0,0
2026-06-26T13:26:02.296,timeseries,3,Weather Report Extended v2,mlx-community/Llama-3.2-1B-Instruct-4bit,10914.0,11821.0,0.0,0
2026-06-26T13:26:02.362,timeseries,3,Weather Report Extended v2,mlx-community/Llama-3.2-1B-Instruct-4bit,3954.0,14178.0,0.0,0
2026-06-26T13:26:02.425,timeseries,3,Weather Report Extended v2,mlx-community/Llama-3.2-1B-Instruct-4bit,2286.0,14479.0,0.0,0
2026-06-26T13:26:02.488,timeseries,3,Weather Report Extended v2,mlx-community/Llama-3.2-1B-Instruct-4bit,5708.0,12189.0,0.0,0
2026-06-26T13:26:02.552,timeseries,3,Weather Report Extended v2,mlx-community/Llama-3.2-1B-Instruct-4bit,2229.0,15019.0,0.0,0
2026-06-26T13:26:02.620,timeseries,3,Weather Report Extended v2,mlx-community/Llama-3.2-1B-Instruct-4bit,572.0,15074.0,0.0,0
2026-06-26T13:26:02.687,timeseries,3,Weather Report Extended v2,mlx-community/Llama-3.2-1B-Instruct-4bit,453.0,14970.0,0.0,0
2026-06-26T13:26:02.755,timeseries,3,Weather Report Extended v2,mlx-community/Llama-3.2-1B-Instruct-4bit,486.0,14126.0,0.0,0
2026-06-26T13:26:02.823,timeseries,3,Weather Report Extended v2,mlx-community/Llama-3.2-1B-Instruct-4bit,875.0,13940.0,0.0,0
2026-06-26T13:26:02.889,timeseries,3,Weather Report Extended v2,mlx-community/Llama-3.2-1B-Instruct-4bit,1982.0,13936.0,0.0,0
2026-06-26T13:26:02.955,timeseries,3,Weather Report Extended v2,mlx-community/Llama-3.2-1B-Instruct-4bit,312.0,14306.0,0.0,0
2026-06-26T13:26:03.018,timeseries,3,Weather Report Extended v2,mlx-community/Llama-3.2-1B-Instruct-4bit,360.0,14430.0,0.0,0
2026-06-26T13:26:03.085,timeseries,3,Weather Report Extended v2,mlx-community/Llama-3.2-1B-Instruct-4bit,307.0,14560.0,0.0,0
2026-06-26T13:26:03.152,timeseries,3,Weather Report Extended v2,mlx-community/Llama-3.2-1B-Instruct-4bit,639.0,14807.0,0.0,0
2026-06-26T13:26:03.218,timeseries,3,Weather Report Extended v2,mlx-community/Llama-3.2-1B-Instruct-4bit,239.0,14269.0,0.0,0
2026-06-26T13:26:03.283,timeseries,3,Weather Report Extended v2,mlx-community/Llama-3.2-1B-Instruct-4bit,644.0,14281.0,0.0,0
2026-06-26T13:26:03.348,timeseries,3,Weather Report Extended v2,mlx-community/Llama-3.2-1B-Instruct-4bit,503.0,12677.0,0.0,0
2026-06-26T13:26:03.412,timeseries,3,Weather Report Extended v2,mlx-community/Llama-3.2-1B-Instruct-4bit,296.0,14886.0,0.0,0
2026-06-26T13:26:03.477,timeseries,3,Weather Report Extended v2,mlx-community/Llama-3.2-1B-Instruct-4bit,307.0,14663.0,0.0,0
2026-06-26T13:26:03.540,timeseries,3,Weather Report Extended v2,mlx-community/Llama-3.2-1B-Instruct-4bit,339.0,14658.0,0.0,0
2026-06-26T13:26:03.605,timeseries,3,Weather Report Extended v2,mlx-community/Llama-3.2-1B-Instruct-4bit,496.0,12718.0,0.0,0
2026-06-26T13:26:03.675,timeseries,3,Weather Report Extended v2,mlx-community/Llama-3.2-1B-Instruct-4bit,798.0,14887.0,0.0,0
2026-06-26T13:26:03.743,timeseries,3,Weather Report Extended v2,mlx-community/Llama-3.2-1B-Instruct-4bit,477.0,14539.0,0.0,0
2026-06-26T13:26:03.805,timeseries,3,Weather Report Extended v2,mlx-community/Llama-3.2-1B-Instruct-4bit,647.0,12268.0,0.0,0
2026-06-26T13:26:03.871,timeseries,3,Weather Report Extended v2,mlx-community/Llama-3.2-1B-Instruct-4bit,487.0,11952.0,0.0,0
2026-06-26T13:26:03.935,timeseries,3,Weather Report Extended v2,mlx-community/Llama-3.2-1B-Instruct-4bit,368.0,15130.0,0.0,0
2026-06-26T13:26:03.998,timeseries,3,Weather Report Extended v2,mlx-community/Llama-3.2-1B-Instruct-4bit,258.0,14387.0,0.0,0
2026-06-26T13:26:04.061,timeseries,3,Weather Report Extended v2,mlx-community/Llama-3.2-1B-Instruct-4bit,346.0,13117.0,0.0,0
2026-06-26T13:26:04.123,timeseries,3,Weather Report Extended v2,mlx-community/Llama-3.2-1B-Instruct-4bit,440.0,14833.0,0.0,0
2026-06-26T13:26:04.191,timeseries,3,Weather Report Extended v2,mlx-community/Llama-3.2-1B-Instruct-4bit,404.0,13485.0,0.0,0
2026-06-26T13:26:04.257,timeseries,3,Weather Report Extended v2,mlx-community/Llama-3.2-1B-Instruct-4bit,2538.0,15054.0,0.0,0
2026-06-26T13:26:04.324,timeseries,3,Weather Report Extended v2,mlx-community/Llama-3.2-1B-Instruct-4bit,884.0,13965.0,0.0,0
2026-06-26T13:26:04.385,timeseries,3,Weather Report Extended v2,mlx-community/Llama-3.2-1B-Instruct-4bit,713.0,14524.0,0.0,0
2026-06-26T13:26:04.450,timeseries,3,Weather Report Extended v2,mlx-community/Llama-3.2-1B-Instruct-4bit,541.0,14388.0,0.0,0
2026-06-26T13:26:04.517,timeseries,3,Weather Report Extended v2,mlx-community/Llama-3.2-1B-Instruct-4bit,458.0,13568.0,0.0,0
2026-06-26T13:26:04.582,timeseries,3,Weather Report Extended v2,mlx-community/Llama-3.2-1B-Instruct-4bit,323.0,14640.0,0.0,0
2026-06-26T13:26:04.650,timeseries,3,Weather Report Extended v2,mlx-community/Llama-3.2-1B-Instruct-4bit,494.0,14216.0,0.0,0
2026-06-26T13:26:04.717,timeseries,3,Weather Report Extended v2,mlx-community/Llama-3.2-1B-Instruct-4bit,350.0,14345.0,0.0,0
2026-06-26T13:26:04.785,timeseries,3,Weather Report Extended v2,mlx-community/Llama-3.2-1B-Instruct-4bit,430.0,13922.0,0.0,0
2026-06-26T13:26:04.851,timeseries,3,Weather Report Extended v2,mlx-community/Llama-3.2-1B-Instruct-4bit,296.0,15735.0,0.0,0
2026-06-26T13:26:04.918,timeseries,3,Weather Report Extended v2,mlx-community/Llama-3.2-1B-Instruct-4bit,265.0,13960.0,0.0,0
2026-06-26T13:26:04.984,timeseries,3,Weather Report Extended v2,mlx-community/Llama-3.2-1B-Instruct-4bit,320.0,12766.0,0.0,0
2026-06-26T13:26:05.048,timeseries,3,Weather Report Extended v2,mlx-community/Llama-3.2-1B-Instruct-4bit,332.0,14307.0,0.0,0
2026-06-26T13:26:05.115,timeseries,3,Weather Report Extended v2,mlx-community/Llama-3.2-1B-Instruct-4bit,541.0,14210.0,0.0,0
2026-06-26T13:26:05.183,timeseries,3,Weather Report Extended v2,mlx-community/Llama-3.2-1B-Instruct-4bit,374.0,14819.0,0.0,0
2026-06-26T13:26:05.253,timeseries,3,Weather Report Extended v2,mlx-community/Llama-3.2-1B-Instruct-4bit,254.0,14190.0,0.0,0
2026-06-26T13:26:05.317,timeseries,3,Weather Report Extended v2,mlx-community/Llama-3.2-1B-Instruct-4bit,278.0,15530.0,0.0,0
2026-06-26T13:26:05.384,timeseries,3,Weather Report Extended v2,mlx-community/Llama-3.2-1B-Instruct-4bit,577.0,11836.0,0.0,0
2026-06-26T13:26:05.452,timeseries,3,Weather Report Extended v2,mlx-community/Llama-3.2-1B-Instruct-4bit,354.0,14592.0,0.0,0
2026-06-26T13:26:05.520,timeseries,3,Weather Report Extended v2,mlx-community/Llama-3.2-1B-Instruct-4bit,302.0,16092.0,0.0,0
2026-06-26T13:26:05.584,timeseries,3,Weather Report Extended v2,mlx-community/Llama-3.2-1B-Instruct-4bit,278.0,13945.0,0.0,0
2026-06-26T13:26:05.652,timeseries,3,Weather Report Extended v2,mlx-community/Llama-3.2-1B-Instruct-4bit,400.0,12339.0,0.0,0
2026-06-26T13:26:05.719,timeseries,3,Weather Report Extended v2,mlx-community/Llama-3.2-1B-Instruct-4bit,203.0,16748.0,0.0,0
2026-06-26T13:26:05.785,timeseries,3,Weather Report Extended v2,mlx-community/Llama-3.2-1B-Instruct-4bit,249.0,13932.0,0.0,0
2026-06-26T13:26:05.852,timeseries,3,Weather Report Extended v2,mlx-community/Llama-3.2-1B-Instruct-4bit,212.0,14506.0,0.0,0
2026-06-26T13:26:05.918,timeseries,3,Weather Report Extended v2,mlx-community/Llama-3.2-1B-Instruct-4bit,227.0,14493.0,0.0,0
2026-06-26T13:26:05.985,timeseries,3,Weather Report Extended v2,mlx-community/Llama-3.2-1B-Instruct-4bit,268.0,14145.0,0.0,0
2026-06-26T13:26:06.048,timeseries,3,Weather Report Extended v2,mlx-community/Llama-3.2-1B-Instruct-4bit,224.0,14286.0,0.0,0
2026-06-26T13:26:06.113,timeseries,3,Weather Report Extended v2,mlx-community/Llama-3.2-1B-Instruct-4bit,410.0,12578.0,0.0,0
2026-06-26T13:26:06.177,timeseries,3,Weather Report Extended v2,mlx-community/Llama-3.2-1B-Instruct-4bit,347.0,15116.0,0.0,0
2026-06-26T13:26:06.246,timeseries,3,Weather Report Extended v2,mlx-community/Llama-3.2-1B-Instruct-4bit,365.0,14323.0,0.0,0
2026-06-26T13:26:06.310,timeseries,3,Weather Report Extended v2,mlx-community/Llama-3.2-1B-Instruct-4bit,346.0,14921.0,0.0,0
2026-06-26T13:26:06.378,timeseries,3,Weather Report Extended v2,mlx-community/Llama-3.2-1B-Instruct-4bit,407.0,13818.0,0.0,0
2026-06-26T13:26:06.445,timeseries,3,Weather Report Extended v2,mlx-community/Llama-3.2-1B-Instruct-4bit,251.0,15016.0,0.0,0
2026-06-26T13:26:06.512,timeseries,3,Weather Report Extended v2,mlx-community/Llama-3.2-1B-Instruct-4bit,237.0,14057.0,0.0,0
2026-06-26T13:26:06.576,timeseries,3,Weather Report Extended v2,mlx-community/Llama-3.2-1B-Instruct-4bit,180.0,14368.0,0.0,0
2026-06-26T13:26:06.645,timeseries,3,Weather Report Extended v2,mlx-community/Llama-3.2-1B-Instruct-4bit,408.0,12153.0,0.0,0
2026-06-26T13:26:06.714,timeseries,3,Weather Report Extended v2,mlx-community/Llama-3.2-1B-Instruct-4bit,284.0,16874.0,0.0,0
2026-06-26T13:26:06.782,timeseries,3,Weather Report Extended v2,mlx-community/Llama-3.2-1B-Instruct-4bit,331.0,13587.0,0.0,0
2026-06-26T13:26:06.851,timeseries,3,Weather Report Extended v2,mlx-community/Llama-3.2-1B-Instruct-4bit,217.0,13771.0,0.0,0
2026-06-26T13:26:06.920,timeseries,3,Weather Report Extended v2,mlx-community/Llama-3.2-1B-Instruct-4bit,425.0,15383.0,0.0,0
2026-06-26T13:26:06.987,timeseries,3,Weather Report Extended v2,mlx-community/Llama-3.2-1B-Instruct-4bit,320.0,13721.0,0.0,0
2026-06-26T13:26:07.050,timeseries,3,Weather Report Extended v2,mlx-community/Llama-3.2-1B-Instruct-4bit,291.0,13828.0,0.0,0
2026-06-26T13:26:07.114,timeseries,3,Weather Report Extended v2,mlx-community/Llama-3.2-1B-Instruct-4bit,342.0,12345.0,0.0,0
2026-06-26T13:26:07.177,timeseries,3,Weather Report Extended v2,mlx-community/Llama-3.2-1B-Instruct-4bit,398.0,15233.0,0.0,0
2026-06-26T13:26:07.244,timeseries,3,Weather Report Extended v2,mlx-community/Llama-3.2-1B-Instruct-4bit,300.0,15117.0,0.0,0
2026-06-26T13:26:07.310,timeseries,3,Weather Report Extended v2,mlx-community/Llama-3.2-1B-Instruct-4bit,254.0,15186.0,0.0,0
2026-06-26T13:26:07.377,timeseries,3,Weather Report Extended v2,mlx-community/Llama-3.2-1B-Instruct-4bit,328.0,14245.0,0.0,0
2026-06-26T13:26:07.443,timeseries,3,Weather Report Extended v2,mlx-community/Llama-3.2-1B-Instruct-4bit,257.0,14448.0,0.0,0
2026-06-26T13:26:07.510,timeseries,3,Weather Report Extended v2,mlx-community/Llama-3.2-1B-Instruct-4bit,255.0,14339.0,0.0,0
2026-06-26T13:26:07.575,timeseries,3,Weather Report Extended v2,mlx-community/Llama-3.2-1B-Instruct-4bit,269.0,14162.0,0.0,0
2026-06-26T13:26:07.640,timeseries,3,Weather Report Extended v2,mlx-community/Llama-3.2-1B-Instruct-4bit,454.0,12577.0,0.0,0
2026-06-26T13:26:07.709,timeseries,3,Weather Report Extended v2,mlx-community/Llama-3.2-1B-Instruct-4bit,371.0,14631.0,0.0,0
2026-06-26T13:26:07.777,timeseries,3,Weather Report Extended v2,mlx-community/Llama-3.2-1B-Instruct-4bit,322.0,14458.0,0.0,0
2026-06-26T13:26:07.845,timeseries,3,Weather Report Extended v2,mlx-community/Llama-3.2-1B-Instruct-4bit,302.0,15297.0,0.0,0
2026-06-26T13:26:07.914,timeseries,3,Weather Report Extended v2,mlx-community/Llama-3.2-1B-Instruct-4bit,191.0,14137.0,0.0,0
2026-06-26T13:26:07.976,timeseries,3,Weather Report Extended v2,mlx-community/Llama-3.2-1B-Instruct-4bit,765.0,14077.0,0.0,0
2026-06-26T13:26:08.038,timeseries,3,Weather Report Extended v2,mlx-community/Llama-3.2-1B-Instruct-4bit,417.0,13814.0,0.0,0
2026-06-26T13:26:08.101,timeseries,3,Weather Report Extended v2,mlx-community/Llama-3.2-1B-Instruct-4bit,435.0,13413.0,0.0,0
2026-06-26T13:26:08.163,timeseries,3,Weather Report Extended v2,mlx-community/Llama-3.2-1B-Instruct-4bit,358.0,15506.0,0.0,0
2026-06-26T13:26:08.227,timeseries,3,Weather Report Extended v2,mlx-community/Llama-3.2-1B-Instruct-4bit,350.0,13392.0,0.0,0
2026-06-26T13:26:08.290,timeseries,3,Weather Report Extended v2,mlx-community/Llama-3.2-1B-Instruct-4bit,256.0,15289.0,0.0,0
2026-06-26T13:26:08.355,timeseries,3,Weather Report Extended v2,mlx-community/Llama-3.2-1B-Instruct-4bit,422.0,13041.0,0.0,0
2026-06-26T13:26:08.419,timeseries,3,Weather Report Extended v2,mlx-community/Llama-3.2-1B-Instruct-4bit,346.0,15118.0,0.0,0
2026-06-26T13:26:08.483,timeseries,3,Weather Report Extended v2,mlx-community/Llama-3.2-1B-Instruct-4bit,277.0,14756.0,0.0,0
2026-06-26T13:26:08.550,timeseries,3,Weather Report Extended v2,mlx-community/Llama-3.2-1B-Instruct-4bit,268.0,13312.0,0.0,0
2026-06-26T13:26:08.610,timeseries,3,Weather Report Extended v2,mlx-community/Llama-3.2-1B-Instruct-4bit,713.0,14566.0,0.0,0
2026-06-26T13:26:08.678,timeseries,3,Weather Report Extended v2,mlx-community/Llama-3.2-1B-Instruct-4bit,2683.0,14041.0,0.0,0
2026-06-26T13:26:08.744,timeseries,3,Weather Report Extended v2,mlx-community/Llama-3.2-1B-Instruct-4bit,998.0,15976.0,0.0,0
2026-06-26T13:26:08.812,timeseries,3,Weather Report Extended v2,mlx-community/Llama-3.2-1B-Instruct-4bit,474.0,14215.0,0.0,0
2026-06-26T13:26:08.882,timeseries,3,Weather Report Extended v2,mlx-community/Llama-3.2-1B-Instruct-4bit,424.0,14569.0,0.0,0
2026-06-26T13:26:08.949,timeseries,3,Weather Report Extended v2,mlx-community/Llama-3.2-1B-Instruct-4bit,1003.0,12947.0,0.0,0
2026-06-26T13:26:09.015,timeseries,3,Weather Report Extended v2,mlx-community/Llama-3.2-1B-Instruct-4bit,974.0,11598.0,0.0,0
2026-06-26T13:26:09.081,timeseries,3,Weather Report Extended v2,mlx-community/Llama-3.2-1B-Instruct-4bit,523.0,14352.0,0.0,0
2026-06-26T13:26:09.148,timeseries,3,Weather Report Extended v2,mlx-community/Llama-3.2-1B-Instruct-4bit,998.0,14530.0,0.0,0
2026-06-26T13:26:09.215,timeseries,3,Weather Report Extended v2,mlx-community/Llama-3.2-1B-Instruct-4bit,630.0,14381.0,0.0,0
2026-06-26T13:26:09.279,timeseries,3,Weather Report Extended v2,mlx-community/Llama-3.2-1B-Instruct-4bit,806.0,14340.0,0.0,0
2026-06-26T13:26:09.344,timeseries,3,Weather Report Extended v2,mlx-community/Llama-3.2-1B-Instruct-4bit,1377.0,14174.0,0.0,0
2026-06-26T13:26:09.414,timeseries,3,Weather Report Extended v2,mlx-community/Llama-3.2-1B-Instruct-4bit,3061.0,14916.0,0.0,0
2026-06-26T13:26:09.481,timeseries,3,Weather Report Extended v2,mlx-community/Llama-3.2-1B-Instruct-4bit,2125.0,14689.0,0.0,0
2026-06-26T13:26:09.549,timeseries,3,Weather Report Extended v2,mlx-community/Llama-3.2-1B-Instruct-4bit,569.0,13590.0,0.0,0
2026-06-26T13:26:09.611,timeseries,3,Weather Report Extended v2,mlx-community/Llama-3.2-1B-Instruct-4bit,696.0,14240.0,0.0,0
2026-06-26T13:26:09.676,timeseries,3,Weather Report Extended v2,mlx-community/Llama-3.2-1B-Instruct-4bit,502.0,14149.0,0.0,0
2026-06-26T13:26:09.737,timeseries,3,Weather Report Extended v2,mlx-community/Llama-3.2-1B-Instruct-4bit,340.0,13570.0,0.0,0
2026-06-26T13:26:09.804,timeseries,3,Weather Report Extended v2,mlx-community/Llama-3.2-1B-Instruct-4bit,385.0,14732.0,0.0,0
2026-06-26T13:26:09.871,timeseries,3,Weather Report Extended v2,mlx-community/Llama-3.2-1B-Instruct-4bit,359.0,15612.0,0.0,0
2026-06-26T13:26:09.940,timeseries,3,Weather Report Extended v2,mlx-community/Llama-3.2-1B-Instruct-4bit,211.0,14423.0,0.0,0
2026-06-26T13:26:10.007,timeseries,3,Weather Report Extended v2,mlx-community/Llama-3.2-1B-Instruct-4bit,208.0,14291.0,0.0,0
2026-06-26T13:26:10.069,timeseries,3,Weather Report Extended v2,mlx-community/Llama-3.2-1B-Instruct-4bit,217.0,13923.0,0.0,0
2026-06-26T13:26:10.134,timeseries,3,Weather Report Extended v2,mlx-community/Llama-3.2-1B-Instruct-4bit,375.0,14233.0,0.0,0
2026-06-26T13:26:10.201,timeseries,3,Weather Report Extended v2,mlx-community/Llama-3.2-1B-Instruct-4bit,288.0,13466.0,0.0,0
2026-06-26T13:26:10.266,timeseries,3,Weather Report Extended v2,mlx-community/Llama-3.2-1B-Instruct-4bit,324.0,16548.0,0.0,0
2026-06-26T13:26:10.329,timeseries,3,Weather Report Extended v2,mlx-community/Llama-3.2-1B-Instruct-4bit,534.0,12261.0,0.0,0
2026-06-26T13:26:10.393,timeseries,3,Weather Report Extended v2,mlx-community/Llama-3.2-1B-Instruct-4bit,393.0,14917.0,0.0,0
2026-06-26T13:26:10.459,timeseries,3,Weather Report Extended v2,mlx-community/Llama-3.2-1B-Instruct-4bit,315.0,15037.0,0.0,0
2026-06-26T13:26:10.524,timeseries,3,Weather Report Extended v2,mlx-community/Llama-3.2-1B-Instruct-4bit,296.0,12928.0,0.0,0
2026-06-26T13:26:10.587,timeseries,3,Weather Report Extended v2,mlx-community/Llama-3.2-1B-Instruct-4bit,396.0,14441.0,0.0,0
2026-06-26T13:26:10.654,timeseries,3,Weather Report Extended v2,mlx-community/Llama-3.2-1B-Instruct-4bit,535.0,14591.0,0.0,0
2026-06-26T13:26:10.720,timeseries,3,Weather Report Extended v2,mlx-community/Llama-3.2-1B-Instruct-4bit,314.0,15047.0,0.0,0
2026-06-26T13:26:10.787,timeseries,3,Weather Report Extended v2,mlx-community/Llama-3.2-1B-Instruct-4bit,301.0,14217.0,0.0,0
2026-06-26T13:26:10.854,timeseries,3,Weather Report Extended v2,mlx-community/Llama-3.2-1B-Instruct-4bit,286.0,14317.0,0.0,0
2026-06-26T13:26:10.919,timeseries,3,Weather Report Extended v2,mlx-community/Llama-3.2-1B-Instruct-4bit,225.0,14288.0,0.0,0
2026-06-26T13:26:10.986,timeseries,3,Weather Report Extended v2,mlx-community/Llama-3.2-1B-Instruct-4bit,386.0,14224.0,0.0,0
2026-06-26T13:26:11.049,timeseries,3,Weather Report Extended v2,mlx-community/Llama-3.2-1B-Instruct-4bit,338.0,14699.0,0.0,0
2026-06-26T13:26:11.112,timeseries,3,Weather Report Extended v2,mlx-community/Llama-3.2-1B-Instruct-4bit,330.0,12504.0,0.0,0
2026-06-26T13:26:11.176,timeseries,3,Weather Report Extended v2,mlx-community/Llama-3.2-1B-Instruct-4bit,244.0,15663.0,0.0,0
2026-06-26T13:26:11.244,timeseries,3,Weather Report Extended v2,mlx-community/Llama-3.2-1B-Instruct-4bit,347.0,13315.0,0.0,0
2026-06-26T13:26:11.308,timeseries,3,Weather Report Extended v2,mlx-community/Llama-3.2-1B-Instruct-4bit,325.0,16398.0,0.0,0
2026-06-26T13:26:11.375,timeseries,3,Weather Report Extended v2,mlx-community/Llama-3.2-1B-Instruct-4bit,573.0,12204.0,0.0,0
2026-06-26T13:26:11.443,timeseries,3,Weather Report Extended v2,mlx-community/Llama-3.2-1B-Instruct-4bit,296.0,14876.0,0.0,0
2026-06-26T13:26:11.509,timeseries,3,Weather Report Extended v2,mlx-community/Llama-3.2-1B-Instruct-4bit,237.0,16046.0,0.0,0
2026-06-26T13:26:11.571,timeseries,3,Weather Report Extended v2,mlx-community/Llama-3.2-1B-Instruct-4bit,1214.0,11858.0,0.0,0
2026-06-26T13:26:11.639,timeseries,3,Weather Report Extended v2,mlx-community/Llama-3.2-1B-Instruct-4bit,1034.0,14256.0,0.0,0
2026-06-26T13:26:11.708,timeseries,3,Weather Report Extended v2,mlx-community/Llama-3.2-1B-Instruct-4bit,1156.0,15041.0,0.0,0
2026-06-26T13:26:11.772,timeseries,3,Weather Report Extended v2,mlx-community/Llama-3.2-1B-Instruct-4bit,937.0,13850.0,0.0,0
2026-06-26T13:26:11.837,timeseries,3,Weather Report Extended v2,mlx-community/Llama-3.2-1B-Instruct-4bit,436.0,13780.0,0.0,0
2026-06-26T13:26:11.903,timeseries,3,Weather Report Extended v2,mlx-community/Llama-3.2-1B-Instruct-4bit,343.0,14983.0,0.0,0
2026-06-26T13:26:11.967,timeseries,3,Weather Report Extended v2,mlx-community/Llama-3.2-1B-Instruct-4bit,338.0,14745.0,0.0,0
2026-06-26T13:26:12.033,timeseries,3,Weather Report Extended v2,mlx-community/Llama-3.2-1B-Instruct-4bit,322.0,12825.0,0.0,0
2026-06-26T13:26:12.097,timeseries,3,Weather Report Extended v2,mlx-community/Llama-3.2-1B-Instruct-4bit,446.0,14507.0,0.0,0
2026-06-26T13:26:12.164,timeseries,3,Weather Report Extended v2,mlx-community/Llama-3.2-1B-Instruct-4bit,396.0,14516.0,0.0,0
2026-06-26T13:26:12.230,timeseries,3,Weather Report Extended v2,mlx-community/Llama-3.2-1B-Instruct-4bit,344.0,14927.0,0.0,0
2026-06-26T13:26:12.294,timeseries,3,Weather Report Extended v2,mlx-community/Llama-3.2-1B-Instruct-4bit,299.0,14243.0,0.0,0
2026-06-26T13:26:12.359,timeseries,3,Weather Report Extended v2,mlx-community/Llama-3.2-1B-Instruct-4bit,409.0,14404.0,0.0,0
2026-06-26T13:26:12.424,timeseries,3,Weather Report Extended v2,mlx-community/Llama-3.2-1B-Instruct-4bit,372.0,13051.0,0.0,0
2026-06-26T13:26:12.491,timeseries,3,Weather Report Extended v2,mlx-community/Llama-3.2-1B-Instruct-4bit,295.0,14827.0,0.0,0
2026-06-26T13:26:12.554,timeseries,3,Weather Report Extended v2,mlx-community/Llama-3.2-1B-Instruct-4bit,323.0,14765.0,0.0,0
2026-06-26T13:26:12.619,timeseries,3,Weather Report Extended v2,mlx-community/Llama-3.2-1B-Instruct-4bit,391.0,14415.0,0.0,0
2026-06-26T13:26:12.684,timeseries,3,Weather Report Extended v2,mlx-community/Llama-3.2-1B-Instruct-4bit,332.0,15192.0,0.0,0
2026-06-26T13:26:12.748,timeseries,3,Weather Report Extended v2,mlx-community/Llama-3.2-1B-Instruct-4bit,295.0,13057.0,0.0,0
2026-06-26T13:26:12.814,timeseries,3,Weather Report Extended v2,mlx-community/Llama-3.2-1B-Instruct-4bit,294.0,14756.0,0.0,0
2026-06-26T13:26:12.879,timeseries,3,Weather Report Extended v2,mlx-community/Llama-3.2-1B-Instruct-4bit,277.0,14798.0,0.0,0
2026-06-26T13:26:12.943,timeseries,3,Weather Report Extended v2,mlx-community/Llama-3.2-1B-Instruct-4bit,318.0,14526.0,0.0,0
2026-06-26T13:26:13.008,timeseries,3,Weather Report Extended v2,mlx-community/Llama-3.2-1B-Instruct-4bit,278.0,14901.0,0.0,0
2026-06-26T13:26:13.070,timeseries,3,Weather Report Extended v2,mlx-community/Llama-3.2-1B-Instruct-4bit,326.0,12920.0,0.0,0
2026-06-26T13:26:13.137,timeseries,3,Weather Report Extended v2,mlx-community/Llama-3.2-1B-Instruct-4bit,491.0,14800.0,0.0,0
2026-06-26T13:26:13.203,timeseries,3,Weather Report Extended v2,mlx-community/Llama-3.2-1B-Instruct-4bit,321.0,15481.0,0.0,0
2026-06-26T13:26:13.266,timeseries,3,Weather Report Extended v2,mlx-community/Llama-3.2-1B-Instruct-4bit,272.0,14549.0,0.0,0
2026-06-26T13:26:13.330,timeseries,3,Weather Report Extended v2,mlx-community/Llama-3.2-1B-Instruct-4bit,352.0,12749.0,0.0,0
2026-06-26T13:26:13.394,timeseries,3,Weather Report Extended v2,mlx-community/Llama-3.2-1B-Instruct-4bit,329.0,14818.0,0.0,0
2026-06-26T13:26:13.457,timeseries,3,Weather Report Extended v2,mlx-community/Llama-3.2-1B-Instruct-4bit,355.0,14691.0,0.0,0
2026-06-26T13:26:13.521,timeseries,3,Weather Report Extended v2,mlx-community/Llama-3.2-1B-Instruct-4bit,349.0,13304.0,0.0,0
2026-06-26T13:26:13.587,timeseries,3,Weather Report Extended v2,mlx-community/Llama-3.2-1B-Instruct-4bit,329.0,14931.0,0.0,0
2026-06-26T13:26:13.653,timeseries,3,Weather Report Extended v2,mlx-community/Llama-3.2-1B-Instruct-4bit,466.0,14910.0,0.0,0
2026-06-26T13:26:13.719,timeseries,3,Weather Report Extended v2,mlx-community/Llama-3.2-1B-Instruct-4bit,305.0,14749.0,0.0,0
2026-06-26T13:26:13.785,timeseries,3,Weather Report Extended v2,mlx-community/Llama-3.2-1B-Instruct-4bit,290.0,14615.0,0.0,0
2026-06-26T13:26:13.851,timeseries,3,Weather Report Extended v2,mlx-community/Llama-3.2-1B-Instruct-4bit,274.0,14628.0,0.0,0
2026-06-26T13:26:13.916,timeseries,3,Weather Report Extended v2,mlx-community/Llama-3.2-1B-Instruct-4bit,271.0,12670.0,0.0,0
2026-06-26T13:26:13.982,timeseries,3,Weather Report Extended v2,mlx-community/Llama-3.2-1B-Instruct-4bit,303.0,14539.0,0.0,0
2026-06-26T13:26:14.045,timeseries,3,Weather Report Extended v2,mlx-community/Llama-3.2-1B-Instruct-4bit,290.0,14594.0,0.0,0
2026-06-26T13:26:14.110,timeseries,3,Weather Report Extended v2,mlx-community/Llama-3.2-1B-Instruct-4bit,352.0,14673.0,0.0,0
2026-06-26T13:26:14.172,timeseries,3,Weather Report Extended v2,mlx-community/Llama-3.2-1B-Instruct-4bit,814.0,11524.0,0.0,0
2026-06-26T13:26:14.236,timeseries,3,Weather Report Extended v2,mlx-community/Llama-3.2-1B-Instruct-4bit,424.0,12617.0,0.0,0
2026-06-26T13:26:14.299,timeseries,3,Weather Report Extended v2,mlx-community/Llama-3.2-1B-Instruct-4bit,337.0,15291.0,0.0,0
2026-06-26T13:26:14.366,timeseries,3,Weather Report Extended v2,mlx-community/Llama-3.2-1B-Instruct-4bit,417.0,13395.0,0.0,0
2026-06-26T13:26:14.432,timeseries,3,Weather Report Extended v2,mlx-community/Llama-3.2-1B-Instruct-4bit,313.0,14945.0,0.0,0
2026-06-26T13:26:14.498,timeseries,3,Weather Report Extended v2,mlx-community/Llama-3.2-1B-Instruct-4bit,1611.0,14187.0,0.0,0
2026-06-26T13:26:14.564,timeseries,3,Weather Report Extended v2,mlx-community/Llama-3.2-1B-Instruct-4bit,1552.0,14672.0,0.0,0
2026-06-26T13:26:14.628,timeseries,3,Weather Report Extended v2,mlx-community/Llama-3.2-1B-Instruct-4bit,828.0,14427.0,0.0,0
2026-06-26T13:26:14.694,timeseries,3,Weather Report Extended v2,mlx-community/Llama-3.2-1B-Instruct-4bit,444.0,14817.0,0.0,0
2026-06-26T13:26:14.760,timeseries,3,Weather Report Extended v2,mlx-community/Llama-3.2-1B-Instruct-4bit,523.0,14856.0,0.0,0
2026-06-26T13:26:14.826,timeseries,3,Weather Report Extended v2,mlx-community/Llama-3.2-1B-Instruct-4bit,549.0,14668.0,0.0,0
2026-06-26T13:26:14.892,timeseries,3,Weather Report Extended v2,mlx-community/Llama-3.2-1B-Instruct-4bit,605.0,14720.0,0.0,0
2026-06-26T13:26:14.956,timeseries,3,Weather Report Extended v2,mlx-community/Llama-3.2-1B-Instruct-4bit,669.0,12793.0,0.0,0
2026-06-26T13:26:15.022,timeseries,3,Weather Report Extended v2,mlx-community/Llama-3.2-1B-Instruct-4bit,820.0,14665.0,0.0,0
2026-06-26T13:26:15.084,timeseries,3,Weather Report Extended v2,mlx-community/Llama-3.2-1B-Instruct-4bit,880.0,14839.0,0.0,0
2026-06-26T13:26:15.147,timeseries,3,Weather Report Extended v2,mlx-community/Llama-3.2-1B-Instruct-4bit,995.0,14788.0,0.0,0
2026-06-26T13:26:15.209,timeseries,3,Weather Report Extended v2,mlx-community/Llama-3.2-1B-Instruct-4bit,1144.0,13443.0,0.0,0
2026-06-26T13:26:15.271,timeseries,3,Weather Report Extended v2,mlx-community/Llama-3.2-1B-Instruct-4bit,1201.0,13401.0,0.0,0
2026-06-26T13:26:15.335,timeseries,3,Weather Report Extended v2,mlx-community/Llama-3.2-1B-Instruct-4bit,1326.0,15572.0,0.0,0
2026-06-26T13:26:15.398,timeseries,3,Weather Report Extended v2,mlx-community/Llama-3.2-1B-Instruct-4bit,934.0,15411.0,0.0,0
2026-06-26T13:26:15.463,timeseries,3,Weather Report Extended v2,mlx-community/Llama-3.2-1B-Instruct-4bit,1133.0,13174.0,0.0,0
2026-06-26T13:26:15.526,timeseries,3,Weather Report Extended v2,mlx-community/Llama-3.2-1B-Instruct-4bit,1099.0,15388.0,0.0,0
2026-06-26T13:26:15.590,timeseries,3,Weather Report Extended v2,mlx-community/Llama-3.2-1B-Instruct-4bit,1134.0,14879.0,0.0,0
2026-06-26T13:26:15.655,timeseries,3,Weather Report Extended v2,mlx-community/Llama-3.2-1B-Instruct-4bit,944.0,13204.0,0.0,0
2026-06-26T13:26:15.718,timeseries,3,Weather Report Extended v2,mlx-community/Llama-3.2-1B-Instruct-4bit,1029.0,15103.0,0.0,0
2026-06-26T13:26:15.782,timeseries,3,Weather Report Extended v2,mlx-community/Llama-3.2-1B-Instruct-4bit,932.0,13112.0,0.0,0
2026-06-26T13:26:15.851,timeseries,3,Weather Report Extended v2,mlx-community/Llama-3.2-1B-Instruct-4bit,683.0,15399.0,0.0,0
2026-06-26T13:26:15.913,timeseries,3,Weather Report Extended v2,mlx-community/Llama-3.2-1B-Instruct-4bit,825.0,14857.0,0.0,0
2026-06-26T13:26:15.977,timeseries,3,Weather Report Extended v2,mlx-community/Llama-3.2-1B-Instruct-4bit,2142.0,13638.0,0.0,0
2026-06-26T13:26:16.042,timeseries,3,Weather Report Extended v2,mlx-community/Llama-3.2-1B-Instruct-4bit,1028.0,15424.0,0.0,0
2026-06-26T13:26:16.105,timeseries,3,Weather Report Extended v2,mlx-community/Llama-3.2-1B-Instruct-4bit,1131.0,13028.0,0.0,0
2026-06-26T13:26:16.170,timeseries,3,Weather Report Extended v2,mlx-community/Llama-3.2-1B-Instruct-4bit,846.0,14789.0,0.0,0
2026-06-26T13:26:16.237,timeseries,3,Weather Report Extended v2,mlx-community/Llama-3.2-1B-Instruct-4bit,1060.0,15331.0,0.0,0
2026-06-26T13:26:16.306,timeseries,3,Weather Report Extended v2,mlx-community/Llama-3.2-1B-Instruct-4bit,769.0,14973.0,0.0,0
2026-06-26T13:26:16.370,timeseries,3,Weather Report Extended v2,mlx-community/Llama-3.2-1B-Instruct-4bit,883.0,14313.0,0.0,0
2026-06-26T13:26:16.434,timeseries,3,Weather Report Extended v2,mlx-community/Llama-3.2-1B-Instruct-4bit,737.0,13665.0,0.0,0
2026-06-26T13:26:16.500,timeseries,3,Weather Report Extended v2,mlx-community/Llama-3.2-1B-Instruct-4bit,740.0,13246.0,0.0,0
2026-06-26T13:26:16.565,timeseries,3,Weather Report Extended v2,mlx-community/Llama-3.2-1B-Instruct-4bit,1003.0,15099.0,0.0,0
2026-06-26T13:26:16.630,timeseries,3,Weather Report Extended v2,mlx-community/Llama-3.2-1B-Instruct-4bit,1139.0,14359.0,0.0,0
2026-06-26T13:26:16.697,timeseries,3,Weather Report Extended v2,mlx-community/Llama-3.2-1B-Instruct-4bit,833.0,14907.0,0.0,0
2026-06-26T13:26:16.764,timeseries,3,Weather Report Extended v2,mlx-community/Llama-3.2-1B-Instruct-4bit,770.0,14608.0,0.0,0
2026-06-26T13:26:16.827,timeseries,3,Weather Report Extended v2,mlx-community/Llama-3.2-1B-Instruct-4bit,952.0,14279.0,0.0,0
2026-06-26T13:26:16.892,timeseries,3,Weather Report Extended v2,mlx-community/Llama-3.2-1B-Instruct-4bit,863.0,14040.0,0.0,0
2026-06-26T13:26:16.960,timeseries,3,Weather Report Extended v2,mlx-community/Llama-3.2-1B-Instruct-4bit,694.0,13304.0,0.0,0
2026-06-26T13:26:17.024,timeseries,3,Weather Report Extended v2,mlx-community/Llama-3.2-1B-Instruct-4bit,614.0,16642.0,0.0,0
2026-06-26T13:26:17.090,timeseries,3,Weather Report Extended v2,mlx-community/Llama-3.2-1B-Instruct-4bit,1182.0,12318.0,0.0,0
2026-06-26T13:26:17.157,timeseries,3,Weather Report Extended v2,mlx-community/Llama-3.2-1B-Instruct-4bit,742.0,14952.0,0.0,0
2026-06-26T13:26:17.225,timeseries,3,Weather Report Extended v2,mlx-community/Llama-3.2-1B-Instruct-4bit,577.0,14576.0,0.0,0
2026-06-26T13:26:17.291,timeseries,3,Weather Report Extended v2,mlx-community/Llama-3.2-1B-Instruct-4bit,740.0,14378.0,0.0,0
2026-06-26T13:26:17.358,timeseries,3,Weather Report Extended v2,mlx-community/Llama-3.2-1B-Instruct-4bit,920.0,14319.0,0.0,0
2026-06-26T13:26:17.425,timeseries,3,Weather Report Extended v2,mlx-community/Llama-3.2-1B-Instruct-4bit,573.0,14510.0,0.0,0
2026-06-26T13:26:17.492,timeseries,3,Weather Report Extended v2,mlx-community/Llama-3.2-1B-Instruct-4bit,642.0,14367.0,0.0,0
2026-06-26T13:26:17.558,timeseries,3,Weather Report Extended v2,mlx-community/Llama-3.2-1B-Instruct-4bit,565.0,14357.0,0.0,0
2026-06-26T13:26:17.625,timeseries,3,Weather Report Extended v2,mlx-community/Llama-3.2-1B-Instruct-4bit,1267.0,14344.0,0.0,0
2026-06-26T13:26:17.692,timeseries,3,Weather Report Extended v2,mlx-community/Llama-3.2-1B-Instruct-4bit,692.0,15002.0,0.0,0
2026-06-26T13:26:17.759,timeseries,3,Weather Report Extended v2,mlx-community/Llama-3.2-1B-Instruct-4bit,609.0,14374.0,0.0,0
2026-06-26T13:26:17.827,timeseries,3,Weather Report Extended v2,mlx-community/Llama-3.2-1B-Instruct-4bit,627.0,14566.0,0.0,0
2026-06-26T13:26:17.891,timeseries,3,Weather Report Extended v2,mlx-community/Llama-3.2-1B-Instruct-4bit,672.0,16196.0,0.0,0
2026-06-26T13:26:17.958,timeseries,3,Weather Report Extended v2,mlx-community/Llama-3.2-1B-Instruct-4bit,1090.0,12399.0,0.0,0
2026-06-26T13:26:18.025,timeseries,3,Weather Report Extended v2,mlx-community/Llama-3.2-1B-Instruct-4bit,1197.0,15058.0,0.0,0
2026-06-26T13:26:18.090,timeseries,3,Weather Report Extended v2,mlx-community/Llama-3.2-1B-Instruct-4bit,992.0,14312.0,0.0,0
2026-06-26T13:26:18.157,timeseries,3,Weather Report Extended v2,mlx-community/Llama-3.2-1B-Instruct-4bit,754.0,14639.0,0.0,0
2026-06-26T13:26:18.223,timeseries,3,Weather Report Extended v2,mlx-community/Llama-3.2-1B-Instruct-4bit,647.0,14918.0,0.0,0
2026-06-26T13:26:18.287,timeseries,3,Weather Report Extended v2,mlx-community/Llama-3.2-1B-Instruct-4bit,582.0,14454.0,0.0,0
2026-06-26T13:26:18.353,timeseries,3,Weather Report Extended v2,mlx-community/Llama-3.2-1B-Instruct-4bit,1229.0,14280.0,0.0,0
2026-06-26T13:26:18.421,timeseries,3,Weather Report Extended v2,mlx-community/Llama-3.2-1B-Instruct-4bit,648.0,15367.0,0.0,0
2026-06-26T13:26:18.489,timeseries,3,Weather Report Extended v2,mlx-community/Llama-3.2-1B-Instruct-4bit,807.0,14503.0,0.0,0
2026-06-26T13:26:18.555,timeseries,3,Weather Report Extended v2,mlx-community/Llama-3.2-1B-Instruct-4bit,598.0,13944.0,0.0,0
2026-06-26T13:26:18.622,timeseries,3,Weather Report Extended v2,mlx-community/Llama-3.2-1B-Instruct-4bit,1289.0,14093.0,0.0,0
2026-06-26T13:26:18.690,timeseries,3,Weather Report Extended v2,mlx-community/Llama-3.2-1B-Instruct-4bit,735.0,14276.0,0.0,0
2026-06-26T13:26:18.755,timeseries,3,Weather Report Extended v2,mlx-community/Llama-3.2-1B-Instruct-4bit,929.0,14139.0,0.0,0
2026-06-26T13:26:18.821,timeseries,3,Weather Report Extended v2,mlx-community/Llama-3.2-1B-Instruct-4bit,810.0,14124.0,0.0,0
2026-06-26T13:26:18.888,timeseries,3,Weather Report Extended v2,mlx-community/Llama-3.2-1B-Instruct-4bit,801.0,14640.0,0.0,0
2026-06-26T13:26:18.955,timeseries,3,Weather Report Extended v2,mlx-community/Llama-3.2-1B-Instruct-4bit,602.0,14181.0,0.0,0
2026-06-26T13:26:19.020,timeseries,3,Weather Report Extended v2,mlx-community/Llama-3.2-1B-Instruct-4bit,566.0,14326.0,0.0,0
2026-06-26T13:26:19.087,timeseries,3,Weather Report Extended v2,mlx-community/Llama-3.2-1B-Instruct-4bit,909.0,14152.0,0.0,0
2026-06-26T13:26:19.153,timeseries,3,Weather Report Extended v2,mlx-community/Llama-3.2-1B-Instruct-4bit,881.0,15043.0,0.0,0
2026-06-26T13:26:19.221,timeseries,3,Weather Report Extended v2,mlx-community/Llama-3.2-1B-Instruct-4bit,590.0,14182.0,0.0,0
2026-06-26T13:26:19.288,timeseries,3,Weather Report Extended v2,mlx-community/Llama-3.2-1B-Instruct-4bit,719.0,14119.0,0.0,0
2026-06-26T13:26:19.349,timeseries,3,Weather Report Extended v2,mlx-community/Llama-3.2-1B-Instruct-4bit,1627.0,10768.0,0.0,0
2026-06-26T13:26:19.414,timeseries,3,Weather Report Extended v2,mlx-community/Llama-3.2-1B-Instruct-4bit,476.0,12347.0,0.0,0
2026-06-26T13:26:19.479,timeseries,3,Weather Report Extended v2,mlx-community/Llama-3.2-1B-Instruct-4bit,538.0,15252.0,0.0,0
2026-06-26T13:26:19.546,timeseries,3,Weather Report Extended v2,mlx-community/Llama-3.2-1B-Instruct-4bit,1637.0,14545.0,0.0,0
2026-06-26T13:26:19.614,timeseries,3,Weather Report Extended v2,mlx-community/Llama-3.2-1B-Instruct-4bit,3630.0,14705.0,0.0,0
2026-06-26T13:26:19.682,timeseries,3,Weather Report Extended v2,mlx-community/Llama-3.2-1B-Instruct-4bit,872.0,14355.0,0.0,0
2026-06-26T13:26:19.750,timeseries,3,Weather Report Extended v2,mlx-community/Llama-3.2-1B-Instruct-4bit,652.0,13960.0,0.0,0
2026-06-26T13:26:19.818,timeseries,3,Weather Report Extended v2,mlx-community/Llama-3.2-1B-Instruct-4bit,442.0,14089.0,0.0,0
2026-06-26T13:26:19.885,timeseries,3,Weather Report Extended v2,mlx-community/Llama-3.2-1B-Instruct-4bit,632.0,14240.0,0.0,0
2026-06-26T13:26:19.952,timeseries,3,Weather Report Extended v2,mlx-community/Llama-3.2-1B-Instruct-4bit,637.0,15887.0,0.0,0
2026-06-26T13:26:20.018,timeseries,3,Weather Report Extended v2,mlx-community/Llama-3.2-1B-Instruct-4bit,562.0,14189.0,0.0,0
2026-06-26T13:26:20.086,timeseries,3,Weather Report Extended v2,mlx-community/Llama-3.2-1B-Instruct-4bit,659.0,14237.0,0.0,0
2026-06-26T13:26:20.153,timeseries,3,Weather Report Extended v2,mlx-community/Llama-3.2-1B-Instruct-4bit,1038.0,14417.0,0.0,0
2026-06-26T13:26:20.219,timeseries,3,Weather Report Extended v2,mlx-community/Llama-3.2-1B-Instruct-4bit,670.0,14103.0,0.0,0
2026-06-26T13:26:20.286,timeseries,3,Weather Report Extended v2,mlx-community/Llama-3.2-1B-Instruct-4bit,713.0,14048.0,0.0,0
2026-06-26T13:26:20.353,timeseries,3,Weather Report Extended v2,mlx-community/Llama-3.2-1B-Instruct-4bit,857.0,14280.0,0.0,0
2026-06-26T13:26:20.420,timeseries,3,Weather Report Extended v2,mlx-community/Llama-3.2-1B-Instruct-4bit,586.0,14311.0,0.0,0
2026-06-26T13:26:20.487,timeseries,3,Weather Report Extended v2,mlx-community/Llama-3.2-1B-Instruct-4bit,710.0,13854.0,0.0,0
2026-06-26T13:26:20.554,timeseries,3,Weather Report Extended v2,mlx-community/Llama-3.2-1B-Instruct-4bit,568.0,14249.0,0.0,0
2026-06-26T13:26:20.622,timeseries,3,Weather Report Extended v2,mlx-community/Llama-3.2-1B-Instruct-4bit,1046.0,14204.0,0.0,0
2026-06-26T13:26:20.687,timeseries,3,Weather Report Extended v2,mlx-community/Llama-3.2-1B-Instruct-4bit,723.0,14226.0,0.0,0
2026-06-26T13:26:20.756,timeseries,3,Weather Report Extended v2,mlx-community/Llama-3.2-1B-Instruct-4bit,746.0,14060.0,0.0,0
2026-06-26T13:26:20.821,timeseries,3,Weather Report Extended v2,mlx-community/Llama-3.2-1B-Instruct-4bit,644.0,14174.0,0.0,0
2026-06-26T13:26:20.889,timeseries,3,Weather Report Extended v2,mlx-community/Llama-3.2-1B-Instruct-4bit,586.0,13867.0,0.0,0
2026-06-26T13:26:20.957,timeseries,3,Weather Report Extended v2,mlx-community/Llama-3.2-1B-Instruct-4bit,605.0,14484.0,0.0,0
2026-06-26T13:26:21.021,timeseries,3,Weather Report Extended v2,mlx-community/Llama-3.2-1B-Instruct-4bit,753.0,13459.0,0.0,0
2026-06-26T13:26:21.087,timeseries,3,Weather Report Extended v2,mlx-community/Llama-3.2-1B-Instruct-4bit,946.0,13683.0,0.0,0
2026-06-26T13:26:21.152,timeseries,3,Weather Report Extended v2,mlx-community/Llama-3.2-1B-Instruct-4bit,806.0,14513.0,0.0,0
2026-06-26T13:26:21.217,timeseries,3,Weather Report Extended v2,mlx-community/Llama-3.2-1B-Instruct-4bit,673.0,14404.0,0.0,0
2026-06-26T13:26:21.285,timeseries,3,Weather Report Extended v2,mlx-community/Llama-3.2-1B-Instruct-4bit,739.0,12553.0,0.0,0
2026-06-26T13:26:21.355,timeseries,3,Weather Report Extended v2,mlx-community/Llama-3.2-1B-Instruct-4bit,914.0,15793.0,0.0,0
2026-06-26T13:26:21.422,timeseries,3,Weather Report Extended v2,mlx-community/Llama-3.2-1B-Instruct-4bit,606.0,13762.0,0.0,0
2026-06-26T13:26:21.489,timeseries,3,Weather Report Extended v2,mlx-community/Llama-3.2-1B-Instruct-4bit,737.0,13156.0,0.0,0
2026-06-26T13:26:21.556,timeseries,3,Weather Report Extended v2,mlx-community/Llama-3.2-1B-Instruct-4bit,604.0,14049.0,0.0,0
2026-06-26T13:26:21.621,timeseries,3,Weather Report Extended v2,mlx-community/Llama-3.2-1B-Instruct-4bit,1001.0,13912.0,0.0,0
2026-06-26T13:26:21.688,timeseries,3,Weather Report Extended v2,mlx-community/Llama-3.2-1B-Instruct-4bit,672.0,13941.0,0.0,0
2026-06-26T13:26:21.758,timeseries,3,Weather Report Extended v2,mlx-community/Llama-3.2-1B-Instruct-4bit,854.0,14093.0,0.0,0
2026-06-26T13:26:21.823,timeseries,3,Weather Report Extended v2,mlx-community/Llama-3.2-1B-Instruct-4bit,3569.0,13450.0,0.0,0
2026-06-26T13:26:21.890,timeseries,3,Weather Report Extended v2,mlx-community/Llama-3.2-1B-Instruct-4bit,6887.0,12840.0,0.0,0
2026-06-26T13:26:21.955,timeseries,3,Weather Report Extended v2,mlx-community/Llama-3.2-1B-Instruct-4bit,7062.0,14033.0,0.0,0
2026-06-26T13:26:22.021,timeseries,3,Weather Report Extended v2,mlx-community/Llama-3.2-1B-Instruct-4bit,2319.0,13811.0,0.0,0
2026-06-26T13:26:22.088,timeseries,3,Weather Report Extended v2,mlx-community/Llama-3.2-1B-Instruct-4bit,914.0,13988.0,0.0,0
2026-06-26T13:26:22.155,timeseries,3,Weather Report Extended v2,mlx-community/Llama-3.2-1B-Instruct-4bit,835.0,14063.0,0.0,0
2026-06-26T13:26:22.224,timeseries,3,Weather Report Extended v2,mlx-community/Llama-3.2-1B-Instruct-4bit,632.0,13937.0,0.0,0
2026-06-26T13:26:22.292,timeseries,3,Weather Report Extended v2,mlx-community/Llama-3.2-1B-Instruct-4bit,683.0,13572.0,0.0,0
2026-06-26T13:26:22.359,timeseries,3,Weather Report Extended v2,mlx-community/Llama-3.2-1B-Instruct-4bit,1043.0,13076.0,0.0,0
2026-06-26T13:26:22.426,timeseries,3,Weather Report Extended v2,mlx-community/Llama-3.2-1B-Instruct-4bit,733.0,13204.0,0.0,0
2026-06-26T13:26:22.492,timeseries,3,Weather Report Extended v2,mlx-community/Llama-3.2-1B-Instruct-4bit,644.0,13620.0,0.0,0
2026-06-26T13:26:22.558,timeseries,3,Weather Report Extended v2,mlx-community/Llama-3.2-1B-Instruct-4bit,716.0,13477.0,0.0,0
2026-06-26T13:26:22.625,timeseries,3,Weather Report Extended v2,mlx-community/Llama-3.2-1B-Instruct-4bit,1093.0,13768.0,0.0,0
2026-06-26T13:26:22.693,timeseries,3,Weather Report Extended v2,mlx-community/Llama-3.2-1B-Instruct-4bit,724.0,13705.0,0.0,0
2026-06-26T13:26:22.762,timeseries,3,Weather Report Extended v2,mlx-community/Llama-3.2-1B-Instruct-4bit,618.0,15279.0,0.0,0
2026-06-26T13:26:22.831,timeseries,3,Weather Report Extended v2,mlx-community/Llama-3.2-1B-Instruct-4bit,851.0,13311.0,0.0,0
2026-06-26T13:26:22.898,timeseries,3,Weather Report Extended v2,mlx-community/Llama-3.2-1B-Instruct-4bit,669.0,13054.0,0.0,0
2026-06-26T13:26:22.964,timeseries,3,Weather Report Extended v2,mlx-community/Llama-3.2-1B-Instruct-4bit,644.0,12881.0,0.0,0
2026-06-26T13:26:23.031,timeseries,3,Weather Report Extended v2,mlx-community/Llama-3.2-1B-Instruct-4bit,765.0,13533.0,0.0,0
2026-06-26T13:26:23.097,timeseries,3,Weather Report Extended v2,mlx-community/Llama-3.2-1B-Instruct-4bit,973.0,13697.0,0.0,0
2026-06-26T13:26:23.165,timeseries,3,Weather Report Extended v2,mlx-community/Llama-3.2-1B-Instruct-4bit,625.0,13350.0,0.0,0
2026-06-26T13:26:23.234,timeseries,3,Weather Report Extended v2,mlx-community/Llama-3.2-1B-Instruct-4bit,633.0,13595.0,0.0,0
2026-06-26T13:26:23.301,timeseries,3,Weather Report Extended v2,mlx-community/Llama-3.2-1B-Instruct-4bit,810.0,13056.0,0.0,0
2026-06-26T13:26:23.368,timeseries,3,Weather Report Extended v2,mlx-community/Llama-3.2-1B-Instruct-4bit,904.0,12986.0,0.0,0
2026-06-26T13:26:23.435,timeseries,3,Weather Report Extended v2,mlx-community/Llama-3.2-1B-Instruct-4bit,631.0,15119.0,0.0,0
2026-06-26T13:26:23.502,timeseries,3,Weather Report Extended v2,mlx-community/Llama-3.2-1B-Instruct-4bit,683.0,13123.0,0.0,0
2026-06-26T13:26:23.569,timeseries,3,Weather Report Extended v2,mlx-community/Llama-3.2-1B-Instruct-4bit,713.0,13583.0,0.0,0
2026-06-26T13:26:23.635,timeseries,3,Weather Report Extended v2,mlx-community/Llama-3.2-1B-Instruct-4bit,1047.0,13168.0,0.0,0
2026-06-26T13:26:23.701,timeseries,3,Weather Report Extended v2,mlx-community/Llama-3.2-1B-Instruct-4bit,658.0,13247.0,0.0,0
2026-06-26T13:26:23.768,timeseries,3,Weather Report Extended v2,mlx-community/Llama-3.2-1B-Instruct-4bit,586.0,13391.0,0.0,0
2026-06-26T13:26:23.835,timeseries,3,Weather Report Extended v2,mlx-community/Llama-3.2-1B-Instruct-4bit,801.0,13578.0,0.0,0
2026-06-26T13:26:23.903,timeseries,3,Weather Report Extended v2,mlx-community/Llama-3.2-1B-Instruct-4bit,656.0,13262.0,0.0,0
2026-06-26T13:26:23.969,timeseries,3,Weather Report Extended v2,mlx-community/Llama-3.2-1B-Instruct-4bit,769.0,13243.0,0.0,0
2026-06-26T13:26:24.035,timeseries,3,Weather Report Extended v2,mlx-community/Llama-3.2-1B-Instruct-4bit,596.0,13176.0,0.0,0
2026-06-26T13:26:24.101,timeseries,3,Weather Report Extended v2,mlx-community/Llama-3.2-1B-Instruct-4bit,1024.0,13397.0,0.0,0
2026-06-26T13:26:24.169,timeseries,3,Weather Report Extended v2,mlx-community/Llama-3.2-1B-Instruct-4bit,659.0,11602.0,0.0,0
2026-06-26T13:26:24.234,timeseries,3,Weather Report Extended v2,mlx-community/Llama-3.2-1B-Instruct-4bit,639.0,15010.0,0.0,0
2026-06-26T13:26:24.297,timeseries,3,Weather Report Extended v2,mlx-community/Llama-3.2-1B-Instruct-4bit,659.0,11256.0,0.0,0
2026-06-26T13:26:24.365,timeseries,3,Weather Report Extended v2,mlx-community/Llama-3.2-1B-Instruct-4bit,1028.0,13407.0,0.0,0
2026-06-26T13:26:24.434,timeseries,3,Weather Report Extended v2,mlx-community/Llama-3.2-1B-Instruct-4bit,728.0,13876.0,0.0,0
2026-06-26T13:26:24.503,timeseries,3,Weather Report Extended v2,mlx-community/Llama-3.2-1B-Instruct-4bit,760.0,12760.0,0.0,0
2026-06-26T13:26:24.562,timeseries,3,Weather Report Extended v2,mlx-community/Llama-3.2-1B-Instruct-4bit,1275.0,11341.0,0.0,0
2026-06-26T13:26:24.631,timeseries,3,Weather Report Extended v2,mlx-community/Llama-3.2-1B-Instruct-4bit,763.0,11295.0,0.0,0
2026-06-26T13:26:24.697,timeseries,3,Weather Report Extended v2,mlx-community/Llama-3.2-1B-Instruct-4bit,314.0,14338.0,0.0,0
2026-06-26T13:26:24.765,timeseries,3,Weather Report Extended v2,mlx-community/Llama-3.2-1B-Instruct-4bit,1722.0,12680.0,0.0,0
2026-06-26T13:26:24.832,timeseries,3,Weather Report Extended v2,mlx-community/Llama-3.2-1B-Instruct-4bit,1196.0,13257.0,0.0,0
2026-06-26T13:26:24.899,timeseries,3,Weather Report Extended v2,mlx-community/Llama-3.2-1B-Instruct-4bit,637.0,13067.0,0.0,0
2026-06-26T13:26:24.966,timeseries,3,Weather Report Extended v2,mlx-community/Llama-3.2-1B-Instruct-4bit,385.0,13032.0,0.0,0
2026-06-26T13:26:25.033,timeseries,3,Weather Report Extended v2,mlx-community/Llama-3.2-1B-Instruct-4bit,449.0,13162.0,0.0,0
2026-06-26T13:26:25.101,timeseries,3,Weather Report Extended v2,mlx-community/Llama-3.2-1B-Instruct-4bit,1055.0,13328.0,0.0,0
2026-06-26T13:26:25.168,timeseries,3,Weather Report Extended v2,mlx-community/Llama-3.2-1B-Instruct-4bit,678.0,12905.0,0.0,0
2026-06-26T13:26:25.234,timeseries,3,Weather Report Extended v2,mlx-community/Llama-3.2-1B-Instruct-4bit,593.0,14786.0,0.0,0
2026-06-26T13:26:25.302,timeseries,3,Weather Report Extended v2,mlx-community/Llama-3.2-1B-Instruct-4bit,641.0,11536.0,0.0,0
2026-06-26T13:26:25.369,timeseries,3,Weather Report Extended v2,mlx-community/Llama-3.2-1B-Instruct-4bit,830.0,14901.0,0.0,0
2026-06-26T13:26:25.436,timeseries,3,Weather Report Extended v2,mlx-community/Llama-3.2-1B-Instruct-4bit,651.0,13010.0,0.0,0
2026-06-26T13:26:25.503,timeseries,3,Weather Report Extended v2,mlx-community/Llama-3.2-1B-Instruct-4bit,629.0,13124.0,0.0,0
2026-06-26T13:26:25.569,timeseries,3,Weather Report Extended v2,mlx-community/Llama-3.2-1B-Instruct-4bit,551.0,13008.0,0.0,0
2026-06-26T13:26:25.635,timeseries,3,Weather Report Extended v2,mlx-community/Llama-3.2-1B-Instruct-4bit,1086.0,13066.0,0.0,0
2026-06-26T13:26:25.702,timeseries,3,Weather Report Extended v2,mlx-community/Llama-3.2-1B-Instruct-4bit,710.0,13175.0,0.0,0
2026-06-26T13:26:25.767,timeseries,3,Weather Report Extended v2,mlx-community/Llama-3.2-1B-Instruct-4bit,801.0,13228.0,0.0,0
2026-06-26T13:26:25.835,timeseries,3,Weather Report Extended v2,mlx-community/Llama-3.2-1B-Instruct-4bit,618.0,11569.0,0.0,0
2026-06-26T13:26:25.902,timeseries,3,Weather Report Extended v2,mlx-community/Llama-3.2-1B-Instruct-4bit,806.0,14779.0,0.0,0
2026-06-26T13:26:25.970,timeseries,3,Weather Report Extended v2,mlx-community/Llama-3.2-1B-Instruct-4bit,692.0,12799.0,0.0,0
2026-06-26T13:26:26.036,timeseries,3,Weather Report Extended v2,mlx-community/Llama-3.2-1B-Instruct-4bit,626.0,12918.0,0.0,0
2026-06-26T13:26:26.102,timeseries,3,Weather Report Extended v2,mlx-community/Llama-3.2-1B-Instruct-4bit,1042.0,12881.0,0.0,0
2026-06-26T13:26:26.169,timeseries,3,Weather Report Extended v2,mlx-community/Llama-3.2-1B-Instruct-4bit,709.0,13207.0,0.0,0
2026-06-26T13:26:26.236,timeseries,3,Weather Report Extended v2,mlx-community/Llama-3.2-1B-Instruct-4bit,1012.0,13040.0,0.0,0
2026-06-26T13:26:26.304,timeseries,3,Weather Report Extended v2,mlx-community/Llama-3.2-1B-Instruct-4bit,655.0,12853.0,0.0,0
2026-06-26T13:26:26.371,timeseries,3,Weather Report Extended v2,mlx-community/Llama-3.2-1B-Instruct-4bit,879.0,12914.0,0.0,0
2026-06-26T13:26:26.438,timeseries,3,Weather Report Extended v2,mlx-community/Llama-3.2-1B-Instruct-4bit,653.0,12955.0,0.0,0
2026-06-26T13:26:26.506,timeseries,3,Weather Report Extended v2,mlx-community/Llama-3.2-1B-Instruct-4bit,627.0,12945.0,0.0,0
2026-06-26T13:26:26.572,timeseries,3,Weather Report Extended v2,mlx-community/Llama-3.2-1B-Instruct-4bit,565.0,12851.0,0.0,0
2026-06-26T13:26:26.639,timeseries,3,Weather Report Extended v2,mlx-community/Llama-3.2-1B-Instruct-4bit,967.0,12893.0,0.0,0
2026-06-26T13:26:26.706,timeseries,3,Weather Report Extended v2,mlx-community/Llama-3.2-1B-Instruct-4bit,733.0,13355.0,0.0,0
2026-06-26T13:26:26.772,timeseries,3,Weather Report Extended v2,mlx-community/Llama-3.2-1B-Instruct-4bit,596.0,13060.0,0.0,0
2026-06-26T13:26:26.839,timeseries,3,Weather Report Extended v2,mlx-community/Llama-3.2-1B-Instruct-4bit,605.0,13304.0,0.0,0
2026-06-26T13:26:26.907,timeseries,3,Weather Report Extended v2,mlx-community/Llama-3.2-1B-Instruct-4bit,608.0,13004.0,0.0,0
2026-06-26T13:26:26.975,timeseries,3,Weather Report Extended v2,mlx-community/Llama-3.2-1B-Instruct-4bit,804.0,13015.0,0.0,0
2026-06-26T13:26:27.041,timeseries,3,Weather Report Extended v2,mlx-community/Llama-3.2-1B-Instruct-4bit,562.0,12857.0,0.0,0
2026-06-26T13:26:27.106,timeseries,3,Weather Report Extended v2,mlx-community/Llama-3.2-1B-Instruct-4bit,1132.0,12720.0,0.0,0
2026-06-26T13:26:27.172,timeseries,3,Weather Report Extended v2,mlx-community/Llama-3.2-1B-Instruct-4bit,640.0,13312.0,0.0,0
2026-06-26T13:26:27.239,timeseries,3,Weather Report Extended v2,mlx-community/Llama-3.2-1B-Instruct-4bit,674.0,13382.0,0.0,0
2026-06-26T13:26:27.305,timeseries,3,Weather Report Extended v2,mlx-community/Llama-3.2-1B-Instruct-4bit,588.0,13175.0,0.0,0
2026-06-26T13:26:27.328,timeseries,3,Weather Report Extended v2,mlx-community/Llama-3.2-1B-Instruct-4bit,895.0,13009.0,0.0,32168
